session_date,benchmark,benchmark_observation,benchmark_rate_percent,availability_policy,cash_rate_annual,funding_rate_annual,borrow_rate_annual
2007-04-25,USD_3M_LIBOR_PUBLIC_PROXY,2007-03,5.347145455,previous_completed_calendar_month,0.04847145455,0.06347145455,0.0025
2007-04-26,USD_3M_LIBOR_PUBLIC_PROXY,2007-03,5.347145455,previous_completed_calendar_month,0.04847145455,0.06347145455,0.0025
2007-04-27,USD_3M_LIBOR_PUBLIC_PROXY,2007-03,5.347145455,previous_completed_calendar_month,0.04847145455,0.06347145455,0.0025
2007-04-30,USD_3M_LIBOR_PUBLIC_PROXY,2007-03,5.347145455,previous_completed_calendar_month,0.04847145455,0.06347145455,0.0025
2007-05-01,USD_3M_LIBOR_PUBLIC_PROXY,2007-04,5.354764211,previous_completed_calendar_month,0.04854764211,0.06354764211,0.0025
2007-05-02,USD_3M_LIBOR_PUBLIC_PROXY,2007-04,5.354764211,previous_completed_calendar_month,0.04854764211,0.06354764211,0.0025
2007-05-03,USD_3M_LIBOR_PUBLIC_PROXY,2007-04,5.354764211,previous_completed_calendar_month,0.04854764211,0.06354764211,0.0025
2007-05-04,USD_3M_LIBOR_PUBLIC_PROXY,2007-04,5.354764211,previous_completed_calendar_month,0.04854764211,0.06354764211,0.0025
2007-05-07,USD_3M_LIBOR_PUBLIC_PROXY,2007-04,5.354764211,previous_completed_calendar_month,0.04854764211,0.06354764211,0.0025
2007-05-08,USD_3M_LIBOR_PUBLIC_PROXY,2007-04,5.354764211,previous_completed_calendar_month,0.04854764211,0.06354764211,0.0025
2007-05-09,USD_3M_LIBOR_PUBLIC_PROXY,2007-04,5.354764211,previous_completed_calendar_month,0.04854764211,0.06354764211,0.0025
2007-05-10,USD_3M_LIBOR_PUBLIC_PROXY,2007-04,5.354764211,previous_completed_calendar_month,0.04854764211,0.06354764211,0.0025
2007-05-11,USD_3M_LIBOR_PUBLIC_PROXY,2007-04,5.354764211,previous_completed_calendar_month,0.04854764211,0.06354764211,0.0025
2007-05-14,USD_3M_LIBOR_PUBLIC_PROXY,2007-04,5.354764211,previous_completed_calendar_month,0.04854764211,0.06354764211,0.0025
2007-05-15,USD_3M_LIBOR_PUBLIC_PROXY,2007-04,5.354764211,previous_completed_calendar_month,0.04854764211,0.06354764211,0.0025
2007-05-16,USD_3M_LIBOR_PUBLIC_PROXY,2007-04,5.354764211,previous_completed_calendar_month,0.04854764211,0.06354764211,0.0025
2007-05-17,USD_3M_LIBOR_PUBLIC_PROXY,2007-04,5.354764211,previous_completed_calendar_month,0.04854764211,0.06354764211,0.0025
2007-05-18,USD_3M_LIBOR_PUBLIC_PROXY,2007-04,5.354764211,previous_completed_calendar_month,0.04854764211,0.06354764211,0.0025
2007-05-21,USD_3M_LIBOR_PUBLIC_PROXY,2007-04,5.354764211,previous_completed_calendar_month,0.04854764211,0.06354764211,0.0025
2007-05-22,USD_3M_LIBOR_PUBLIC_PROXY,2007-04,5.354764211,previous_completed_calendar_month,0.04854764211,0.06354764211,0.0025
2007-05-23,USD_3M_LIBOR_PUBLIC_PROXY,2007-04,5.354764211,previous_completed_calendar_month,0.04854764211,0.06354764211,0.0025
2007-05-24,USD_3M_LIBOR_PUBLIC_PROXY,2007-04,5.354764211,previous_completed_calendar_month,0.04854764211,0.06354764211,0.0025
2007-05-25,USD_3M_LIBOR_PUBLIC_PROXY,2007-04,5.354764211,previous_completed_calendar_month,0.04854764211,0.06354764211,0.0025
2007-05-29,USD_3M_LIBOR_PUBLIC_PROXY,2007-04,5.354764211,previous_completed_calendar_month,0.04854764211,0.06354764211,0.0025
2007-05-30,USD_3M_LIBOR_PUBLIC_PROXY,2007-04,5.354764211,previous_completed_calendar_month,0.04854764211,0.06354764211,0.0025
2007-05-31,USD_3M_LIBOR_PUBLIC_PROXY,2007-04,5.354764211,previous_completed_calendar_month,0.04854764211,0.06354764211,0.0025
2007-06-01,USD_3M_LIBOR_PUBLIC_PROXY,2007-05,5.358914286,previous_completed_calendar_month,0.04858914286,0.06358914286,0.0025
2007-06-04,USD_3M_LIBOR_PUBLIC_PROXY,2007-05,5.358914286,previous_completed_calendar_month,0.04858914286,0.06358914286,0.0025
2007-06-05,USD_3M_LIBOR_PUBLIC_PROXY,2007-05,5.358914286,previous_completed_calendar_month,0.04858914286,0.06358914286,0.0025
2007-06-06,USD_3M_LIBOR_PUBLIC_PROXY,2007-05,5.358914286,previous_completed_calendar_month,0.04858914286,0.06358914286,0.0025
2007-06-07,USD_3M_LIBOR_PUBLIC_PROXY,2007-05,5.358914286,previous_completed_calendar_month,0.04858914286,0.06358914286,0.0025
2007-06-08,USD_3M_LIBOR_PUBLIC_PROXY,2007-05,5.358914286,previous_completed_calendar_month,0.04858914286,0.06358914286,0.0025
2007-06-11,USD_3M_LIBOR_PUBLIC_PROXY,2007-05,5.358914286,previous_completed_calendar_month,0.04858914286,0.06358914286,0.0025
2007-06-12,USD_3M_LIBOR_PUBLIC_PROXY,2007-05,5.358914286,previous_completed_calendar_month,0.04858914286,0.06358914286,0.0025
2007-06-13,USD_3M_LIBOR_PUBLIC_PROXY,2007-05,5.358914286,previous_completed_calendar_month,0.04858914286,0.06358914286,0.0025
2007-06-14,USD_3M_LIBOR_PUBLIC_PROXY,2007-05,5.358914286,previous_completed_calendar_month,0.04858914286,0.06358914286,0.0025
2007-06-15,USD_3M_LIBOR_PUBLIC_PROXY,2007-05,5.358914286,previous_completed_calendar_month,0.04858914286,0.06358914286,0.0025
2007-06-18,USD_3M_LIBOR_PUBLIC_PROXY,2007-05,5.358914286,previous_completed_calendar_month,0.04858914286,0.06358914286,0.0025
2007-06-19,USD_3M_LIBOR_PUBLIC_PROXY,2007-05,5.358914286,previous_completed_calendar_month,0.04858914286,0.06358914286,0.0025
2007-06-20,USD_3M_LIBOR_PUBLIC_PROXY,2007-05,5.358914286,previous_completed_calendar_month,0.04858914286,0.06358914286,0.0025
2007-06-21,USD_3M_LIBOR_PUBLIC_PROXY,2007-05,5.358914286,previous_completed_calendar_month,0.04858914286,0.06358914286,0.0025
2007-06-22,USD_3M_LIBOR_PUBLIC_PROXY,2007-05,5.358914286,previous_completed_calendar_month,0.04858914286,0.06358914286,0.0025
2007-06-25,USD_3M_LIBOR_PUBLIC_PROXY,2007-05,5.358914286,previous_completed_calendar_month,0.04858914286,0.06358914286,0.0025
2007-06-26,USD_3M_LIBOR_PUBLIC_PROXY,2007-05,5.358914286,previous_completed_calendar_month,0.04858914286,0.06358914286,0.0025
2007-06-27,USD_3M_LIBOR_PUBLIC_PROXY,2007-05,5.358914286,previous_completed_calendar_month,0.04858914286,0.06358914286,0.0025
2007-06-28,USD_3M_LIBOR_PUBLIC_PROXY,2007-05,5.358914286,previous_completed_calendar_month,0.04858914286,0.06358914286,0.0025
2007-06-29,USD_3M_LIBOR_PUBLIC_PROXY,2007-05,5.358914286,previous_completed_calendar_month,0.04858914286,0.06358914286,0.0025
2007-07-02,USD_3M_LIBOR_PUBLIC_PROXY,2007-06,5.36,previous_completed_calendar_month,0.0486,0.0636,0.0025
2007-07-03,USD_3M_LIBOR_PUBLIC_PROXY,2007-06,5.36,previous_completed_calendar_month,0.0486,0.0636,0.0025
2007-07-05,USD_3M_LIBOR_PUBLIC_PROXY,2007-06,5.36,previous_completed_calendar_month,0.0486,0.0636,0.0025
2007-07-06,USD_3M_LIBOR_PUBLIC_PROXY,2007-06,5.36,previous_completed_calendar_month,0.0486,0.0636,0.0025
2007-07-09,USD_3M_LIBOR_PUBLIC_PROXY,2007-06,5.36,previous_completed_calendar_month,0.0486,0.0636,0.0025
2007-07-10,USD_3M_LIBOR_PUBLIC_PROXY,2007-06,5.36,previous_completed_calendar_month,0.0486,0.0636,0.0025
2007-07-11,USD_3M_LIBOR_PUBLIC_PROXY,2007-06,5.36,previous_completed_calendar_month,0.0486,0.0636,0.0025
2007-07-12,USD_3M_LIBOR_PUBLIC_PROXY,2007-06,5.36,previous_completed_calendar_month,0.0486,0.0636,0.0025
2007-07-13,USD_3M_LIBOR_PUBLIC_PROXY,2007-06,5.36,previous_completed_calendar_month,0.0486,0.0636,0.0025
2007-07-16,USD_3M_LIBOR_PUBLIC_PROXY,2007-06,5.36,previous_completed_calendar_month,0.0486,0.0636,0.0025
2007-07-17,USD_3M_LIBOR_PUBLIC_PROXY,2007-06,5.36,previous_completed_calendar_month,0.0486,0.0636,0.0025
2007-07-18,USD_3M_LIBOR_PUBLIC_PROXY,2007-06,5.36,previous_completed_calendar_month,0.0486,0.0636,0.0025
2007-07-19,USD_3M_LIBOR_PUBLIC_PROXY,2007-06,5.36,previous_completed_calendar_month,0.0486,0.0636,0.0025
2007-07-20,USD_3M_LIBOR_PUBLIC_PROXY,2007-06,5.36,previous_completed_calendar_month,0.0486,0.0636,0.0025
2007-07-23,USD_3M_LIBOR_PUBLIC_PROXY,2007-06,5.36,previous_completed_calendar_month,0.0486,0.0636,0.0025
2007-07-24,USD_3M_LIBOR_PUBLIC_PROXY,2007-06,5.36,previous_completed_calendar_month,0.0486,0.0636,0.0025
2007-07-25,USD_3M_LIBOR_PUBLIC_PROXY,2007-06,5.36,previous_completed_calendar_month,0.0486,0.0636,0.0025
2007-07-26,USD_3M_LIBOR_PUBLIC_PROXY,2007-06,5.36,previous_completed_calendar_month,0.0486,0.0636,0.0025
2007-07-27,USD_3M_LIBOR_PUBLIC_PROXY,2007-06,5.36,previous_completed_calendar_month,0.0486,0.0636,0.0025
2007-07-30,USD_3M_LIBOR_PUBLIC_PROXY,2007-06,5.36,previous_completed_calendar_month,0.0486,0.0636,0.0025
2007-07-31,USD_3M_LIBOR_PUBLIC_PROXY,2007-06,5.36,previous_completed_calendar_month,0.0486,0.0636,0.0025
2007-08-01,USD_3M_LIBOR_PUBLIC_PROXY,2007-07,5.359655,previous_completed_calendar_month,0.04859655,0.06359655,0.0025
2007-08-02,USD_3M_LIBOR_PUBLIC_PROXY,2007-07,5.359655,previous_completed_calendar_month,0.04859655,0.06359655,0.0025
2007-08-03,USD_3M_LIBOR_PUBLIC_PROXY,2007-07,5.359655,previous_completed_calendar_month,0.04859655,0.06359655,0.0025
2007-08-06,USD_3M_LIBOR_PUBLIC_PROXY,2007-07,5.359655,previous_completed_calendar_month,0.04859655,0.06359655,0.0025
2007-08-07,USD_3M_LIBOR_PUBLIC_PROXY,2007-07,5.359655,previous_completed_calendar_month,0.04859655,0.06359655,0.0025
2007-08-08,USD_3M_LIBOR_PUBLIC_PROXY,2007-07,5.359655,previous_completed_calendar_month,0.04859655,0.06359655,0.0025
2007-08-09,USD_3M_LIBOR_PUBLIC_PROXY,2007-07,5.359655,previous_completed_calendar_month,0.04859655,0.06359655,0.0025
2007-08-10,USD_3M_LIBOR_PUBLIC_PROXY,2007-07,5.359655,previous_completed_calendar_month,0.04859655,0.06359655,0.0025
2007-08-13,USD_3M_LIBOR_PUBLIC_PROXY,2007-07,5.359655,previous_completed_calendar_month,0.04859655,0.06359655,0.0025
2007-08-14,USD_3M_LIBOR_PUBLIC_PROXY,2007-07,5.359655,previous_completed_calendar_month,0.04859655,0.06359655,0.0025
2007-08-15,USD_3M_LIBOR_PUBLIC_PROXY,2007-07,5.359655,previous_completed_calendar_month,0.04859655,0.06359655,0.0025
2007-08-16,USD_3M_LIBOR_PUBLIC_PROXY,2007-07,5.359655,previous_completed_calendar_month,0.04859655,0.06359655,0.0025
2007-08-17,USD_3M_LIBOR_PUBLIC_PROXY,2007-07,5.359655,previous_completed_calendar_month,0.04859655,0.06359655,0.0025
2007-08-20,USD_3M_LIBOR_PUBLIC_PROXY,2007-07,5.359655,previous_completed_calendar_month,0.04859655,0.06359655,0.0025
2007-08-21,USD_3M_LIBOR_PUBLIC_PROXY,2007-07,5.359655,previous_completed_calendar_month,0.04859655,0.06359655,0.0025
2007-08-22,USD_3M_LIBOR_PUBLIC_PROXY,2007-07,5.359655,previous_completed_calendar_month,0.04859655,0.06359655,0.0025
2007-08-23,USD_3M_LIBOR_PUBLIC_PROXY,2007-07,5.359655,previous_completed_calendar_month,0.04859655,0.06359655,0.0025
2007-08-24,USD_3M_LIBOR_PUBLIC_PROXY,2007-07,5.359655,previous_completed_calendar_month,0.04859655,0.06359655,0.0025
2007-08-27,USD_3M_LIBOR_PUBLIC_PROXY,2007-07,5.359655,previous_completed_calendar_month,0.04859655,0.06359655,0.0025
2007-08-28,USD_3M_LIBOR_PUBLIC_PROXY,2007-07,5.359655,previous_completed_calendar_month,0.04859655,0.06359655,0.0025
2007-08-29,USD_3M_LIBOR_PUBLIC_PROXY,2007-07,5.359655,previous_completed_calendar_month,0.04859655,0.06359655,0.0025
2007-08-30,USD_3M_LIBOR_PUBLIC_PROXY,2007-07,5.359655,previous_completed_calendar_month,0.04859655,0.06359655,0.0025
2007-08-31,USD_3M_LIBOR_PUBLIC_PROXY,2007-07,5.359655,previous_completed_calendar_month,0.04859655,0.06359655,0.0025
2007-09-04,USD_3M_LIBOR_PUBLIC_PROXY,2007-08,5.482706364,previous_completed_calendar_month,0.04982706364,0.06482706364,0.0025
2007-09-05,USD_3M_LIBOR_PUBLIC_PROXY,2007-08,5.482706364,previous_completed_calendar_month,0.04982706364,0.06482706364,0.0025
2007-09-06,USD_3M_LIBOR_PUBLIC_PROXY,2007-08,5.482706364,previous_completed_calendar_month,0.04982706364,0.06482706364,0.0025
2007-09-07,USD_3M_LIBOR_PUBLIC_PROXY,2007-08,5.482706364,previous_completed_calendar_month,0.04982706364,0.06482706364,0.0025
2007-09-10,USD_3M_LIBOR_PUBLIC_PROXY,2007-08,5.482706364,previous_completed_calendar_month,0.04982706364,0.06482706364,0.0025
2007-09-11,USD_3M_LIBOR_PUBLIC_PROXY,2007-08,5.482706364,previous_completed_calendar_month,0.04982706364,0.06482706364,0.0025
2007-09-12,USD_3M_LIBOR_PUBLIC_PROXY,2007-08,5.482706364,previous_completed_calendar_month,0.04982706364,0.06482706364,0.0025
2007-09-13,USD_3M_LIBOR_PUBLIC_PROXY,2007-08,5.482706364,previous_completed_calendar_month,0.04982706364,0.06482706364,0.0025
2007-09-14,USD_3M_LIBOR_PUBLIC_PROXY,2007-08,5.482706364,previous_completed_calendar_month,0.04982706364,0.06482706364,0.0025
2007-09-17,USD_3M_LIBOR_PUBLIC_PROXY,2007-08,5.482706364,previous_completed_calendar_month,0.04982706364,0.06482706364,0.0025
2007-09-18,USD_3M_LIBOR_PUBLIC_PROXY,2007-08,5.482706364,previous_completed_calendar_month,0.04982706364,0.06482706364,0.0025
2007-09-19,USD_3M_LIBOR_PUBLIC_PROXY,2007-08,5.482706364,previous_completed_calendar_month,0.04982706364,0.06482706364,0.0025
2007-09-20,USD_3M_LIBOR_PUBLIC_PROXY,2007-08,5.482706364,previous_completed_calendar_month,0.04982706364,0.06482706364,0.0025
2007-09-21,USD_3M_LIBOR_PUBLIC_PROXY,2007-08,5.482706364,previous_completed_calendar_month,0.04982706364,0.06482706364,0.0025
2007-09-24,USD_3M_LIBOR_PUBLIC_PROXY,2007-08,5.482706364,previous_completed_calendar_month,0.04982706364,0.06482706364,0.0025
2007-09-25,USD_3M_LIBOR_PUBLIC_PROXY,2007-08,5.482706364,previous_completed_calendar_month,0.04982706364,0.06482706364,0.0025
2007-09-26,USD_3M_LIBOR_PUBLIC_PROXY,2007-08,5.482706364,previous_completed_calendar_month,0.04982706364,0.06482706364,0.0025
2007-09-27,USD_3M_LIBOR_PUBLIC_PROXY,2007-08,5.482706364,previous_completed_calendar_month,0.04982706364,0.06482706364,0.0025
2007-09-28,USD_3M_LIBOR_PUBLIC_PROXY,2007-08,5.482706364,previous_completed_calendar_month,0.04982706364,0.06482706364,0.0025
2007-10-01,USD_3M_LIBOR_PUBLIC_PROXY,2007-09,5.493939,previous_completed_calendar_month,0.04993939,0.06493939,0.0025
2007-10-02,USD_3M_LIBOR_PUBLIC_PROXY,2007-09,5.493939,previous_completed_calendar_month,0.04993939,0.06493939,0.0025
2007-10-03,USD_3M_LIBOR_PUBLIC_PROXY,2007-09,5.493939,previous_completed_calendar_month,0.04993939,0.06493939,0.0025
2007-10-04,USD_3M_LIBOR_PUBLIC_PROXY,2007-09,5.493939,previous_completed_calendar_month,0.04993939,0.06493939,0.0025
2007-10-05,USD_3M_LIBOR_PUBLIC_PROXY,2007-09,5.493939,previous_completed_calendar_month,0.04993939,0.06493939,0.0025
2007-10-08,USD_3M_LIBOR_PUBLIC_PROXY,2007-09,5.493939,previous_completed_calendar_month,0.04993939,0.06493939,0.0025
2007-10-09,USD_3M_LIBOR_PUBLIC_PROXY,2007-09,5.493939,previous_completed_calendar_month,0.04993939,0.06493939,0.0025
2007-10-10,USD_3M_LIBOR_PUBLIC_PROXY,2007-09,5.493939,previous_completed_calendar_month,0.04993939,0.06493939,0.0025
2007-10-11,USD_3M_LIBOR_PUBLIC_PROXY,2007-09,5.493939,previous_completed_calendar_month,0.04993939,0.06493939,0.0025
2007-10-12,USD_3M_LIBOR_PUBLIC_PROXY,2007-09,5.493939,previous_completed_calendar_month,0.04993939,0.06493939,0.0025
2007-10-15,USD_3M_LIBOR_PUBLIC_PROXY,2007-09,5.493939,previous_completed_calendar_month,0.04993939,0.06493939,0.0025
2007-10-16,USD_3M_LIBOR_PUBLIC_PROXY,2007-09,5.493939,previous_completed_calendar_month,0.04993939,0.06493939,0.0025
2007-10-17,USD_3M_LIBOR_PUBLIC_PROXY,2007-09,5.493939,previous_completed_calendar_month,0.04993939,0.06493939,0.0025
2007-10-18,USD_3M_LIBOR_PUBLIC_PROXY,2007-09,5.493939,previous_completed_calendar_month,0.04993939,0.06493939,0.0025
2007-10-19,USD_3M_LIBOR_PUBLIC_PROXY,2007-09,5.493939,previous_completed_calendar_month,0.04993939,0.06493939,0.0025
2007-10-22,USD_3M_LIBOR_PUBLIC_PROXY,2007-09,5.493939,previous_completed_calendar_month,0.04993939,0.06493939,0.0025
2007-10-23,USD_3M_LIBOR_PUBLIC_PROXY,2007-09,5.493939,previous_completed_calendar_month,0.04993939,0.06493939,0.0025
2007-10-24,USD_3M_LIBOR_PUBLIC_PROXY,2007-09,5.493939,previous_completed_calendar_month,0.04993939,0.06493939,0.0025
2007-10-25,USD_3M_LIBOR_PUBLIC_PROXY,2007-09,5.493939,previous_completed_calendar_month,0.04993939,0.06493939,0.0025
2007-10-26,USD_3M_LIBOR_PUBLIC_PROXY,2007-09,5.493939,previous_completed_calendar_month,0.04993939,0.06493939,0.0025
2007-10-29,USD_3M_LIBOR_PUBLIC_PROXY,2007-09,5.493939,previous_completed_calendar_month,0.04993939,0.06493939,0.0025
2007-10-30,USD_3M_LIBOR_PUBLIC_PROXY,2007-09,5.493939,previous_completed_calendar_month,0.04993939,0.06493939,0.0025
2007-10-31,USD_3M_LIBOR_PUBLIC_PROXY,2007-09,5.493939,previous_completed_calendar_month,0.04993939,0.06493939,0.0025
2007-11-01,USD_3M_LIBOR_PUBLIC_PROXY,2007-10,5.146522609,previous_completed_calendar_month,0.04646522609,0.06146522609,0.0025
2007-11-02,USD_3M_LIBOR_PUBLIC_PROXY,2007-10,5.146522609,previous_completed_calendar_month,0.04646522609,0.06146522609,0.0025
2007-11-05,USD_3M_LIBOR_PUBLIC_PROXY,2007-10,5.146522609,previous_completed_calendar_month,0.04646522609,0.06146522609,0.0025
2007-11-06,USD_3M_LIBOR_PUBLIC_PROXY,2007-10,5.146522609,previous_completed_calendar_month,0.04646522609,0.06146522609,0.0025
2007-11-07,USD_3M_LIBOR_PUBLIC_PROXY,2007-10,5.146522609,previous_completed_calendar_month,0.04646522609,0.06146522609,0.0025
2007-11-08,USD_3M_LIBOR_PUBLIC_PROXY,2007-10,5.146522609,previous_completed_calendar_month,0.04646522609,0.06146522609,0.0025
2007-11-09,USD_3M_LIBOR_PUBLIC_PROXY,2007-10,5.146522609,previous_completed_calendar_month,0.04646522609,0.06146522609,0.0025
2007-11-12,USD_3M_LIBOR_PUBLIC_PROXY,2007-10,5.146522609,previous_completed_calendar_month,0.04646522609,0.06146522609,0.0025
2007-11-13,USD_3M_LIBOR_PUBLIC_PROXY,2007-10,5.146522609,previous_completed_calendar_month,0.04646522609,0.06146522609,0.0025
2007-11-14,USD_3M_LIBOR_PUBLIC_PROXY,2007-10,5.146522609,previous_completed_calendar_month,0.04646522609,0.06146522609,0.0025
2007-11-15,USD_3M_LIBOR_PUBLIC_PROXY,2007-10,5.146522609,previous_completed_calendar_month,0.04646522609,0.06146522609,0.0025
2007-11-16,USD_3M_LIBOR_PUBLIC_PROXY,2007-10,5.146522609,previous_completed_calendar_month,0.04646522609,0.06146522609,0.0025
2007-11-19,USD_3M_LIBOR_PUBLIC_PROXY,2007-10,5.146522609,previous_completed_calendar_month,0.04646522609,0.06146522609,0.0025
2007-11-20,USD_3M_LIBOR_PUBLIC_PROXY,2007-10,5.146522609,previous_completed_calendar_month,0.04646522609,0.06146522609,0.0025
2007-11-21,USD_3M_LIBOR_PUBLIC_PROXY,2007-10,5.146522609,previous_completed_calendar_month,0.04646522609,0.06146522609,0.0025
2007-11-23,USD_3M_LIBOR_PUBLIC_PROXY,2007-10,5.146522609,previous_completed_calendar_month,0.04646522609,0.06146522609,0.0025
2007-11-26,USD_3M_LIBOR_PUBLIC_PROXY,2007-10,5.146522609,previous_completed_calendar_month,0.04646522609,0.06146522609,0.0025
2007-11-27,USD_3M_LIBOR_PUBLIC_PROXY,2007-10,5.146522609,previous_completed_calendar_month,0.04646522609,0.06146522609,0.0025
2007-11-28,USD_3M_LIBOR_PUBLIC_PROXY,2007-10,5.146522609,previous_completed_calendar_month,0.04646522609,0.06146522609,0.0025
2007-11-29,USD_3M_LIBOR_PUBLIC_PROXY,2007-10,5.146522609,previous_completed_calendar_month,0.04646522609,0.06146522609,0.0025
2007-11-30,USD_3M_LIBOR_PUBLIC_PROXY,2007-10,5.146522609,previous_completed_calendar_month,0.04646522609,0.06146522609,0.0025
2007-12-03,USD_3M_LIBOR_PUBLIC_PROXY,2007-11,4.962075,previous_completed_calendar_month,0.04462075,0.05962075,0.0025
2007-12-04,USD_3M_LIBOR_PUBLIC_PROXY,2007-11,4.962075,previous_completed_calendar_month,0.04462075,0.05962075,0.0025
2007-12-05,USD_3M_LIBOR_PUBLIC_PROXY,2007-11,4.962075,previous_completed_calendar_month,0.04462075,0.05962075,0.0025
2007-12-06,USD_3M_LIBOR_PUBLIC_PROXY,2007-11,4.962075,previous_completed_calendar_month,0.04462075,0.05962075,0.0025
2007-12-07,USD_3M_LIBOR_PUBLIC_PROXY,2007-11,4.962075,previous_completed_calendar_month,0.04462075,0.05962075,0.0025
2007-12-10,USD_3M_LIBOR_PUBLIC_PROXY,2007-11,4.962075,previous_completed_calendar_month,0.04462075,0.05962075,0.0025
2007-12-11,USD_3M_LIBOR_PUBLIC_PROXY,2007-11,4.962075,previous_completed_calendar_month,0.04462075,0.05962075,0.0025
2007-12-12,USD_3M_LIBOR_PUBLIC_PROXY,2007-11,4.962075,previous_completed_calendar_month,0.04462075,0.05962075,0.0025
2007-12-13,USD_3M_LIBOR_PUBLIC_PROXY,2007-11,4.962075,previous_completed_calendar_month,0.04462075,0.05962075,0.0025
2007-12-14,USD_3M_LIBOR_PUBLIC_PROXY,2007-11,4.962075,previous_completed_calendar_month,0.04462075,0.05962075,0.0025
2007-12-17,USD_3M_LIBOR_PUBLIC_PROXY,2007-11,4.962075,previous_completed_calendar_month,0.04462075,0.05962075,0.0025
2007-12-18,USD_3M_LIBOR_PUBLIC_PROXY,2007-11,4.962075,previous_completed_calendar_month,0.04462075,0.05962075,0.0025
2007-12-19,USD_3M_LIBOR_PUBLIC_PROXY,2007-11,4.962075,previous_completed_calendar_month,0.04462075,0.05962075,0.0025
2007-12-20,USD_3M_LIBOR_PUBLIC_PROXY,2007-11,4.962075,previous_completed_calendar_month,0.04462075,0.05962075,0.0025
2007-12-21,USD_3M_LIBOR_PUBLIC_PROXY,2007-11,4.962075,previous_completed_calendar_month,0.04462075,0.05962075,0.0025
2007-12-24,USD_3M_LIBOR_PUBLIC_PROXY,2007-11,4.962075,previous_completed_calendar_month,0.04462075,0.05962075,0.0025
2007-12-26,USD_3M_LIBOR_PUBLIC_PROXY,2007-11,4.962075,previous_completed_calendar_month,0.04462075,0.05962075,0.0025
2007-12-27,USD_3M_LIBOR_PUBLIC_PROXY,2007-11,4.962075,previous_completed_calendar_month,0.04462075,0.05962075,0.0025
2007-12-28,USD_3M_LIBOR_PUBLIC_PROXY,2007-11,4.962075,previous_completed_calendar_month,0.04462075,0.05962075,0.0025
2007-12-31,USD_3M_LIBOR_PUBLIC_PROXY,2007-11,4.962075,previous_completed_calendar_month,0.04462075,0.05962075,0.0025
2008-01-02,USD_3M_LIBOR_PUBLIC_PROXY,2007-12,4.979408947,previous_completed_calendar_month,0.04479408947,0.05979408947,0.0025
2008-01-03,USD_3M_LIBOR_PUBLIC_PROXY,2007-12,4.979408947,previous_completed_calendar_month,0.04479408947,0.05979408947,0.0025
2008-01-04,USD_3M_LIBOR_PUBLIC_PROXY,2007-12,4.979408947,previous_completed_calendar_month,0.04479408947,0.05979408947,0.0025
2008-01-07,USD_3M_LIBOR_PUBLIC_PROXY,2007-12,4.979408947,previous_completed_calendar_month,0.04479408947,0.05979408947,0.0025
2008-01-08,USD_3M_LIBOR_PUBLIC_PROXY,2007-12,4.979408947,previous_completed_calendar_month,0.04479408947,0.05979408947,0.0025
2008-01-09,USD_3M_LIBOR_PUBLIC_PROXY,2007-12,4.979408947,previous_completed_calendar_month,0.04479408947,0.05979408947,0.0025
2008-01-10,USD_3M_LIBOR_PUBLIC_PROXY,2007-12,4.979408947,previous_completed_calendar_month,0.04479408947,0.05979408947,0.0025
2008-01-11,USD_3M_LIBOR_PUBLIC_PROXY,2007-12,4.979408947,previous_completed_calendar_month,0.04479408947,0.05979408947,0.0025
2008-01-14,USD_3M_LIBOR_PUBLIC_PROXY,2007-12,4.979408947,previous_completed_calendar_month,0.04479408947,0.05979408947,0.0025
2008-01-15,USD_3M_LIBOR_PUBLIC_PROXY,2007-12,4.979408947,previous_completed_calendar_month,0.04479408947,0.05979408947,0.0025
2008-01-16,USD_3M_LIBOR_PUBLIC_PROXY,2007-12,4.979408947,previous_completed_calendar_month,0.04479408947,0.05979408947,0.0025
2008-01-17,USD_3M_LIBOR_PUBLIC_PROXY,2007-12,4.979408947,previous_completed_calendar_month,0.04479408947,0.05979408947,0.0025
2008-01-18,USD_3M_LIBOR_PUBLIC_PROXY,2007-12,4.979408947,previous_completed_calendar_month,0.04479408947,0.05979408947,0.0025
2008-01-22,USD_3M_LIBOR_PUBLIC_PROXY,2007-12,4.979408947,previous_completed_calendar_month,0.04479408947,0.05979408947,0.0025
2008-01-23,USD_3M_LIBOR_PUBLIC_PROXY,2007-12,4.979408947,previous_completed_calendar_month,0.04479408947,0.05979408947,0.0025
2008-01-24,USD_3M_LIBOR_PUBLIC_PROXY,2007-12,4.979408947,previous_completed_calendar_month,0.04479408947,0.05979408947,0.0025
2008-01-25,USD_3M_LIBOR_PUBLIC_PROXY,2007-12,4.979408947,previous_completed_calendar_month,0.04479408947,0.05979408947,0.0025
2008-01-28,USD_3M_LIBOR_PUBLIC_PROXY,2007-12,4.979408947,previous_completed_calendar_month,0.04479408947,0.05979408947,0.0025
2008-01-29,USD_3M_LIBOR_PUBLIC_PROXY,2007-12,4.979408947,previous_completed_calendar_month,0.04479408947,0.05979408947,0.0025
2008-01-30,USD_3M_LIBOR_PUBLIC_PROXY,2007-12,4.979408947,previous_completed_calendar_month,0.04479408947,0.05979408947,0.0025
2008-01-31,USD_3M_LIBOR_PUBLIC_PROXY,2007-12,4.979408947,previous_completed_calendar_month,0.04479408947,0.05979408947,0.0025
2008-02-01,USD_3M_LIBOR_PUBLIC_PROXY,2008-01,3.917643182,previous_completed_calendar_month,0.03417643182,0.04917643182,0.0025
2008-02-04,USD_3M_LIBOR_PUBLIC_PROXY,2008-01,3.917643182,previous_completed_calendar_month,0.03417643182,0.04917643182,0.0025
2008-02-05,USD_3M_LIBOR_PUBLIC_PROXY,2008-01,3.917643182,previous_completed_calendar_month,0.03417643182,0.04917643182,0.0025
2008-02-06,USD_3M_LIBOR_PUBLIC_PROXY,2008-01,3.917643182,previous_completed_calendar_month,0.03417643182,0.04917643182,0.0025
2008-02-07,USD_3M_LIBOR_PUBLIC_PROXY,2008-01,3.917643182,previous_completed_calendar_month,0.03417643182,0.04917643182,0.0025
2008-02-08,USD_3M_LIBOR_PUBLIC_PROXY,2008-01,3.917643182,previous_completed_calendar_month,0.03417643182,0.04917643182,0.0025
2008-02-11,USD_3M_LIBOR_PUBLIC_PROXY,2008-01,3.917643182,previous_completed_calendar_month,0.03417643182,0.04917643182,0.0025
2008-02-12,USD_3M_LIBOR_PUBLIC_PROXY,2008-01,3.917643182,previous_completed_calendar_month,0.03417643182,0.04917643182,0.0025
2008-02-13,USD_3M_LIBOR_PUBLIC_PROXY,2008-01,3.917643182,previous_completed_calendar_month,0.03417643182,0.04917643182,0.0025
2008-02-14,USD_3M_LIBOR_PUBLIC_PROXY,2008-01,3.917643182,previous_completed_calendar_month,0.03417643182,0.04917643182,0.0025
2008-02-15,USD_3M_LIBOR_PUBLIC_PROXY,2008-01,3.917643182,previous_completed_calendar_month,0.03417643182,0.04917643182,0.0025
2008-02-19,USD_3M_LIBOR_PUBLIC_PROXY,2008-01,3.917643182,previous_completed_calendar_month,0.03417643182,0.04917643182,0.0025
2008-02-20,USD_3M_LIBOR_PUBLIC_PROXY,2008-01,3.917643182,previous_completed_calendar_month,0.03417643182,0.04917643182,0.0025
2008-02-21,USD_3M_LIBOR_PUBLIC_PROXY,2008-01,3.917643182,previous_completed_calendar_month,0.03417643182,0.04917643182,0.0025
2008-02-22,USD_3M_LIBOR_PUBLIC_PROXY,2008-01,3.917643182,previous_completed_calendar_month,0.03417643182,0.04917643182,0.0025
2008-02-25,USD_3M_LIBOR_PUBLIC_PROXY,2008-01,3.917643182,previous_completed_calendar_month,0.03417643182,0.04917643182,0.0025
2008-02-26,USD_3M_LIBOR_PUBLIC_PROXY,2008-01,3.917643182,previous_completed_calendar_month,0.03417643182,0.04917643182,0.0025
2008-02-27,USD_3M_LIBOR_PUBLIC_PROXY,2008-01,3.917643182,previous_completed_calendar_month,0.03417643182,0.04917643182,0.0025
2008-02-28,USD_3M_LIBOR_PUBLIC_PROXY,2008-01,3.917643182,previous_completed_calendar_month,0.03417643182,0.04917643182,0.0025
2008-02-29,USD_3M_LIBOR_PUBLIC_PROXY,2008-01,3.917643182,previous_completed_calendar_month,0.03417643182,0.04917643182,0.0025
2008-03-03,USD_3M_LIBOR_PUBLIC_PROXY,2008-02,3.087590476,previous_completed_calendar_month,0.02587590476,0.04087590476,0.0025
2008-03-04,USD_3M_LIBOR_PUBLIC_PROXY,2008-02,3.087590476,previous_completed_calendar_month,0.02587590476,0.04087590476,0.0025
2008-03-05,USD_3M_LIBOR_PUBLIC_PROXY,2008-02,3.087590476,previous_completed_calendar_month,0.02587590476,0.04087590476,0.0025
2008-03-06,USD_3M_LIBOR_PUBLIC_PROXY,2008-02,3.087590476,previous_completed_calendar_month,0.02587590476,0.04087590476,0.0025
2008-03-07,USD_3M_LIBOR_PUBLIC_PROXY,2008-02,3.087590476,previous_completed_calendar_month,0.02587590476,0.04087590476,0.0025
2008-03-10,USD_3M_LIBOR_PUBLIC_PROXY,2008-02,3.087590476,previous_completed_calendar_month,0.02587590476,0.04087590476,0.0025
2008-03-11,USD_3M_LIBOR_PUBLIC_PROXY,2008-02,3.087590476,previous_completed_calendar_month,0.02587590476,0.04087590476,0.0025
2008-03-12,USD_3M_LIBOR_PUBLIC_PROXY,2008-02,3.087590476,previous_completed_calendar_month,0.02587590476,0.04087590476,0.0025
2008-03-13,USD_3M_LIBOR_PUBLIC_PROXY,2008-02,3.087590476,previous_completed_calendar_month,0.02587590476,0.04087590476,0.0025
2008-03-14,USD_3M_LIBOR_PUBLIC_PROXY,2008-02,3.087590476,previous_completed_calendar_month,0.02587590476,0.04087590476,0.0025
2008-03-17,USD_3M_LIBOR_PUBLIC_PROXY,2008-02,3.087590476,previous_completed_calendar_month,0.02587590476,0.04087590476,0.0025
2008-03-18,USD_3M_LIBOR_PUBLIC_PROXY,2008-02,3.087590476,previous_completed_calendar_month,0.02587590476,0.04087590476,0.0025
2008-03-19,USD_3M_LIBOR_PUBLIC_PROXY,2008-02,3.087590476,previous_completed_calendar_month,0.02587590476,0.04087590476,0.0025
2008-03-20,USD_3M_LIBOR_PUBLIC_PROXY,2008-02,3.087590476,previous_completed_calendar_month,0.02587590476,0.04087590476,0.0025
2008-03-24,USD_3M_LIBOR_PUBLIC_PROXY,2008-02,3.087590476,previous_completed_calendar_month,0.02587590476,0.04087590476,0.0025
2008-03-25,USD_3M_LIBOR_PUBLIC_PROXY,2008-02,3.087590476,previous_completed_calendar_month,0.02587590476,0.04087590476,0.0025
2008-03-26,USD_3M_LIBOR_PUBLIC_PROXY,2008-02,3.087590476,previous_completed_calendar_month,0.02587590476,0.04087590476,0.0025
2008-03-27,USD_3M_LIBOR_PUBLIC_PROXY,2008-02,3.087590476,previous_completed_calendar_month,0.02587590476,0.04087590476,0.0025
2008-03-28,USD_3M_LIBOR_PUBLIC_PROXY,2008-02,3.087590476,previous_completed_calendar_month,0.02587590476,0.04087590476,0.0025
2008-03-31,USD_3M_LIBOR_PUBLIC_PROXY,2008-02,3.087590476,previous_completed_calendar_month,0.02587590476,0.04087590476,0.0025
2008-04-01,USD_3M_LIBOR_PUBLIC_PROXY,2008-03,2.782501053,previous_completed_calendar_month,0.02282501053,0.03782501053,0.0025
2008-04-02,USD_3M_LIBOR_PUBLIC_PROXY,2008-03,2.782501053,previous_completed_calendar_month,0.02282501053,0.03782501053,0.0025
2008-04-03,USD_3M_LIBOR_PUBLIC_PROXY,2008-03,2.782501053,previous_completed_calendar_month,0.02282501053,0.03782501053,0.0025
2008-04-04,USD_3M_LIBOR_PUBLIC_PROXY,2008-03,2.782501053,previous_completed_calendar_month,0.02282501053,0.03782501053,0.0025
2008-04-07,USD_3M_LIBOR_PUBLIC_PROXY,2008-03,2.782501053,previous_completed_calendar_month,0.02282501053,0.03782501053,0.0025
2008-04-08,USD_3M_LIBOR_PUBLIC_PROXY,2008-03,2.782501053,previous_completed_calendar_month,0.02282501053,0.03782501053,0.0025
2008-04-09,USD_3M_LIBOR_PUBLIC_PROXY,2008-03,2.782501053,previous_completed_calendar_month,0.02282501053,0.03782501053,0.0025
2008-04-10,USD_3M_LIBOR_PUBLIC_PROXY,2008-03,2.782501053,previous_completed_calendar_month,0.02282501053,0.03782501053,0.0025
2008-04-11,USD_3M_LIBOR_PUBLIC_PROXY,2008-03,2.782501053,previous_completed_calendar_month,0.02282501053,0.03782501053,0.0025
2008-04-14,USD_3M_LIBOR_PUBLIC_PROXY,2008-03,2.782501053,previous_completed_calendar_month,0.02282501053,0.03782501053,0.0025
2008-04-15,USD_3M_LIBOR_PUBLIC_PROXY,2008-03,2.782501053,previous_completed_calendar_month,0.02282501053,0.03782501053,0.0025
2008-04-16,USD_3M_LIBOR_PUBLIC_PROXY,2008-03,2.782501053,previous_completed_calendar_month,0.02282501053,0.03782501053,0.0025
2008-04-17,USD_3M_LIBOR_PUBLIC_PROXY,2008-03,2.782501053,previous_completed_calendar_month,0.02282501053,0.03782501053,0.0025
2008-04-18,USD_3M_LIBOR_PUBLIC_PROXY,2008-03,2.782501053,previous_completed_calendar_month,0.02282501053,0.03782501053,0.0025
2008-04-21,USD_3M_LIBOR_PUBLIC_PROXY,2008-03,2.782501053,previous_completed_calendar_month,0.02282501053,0.03782501053,0.0025
2008-04-22,USD_3M_LIBOR_PUBLIC_PROXY,2008-03,2.782501053,previous_completed_calendar_month,0.02282501053,0.03782501053,0.0025
2008-04-23,USD_3M_LIBOR_PUBLIC_PROXY,2008-03,2.782501053,previous_completed_calendar_month,0.02282501053,0.03782501053,0.0025
2008-04-24,USD_3M_LIBOR_PUBLIC_PROXY,2008-03,2.782501053,previous_completed_calendar_month,0.02282501053,0.03782501053,0.0025
2008-04-25,USD_3M_LIBOR_PUBLIC_PROXY,2008-03,2.782501053,previous_completed_calendar_month,0.02282501053,0.03782501053,0.0025
2008-04-28,USD_3M_LIBOR_PUBLIC_PROXY,2008-03,2.782501053,previous_completed_calendar_month,0.02282501053,0.03782501053,0.0025
2008-04-29,USD_3M_LIBOR_PUBLIC_PROXY,2008-03,2.782501053,previous_completed_calendar_month,0.02282501053,0.03782501053,0.0025
2008-04-30,USD_3M_LIBOR_PUBLIC_PROXY,2008-03,2.782501053,previous_completed_calendar_month,0.02282501053,0.03782501053,0.0025
2008-05-01,USD_3M_LIBOR_PUBLIC_PROXY,2008-04,2.79466,previous_completed_calendar_month,0.0229466,0.0379466,0.0025
2008-05-02,USD_3M_LIBOR_PUBLIC_PROXY,2008-04,2.79466,previous_completed_calendar_month,0.0229466,0.0379466,0.0025
2008-05-05,USD_3M_LIBOR_PUBLIC_PROXY,2008-04,2.79466,previous_completed_calendar_month,0.0229466,0.0379466,0.0025
2008-05-06,USD_3M_LIBOR_PUBLIC_PROXY,2008-04,2.79466,previous_completed_calendar_month,0.0229466,0.0379466,0.0025
2008-05-07,USD_3M_LIBOR_PUBLIC_PROXY,2008-04,2.79466,previous_completed_calendar_month,0.0229466,0.0379466,0.0025
2008-05-08,USD_3M_LIBOR_PUBLIC_PROXY,2008-04,2.79466,previous_completed_calendar_month,0.0229466,0.0379466,0.0025
2008-05-09,USD_3M_LIBOR_PUBLIC_PROXY,2008-04,2.79466,previous_completed_calendar_month,0.0229466,0.0379466,0.0025
2008-05-12,USD_3M_LIBOR_PUBLIC_PROXY,2008-04,2.79466,previous_completed_calendar_month,0.0229466,0.0379466,0.0025
2008-05-13,USD_3M_LIBOR_PUBLIC_PROXY,2008-04,2.79466,previous_completed_calendar_month,0.0229466,0.0379466,0.0025
2008-05-14,USD_3M_LIBOR_PUBLIC_PROXY,2008-04,2.79466,previous_completed_calendar_month,0.0229466,0.0379466,0.0025
2008-05-15,USD_3M_LIBOR_PUBLIC_PROXY,2008-04,2.79466,previous_completed_calendar_month,0.0229466,0.0379466,0.0025
2008-05-16,USD_3M_LIBOR_PUBLIC_PROXY,2008-04,2.79466,previous_completed_calendar_month,0.0229466,0.0379466,0.0025
2008-05-19,USD_3M_LIBOR_PUBLIC_PROXY,2008-04,2.79466,previous_completed_calendar_month,0.0229466,0.0379466,0.0025
2008-05-20,USD_3M_LIBOR_PUBLIC_PROXY,2008-04,2.79466,previous_completed_calendar_month,0.0229466,0.0379466,0.0025
2008-05-21,USD_3M_LIBOR_PUBLIC_PROXY,2008-04,2.79466,previous_completed_calendar_month,0.0229466,0.0379466,0.0025
2008-05-22,USD_3M_LIBOR_PUBLIC_PROXY,2008-04,2.79466,previous_completed_calendar_month,0.0229466,0.0379466,0.0025
2008-05-23,USD_3M_LIBOR_PUBLIC_PROXY,2008-04,2.79466,previous_completed_calendar_month,0.0229466,0.0379466,0.0025
2008-05-27,USD_3M_LIBOR_PUBLIC_PROXY,2008-04,2.79466,previous_completed_calendar_month,0.0229466,0.0379466,0.0025
2008-05-28,USD_3M_LIBOR_PUBLIC_PROXY,2008-04,2.79466,previous_completed_calendar_month,0.0229466,0.0379466,0.0025
2008-05-29,USD_3M_LIBOR_PUBLIC_PROXY,2008-04,2.79466,previous_completed_calendar_month,0.0229466,0.0379466,0.0025
2008-05-30,USD_3M_LIBOR_PUBLIC_PROXY,2008-04,2.79466,previous_completed_calendar_month,0.0229466,0.0379466,0.0025
2008-06-02,USD_3M_LIBOR_PUBLIC_PROXY,2008-05,2.692378,previous_completed_calendar_month,0.02192378,0.03692378,0.0025
2008-06-03,USD_3M_LIBOR_PUBLIC_PROXY,2008-05,2.692378,previous_completed_calendar_month,0.02192378,0.03692378,0.0025
2008-06-04,USD_3M_LIBOR_PUBLIC_PROXY,2008-05,2.692378,previous_completed_calendar_month,0.02192378,0.03692378,0.0025
2008-06-05,USD_3M_LIBOR_PUBLIC_PROXY,2008-05,2.692378,previous_completed_calendar_month,0.02192378,0.03692378,0.0025
2008-06-06,USD_3M_LIBOR_PUBLIC_PROXY,2008-05,2.692378,previous_completed_calendar_month,0.02192378,0.03692378,0.0025
2008-06-09,USD_3M_LIBOR_PUBLIC_PROXY,2008-05,2.692378,previous_completed_calendar_month,0.02192378,0.03692378,0.0025
2008-06-10,USD_3M_LIBOR_PUBLIC_PROXY,2008-05,2.692378,previous_completed_calendar_month,0.02192378,0.03692378,0.0025
2008-06-11,USD_3M_LIBOR_PUBLIC_PROXY,2008-05,2.692378,previous_completed_calendar_month,0.02192378,0.03692378,0.0025
2008-06-12,USD_3M_LIBOR_PUBLIC_PROXY,2008-05,2.692378,previous_completed_calendar_month,0.02192378,0.03692378,0.0025
2008-06-13,USD_3M_LIBOR_PUBLIC_PROXY,2008-05,2.692378,previous_completed_calendar_month,0.02192378,0.03692378,0.0025
2008-06-16,USD_3M_LIBOR_PUBLIC_PROXY,2008-05,2.692378,previous_completed_calendar_month,0.02192378,0.03692378,0.0025
2008-06-17,USD_3M_LIBOR_PUBLIC_PROXY,2008-05,2.692378,previous_completed_calendar_month,0.02192378,0.03692378,0.0025
2008-06-18,USD_3M_LIBOR_PUBLIC_PROXY,2008-05,2.692378,previous_completed_calendar_month,0.02192378,0.03692378,0.0025
2008-06-19,USD_3M_LIBOR_PUBLIC_PROXY,2008-05,2.692378,previous_completed_calendar_month,0.02192378,0.03692378,0.0025
2008-06-20,USD_3M_LIBOR_PUBLIC_PROXY,2008-05,2.692378,previous_completed_calendar_month,0.02192378,0.03692378,0.0025
2008-06-23,USD_3M_LIBOR_PUBLIC_PROXY,2008-05,2.692378,previous_completed_calendar_month,0.02192378,0.03692378,0.0025
2008-06-24,USD_3M_LIBOR_PUBLIC_PROXY,2008-05,2.692378,previous_completed_calendar_month,0.02192378,0.03692378,0.0025
2008-06-25,USD_3M_LIBOR_PUBLIC_PROXY,2008-05,2.692378,previous_completed_calendar_month,0.02192378,0.03692378,0.0025
2008-06-26,USD_3M_LIBOR_PUBLIC_PROXY,2008-05,2.692378,previous_completed_calendar_month,0.02192378,0.03692378,0.0025
2008-06-27,USD_3M_LIBOR_PUBLIC_PROXY,2008-05,2.692378,previous_completed_calendar_month,0.02192378,0.03692378,0.0025
2008-06-30,USD_3M_LIBOR_PUBLIC_PROXY,2008-05,2.692378,previous_completed_calendar_month,0.02192378,0.03692378,0.0025
2008-07-01,USD_3M_LIBOR_PUBLIC_PROXY,2008-06,2.765389524,previous_completed_calendar_month,0.02265389524,0.03765389524,0.0025
2008-07-02,USD_3M_LIBOR_PUBLIC_PROXY,2008-06,2.765389524,previous_completed_calendar_month,0.02265389524,0.03765389524,0.0025
2008-07-03,USD_3M_LIBOR_PUBLIC_PROXY,2008-06,2.765389524,previous_completed_calendar_month,0.02265389524,0.03765389524,0.0025
2008-07-07,USD_3M_LIBOR_PUBLIC_PROXY,2008-06,2.765389524,previous_completed_calendar_month,0.02265389524,0.03765389524,0.0025
2008-07-08,USD_3M_LIBOR_PUBLIC_PROXY,2008-06,2.765389524,previous_completed_calendar_month,0.02265389524,0.03765389524,0.0025
2008-07-09,USD_3M_LIBOR_PUBLIC_PROXY,2008-06,2.765389524,previous_completed_calendar_month,0.02265389524,0.03765389524,0.0025
2008-07-10,USD_3M_LIBOR_PUBLIC_PROXY,2008-06,2.765389524,previous_completed_calendar_month,0.02265389524,0.03765389524,0.0025
2008-07-11,USD_3M_LIBOR_PUBLIC_PROXY,2008-06,2.765389524,previous_completed_calendar_month,0.02265389524,0.03765389524,0.0025
2008-07-14,USD_3M_LIBOR_PUBLIC_PROXY,2008-06,2.765389524,previous_completed_calendar_month,0.02265389524,0.03765389524,0.0025
2008-07-15,USD_3M_LIBOR_PUBLIC_PROXY,2008-06,2.765389524,previous_completed_calendar_month,0.02265389524,0.03765389524,0.0025
2008-07-16,USD_3M_LIBOR_PUBLIC_PROXY,2008-06,2.765389524,previous_completed_calendar_month,0.02265389524,0.03765389524,0.0025
2008-07-17,USD_3M_LIBOR_PUBLIC_PROXY,2008-06,2.765389524,previous_completed_calendar_month,0.02265389524,0.03765389524,0.0025
2008-07-18,USD_3M_LIBOR_PUBLIC_PROXY,2008-06,2.765389524,previous_completed_calendar_month,0.02265389524,0.03765389524,0.0025
2008-07-21,USD_3M_LIBOR_PUBLIC_PROXY,2008-06,2.765389524,previous_completed_calendar_month,0.02265389524,0.03765389524,0.0025
2008-07-22,USD_3M_LIBOR_PUBLIC_PROXY,2008-06,2.765389524,previous_completed_calendar_month,0.02265389524,0.03765389524,0.0025
2008-07-23,USD_3M_LIBOR_PUBLIC_PROXY,2008-06,2.765389524,previous_completed_calendar_month,0.02265389524,0.03765389524,0.0025
2008-07-24,USD_3M_LIBOR_PUBLIC_PROXY,2008-06,2.765389524,previous_completed_calendar_month,0.02265389524,0.03765389524,0.0025
2008-07-25,USD_3M_LIBOR_PUBLIC_PROXY,2008-06,2.765389524,previous_completed_calendar_month,0.02265389524,0.03765389524,0.0025
2008-07-28,USD_3M_LIBOR_PUBLIC_PROXY,2008-06,2.765389524,previous_completed_calendar_month,0.02265389524,0.03765389524,0.0025
2008-07-29,USD_3M_LIBOR_PUBLIC_PROXY,2008-06,2.765389524,previous_completed_calendar_month,0.02265389524,0.03765389524,0.0025
2008-07-30,USD_3M_LIBOR_PUBLIC_PROXY,2008-06,2.765389524,previous_completed_calendar_month,0.02265389524,0.03765389524,0.0025
2008-07-31,USD_3M_LIBOR_PUBLIC_PROXY,2008-06,2.765389524,previous_completed_calendar_month,0.02265389524,0.03765389524,0.0025
2008-08-01,USD_3M_LIBOR_PUBLIC_PROXY,2008-07,2.79233913,previous_completed_calendar_month,0.0229233913,0.0379233913,0.0025
2008-08-04,USD_3M_LIBOR_PUBLIC_PROXY,2008-07,2.79233913,previous_completed_calendar_month,0.0229233913,0.0379233913,0.0025
2008-08-05,USD_3M_LIBOR_PUBLIC_PROXY,2008-07,2.79233913,previous_completed_calendar_month,0.0229233913,0.0379233913,0.0025
2008-08-06,USD_3M_LIBOR_PUBLIC_PROXY,2008-07,2.79233913,previous_completed_calendar_month,0.0229233913,0.0379233913,0.0025
2008-08-07,USD_3M_LIBOR_PUBLIC_PROXY,2008-07,2.79233913,previous_completed_calendar_month,0.0229233913,0.0379233913,0.0025
2008-08-08,USD_3M_LIBOR_PUBLIC_PROXY,2008-07,2.79233913,previous_completed_calendar_month,0.0229233913,0.0379233913,0.0025
2008-08-11,USD_3M_LIBOR_PUBLIC_PROXY,2008-07,2.79233913,previous_completed_calendar_month,0.0229233913,0.0379233913,0.0025
2008-08-12,USD_3M_LIBOR_PUBLIC_PROXY,2008-07,2.79233913,previous_completed_calendar_month,0.0229233913,0.0379233913,0.0025
2008-08-13,USD_3M_LIBOR_PUBLIC_PROXY,2008-07,2.79233913,previous_completed_calendar_month,0.0229233913,0.0379233913,0.0025
2008-08-14,USD_3M_LIBOR_PUBLIC_PROXY,2008-07,2.79233913,previous_completed_calendar_month,0.0229233913,0.0379233913,0.0025
2008-08-15,USD_3M_LIBOR_PUBLIC_PROXY,2008-07,2.79233913,previous_completed_calendar_month,0.0229233913,0.0379233913,0.0025
2008-08-18,USD_3M_LIBOR_PUBLIC_PROXY,2008-07,2.79233913,previous_completed_calendar_month,0.0229233913,0.0379233913,0.0025
2008-08-19,USD_3M_LIBOR_PUBLIC_PROXY,2008-07,2.79233913,previous_completed_calendar_month,0.0229233913,0.0379233913,0.0025
2008-08-20,USD_3M_LIBOR_PUBLIC_PROXY,2008-07,2.79233913,previous_completed_calendar_month,0.0229233913,0.0379233913,0.0025
2008-08-21,USD_3M_LIBOR_PUBLIC_PROXY,2008-07,2.79233913,previous_completed_calendar_month,0.0229233913,0.0379233913,0.0025
2008-08-22,USD_3M_LIBOR_PUBLIC_PROXY,2008-07,2.79233913,previous_completed_calendar_month,0.0229233913,0.0379233913,0.0025
2008-08-25,USD_3M_LIBOR_PUBLIC_PROXY,2008-07,2.79233913,previous_completed_calendar_month,0.0229233913,0.0379233913,0.0025
2008-08-26,USD_3M_LIBOR_PUBLIC_PROXY,2008-07,2.79233913,previous_completed_calendar_month,0.0229233913,0.0379233913,0.0025
2008-08-27,USD_3M_LIBOR_PUBLIC_PROXY,2008-07,2.79233913,previous_completed_calendar_month,0.0229233913,0.0379233913,0.0025
2008-08-28,USD_3M_LIBOR_PUBLIC_PROXY,2008-07,2.79233913,previous_completed_calendar_month,0.0229233913,0.0379233913,0.0025
2008-08-29,USD_3M_LIBOR_PUBLIC_PROXY,2008-07,2.79233913,previous_completed_calendar_month,0.0229233913,0.0379233913,0.0025
2008-09-02,USD_3M_LIBOR_PUBLIC_PROXY,2008-08,2.8062525,previous_completed_calendar_month,0.023062525,0.038062525,0.0025
2008-09-03,USD_3M_LIBOR_PUBLIC_PROXY,2008-08,2.8062525,previous_completed_calendar_month,0.023062525,0.038062525,0.0025
2008-09-04,USD_3M_LIBOR_PUBLIC_PROXY,2008-08,2.8062525,previous_completed_calendar_month,0.023062525,0.038062525,0.0025
2008-09-05,USD_3M_LIBOR_PUBLIC_PROXY,2008-08,2.8062525,previous_completed_calendar_month,0.023062525,0.038062525,0.0025
2008-09-08,USD_3M_LIBOR_PUBLIC_PROXY,2008-08,2.8062525,previous_completed_calendar_month,0.023062525,0.038062525,0.0025
2008-09-09,USD_3M_LIBOR_PUBLIC_PROXY,2008-08,2.8062525,previous_completed_calendar_month,0.023062525,0.038062525,0.0025
2008-09-10,USD_3M_LIBOR_PUBLIC_PROXY,2008-08,2.8062525,previous_completed_calendar_month,0.023062525,0.038062525,0.0025
2008-09-11,USD_3M_LIBOR_PUBLIC_PROXY,2008-08,2.8062525,previous_completed_calendar_month,0.023062525,0.038062525,0.0025
2008-09-12,USD_3M_LIBOR_PUBLIC_PROXY,2008-08,2.8062525,previous_completed_calendar_month,0.023062525,0.038062525,0.0025
2008-09-15,USD_3M_LIBOR_PUBLIC_PROXY,2008-08,2.8062525,previous_completed_calendar_month,0.023062525,0.038062525,0.0025
2008-09-16,USD_3M_LIBOR_PUBLIC_PROXY,2008-08,2.8062525,previous_completed_calendar_month,0.023062525,0.038062525,0.0025
2008-09-17,USD_3M_LIBOR_PUBLIC_PROXY,2008-08,2.8062525,previous_completed_calendar_month,0.023062525,0.038062525,0.0025
2008-09-18,USD_3M_LIBOR_PUBLIC_PROXY,2008-08,2.8062525,previous_completed_calendar_month,0.023062525,0.038062525,0.0025
2008-09-19,USD_3M_LIBOR_PUBLIC_PROXY,2008-08,2.8062525,previous_completed_calendar_month,0.023062525,0.038062525,0.0025
2008-09-22,USD_3M_LIBOR_PUBLIC_PROXY,2008-08,2.8062525,previous_completed_calendar_month,0.023062525,0.038062525,0.0025
2008-09-23,USD_3M_LIBOR_PUBLIC_PROXY,2008-08,2.8062525,previous_completed_calendar_month,0.023062525,0.038062525,0.0025
2008-09-24,USD_3M_LIBOR_PUBLIC_PROXY,2008-08,2.8062525,previous_completed_calendar_month,0.023062525,0.038062525,0.0025
2008-09-25,USD_3M_LIBOR_PUBLIC_PROXY,2008-08,2.8062525,previous_completed_calendar_month,0.023062525,0.038062525,0.0025
2008-09-26,USD_3M_LIBOR_PUBLIC_PROXY,2008-08,2.8062525,previous_completed_calendar_month,0.023062525,0.038062525,0.0025
2008-09-29,USD_3M_LIBOR_PUBLIC_PROXY,2008-08,2.8062525,previous_completed_calendar_month,0.023062525,0.038062525,0.0025
2008-09-30,USD_3M_LIBOR_PUBLIC_PROXY,2008-08,2.8062525,previous_completed_calendar_month,0.023062525,0.038062525,0.0025
2008-10-01,USD_3M_LIBOR_PUBLIC_PROXY,2008-09,3.121677273,previous_completed_calendar_month,0.02621677273,0.04121677273,0.0025
2008-10-02,USD_3M_LIBOR_PUBLIC_PROXY,2008-09,3.121677273,previous_completed_calendar_month,0.02621677273,0.04121677273,0.0025
2008-10-03,USD_3M_LIBOR_PUBLIC_PROXY,2008-09,3.121677273,previous_completed_calendar_month,0.02621677273,0.04121677273,0.0025
2008-10-06,USD_3M_LIBOR_PUBLIC_PROXY,2008-09,3.121677273,previous_completed_calendar_month,0.02621677273,0.04121677273,0.0025
2008-10-07,USD_3M_LIBOR_PUBLIC_PROXY,2008-09,3.121677273,previous_completed_calendar_month,0.02621677273,0.04121677273,0.0025
2008-10-08,USD_3M_LIBOR_PUBLIC_PROXY,2008-09,3.121677273,previous_completed_calendar_month,0.02621677273,0.04121677273,0.0025
2008-10-09,USD_3M_LIBOR_PUBLIC_PROXY,2008-09,3.121677273,previous_completed_calendar_month,0.02621677273,0.04121677273,0.0025
2008-10-10,USD_3M_LIBOR_PUBLIC_PROXY,2008-09,3.121677273,previous_completed_calendar_month,0.02621677273,0.04121677273,0.0025
2008-10-13,USD_3M_LIBOR_PUBLIC_PROXY,2008-09,3.121677273,previous_completed_calendar_month,0.02621677273,0.04121677273,0.0025
2008-10-14,USD_3M_LIBOR_PUBLIC_PROXY,2008-09,3.121677273,previous_completed_calendar_month,0.02621677273,0.04121677273,0.0025
2008-10-15,USD_3M_LIBOR_PUBLIC_PROXY,2008-09,3.121677273,previous_completed_calendar_month,0.02621677273,0.04121677273,0.0025
2008-10-16,USD_3M_LIBOR_PUBLIC_PROXY,2008-09,3.121677273,previous_completed_calendar_month,0.02621677273,0.04121677273,0.0025
2008-10-17,USD_3M_LIBOR_PUBLIC_PROXY,2008-09,3.121677273,previous_completed_calendar_month,0.02621677273,0.04121677273,0.0025
2008-10-20,USD_3M_LIBOR_PUBLIC_PROXY,2008-09,3.121677273,previous_completed_calendar_month,0.02621677273,0.04121677273,0.0025
2008-10-21,USD_3M_LIBOR_PUBLIC_PROXY,2008-09,3.121677273,previous_completed_calendar_month,0.02621677273,0.04121677273,0.0025
2008-10-22,USD_3M_LIBOR_PUBLIC_PROXY,2008-09,3.121677273,previous_completed_calendar_month,0.02621677273,0.04121677273,0.0025
2008-10-23,USD_3M_LIBOR_PUBLIC_PROXY,2008-09,3.121677273,previous_completed_calendar_month,0.02621677273,0.04121677273,0.0025
2008-10-24,USD_3M_LIBOR_PUBLIC_PROXY,2008-09,3.121677273,previous_completed_calendar_month,0.02621677273,0.04121677273,0.0025
2008-10-27,USD_3M_LIBOR_PUBLIC_PROXY,2008-09,3.121677273,previous_completed_calendar_month,0.02621677273,0.04121677273,0.0025
2008-10-28,USD_3M_LIBOR_PUBLIC_PROXY,2008-09,3.121677273,previous_completed_calendar_month,0.02621677273,0.04121677273,0.0025
2008-10-29,USD_3M_LIBOR_PUBLIC_PROXY,2008-09,3.121677273,previous_completed_calendar_month,0.02621677273,0.04121677273,0.0025
2008-10-30,USD_3M_LIBOR_PUBLIC_PROXY,2008-09,3.121677273,previous_completed_calendar_month,0.02621677273,0.04121677273,0.0025
2008-10-31,USD_3M_LIBOR_PUBLIC_PROXY,2008-09,3.121677273,previous_completed_calendar_month,0.02621677273,0.04121677273,0.0025
2008-11-03,USD_3M_LIBOR_PUBLIC_PROXY,2008-10,4.058586957,previous_completed_calendar_month,0.03558586957,0.05058586957,0.0025
2008-11-04,USD_3M_LIBOR_PUBLIC_PROXY,2008-10,4.058586957,previous_completed_calendar_month,0.03558586957,0.05058586957,0.0025
2008-11-05,USD_3M_LIBOR_PUBLIC_PROXY,2008-10,4.058586957,previous_completed_calendar_month,0.03558586957,0.05058586957,0.0025
2008-11-06,USD_3M_LIBOR_PUBLIC_PROXY,2008-10,4.058586957,previous_completed_calendar_month,0.03558586957,0.05058586957,0.0025
2008-11-07,USD_3M_LIBOR_PUBLIC_PROXY,2008-10,4.058586957,previous_completed_calendar_month,0.03558586957,0.05058586957,0.0025
2008-11-10,USD_3M_LIBOR_PUBLIC_PROXY,2008-10,4.058586957,previous_completed_calendar_month,0.03558586957,0.05058586957,0.0025
2008-11-11,USD_3M_LIBOR_PUBLIC_PROXY,2008-10,4.058586957,previous_completed_calendar_month,0.03558586957,0.05058586957,0.0025
2008-11-12,USD_3M_LIBOR_PUBLIC_PROXY,2008-10,4.058586957,previous_completed_calendar_month,0.03558586957,0.05058586957,0.0025
2008-11-13,USD_3M_LIBOR_PUBLIC_PROXY,2008-10,4.058586957,previous_completed_calendar_month,0.03558586957,0.05058586957,0.0025
2008-11-14,USD_3M_LIBOR_PUBLIC_PROXY,2008-10,4.058586957,previous_completed_calendar_month,0.03558586957,0.05058586957,0.0025
2008-11-17,USD_3M_LIBOR_PUBLIC_PROXY,2008-10,4.058586957,previous_completed_calendar_month,0.03558586957,0.05058586957,0.0025
2008-11-18,USD_3M_LIBOR_PUBLIC_PROXY,2008-10,4.058586957,previous_completed_calendar_month,0.03558586957,0.05058586957,0.0025
2008-11-19,USD_3M_LIBOR_PUBLIC_PROXY,2008-10,4.058586957,previous_completed_calendar_month,0.03558586957,0.05058586957,0.0025
2008-11-20,USD_3M_LIBOR_PUBLIC_PROXY,2008-10,4.058586957,previous_completed_calendar_month,0.03558586957,0.05058586957,0.0025
2008-11-21,USD_3M_LIBOR_PUBLIC_PROXY,2008-10,4.058586957,previous_completed_calendar_month,0.03558586957,0.05058586957,0.0025
2008-11-24,USD_3M_LIBOR_PUBLIC_PROXY,2008-10,4.058586957,previous_completed_calendar_month,0.03558586957,0.05058586957,0.0025
2008-11-25,USD_3M_LIBOR_PUBLIC_PROXY,2008-10,4.058586957,previous_completed_calendar_month,0.03558586957,0.05058586957,0.0025
2008-11-26,USD_3M_LIBOR_PUBLIC_PROXY,2008-10,4.058586957,previous_completed_calendar_month,0.03558586957,0.05058586957,0.0025
2008-11-28,USD_3M_LIBOR_PUBLIC_PROXY,2008-10,4.058586957,previous_completed_calendar_month,0.03558586957,0.05058586957,0.0025
2008-12-01,USD_3M_LIBOR_PUBLIC_PROXY,2008-11,2.279063,previous_completed_calendar_month,0.01779063,0.03279063,0.0025
2008-12-02,USD_3M_LIBOR_PUBLIC_PROXY,2008-11,2.279063,previous_completed_calendar_month,0.01779063,0.03279063,0.0025
2008-12-03,USD_3M_LIBOR_PUBLIC_PROXY,2008-11,2.279063,previous_completed_calendar_month,0.01779063,0.03279063,0.0025
2008-12-04,USD_3M_LIBOR_PUBLIC_PROXY,2008-11,2.279063,previous_completed_calendar_month,0.01779063,0.03279063,0.0025
2008-12-05,USD_3M_LIBOR_PUBLIC_PROXY,2008-11,2.279063,previous_completed_calendar_month,0.01779063,0.03279063,0.0025
2008-12-08,USD_3M_LIBOR_PUBLIC_PROXY,2008-11,2.279063,previous_completed_calendar_month,0.01779063,0.03279063,0.0025
2008-12-09,USD_3M_LIBOR_PUBLIC_PROXY,2008-11,2.279063,previous_completed_calendar_month,0.01779063,0.03279063,0.0025
2008-12-10,USD_3M_LIBOR_PUBLIC_PROXY,2008-11,2.279063,previous_completed_calendar_month,0.01779063,0.03279063,0.0025
2008-12-11,USD_3M_LIBOR_PUBLIC_PROXY,2008-11,2.279063,previous_completed_calendar_month,0.01779063,0.03279063,0.0025
2008-12-12,USD_3M_LIBOR_PUBLIC_PROXY,2008-11,2.279063,previous_completed_calendar_month,0.01779063,0.03279063,0.0025
2008-12-15,USD_3M_LIBOR_PUBLIC_PROXY,2008-11,2.279063,previous_completed_calendar_month,0.01779063,0.03279063,0.0025
2008-12-16,USD_3M_LIBOR_PUBLIC_PROXY,2008-11,2.279063,previous_completed_calendar_month,0.01779063,0.03279063,0.0025
2008-12-17,USD_3M_LIBOR_PUBLIC_PROXY,2008-11,2.279063,previous_completed_calendar_month,0.01779063,0.03279063,0.0025
2008-12-18,USD_3M_LIBOR_PUBLIC_PROXY,2008-11,2.279063,previous_completed_calendar_month,0.01779063,0.03279063,0.0025
2008-12-19,USD_3M_LIBOR_PUBLIC_PROXY,2008-11,2.279063,previous_completed_calendar_month,0.01779063,0.03279063,0.0025
2008-12-22,USD_3M_LIBOR_PUBLIC_PROXY,2008-11,2.279063,previous_completed_calendar_month,0.01779063,0.03279063,0.0025
2008-12-23,USD_3M_LIBOR_PUBLIC_PROXY,2008-11,2.279063,previous_completed_calendar_month,0.01779063,0.03279063,0.0025
2008-12-24,USD_3M_LIBOR_PUBLIC_PROXY,2008-11,2.279063,previous_completed_calendar_month,0.01779063,0.03279063,0.0025
2008-12-26,USD_3M_LIBOR_PUBLIC_PROXY,2008-11,2.279063,previous_completed_calendar_month,0.01779063,0.03279063,0.0025
2008-12-29,USD_3M_LIBOR_PUBLIC_PROXY,2008-11,2.279063,previous_completed_calendar_month,0.01779063,0.03279063,0.0025
2008-12-30,USD_3M_LIBOR_PUBLIC_PROXY,2008-11,2.279063,previous_completed_calendar_month,0.01779063,0.03279063,0.0025
2008-12-31,USD_3M_LIBOR_PUBLIC_PROXY,2008-11,2.279063,previous_completed_calendar_month,0.01779063,0.03279063,0.0025
2009-01-02,USD_3M_LIBOR_PUBLIC_PROXY,2008-12,1.829345714,previous_completed_calendar_month,0.01329345714,0.02829345714,0.0025
2009-01-05,USD_3M_LIBOR_PUBLIC_PROXY,2008-12,1.829345714,previous_completed_calendar_month,0.01329345714,0.02829345714,0.0025
2009-01-06,USD_3M_LIBOR_PUBLIC_PROXY,2008-12,1.829345714,previous_completed_calendar_month,0.01329345714,0.02829345714,0.0025
2009-01-07,USD_3M_LIBOR_PUBLIC_PROXY,2008-12,1.829345714,previous_completed_calendar_month,0.01329345714,0.02829345714,0.0025
2009-01-08,USD_3M_LIBOR_PUBLIC_PROXY,2008-12,1.829345714,previous_completed_calendar_month,0.01329345714,0.02829345714,0.0025
2009-01-09,USD_3M_LIBOR_PUBLIC_PROXY,2008-12,1.829345714,previous_completed_calendar_month,0.01329345714,0.02829345714,0.0025
2009-01-12,USD_3M_LIBOR_PUBLIC_PROXY,2008-12,1.829345714,previous_completed_calendar_month,0.01329345714,0.02829345714,0.0025
2009-01-13,USD_3M_LIBOR_PUBLIC_PROXY,2008-12,1.829345714,previous_completed_calendar_month,0.01329345714,0.02829345714,0.0025
2009-01-14,USD_3M_LIBOR_PUBLIC_PROXY,2008-12,1.829345714,previous_completed_calendar_month,0.01329345714,0.02829345714,0.0025
2009-01-15,USD_3M_LIBOR_PUBLIC_PROXY,2008-12,1.829345714,previous_completed_calendar_month,0.01329345714,0.02829345714,0.0025
2009-01-16,USD_3M_LIBOR_PUBLIC_PROXY,2008-12,1.829345714,previous_completed_calendar_month,0.01329345714,0.02829345714,0.0025
2009-01-20,USD_3M_LIBOR_PUBLIC_PROXY,2008-12,1.829345714,previous_completed_calendar_month,0.01329345714,0.02829345714,0.0025
2009-01-21,USD_3M_LIBOR_PUBLIC_PROXY,2008-12,1.829345714,previous_completed_calendar_month,0.01329345714,0.02829345714,0.0025
2009-01-22,USD_3M_LIBOR_PUBLIC_PROXY,2008-12,1.829345714,previous_completed_calendar_month,0.01329345714,0.02829345714,0.0025
2009-01-23,USD_3M_LIBOR_PUBLIC_PROXY,2008-12,1.829345714,previous_completed_calendar_month,0.01329345714,0.02829345714,0.0025
2009-01-26,USD_3M_LIBOR_PUBLIC_PROXY,2008-12,1.829345714,previous_completed_calendar_month,0.01329345714,0.02829345714,0.0025
2009-01-27,USD_3M_LIBOR_PUBLIC_PROXY,2008-12,1.829345714,previous_completed_calendar_month,0.01329345714,0.02829345714,0.0025
2009-01-28,USD_3M_LIBOR_PUBLIC_PROXY,2008-12,1.829345714,previous_completed_calendar_month,0.01329345714,0.02829345714,0.0025
2009-01-29,USD_3M_LIBOR_PUBLIC_PROXY,2008-12,1.829345714,previous_completed_calendar_month,0.01329345714,0.02829345714,0.0025
2009-01-30,USD_3M_LIBOR_PUBLIC_PROXY,2008-12,1.829345714,previous_completed_calendar_month,0.01329345714,0.02829345714,0.0025
2009-02-02,USD_3M_LIBOR_PUBLIC_PROXY,2009-01,1.210805238,previous_completed_calendar_month,0.007108052381,0.02210805238,0.0025
2009-02-03,USD_3M_LIBOR_PUBLIC_PROXY,2009-01,1.210805238,previous_completed_calendar_month,0.007108052381,0.02210805238,0.0025
2009-02-04,USD_3M_LIBOR_PUBLIC_PROXY,2009-01,1.210805238,previous_completed_calendar_month,0.007108052381,0.02210805238,0.0025
2009-02-05,USD_3M_LIBOR_PUBLIC_PROXY,2009-01,1.210805238,previous_completed_calendar_month,0.007108052381,0.02210805238,0.0025
2009-02-06,USD_3M_LIBOR_PUBLIC_PROXY,2009-01,1.210805238,previous_completed_calendar_month,0.007108052381,0.02210805238,0.0025
2009-02-09,USD_3M_LIBOR_PUBLIC_PROXY,2009-01,1.210805238,previous_completed_calendar_month,0.007108052381,0.02210805238,0.0025
2009-02-10,USD_3M_LIBOR_PUBLIC_PROXY,2009-01,1.210805238,previous_completed_calendar_month,0.007108052381,0.02210805238,0.0025
2009-02-11,USD_3M_LIBOR_PUBLIC_PROXY,2009-01,1.210805238,previous_completed_calendar_month,0.007108052381,0.02210805238,0.0025
2009-02-12,USD_3M_LIBOR_PUBLIC_PROXY,2009-01,1.210805238,previous_completed_calendar_month,0.007108052381,0.02210805238,0.0025
2009-02-13,USD_3M_LIBOR_PUBLIC_PROXY,2009-01,1.210805238,previous_completed_calendar_month,0.007108052381,0.02210805238,0.0025
2009-02-17,USD_3M_LIBOR_PUBLIC_PROXY,2009-01,1.210805238,previous_completed_calendar_month,0.007108052381,0.02210805238,0.0025
2009-02-18,USD_3M_LIBOR_PUBLIC_PROXY,2009-01,1.210805238,previous_completed_calendar_month,0.007108052381,0.02210805238,0.0025
2009-02-19,USD_3M_LIBOR_PUBLIC_PROXY,2009-01,1.210805238,previous_completed_calendar_month,0.007108052381,0.02210805238,0.0025
2009-02-20,USD_3M_LIBOR_PUBLIC_PROXY,2009-01,1.210805238,previous_completed_calendar_month,0.007108052381,0.02210805238,0.0025
2009-02-23,USD_3M_LIBOR_PUBLIC_PROXY,2009-01,1.210805238,previous_completed_calendar_month,0.007108052381,0.02210805238,0.0025
2009-02-24,USD_3M_LIBOR_PUBLIC_PROXY,2009-01,1.210805238,previous_completed_calendar_month,0.007108052381,0.02210805238,0.0025
2009-02-25,USD_3M_LIBOR_PUBLIC_PROXY,2009-01,1.210805238,previous_completed_calendar_month,0.007108052381,0.02210805238,0.0025
2009-02-26,USD_3M_LIBOR_PUBLIC_PROXY,2009-01,1.210805238,previous_completed_calendar_month,0.007108052381,0.02210805238,0.0025
2009-02-27,USD_3M_LIBOR_PUBLIC_PROXY,2009-01,1.210805238,previous_completed_calendar_month,0.007108052381,0.02210805238,0.0025
2009-03-02,USD_3M_LIBOR_PUBLIC_PROXY,2009-02,1.242627,previous_completed_calendar_month,0.00742627,0.02242627,0.0025
2009-03-03,USD_3M_LIBOR_PUBLIC_PROXY,2009-02,1.242627,previous_completed_calendar_month,0.00742627,0.02242627,0.0025
2009-03-04,USD_3M_LIBOR_PUBLIC_PROXY,2009-02,1.242627,previous_completed_calendar_month,0.00742627,0.02242627,0.0025
2009-03-05,USD_3M_LIBOR_PUBLIC_PROXY,2009-02,1.242627,previous_completed_calendar_month,0.00742627,0.02242627,0.0025
2009-03-06,USD_3M_LIBOR_PUBLIC_PROXY,2009-02,1.242627,previous_completed_calendar_month,0.00742627,0.02242627,0.0025
2009-03-09,USD_3M_LIBOR_PUBLIC_PROXY,2009-02,1.242627,previous_completed_calendar_month,0.00742627,0.02242627,0.0025
2009-03-10,USD_3M_LIBOR_PUBLIC_PROXY,2009-02,1.242627,previous_completed_calendar_month,0.00742627,0.02242627,0.0025
2009-03-11,USD_3M_LIBOR_PUBLIC_PROXY,2009-02,1.242627,previous_completed_calendar_month,0.00742627,0.02242627,0.0025
2009-03-12,USD_3M_LIBOR_PUBLIC_PROXY,2009-02,1.242627,previous_completed_calendar_month,0.00742627,0.02242627,0.0025
2009-03-13,USD_3M_LIBOR_PUBLIC_PROXY,2009-02,1.242627,previous_completed_calendar_month,0.00742627,0.02242627,0.0025
2009-03-16,USD_3M_LIBOR_PUBLIC_PROXY,2009-02,1.242627,previous_completed_calendar_month,0.00742627,0.02242627,0.0025
2009-03-17,USD_3M_LIBOR_PUBLIC_PROXY,2009-02,1.242627,previous_completed_calendar_month,0.00742627,0.02242627,0.0025
2009-03-18,USD_3M_LIBOR_PUBLIC_PROXY,2009-02,1.242627,previous_completed_calendar_month,0.00742627,0.02242627,0.0025
2009-03-19,USD_3M_LIBOR_PUBLIC_PROXY,2009-02,1.242627,previous_completed_calendar_month,0.00742627,0.02242627,0.0025
2009-03-20,USD_3M_LIBOR_PUBLIC_PROXY,2009-02,1.242627,previous_completed_calendar_month,0.00742627,0.02242627,0.0025
2009-03-23,USD_3M_LIBOR_PUBLIC_PROXY,2009-02,1.242627,previous_completed_calendar_month,0.00742627,0.02242627,0.0025
2009-03-24,USD_3M_LIBOR_PUBLIC_PROXY,2009-02,1.242627,previous_completed_calendar_month,0.00742627,0.02242627,0.0025
2009-03-25,USD_3M_LIBOR_PUBLIC_PROXY,2009-02,1.242627,previous_completed_calendar_month,0.00742627,0.02242627,0.0025
2009-03-26,USD_3M_LIBOR_PUBLIC_PROXY,2009-02,1.242627,previous_completed_calendar_month,0.00742627,0.02242627,0.0025
2009-03-27,USD_3M_LIBOR_PUBLIC_PROXY,2009-02,1.242627,previous_completed_calendar_month,0.00742627,0.02242627,0.0025
2009-03-30,USD_3M_LIBOR_PUBLIC_PROXY,2009-02,1.242627,previous_completed_calendar_month,0.00742627,0.02242627,0.0025
2009-03-31,USD_3M_LIBOR_PUBLIC_PROXY,2009-02,1.242627,previous_completed_calendar_month,0.00742627,0.02242627,0.0025
2009-04-01,USD_3M_LIBOR_PUBLIC_PROXY,2009-03,1.266737273,previous_completed_calendar_month,0.007667372727,0.02266737273,0.0025
2009-04-02,USD_3M_LIBOR_PUBLIC_PROXY,2009-03,1.266737273,previous_completed_calendar_month,0.007667372727,0.02266737273,0.0025
2009-04-03,USD_3M_LIBOR_PUBLIC_PROXY,2009-03,1.266737273,previous_completed_calendar_month,0.007667372727,0.02266737273,0.0025
2009-04-06,USD_3M_LIBOR_PUBLIC_PROXY,2009-03,1.266737273,previous_completed_calendar_month,0.007667372727,0.02266737273,0.0025
2009-04-07,USD_3M_LIBOR_PUBLIC_PROXY,2009-03,1.266737273,previous_completed_calendar_month,0.007667372727,0.02266737273,0.0025
2009-04-08,USD_3M_LIBOR_PUBLIC_PROXY,2009-03,1.266737273,previous_completed_calendar_month,0.007667372727,0.02266737273,0.0025
2009-04-09,USD_3M_LIBOR_PUBLIC_PROXY,2009-03,1.266737273,previous_completed_calendar_month,0.007667372727,0.02266737273,0.0025
2009-04-13,USD_3M_LIBOR_PUBLIC_PROXY,2009-03,1.266737273,previous_completed_calendar_month,0.007667372727,0.02266737273,0.0025
2009-04-14,USD_3M_LIBOR_PUBLIC_PROXY,2009-03,1.266737273,previous_completed_calendar_month,0.007667372727,0.02266737273,0.0025
2009-04-15,USD_3M_LIBOR_PUBLIC_PROXY,2009-03,1.266737273,previous_completed_calendar_month,0.007667372727,0.02266737273,0.0025
2009-04-16,USD_3M_LIBOR_PUBLIC_PROXY,2009-03,1.266737273,previous_completed_calendar_month,0.007667372727,0.02266737273,0.0025
2009-04-17,USD_3M_LIBOR_PUBLIC_PROXY,2009-03,1.266737273,previous_completed_calendar_month,0.007667372727,0.02266737273,0.0025
2009-04-20,USD_3M_LIBOR_PUBLIC_PROXY,2009-03,1.266737273,previous_completed_calendar_month,0.007667372727,0.02266737273,0.0025
2009-04-21,USD_3M_LIBOR_PUBLIC_PROXY,2009-03,1.266737273,previous_completed_calendar_month,0.007667372727,0.02266737273,0.0025
2009-04-22,USD_3M_LIBOR_PUBLIC_PROXY,2009-03,1.266737273,previous_completed_calendar_month,0.007667372727,0.02266737273,0.0025
2009-04-23,USD_3M_LIBOR_PUBLIC_PROXY,2009-03,1.266737273,previous_completed_calendar_month,0.007667372727,0.02266737273,0.0025
2009-04-24,USD_3M_LIBOR_PUBLIC_PROXY,2009-03,1.266737273,previous_completed_calendar_month,0.007667372727,0.02266737273,0.0025
2009-04-27,USD_3M_LIBOR_PUBLIC_PROXY,2009-03,1.266737273,previous_completed_calendar_month,0.007667372727,0.02266737273,0.0025
2009-04-28,USD_3M_LIBOR_PUBLIC_PROXY,2009-03,1.266737273,previous_completed_calendar_month,0.007667372727,0.02266737273,0.0025
2009-04-29,USD_3M_LIBOR_PUBLIC_PROXY,2009-03,1.266737273,previous_completed_calendar_month,0.007667372727,0.02266737273,0.0025
2009-04-30,USD_3M_LIBOR_PUBLIC_PROXY,2009-03,1.266737273,previous_completed_calendar_month,0.007667372727,0.02266737273,0.0025
2009-05-01,USD_3M_LIBOR_PUBLIC_PROXY,2009-04,1.1062215,previous_completed_calendar_month,0.006062215,0.021062215,0.0025
2009-05-04,USD_3M_LIBOR_PUBLIC_PROXY,2009-04,1.1062215,previous_completed_calendar_month,0.006062215,0.021062215,0.0025
2009-05-05,USD_3M_LIBOR_PUBLIC_PROXY,2009-04,1.1062215,previous_completed_calendar_month,0.006062215,0.021062215,0.0025
2009-05-06,USD_3M_LIBOR_PUBLIC_PROXY,2009-04,1.1062215,previous_completed_calendar_month,0.006062215,0.021062215,0.0025
2009-05-07,USD_3M_LIBOR_PUBLIC_PROXY,2009-04,1.1062215,previous_completed_calendar_month,0.006062215,0.021062215,0.0025
2009-05-08,USD_3M_LIBOR_PUBLIC_PROXY,2009-04,1.1062215,previous_completed_calendar_month,0.006062215,0.021062215,0.0025
2009-05-11,USD_3M_LIBOR_PUBLIC_PROXY,2009-04,1.1062215,previous_completed_calendar_month,0.006062215,0.021062215,0.0025
2009-05-12,USD_3M_LIBOR_PUBLIC_PROXY,2009-04,1.1062215,previous_completed_calendar_month,0.006062215,0.021062215,0.0025
2009-05-13,USD_3M_LIBOR_PUBLIC_PROXY,2009-04,1.1062215,previous_completed_calendar_month,0.006062215,0.021062215,0.0025
2009-05-14,USD_3M_LIBOR_PUBLIC_PROXY,2009-04,1.1062215,previous_completed_calendar_month,0.006062215,0.021062215,0.0025
2009-05-15,USD_3M_LIBOR_PUBLIC_PROXY,2009-04,1.1062215,previous_completed_calendar_month,0.006062215,0.021062215,0.0025
2009-05-18,USD_3M_LIBOR_PUBLIC_PROXY,2009-04,1.1062215,previous_completed_calendar_month,0.006062215,0.021062215,0.0025
2009-05-19,USD_3M_LIBOR_PUBLIC_PROXY,2009-04,1.1062215,previous_completed_calendar_month,0.006062215,0.021062215,0.0025
2009-05-20,USD_3M_LIBOR_PUBLIC_PROXY,2009-04,1.1062215,previous_completed_calendar_month,0.006062215,0.021062215,0.0025
2009-05-21,USD_3M_LIBOR_PUBLIC_PROXY,2009-04,1.1062215,previous_completed_calendar_month,0.006062215,0.021062215,0.0025
2009-05-22,USD_3M_LIBOR_PUBLIC_PROXY,2009-04,1.1062215,previous_completed_calendar_month,0.006062215,0.021062215,0.0025
2009-05-26,USD_3M_LIBOR_PUBLIC_PROXY,2009-04,1.1062215,previous_completed_calendar_month,0.006062215,0.021062215,0.0025
2009-05-27,USD_3M_LIBOR_PUBLIC_PROXY,2009-04,1.1062215,previous_completed_calendar_month,0.006062215,0.021062215,0.0025
2009-05-28,USD_3M_LIBOR_PUBLIC_PROXY,2009-04,1.1062215,previous_completed_calendar_month,0.006062215,0.021062215,0.0025
2009-05-29,USD_3M_LIBOR_PUBLIC_PROXY,2009-04,1.1062215,previous_completed_calendar_month,0.006062215,0.021062215,0.0025
2009-06-01,USD_3M_LIBOR_PUBLIC_PROXY,2009-05,0.8150342105,previous_completed_calendar_month,0.003150342105,0.01815034211,0.0025
2009-06-02,USD_3M_LIBOR_PUBLIC_PROXY,2009-05,0.8150342105,previous_completed_calendar_month,0.003150342105,0.01815034211,0.0025
2009-06-03,USD_3M_LIBOR_PUBLIC_PROXY,2009-05,0.8150342105,previous_completed_calendar_month,0.003150342105,0.01815034211,0.0025
2009-06-04,USD_3M_LIBOR_PUBLIC_PROXY,2009-05,0.8150342105,previous_completed_calendar_month,0.003150342105,0.01815034211,0.0025
2009-06-05,USD_3M_LIBOR_PUBLIC_PROXY,2009-05,0.8150342105,previous_completed_calendar_month,0.003150342105,0.01815034211,0.0025
2009-06-08,USD_3M_LIBOR_PUBLIC_PROXY,2009-05,0.8150342105,previous_completed_calendar_month,0.003150342105,0.01815034211,0.0025
2009-06-09,USD_3M_LIBOR_PUBLIC_PROXY,2009-05,0.8150342105,previous_completed_calendar_month,0.003150342105,0.01815034211,0.0025
2009-06-10,USD_3M_LIBOR_PUBLIC_PROXY,2009-05,0.8150342105,previous_completed_calendar_month,0.003150342105,0.01815034211,0.0025
2009-06-11,USD_3M_LIBOR_PUBLIC_PROXY,2009-05,0.8150342105,previous_completed_calendar_month,0.003150342105,0.01815034211,0.0025
2009-06-12,USD_3M_LIBOR_PUBLIC_PROXY,2009-05,0.8150342105,previous_completed_calendar_month,0.003150342105,0.01815034211,0.0025
2009-06-15,USD_3M_LIBOR_PUBLIC_PROXY,2009-05,0.8150342105,previous_completed_calendar_month,0.003150342105,0.01815034211,0.0025
2009-06-16,USD_3M_LIBOR_PUBLIC_PROXY,2009-05,0.8150342105,previous_completed_calendar_month,0.003150342105,0.01815034211,0.0025
2009-06-17,USD_3M_LIBOR_PUBLIC_PROXY,2009-05,0.8150342105,previous_completed_calendar_month,0.003150342105,0.01815034211,0.0025
2009-06-18,USD_3M_LIBOR_PUBLIC_PROXY,2009-05,0.8150342105,previous_completed_calendar_month,0.003150342105,0.01815034211,0.0025
2009-06-19,USD_3M_LIBOR_PUBLIC_PROXY,2009-05,0.8150342105,previous_completed_calendar_month,0.003150342105,0.01815034211,0.0025
2009-06-22,USD_3M_LIBOR_PUBLIC_PROXY,2009-05,0.8150342105,previous_completed_calendar_month,0.003150342105,0.01815034211,0.0025
2009-06-23,USD_3M_LIBOR_PUBLIC_PROXY,2009-05,0.8150342105,previous_completed_calendar_month,0.003150342105,0.01815034211,0.0025
2009-06-24,USD_3M_LIBOR_PUBLIC_PROXY,2009-05,0.8150342105,previous_completed_calendar_month,0.003150342105,0.01815034211,0.0025
2009-06-25,USD_3M_LIBOR_PUBLIC_PROXY,2009-05,0.8150342105,previous_completed_calendar_month,0.003150342105,0.01815034211,0.0025
2009-06-26,USD_3M_LIBOR_PUBLIC_PROXY,2009-05,0.8150342105,previous_completed_calendar_month,0.003150342105,0.01815034211,0.0025
2009-06-29,USD_3M_LIBOR_PUBLIC_PROXY,2009-05,0.8150342105,previous_completed_calendar_month,0.003150342105,0.01815034211,0.0025
2009-06-30,USD_3M_LIBOR_PUBLIC_PROXY,2009-05,0.8150342105,previous_completed_calendar_month,0.003150342105,0.01815034211,0.0025
2009-07-01,USD_3M_LIBOR_PUBLIC_PROXY,2009-06,0.6207122727,previous_completed_calendar_month,0.001207122727,0.01620712273,0.0025
2009-07-02,USD_3M_LIBOR_PUBLIC_PROXY,2009-06,0.6207122727,previous_completed_calendar_month,0.001207122727,0.01620712273,0.0025
2009-07-06,USD_3M_LIBOR_PUBLIC_PROXY,2009-06,0.6207122727,previous_completed_calendar_month,0.001207122727,0.01620712273,0.0025
2009-07-07,USD_3M_LIBOR_PUBLIC_PROXY,2009-06,0.6207122727,previous_completed_calendar_month,0.001207122727,0.01620712273,0.0025
2009-07-08,USD_3M_LIBOR_PUBLIC_PROXY,2009-06,0.6207122727,previous_completed_calendar_month,0.001207122727,0.01620712273,0.0025
2009-07-09,USD_3M_LIBOR_PUBLIC_PROXY,2009-06,0.6207122727,previous_completed_calendar_month,0.001207122727,0.01620712273,0.0025
2009-07-10,USD_3M_LIBOR_PUBLIC_PROXY,2009-06,0.6207122727,previous_completed_calendar_month,0.001207122727,0.01620712273,0.0025
2009-07-13,USD_3M_LIBOR_PUBLIC_PROXY,2009-06,0.6207122727,previous_completed_calendar_month,0.001207122727,0.01620712273,0.0025
2009-07-14,USD_3M_LIBOR_PUBLIC_PROXY,2009-06,0.6207122727,previous_completed_calendar_month,0.001207122727,0.01620712273,0.0025
2009-07-15,USD_3M_LIBOR_PUBLIC_PROXY,2009-06,0.6207122727,previous_completed_calendar_month,0.001207122727,0.01620712273,0.0025
2009-07-16,USD_3M_LIBOR_PUBLIC_PROXY,2009-06,0.6207122727,previous_completed_calendar_month,0.001207122727,0.01620712273,0.0025
2009-07-17,USD_3M_LIBOR_PUBLIC_PROXY,2009-06,0.6207122727,previous_completed_calendar_month,0.001207122727,0.01620712273,0.0025
2009-07-20,USD_3M_LIBOR_PUBLIC_PROXY,2009-06,0.6207122727,previous_completed_calendar_month,0.001207122727,0.01620712273,0.0025
2009-07-21,USD_3M_LIBOR_PUBLIC_PROXY,2009-06,0.6207122727,previous_completed_calendar_month,0.001207122727,0.01620712273,0.0025
2009-07-22,USD_3M_LIBOR_PUBLIC_PROXY,2009-06,0.6207122727,previous_completed_calendar_month,0.001207122727,0.01620712273,0.0025
2009-07-23,USD_3M_LIBOR_PUBLIC_PROXY,2009-06,0.6207122727,previous_completed_calendar_month,0.001207122727,0.01620712273,0.0025
2009-07-24,USD_3M_LIBOR_PUBLIC_PROXY,2009-06,0.6207122727,previous_completed_calendar_month,0.001207122727,0.01620712273,0.0025
2009-07-27,USD_3M_LIBOR_PUBLIC_PROXY,2009-06,0.6207122727,previous_completed_calendar_month,0.001207122727,0.01620712273,0.0025
2009-07-28,USD_3M_LIBOR_PUBLIC_PROXY,2009-06,0.6207122727,previous_completed_calendar_month,0.001207122727,0.01620712273,0.0025
2009-07-29,USD_3M_LIBOR_PUBLIC_PROXY,2009-06,0.6207122727,previous_completed_calendar_month,0.001207122727,0.01620712273,0.0025
2009-07-30,USD_3M_LIBOR_PUBLIC_PROXY,2009-06,0.6207122727,previous_completed_calendar_month,0.001207122727,0.01620712273,0.0025
2009-07-31,USD_3M_LIBOR_PUBLIC_PROXY,2009-06,0.6207122727,previous_completed_calendar_month,0.001207122727,0.01620712273,0.0025
2009-08-03,USD_3M_LIBOR_PUBLIC_PROXY,2009-07,0.5153278261,previous_completed_calendar_month,0.0001532782609,0.01515327826,0.0025
2009-08-04,USD_3M_LIBOR_PUBLIC_PROXY,2009-07,0.5153278261,previous_completed_calendar_month,0.0001532782609,0.01515327826,0.0025
2009-08-05,USD_3M_LIBOR_PUBLIC_PROXY,2009-07,0.5153278261,previous_completed_calendar_month,0.0001532782609,0.01515327826,0.0025
2009-08-06,USD_3M_LIBOR_PUBLIC_PROXY,2009-07,0.5153278261,previous_completed_calendar_month,0.0001532782609,0.01515327826,0.0025
2009-08-07,USD_3M_LIBOR_PUBLIC_PROXY,2009-07,0.5153278261,previous_completed_calendar_month,0.0001532782609,0.01515327826,0.0025
2009-08-10,USD_3M_LIBOR_PUBLIC_PROXY,2009-07,0.5153278261,previous_completed_calendar_month,0.0001532782609,0.01515327826,0.0025
2009-08-11,USD_3M_LIBOR_PUBLIC_PROXY,2009-07,0.5153278261,previous_completed_calendar_month,0.0001532782609,0.01515327826,0.0025
2009-08-12,USD_3M_LIBOR_PUBLIC_PROXY,2009-07,0.5153278261,previous_completed_calendar_month,0.0001532782609,0.01515327826,0.0025
2009-08-13,USD_3M_LIBOR_PUBLIC_PROXY,2009-07,0.5153278261,previous_completed_calendar_month,0.0001532782609,0.01515327826,0.0025
2009-08-14,USD_3M_LIBOR_PUBLIC_PROXY,2009-07,0.5153278261,previous_completed_calendar_month,0.0001532782609,0.01515327826,0.0025
2009-08-17,USD_3M_LIBOR_PUBLIC_PROXY,2009-07,0.5153278261,previous_completed_calendar_month,0.0001532782609,0.01515327826,0.0025
2009-08-18,USD_3M_LIBOR_PUBLIC_PROXY,2009-07,0.5153278261,previous_completed_calendar_month,0.0001532782609,0.01515327826,0.0025
2009-08-19,USD_3M_LIBOR_PUBLIC_PROXY,2009-07,0.5153278261,previous_completed_calendar_month,0.0001532782609,0.01515327826,0.0025
2009-08-20,USD_3M_LIBOR_PUBLIC_PROXY,2009-07,0.5153278261,previous_completed_calendar_month,0.0001532782609,0.01515327826,0.0025
2009-08-21,USD_3M_LIBOR_PUBLIC_PROXY,2009-07,0.5153278261,previous_completed_calendar_month,0.0001532782609,0.01515327826,0.0025
2009-08-24,USD_3M_LIBOR_PUBLIC_PROXY,2009-07,0.5153278261,previous_completed_calendar_month,0.0001532782609,0.01515327826,0.0025
2009-08-25,USD_3M_LIBOR_PUBLIC_PROXY,2009-07,0.5153278261,previous_completed_calendar_month,0.0001532782609,0.01515327826,0.0025
2009-08-26,USD_3M_LIBOR_PUBLIC_PROXY,2009-07,0.5153278261,previous_completed_calendar_month,0.0001532782609,0.01515327826,0.0025
2009-08-27,USD_3M_LIBOR_PUBLIC_PROXY,2009-07,0.5153278261,previous_completed_calendar_month,0.0001532782609,0.01515327826,0.0025
2009-08-28,USD_3M_LIBOR_PUBLIC_PROXY,2009-07,0.5153278261,previous_completed_calendar_month,0.0001532782609,0.01515327826,0.0025
2009-08-31,USD_3M_LIBOR_PUBLIC_PROXY,2009-07,0.5153278261,previous_completed_calendar_month,0.0001532782609,0.01515327826,0.0025
2009-09-01,USD_3M_LIBOR_PUBLIC_PROXY,2009-08,0.4245185,previous_completed_calendar_month,-0.000754815,0.014245185,0.0025
2009-09-02,USD_3M_LIBOR_PUBLIC_PROXY,2009-08,0.4245185,previous_completed_calendar_month,-0.000754815,0.014245185,0.0025
2009-09-03,USD_3M_LIBOR_PUBLIC_PROXY,2009-08,0.4245185,previous_completed_calendar_month,-0.000754815,0.014245185,0.0025
2009-09-04,USD_3M_LIBOR_PUBLIC_PROXY,2009-08,0.4245185,previous_completed_calendar_month,-0.000754815,0.014245185,0.0025
2009-09-08,USD_3M_LIBOR_PUBLIC_PROXY,2009-08,0.4245185,previous_completed_calendar_month,-0.000754815,0.014245185,0.0025
2009-09-09,USD_3M_LIBOR_PUBLIC_PROXY,2009-08,0.4245185,previous_completed_calendar_month,-0.000754815,0.014245185,0.0025
2009-09-10,USD_3M_LIBOR_PUBLIC_PROXY,2009-08,0.4245185,previous_completed_calendar_month,-0.000754815,0.014245185,0.0025
2009-09-11,USD_3M_LIBOR_PUBLIC_PROXY,2009-08,0.4245185,previous_completed_calendar_month,-0.000754815,0.014245185,0.0025
2009-09-14,USD_3M_LIBOR_PUBLIC_PROXY,2009-08,0.4245185,previous_completed_calendar_month,-0.000754815,0.014245185,0.0025
2009-09-15,USD_3M_LIBOR_PUBLIC_PROXY,2009-08,0.4245185,previous_completed_calendar_month,-0.000754815,0.014245185,0.0025
2009-09-16,USD_3M_LIBOR_PUBLIC_PROXY,2009-08,0.4245185,previous_completed_calendar_month,-0.000754815,0.014245185,0.0025
2009-09-17,USD_3M_LIBOR_PUBLIC_PROXY,2009-08,0.4245185,previous_completed_calendar_month,-0.000754815,0.014245185,0.0025
2009-09-18,USD_3M_LIBOR_PUBLIC_PROXY,2009-08,0.4245185,previous_completed_calendar_month,-0.000754815,0.014245185,0.0025
2009-09-21,USD_3M_LIBOR_PUBLIC_PROXY,2009-08,0.4245185,previous_completed_calendar_month,-0.000754815,0.014245185,0.0025
2009-09-22,USD_3M_LIBOR_PUBLIC_PROXY,2009-08,0.4245185,previous_completed_calendar_month,-0.000754815,0.014245185,0.0025
2009-09-23,USD_3M_LIBOR_PUBLIC_PROXY,2009-08,0.4245185,previous_completed_calendar_month,-0.000754815,0.014245185,0.0025
2009-09-24,USD_3M_LIBOR_PUBLIC_PROXY,2009-08,0.4245185,previous_completed_calendar_month,-0.000754815,0.014245185,0.0025
2009-09-25,USD_3M_LIBOR_PUBLIC_PROXY,2009-08,0.4245185,previous_completed_calendar_month,-0.000754815,0.014245185,0.0025
2009-09-28,USD_3M_LIBOR_PUBLIC_PROXY,2009-08,0.4245185,previous_completed_calendar_month,-0.000754815,0.014245185,0.0025
2009-09-29,USD_3M_LIBOR_PUBLIC_PROXY,2009-08,0.4245185,previous_completed_calendar_month,-0.000754815,0.014245185,0.0025
2009-09-30,USD_3M_LIBOR_PUBLIC_PROXY,2009-08,0.4245185,previous_completed_calendar_month,-0.000754815,0.014245185,0.0025
2009-10-01,USD_3M_LIBOR_PUBLIC_PROXY,2009-09,0.2979490909,previous_completed_calendar_month,-0.002020509091,0.01297949091,0.0025
2009-10-02,USD_3M_LIBOR_PUBLIC_PROXY,2009-09,0.2979490909,previous_completed_calendar_month,-0.002020509091,0.01297949091,0.0025
2009-10-05,USD_3M_LIBOR_PUBLIC_PROXY,2009-09,0.2979490909,previous_completed_calendar_month,-0.002020509091,0.01297949091,0.0025
2009-10-06,USD_3M_LIBOR_PUBLIC_PROXY,2009-09,0.2979490909,previous_completed_calendar_month,-0.002020509091,0.01297949091,0.0025
2009-10-07,USD_3M_LIBOR_PUBLIC_PROXY,2009-09,0.2979490909,previous_completed_calendar_month,-0.002020509091,0.01297949091,0.0025
2009-10-08,USD_3M_LIBOR_PUBLIC_PROXY,2009-09,0.2979490909,previous_completed_calendar_month,-0.002020509091,0.01297949091,0.0025
2009-10-09,USD_3M_LIBOR_PUBLIC_PROXY,2009-09,0.2979490909,previous_completed_calendar_month,-0.002020509091,0.01297949091,0.0025
2009-10-12,USD_3M_LIBOR_PUBLIC_PROXY,2009-09,0.2979490909,previous_completed_calendar_month,-0.002020509091,0.01297949091,0.0025
2009-10-13,USD_3M_LIBOR_PUBLIC_PROXY,2009-09,0.2979490909,previous_completed_calendar_month,-0.002020509091,0.01297949091,0.0025
2009-10-14,USD_3M_LIBOR_PUBLIC_PROXY,2009-09,0.2979490909,previous_completed_calendar_month,-0.002020509091,0.01297949091,0.0025
2009-10-15,USD_3M_LIBOR_PUBLIC_PROXY,2009-09,0.2979490909,previous_completed_calendar_month,-0.002020509091,0.01297949091,0.0025
2009-10-16,USD_3M_LIBOR_PUBLIC_PROXY,2009-09,0.2979490909,previous_completed_calendar_month,-0.002020509091,0.01297949091,0.0025
2009-10-19,USD_3M_LIBOR_PUBLIC_PROXY,2009-09,0.2979490909,previous_completed_calendar_month,-0.002020509091,0.01297949091,0.0025
2009-10-20,USD_3M_LIBOR_PUBLIC_PROXY,2009-09,0.2979490909,previous_completed_calendar_month,-0.002020509091,0.01297949091,0.0025
2009-10-21,USD_3M_LIBOR_PUBLIC_PROXY,2009-09,0.2979490909,previous_completed_calendar_month,-0.002020509091,0.01297949091,0.0025
2009-10-22,USD_3M_LIBOR_PUBLIC_PROXY,2009-09,0.2979490909,previous_completed_calendar_month,-0.002020509091,0.01297949091,0.0025
2009-10-23,USD_3M_LIBOR_PUBLIC_PROXY,2009-09,0.2979490909,previous_completed_calendar_month,-0.002020509091,0.01297949091,0.0025
2009-10-26,USD_3M_LIBOR_PUBLIC_PROXY,2009-09,0.2979490909,previous_completed_calendar_month,-0.002020509091,0.01297949091,0.0025
2009-10-27,USD_3M_LIBOR_PUBLIC_PROXY,2009-09,0.2979490909,previous_completed_calendar_month,-0.002020509091,0.01297949091,0.0025
2009-10-28,USD_3M_LIBOR_PUBLIC_PROXY,2009-09,0.2979490909,previous_completed_calendar_month,-0.002020509091,0.01297949091,0.0025
2009-10-29,USD_3M_LIBOR_PUBLIC_PROXY,2009-09,0.2979490909,previous_completed_calendar_month,-0.002020509091,0.01297949091,0.0025
2009-10-30,USD_3M_LIBOR_PUBLIC_PROXY,2009-09,0.2979490909,previous_completed_calendar_month,-0.002020509091,0.01297949091,0.0025
2009-11-02,USD_3M_LIBOR_PUBLIC_PROXY,2009-10,0.2830822727,previous_completed_calendar_month,-0.002169177273,0.01283082273,0.0025
2009-11-03,USD_3M_LIBOR_PUBLIC_PROXY,2009-10,0.2830822727,previous_completed_calendar_month,-0.002169177273,0.01283082273,0.0025
2009-11-04,USD_3M_LIBOR_PUBLIC_PROXY,2009-10,0.2830822727,previous_completed_calendar_month,-0.002169177273,0.01283082273,0.0025
2009-11-05,USD_3M_LIBOR_PUBLIC_PROXY,2009-10,0.2830822727,previous_completed_calendar_month,-0.002169177273,0.01283082273,0.0025
2009-11-06,USD_3M_LIBOR_PUBLIC_PROXY,2009-10,0.2830822727,previous_completed_calendar_month,-0.002169177273,0.01283082273,0.0025
2009-11-09,USD_3M_LIBOR_PUBLIC_PROXY,2009-10,0.2830822727,previous_completed_calendar_month,-0.002169177273,0.01283082273,0.0025
2009-11-10,USD_3M_LIBOR_PUBLIC_PROXY,2009-10,0.2830822727,previous_completed_calendar_month,-0.002169177273,0.01283082273,0.0025
2009-11-11,USD_3M_LIBOR_PUBLIC_PROXY,2009-10,0.2830822727,previous_completed_calendar_month,-0.002169177273,0.01283082273,0.0025
2009-11-12,USD_3M_LIBOR_PUBLIC_PROXY,2009-10,0.2830822727,previous_completed_calendar_month,-0.002169177273,0.01283082273,0.0025
2009-11-13,USD_3M_LIBOR_PUBLIC_PROXY,2009-10,0.2830822727,previous_completed_calendar_month,-0.002169177273,0.01283082273,0.0025
2009-11-16,USD_3M_LIBOR_PUBLIC_PROXY,2009-10,0.2830822727,previous_completed_calendar_month,-0.002169177273,0.01283082273,0.0025
2009-11-17,USD_3M_LIBOR_PUBLIC_PROXY,2009-10,0.2830822727,previous_completed_calendar_month,-0.002169177273,0.01283082273,0.0025
2009-11-18,USD_3M_LIBOR_PUBLIC_PROXY,2009-10,0.2830822727,previous_completed_calendar_month,-0.002169177273,0.01283082273,0.0025
2009-11-19,USD_3M_LIBOR_PUBLIC_PROXY,2009-10,0.2830822727,previous_completed_calendar_month,-0.002169177273,0.01283082273,0.0025
2009-11-20,USD_3M_LIBOR_PUBLIC_PROXY,2009-10,0.2830822727,previous_completed_calendar_month,-0.002169177273,0.01283082273,0.0025
2009-11-23,USD_3M_LIBOR_PUBLIC_PROXY,2009-10,0.2830822727,previous_completed_calendar_month,-0.002169177273,0.01283082273,0.0025
2009-11-24,USD_3M_LIBOR_PUBLIC_PROXY,2009-10,0.2830822727,previous_completed_calendar_month,-0.002169177273,0.01283082273,0.0025
2009-11-25,USD_3M_LIBOR_PUBLIC_PROXY,2009-10,0.2830822727,previous_completed_calendar_month,-0.002169177273,0.01283082273,0.0025
2009-11-27,USD_3M_LIBOR_PUBLIC_PROXY,2009-10,0.2830822727,previous_completed_calendar_month,-0.002169177273,0.01283082273,0.0025
2009-11-30,USD_3M_LIBOR_PUBLIC_PROXY,2009-10,0.2830822727,previous_completed_calendar_month,-0.002169177273,0.01283082273,0.0025
2009-12-01,USD_3M_LIBOR_PUBLIC_PROXY,2009-11,0.2681409524,previous_completed_calendar_month,-0.002318590476,0.01268140952,0.0025
2009-12-02,USD_3M_LIBOR_PUBLIC_PROXY,2009-11,0.2681409524,previous_completed_calendar_month,-0.002318590476,0.01268140952,0.0025
2009-12-03,USD_3M_LIBOR_PUBLIC_PROXY,2009-11,0.2681409524,previous_completed_calendar_month,-0.002318590476,0.01268140952,0.0025
2009-12-04,USD_3M_LIBOR_PUBLIC_PROXY,2009-11,0.2681409524,previous_completed_calendar_month,-0.002318590476,0.01268140952,0.0025
2009-12-07,USD_3M_LIBOR_PUBLIC_PROXY,2009-11,0.2681409524,previous_completed_calendar_month,-0.002318590476,0.01268140952,0.0025
2009-12-08,USD_3M_LIBOR_PUBLIC_PROXY,2009-11,0.2681409524,previous_completed_calendar_month,-0.002318590476,0.01268140952,0.0025
2009-12-09,USD_3M_LIBOR_PUBLIC_PROXY,2009-11,0.2681409524,previous_completed_calendar_month,-0.002318590476,0.01268140952,0.0025
2009-12-10,USD_3M_LIBOR_PUBLIC_PROXY,2009-11,0.2681409524,previous_completed_calendar_month,-0.002318590476,0.01268140952,0.0025
2009-12-11,USD_3M_LIBOR_PUBLIC_PROXY,2009-11,0.2681409524,previous_completed_calendar_month,-0.002318590476,0.01268140952,0.0025
2009-12-14,USD_3M_LIBOR_PUBLIC_PROXY,2009-11,0.2681409524,previous_completed_calendar_month,-0.002318590476,0.01268140952,0.0025
2009-12-15,USD_3M_LIBOR_PUBLIC_PROXY,2009-11,0.2681409524,previous_completed_calendar_month,-0.002318590476,0.01268140952,0.0025
2009-12-16,USD_3M_LIBOR_PUBLIC_PROXY,2009-11,0.2681409524,previous_completed_calendar_month,-0.002318590476,0.01268140952,0.0025
2009-12-17,USD_3M_LIBOR_PUBLIC_PROXY,2009-11,0.2681409524,previous_completed_calendar_month,-0.002318590476,0.01268140952,0.0025
2009-12-18,USD_3M_LIBOR_PUBLIC_PROXY,2009-11,0.2681409524,previous_completed_calendar_month,-0.002318590476,0.01268140952,0.0025
2009-12-21,USD_3M_LIBOR_PUBLIC_PROXY,2009-11,0.2681409524,previous_completed_calendar_month,-0.002318590476,0.01268140952,0.0025
2009-12-22,USD_3M_LIBOR_PUBLIC_PROXY,2009-11,0.2681409524,previous_completed_calendar_month,-0.002318590476,0.01268140952,0.0025
2009-12-23,USD_3M_LIBOR_PUBLIC_PROXY,2009-11,0.2681409524,previous_completed_calendar_month,-0.002318590476,0.01268140952,0.0025
2009-12-24,USD_3M_LIBOR_PUBLIC_PROXY,2009-11,0.2681409524,previous_completed_calendar_month,-0.002318590476,0.01268140952,0.0025
2009-12-28,USD_3M_LIBOR_PUBLIC_PROXY,2009-11,0.2681409524,previous_completed_calendar_month,-0.002318590476,0.01268140952,0.0025
2009-12-29,USD_3M_LIBOR_PUBLIC_PROXY,2009-11,0.2681409524,previous_completed_calendar_month,-0.002318590476,0.01268140952,0.0025
2009-12-30,USD_3M_LIBOR_PUBLIC_PROXY,2009-11,0.2681409524,previous_completed_calendar_month,-0.002318590476,0.01268140952,0.0025
2009-12-31,USD_3M_LIBOR_PUBLIC_PROXY,2009-11,0.2681409524,previous_completed_calendar_month,-0.002318590476,0.01268140952,0.0025
2010-01-04,USD_3M_LIBOR_PUBLIC_PROXY,2009-12,0.2530461905,previous_completed_calendar_month,-0.002469538095,0.0125304619,0.0025
2010-01-05,USD_3M_LIBOR_PUBLIC_PROXY,2009-12,0.2530461905,previous_completed_calendar_month,-0.002469538095,0.0125304619,0.0025
2010-01-06,USD_3M_LIBOR_PUBLIC_PROXY,2009-12,0.2530461905,previous_completed_calendar_month,-0.002469538095,0.0125304619,0.0025
2010-01-07,USD_3M_LIBOR_PUBLIC_PROXY,2009-12,0.2530461905,previous_completed_calendar_month,-0.002469538095,0.0125304619,0.0025
2010-01-08,USD_3M_LIBOR_PUBLIC_PROXY,2009-12,0.2530461905,previous_completed_calendar_month,-0.002469538095,0.0125304619,0.0025
2010-01-11,USD_3M_LIBOR_PUBLIC_PROXY,2009-12,0.2530461905,previous_completed_calendar_month,-0.002469538095,0.0125304619,0.0025
2010-01-12,USD_3M_LIBOR_PUBLIC_PROXY,2009-12,0.2530461905,previous_completed_calendar_month,-0.002469538095,0.0125304619,0.0025
2010-01-13,USD_3M_LIBOR_PUBLIC_PROXY,2009-12,0.2530461905,previous_completed_calendar_month,-0.002469538095,0.0125304619,0.0025
2010-01-14,USD_3M_LIBOR_PUBLIC_PROXY,2009-12,0.2530461905,previous_completed_calendar_month,-0.002469538095,0.0125304619,0.0025
2010-01-15,USD_3M_LIBOR_PUBLIC_PROXY,2009-12,0.2530461905,previous_completed_calendar_month,-0.002469538095,0.0125304619,0.0025
2010-01-19,USD_3M_LIBOR_PUBLIC_PROXY,2009-12,0.2530461905,previous_completed_calendar_month,-0.002469538095,0.0125304619,0.0025
2010-01-20,USD_3M_LIBOR_PUBLIC_PROXY,2009-12,0.2530461905,previous_completed_calendar_month,-0.002469538095,0.0125304619,0.0025
2010-01-21,USD_3M_LIBOR_PUBLIC_PROXY,2009-12,0.2530461905,previous_completed_calendar_month,-0.002469538095,0.0125304619,0.0025
2010-01-22,USD_3M_LIBOR_PUBLIC_PROXY,2009-12,0.2530461905,previous_completed_calendar_month,-0.002469538095,0.0125304619,0.0025
2010-01-25,USD_3M_LIBOR_PUBLIC_PROXY,2009-12,0.2530461905,previous_completed_calendar_month,-0.002469538095,0.0125304619,0.0025
2010-01-26,USD_3M_LIBOR_PUBLIC_PROXY,2009-12,0.2530461905,previous_completed_calendar_month,-0.002469538095,0.0125304619,0.0025
2010-01-27,USD_3M_LIBOR_PUBLIC_PROXY,2009-12,0.2530461905,previous_completed_calendar_month,-0.002469538095,0.0125304619,0.0025
2010-01-28,USD_3M_LIBOR_PUBLIC_PROXY,2009-12,0.2530461905,previous_completed_calendar_month,-0.002469538095,0.0125304619,0.0025
2010-01-29,USD_3M_LIBOR_PUBLIC_PROXY,2009-12,0.2530461905,previous_completed_calendar_month,-0.002469538095,0.0125304619,0.0025
2010-02-01,USD_3M_LIBOR_PUBLIC_PROXY,2010-01,0.2501195,previous_completed_calendar_month,-0.002498805,0.012501195,0.0025
2010-02-02,USD_3M_LIBOR_PUBLIC_PROXY,2010-01,0.2501195,previous_completed_calendar_month,-0.002498805,0.012501195,0.0025
2010-02-03,USD_3M_LIBOR_PUBLIC_PROXY,2010-01,0.2501195,previous_completed_calendar_month,-0.002498805,0.012501195,0.0025
2010-02-04,USD_3M_LIBOR_PUBLIC_PROXY,2010-01,0.2501195,previous_completed_calendar_month,-0.002498805,0.012501195,0.0025
2010-02-05,USD_3M_LIBOR_PUBLIC_PROXY,2010-01,0.2501195,previous_completed_calendar_month,-0.002498805,0.012501195,0.0025
2010-02-08,USD_3M_LIBOR_PUBLIC_PROXY,2010-01,0.2501195,previous_completed_calendar_month,-0.002498805,0.012501195,0.0025
2010-02-09,USD_3M_LIBOR_PUBLIC_PROXY,2010-01,0.2501195,previous_completed_calendar_month,-0.002498805,0.012501195,0.0025
2010-02-10,USD_3M_LIBOR_PUBLIC_PROXY,2010-01,0.2501195,previous_completed_calendar_month,-0.002498805,0.012501195,0.0025
2010-02-11,USD_3M_LIBOR_PUBLIC_PROXY,2010-01,0.2501195,previous_completed_calendar_month,-0.002498805,0.012501195,0.0025
2010-02-12,USD_3M_LIBOR_PUBLIC_PROXY,2010-01,0.2501195,previous_completed_calendar_month,-0.002498805,0.012501195,0.0025
2010-02-16,USD_3M_LIBOR_PUBLIC_PROXY,2010-01,0.2501195,previous_completed_calendar_month,-0.002498805,0.012501195,0.0025
2010-02-17,USD_3M_LIBOR_PUBLIC_PROXY,2010-01,0.2501195,previous_completed_calendar_month,-0.002498805,0.012501195,0.0025
2010-02-18,USD_3M_LIBOR_PUBLIC_PROXY,2010-01,0.2501195,previous_completed_calendar_month,-0.002498805,0.012501195,0.0025
2010-02-19,USD_3M_LIBOR_PUBLIC_PROXY,2010-01,0.2501195,previous_completed_calendar_month,-0.002498805,0.012501195,0.0025
2010-02-22,USD_3M_LIBOR_PUBLIC_PROXY,2010-01,0.2501195,previous_completed_calendar_month,-0.002498805,0.012501195,0.0025
2010-02-23,USD_3M_LIBOR_PUBLIC_PROXY,2010-01,0.2501195,previous_completed_calendar_month,-0.002498805,0.012501195,0.0025
2010-02-24,USD_3M_LIBOR_PUBLIC_PROXY,2010-01,0.2501195,previous_completed_calendar_month,-0.002498805,0.012501195,0.0025
2010-02-25,USD_3M_LIBOR_PUBLIC_PROXY,2010-01,0.2501195,previous_completed_calendar_month,-0.002498805,0.012501195,0.0025
2010-02-26,USD_3M_LIBOR_PUBLIC_PROXY,2010-01,0.2501195,previous_completed_calendar_month,-0.002498805,0.012501195,0.0025
2010-03-01,USD_3M_LIBOR_PUBLIC_PROXY,2010-02,0.2505195,previous_completed_calendar_month,-0.002494805,0.012505195,0.0025
2010-03-02,USD_3M_LIBOR_PUBLIC_PROXY,2010-02,0.2505195,previous_completed_calendar_month,-0.002494805,0.012505195,0.0025
2010-03-03,USD_3M_LIBOR_PUBLIC_PROXY,2010-02,0.2505195,previous_completed_calendar_month,-0.002494805,0.012505195,0.0025
2010-03-04,USD_3M_LIBOR_PUBLIC_PROXY,2010-02,0.2505195,previous_completed_calendar_month,-0.002494805,0.012505195,0.0025
2010-03-05,USD_3M_LIBOR_PUBLIC_PROXY,2010-02,0.2505195,previous_completed_calendar_month,-0.002494805,0.012505195,0.0025
2010-03-08,USD_3M_LIBOR_PUBLIC_PROXY,2010-02,0.2505195,previous_completed_calendar_month,-0.002494805,0.012505195,0.0025
2010-03-09,USD_3M_LIBOR_PUBLIC_PROXY,2010-02,0.2505195,previous_completed_calendar_month,-0.002494805,0.012505195,0.0025
2010-03-10,USD_3M_LIBOR_PUBLIC_PROXY,2010-02,0.2505195,previous_completed_calendar_month,-0.002494805,0.012505195,0.0025
2010-03-11,USD_3M_LIBOR_PUBLIC_PROXY,2010-02,0.2505195,previous_completed_calendar_month,-0.002494805,0.012505195,0.0025
2010-03-12,USD_3M_LIBOR_PUBLIC_PROXY,2010-02,0.2505195,previous_completed_calendar_month,-0.002494805,0.012505195,0.0025
2010-03-15,USD_3M_LIBOR_PUBLIC_PROXY,2010-02,0.2505195,previous_completed_calendar_month,-0.002494805,0.012505195,0.0025
2010-03-16,USD_3M_LIBOR_PUBLIC_PROXY,2010-02,0.2505195,previous_completed_calendar_month,-0.002494805,0.012505195,0.0025
2010-03-17,USD_3M_LIBOR_PUBLIC_PROXY,2010-02,0.2505195,previous_completed_calendar_month,-0.002494805,0.012505195,0.0025
2010-03-18,USD_3M_LIBOR_PUBLIC_PROXY,2010-02,0.2505195,previous_completed_calendar_month,-0.002494805,0.012505195,0.0025
2010-03-19,USD_3M_LIBOR_PUBLIC_PROXY,2010-02,0.2505195,previous_completed_calendar_month,-0.002494805,0.012505195,0.0025
2010-03-22,USD_3M_LIBOR_PUBLIC_PROXY,2010-02,0.2505195,previous_completed_calendar_month,-0.002494805,0.012505195,0.0025
2010-03-23,USD_3M_LIBOR_PUBLIC_PROXY,2010-02,0.2505195,previous_completed_calendar_month,-0.002494805,0.012505195,0.0025
2010-03-24,USD_3M_LIBOR_PUBLIC_PROXY,2010-02,0.2505195,previous_completed_calendar_month,-0.002494805,0.012505195,0.0025
2010-03-25,USD_3M_LIBOR_PUBLIC_PROXY,2010-02,0.2505195,previous_completed_calendar_month,-0.002494805,0.012505195,0.0025
2010-03-26,USD_3M_LIBOR_PUBLIC_PROXY,2010-02,0.2505195,previous_completed_calendar_month,-0.002494805,0.012505195,0.0025
2010-03-29,USD_3M_LIBOR_PUBLIC_PROXY,2010-02,0.2505195,previous_completed_calendar_month,-0.002494805,0.012505195,0.0025
2010-03-30,USD_3M_LIBOR_PUBLIC_PROXY,2010-02,0.2505195,previous_completed_calendar_month,-0.002494805,0.012505195,0.0025
2010-03-31,USD_3M_LIBOR_PUBLIC_PROXY,2010-02,0.2505195,previous_completed_calendar_month,-0.002494805,0.012505195,0.0025
2010-04-01,USD_3M_LIBOR_PUBLIC_PROXY,2010-03,0.2684247826,previous_completed_calendar_month,-0.002315752174,0.01268424783,0.0025
2010-04-05,USD_3M_LIBOR_PUBLIC_PROXY,2010-03,0.2684247826,previous_completed_calendar_month,-0.002315752174,0.01268424783,0.0025
2010-04-06,USD_3M_LIBOR_PUBLIC_PROXY,2010-03,0.2684247826,previous_completed_calendar_month,-0.002315752174,0.01268424783,0.0025
2010-04-07,USD_3M_LIBOR_PUBLIC_PROXY,2010-03,0.2684247826,previous_completed_calendar_month,-0.002315752174,0.01268424783,0.0025
2010-04-08,USD_3M_LIBOR_PUBLIC_PROXY,2010-03,0.2684247826,previous_completed_calendar_month,-0.002315752174,0.01268424783,0.0025
2010-04-09,USD_3M_LIBOR_PUBLIC_PROXY,2010-03,0.2684247826,previous_completed_calendar_month,-0.002315752174,0.01268424783,0.0025
2010-04-12,USD_3M_LIBOR_PUBLIC_PROXY,2010-03,0.2684247826,previous_completed_calendar_month,-0.002315752174,0.01268424783,0.0025
2010-04-13,USD_3M_LIBOR_PUBLIC_PROXY,2010-03,0.2684247826,previous_completed_calendar_month,-0.002315752174,0.01268424783,0.0025
2010-04-14,USD_3M_LIBOR_PUBLIC_PROXY,2010-03,0.2684247826,previous_completed_calendar_month,-0.002315752174,0.01268424783,0.0025
2010-04-15,USD_3M_LIBOR_PUBLIC_PROXY,2010-03,0.2684247826,previous_completed_calendar_month,-0.002315752174,0.01268424783,0.0025
2010-04-16,USD_3M_LIBOR_PUBLIC_PROXY,2010-03,0.2684247826,previous_completed_calendar_month,-0.002315752174,0.01268424783,0.0025
2010-04-19,USD_3M_LIBOR_PUBLIC_PROXY,2010-03,0.2684247826,previous_completed_calendar_month,-0.002315752174,0.01268424783,0.0025
2010-04-20,USD_3M_LIBOR_PUBLIC_PROXY,2010-03,0.2684247826,previous_completed_calendar_month,-0.002315752174,0.01268424783,0.0025
2010-04-21,USD_3M_LIBOR_PUBLIC_PROXY,2010-03,0.2684247826,previous_completed_calendar_month,-0.002315752174,0.01268424783,0.0025
2010-04-22,USD_3M_LIBOR_PUBLIC_PROXY,2010-03,0.2684247826,previous_completed_calendar_month,-0.002315752174,0.01268424783,0.0025
2010-04-23,USD_3M_LIBOR_PUBLIC_PROXY,2010-03,0.2684247826,previous_completed_calendar_month,-0.002315752174,0.01268424783,0.0025
2010-04-26,USD_3M_LIBOR_PUBLIC_PROXY,2010-03,0.2684247826,previous_completed_calendar_month,-0.002315752174,0.01268424783,0.0025
2010-04-27,USD_3M_LIBOR_PUBLIC_PROXY,2010-03,0.2684247826,previous_completed_calendar_month,-0.002315752174,0.01268424783,0.0025
2010-04-28,USD_3M_LIBOR_PUBLIC_PROXY,2010-03,0.2684247826,previous_completed_calendar_month,-0.002315752174,0.01268424783,0.0025
2010-04-29,USD_3M_LIBOR_PUBLIC_PROXY,2010-03,0.2684247826,previous_completed_calendar_month,-0.002315752174,0.01268424783,0.0025
2010-04-30,USD_3M_LIBOR_PUBLIC_PROXY,2010-03,0.2684247826,previous_completed_calendar_month,-0.002315752174,0.01268424783,0.0025
2010-05-03,USD_3M_LIBOR_PUBLIC_PROXY,2010-04,0.3116065,previous_completed_calendar_month,-0.001883935,0.013116065,0.0025
2010-05-04,USD_3M_LIBOR_PUBLIC_PROXY,2010-04,0.3116065,previous_completed_calendar_month,-0.001883935,0.013116065,0.0025
2010-05-05,USD_3M_LIBOR_PUBLIC_PROXY,2010-04,0.3116065,previous_completed_calendar_month,-0.001883935,0.013116065,0.0025
2010-05-06,USD_3M_LIBOR_PUBLIC_PROXY,2010-04,0.3116065,previous_completed_calendar_month,-0.001883935,0.013116065,0.0025
2010-05-07,USD_3M_LIBOR_PUBLIC_PROXY,2010-04,0.3116065,previous_completed_calendar_month,-0.001883935,0.013116065,0.0025
2010-05-10,USD_3M_LIBOR_PUBLIC_PROXY,2010-04,0.3116065,previous_completed_calendar_month,-0.001883935,0.013116065,0.0025
2010-05-11,USD_3M_LIBOR_PUBLIC_PROXY,2010-04,0.3116065,previous_completed_calendar_month,-0.001883935,0.013116065,0.0025
2010-05-12,USD_3M_LIBOR_PUBLIC_PROXY,2010-04,0.3116065,previous_completed_calendar_month,-0.001883935,0.013116065,0.0025
2010-05-13,USD_3M_LIBOR_PUBLIC_PROXY,2010-04,0.3116065,previous_completed_calendar_month,-0.001883935,0.013116065,0.0025
2010-05-14,USD_3M_LIBOR_PUBLIC_PROXY,2010-04,0.3116065,previous_completed_calendar_month,-0.001883935,0.013116065,0.0025
2010-05-17,USD_3M_LIBOR_PUBLIC_PROXY,2010-04,0.3116065,previous_completed_calendar_month,-0.001883935,0.013116065,0.0025
2010-05-18,USD_3M_LIBOR_PUBLIC_PROXY,2010-04,0.3116065,previous_completed_calendar_month,-0.001883935,0.013116065,0.0025
2010-05-19,USD_3M_LIBOR_PUBLIC_PROXY,2010-04,0.3116065,previous_completed_calendar_month,-0.001883935,0.013116065,0.0025
2010-05-20,USD_3M_LIBOR_PUBLIC_PROXY,2010-04,0.3116065,previous_completed_calendar_month,-0.001883935,0.013116065,0.0025
2010-05-21,USD_3M_LIBOR_PUBLIC_PROXY,2010-04,0.3116065,previous_completed_calendar_month,-0.001883935,0.013116065,0.0025
2010-05-24,USD_3M_LIBOR_PUBLIC_PROXY,2010-04,0.3116065,previous_completed_calendar_month,-0.001883935,0.013116065,0.0025
2010-05-25,USD_3M_LIBOR_PUBLIC_PROXY,2010-04,0.3116065,previous_completed_calendar_month,-0.001883935,0.013116065,0.0025
2010-05-26,USD_3M_LIBOR_PUBLIC_PROXY,2010-04,0.3116065,previous_completed_calendar_month,-0.001883935,0.013116065,0.0025
2010-05-27,USD_3M_LIBOR_PUBLIC_PROXY,2010-04,0.3116065,previous_completed_calendar_month,-0.001883935,0.013116065,0.0025
2010-05-28,USD_3M_LIBOR_PUBLIC_PROXY,2010-04,0.3116065,previous_completed_calendar_month,-0.001883935,0.013116065,0.0025
2010-06-01,USD_3M_LIBOR_PUBLIC_PROXY,2010-05,0.4585142105,previous_completed_calendar_month,-0.0004148578947,0.01458514211,0.0025
2010-06-02,USD_3M_LIBOR_PUBLIC_PROXY,2010-05,0.4585142105,previous_completed_calendar_month,-0.0004148578947,0.01458514211,0.0025
2010-06-03,USD_3M_LIBOR_PUBLIC_PROXY,2010-05,0.4585142105,previous_completed_calendar_month,-0.0004148578947,0.01458514211,0.0025
2010-06-04,USD_3M_LIBOR_PUBLIC_PROXY,2010-05,0.4585142105,previous_completed_calendar_month,-0.0004148578947,0.01458514211,0.0025
2010-06-07,USD_3M_LIBOR_PUBLIC_PROXY,2010-05,0.4585142105,previous_completed_calendar_month,-0.0004148578947,0.01458514211,0.0025
2010-06-08,USD_3M_LIBOR_PUBLIC_PROXY,2010-05,0.4585142105,previous_completed_calendar_month,-0.0004148578947,0.01458514211,0.0025
2010-06-09,USD_3M_LIBOR_PUBLIC_PROXY,2010-05,0.4585142105,previous_completed_calendar_month,-0.0004148578947,0.01458514211,0.0025
2010-06-10,USD_3M_LIBOR_PUBLIC_PROXY,2010-05,0.4585142105,previous_completed_calendar_month,-0.0004148578947,0.01458514211,0.0025
2010-06-11,USD_3M_LIBOR_PUBLIC_PROXY,2010-05,0.4585142105,previous_completed_calendar_month,-0.0004148578947,0.01458514211,0.0025
2010-06-14,USD_3M_LIBOR_PUBLIC_PROXY,2010-05,0.4585142105,previous_completed_calendar_month,-0.0004148578947,0.01458514211,0.0025
2010-06-15,USD_3M_LIBOR_PUBLIC_PROXY,2010-05,0.4585142105,previous_completed_calendar_month,-0.0004148578947,0.01458514211,0.0025
2010-06-16,USD_3M_LIBOR_PUBLIC_PROXY,2010-05,0.4585142105,previous_completed_calendar_month,-0.0004148578947,0.01458514211,0.0025
2010-06-17,USD_3M_LIBOR_PUBLIC_PROXY,2010-05,0.4585142105,previous_completed_calendar_month,-0.0004148578947,0.01458514211,0.0025
2010-06-18,USD_3M_LIBOR_PUBLIC_PROXY,2010-05,0.4585142105,previous_completed_calendar_month,-0.0004148578947,0.01458514211,0.0025
2010-06-21,USD_3M_LIBOR_PUBLIC_PROXY,2010-05,0.4585142105,previous_completed_calendar_month,-0.0004148578947,0.01458514211,0.0025
2010-06-22,USD_3M_LIBOR_PUBLIC_PROXY,2010-05,0.4585142105,previous_completed_calendar_month,-0.0004148578947,0.01458514211,0.0025
2010-06-23,USD_3M_LIBOR_PUBLIC_PROXY,2010-05,0.4585142105,previous_completed_calendar_month,-0.0004148578947,0.01458514211,0.0025
2010-06-24,USD_3M_LIBOR_PUBLIC_PROXY,2010-05,0.4585142105,previous_completed_calendar_month,-0.0004148578947,0.01458514211,0.0025
2010-06-25,USD_3M_LIBOR_PUBLIC_PROXY,2010-05,0.4585142105,previous_completed_calendar_month,-0.0004148578947,0.01458514211,0.0025
2010-06-28,USD_3M_LIBOR_PUBLIC_PROXY,2010-05,0.4585142105,previous_completed_calendar_month,-0.0004148578947,0.01458514211,0.0025
2010-06-29,USD_3M_LIBOR_PUBLIC_PROXY,2010-05,0.4585142105,previous_completed_calendar_month,-0.0004148578947,0.01458514211,0.0025
2010-06-30,USD_3M_LIBOR_PUBLIC_PROXY,2010-05,0.4585142105,previous_completed_calendar_month,-0.0004148578947,0.01458514211,0.0025
2010-07-01,USD_3M_LIBOR_PUBLIC_PROXY,2010-06,0.5368986364,previous_completed_calendar_month,0.0003689863636,0.01536898636,0.0025
2010-07-02,USD_3M_LIBOR_PUBLIC_PROXY,2010-06,0.5368986364,previous_completed_calendar_month,0.0003689863636,0.01536898636,0.0025
2010-07-06,USD_3M_LIBOR_PUBLIC_PROXY,2010-06,0.5368986364,previous_completed_calendar_month,0.0003689863636,0.01536898636,0.0025
2010-07-07,USD_3M_LIBOR_PUBLIC_PROXY,2010-06,0.5368986364,previous_completed_calendar_month,0.0003689863636,0.01536898636,0.0025
2010-07-08,USD_3M_LIBOR_PUBLIC_PROXY,2010-06,0.5368986364,previous_completed_calendar_month,0.0003689863636,0.01536898636,0.0025
2010-07-09,USD_3M_LIBOR_PUBLIC_PROXY,2010-06,0.5368986364,previous_completed_calendar_month,0.0003689863636,0.01536898636,0.0025
2010-07-12,USD_3M_LIBOR_PUBLIC_PROXY,2010-06,0.5368986364,previous_completed_calendar_month,0.0003689863636,0.01536898636,0.0025
2010-07-13,USD_3M_LIBOR_PUBLIC_PROXY,2010-06,0.5368986364,previous_completed_calendar_month,0.0003689863636,0.01536898636,0.0025
2010-07-14,USD_3M_LIBOR_PUBLIC_PROXY,2010-06,0.5368986364,previous_completed_calendar_month,0.0003689863636,0.01536898636,0.0025
2010-07-15,USD_3M_LIBOR_PUBLIC_PROXY,2010-06,0.5368986364,previous_completed_calendar_month,0.0003689863636,0.01536898636,0.0025
2010-07-16,USD_3M_LIBOR_PUBLIC_PROXY,2010-06,0.5368986364,previous_completed_calendar_month,0.0003689863636,0.01536898636,0.0025
2010-07-19,USD_3M_LIBOR_PUBLIC_PROXY,2010-06,0.5368986364,previous_completed_calendar_month,0.0003689863636,0.01536898636,0.0025
2010-07-20,USD_3M_LIBOR_PUBLIC_PROXY,2010-06,0.5368986364,previous_completed_calendar_month,0.0003689863636,0.01536898636,0.0025
2010-07-21,USD_3M_LIBOR_PUBLIC_PROXY,2010-06,0.5368986364,previous_completed_calendar_month,0.0003689863636,0.01536898636,0.0025
2010-07-22,USD_3M_LIBOR_PUBLIC_PROXY,2010-06,0.5368986364,previous_completed_calendar_month,0.0003689863636,0.01536898636,0.0025
2010-07-23,USD_3M_LIBOR_PUBLIC_PROXY,2010-06,0.5368986364,previous_completed_calendar_month,0.0003689863636,0.01536898636,0.0025
2010-07-26,USD_3M_LIBOR_PUBLIC_PROXY,2010-06,0.5368986364,previous_completed_calendar_month,0.0003689863636,0.01536898636,0.0025
2010-07-27,USD_3M_LIBOR_PUBLIC_PROXY,2010-06,0.5368986364,previous_completed_calendar_month,0.0003689863636,0.01536898636,0.0025
2010-07-28,USD_3M_LIBOR_PUBLIC_PROXY,2010-06,0.5368986364,previous_completed_calendar_month,0.0003689863636,0.01536898636,0.0025
2010-07-29,USD_3M_LIBOR_PUBLIC_PROXY,2010-06,0.5368986364,previous_completed_calendar_month,0.0003689863636,0.01536898636,0.0025
2010-07-30,USD_3M_LIBOR_PUBLIC_PROXY,2010-06,0.5368986364,previous_completed_calendar_month,0.0003689863636,0.01536898636,0.0025
2010-08-02,USD_3M_LIBOR_PUBLIC_PROXY,2010-07,0.5103277273,previous_completed_calendar_month,0.0001032772727,0.01510327727,0.0025
2010-08-03,USD_3M_LIBOR_PUBLIC_PROXY,2010-07,0.5103277273,previous_completed_calendar_month,0.0001032772727,0.01510327727,0.0025
2010-08-04,USD_3M_LIBOR_PUBLIC_PROXY,2010-07,0.5103277273,previous_completed_calendar_month,0.0001032772727,0.01510327727,0.0025
2010-08-05,USD_3M_LIBOR_PUBLIC_PROXY,2010-07,0.5103277273,previous_completed_calendar_month,0.0001032772727,0.01510327727,0.0025
2010-08-06,USD_3M_LIBOR_PUBLIC_PROXY,2010-07,0.5103277273,previous_completed_calendar_month,0.0001032772727,0.01510327727,0.0025
2010-08-09,USD_3M_LIBOR_PUBLIC_PROXY,2010-07,0.5103277273,previous_completed_calendar_month,0.0001032772727,0.01510327727,0.0025
2010-08-10,USD_3M_LIBOR_PUBLIC_PROXY,2010-07,0.5103277273,previous_completed_calendar_month,0.0001032772727,0.01510327727,0.0025
2010-08-11,USD_3M_LIBOR_PUBLIC_PROXY,2010-07,0.5103277273,previous_completed_calendar_month,0.0001032772727,0.01510327727,0.0025
2010-08-12,USD_3M_LIBOR_PUBLIC_PROXY,2010-07,0.5103277273,previous_completed_calendar_month,0.0001032772727,0.01510327727,0.0025
2010-08-13,USD_3M_LIBOR_PUBLIC_PROXY,2010-07,0.5103277273,previous_completed_calendar_month,0.0001032772727,0.01510327727,0.0025
2010-08-16,USD_3M_LIBOR_PUBLIC_PROXY,2010-07,0.5103277273,previous_completed_calendar_month,0.0001032772727,0.01510327727,0.0025
2010-08-17,USD_3M_LIBOR_PUBLIC_PROXY,2010-07,0.5103277273,previous_completed_calendar_month,0.0001032772727,0.01510327727,0.0025
2010-08-18,USD_3M_LIBOR_PUBLIC_PROXY,2010-07,0.5103277273,previous_completed_calendar_month,0.0001032772727,0.01510327727,0.0025
2010-08-19,USD_3M_LIBOR_PUBLIC_PROXY,2010-07,0.5103277273,previous_completed_calendar_month,0.0001032772727,0.01510327727,0.0025
2010-08-20,USD_3M_LIBOR_PUBLIC_PROXY,2010-07,0.5103277273,previous_completed_calendar_month,0.0001032772727,0.01510327727,0.0025
2010-08-23,USD_3M_LIBOR_PUBLIC_PROXY,2010-07,0.5103277273,previous_completed_calendar_month,0.0001032772727,0.01510327727,0.0025
2010-08-24,USD_3M_LIBOR_PUBLIC_PROXY,2010-07,0.5103277273,previous_completed_calendar_month,0.0001032772727,0.01510327727,0.0025
2010-08-25,USD_3M_LIBOR_PUBLIC_PROXY,2010-07,0.5103277273,previous_completed_calendar_month,0.0001032772727,0.01510327727,0.0025
2010-08-26,USD_3M_LIBOR_PUBLIC_PROXY,2010-07,0.5103277273,previous_completed_calendar_month,0.0001032772727,0.01510327727,0.0025
2010-08-27,USD_3M_LIBOR_PUBLIC_PROXY,2010-07,0.5103277273,previous_completed_calendar_month,0.0001032772727,0.01510327727,0.0025
2010-08-30,USD_3M_LIBOR_PUBLIC_PROXY,2010-07,0.5103277273,previous_completed_calendar_month,0.0001032772727,0.01510327727,0.0025
2010-08-31,USD_3M_LIBOR_PUBLIC_PROXY,2010-07,0.5103277273,previous_completed_calendar_month,0.0001032772727,0.01510327727,0.0025
2010-09-01,USD_3M_LIBOR_PUBLIC_PROXY,2010-08,0.3625466667,previous_completed_calendar_month,-0.001374533333,0.01362546667,0.0025
2010-09-02,USD_3M_LIBOR_PUBLIC_PROXY,2010-08,0.3625466667,previous_completed_calendar_month,-0.001374533333,0.01362546667,0.0025
2010-09-03,USD_3M_LIBOR_PUBLIC_PROXY,2010-08,0.3625466667,previous_completed_calendar_month,-0.001374533333,0.01362546667,0.0025
2010-09-07,USD_3M_LIBOR_PUBLIC_PROXY,2010-08,0.3625466667,previous_completed_calendar_month,-0.001374533333,0.01362546667,0.0025
2010-09-08,USD_3M_LIBOR_PUBLIC_PROXY,2010-08,0.3625466667,previous_completed_calendar_month,-0.001374533333,0.01362546667,0.0025
2010-09-09,USD_3M_LIBOR_PUBLIC_PROXY,2010-08,0.3625466667,previous_completed_calendar_month,-0.001374533333,0.01362546667,0.0025
2010-09-10,USD_3M_LIBOR_PUBLIC_PROXY,2010-08,0.3625466667,previous_completed_calendar_month,-0.001374533333,0.01362546667,0.0025
2010-09-13,USD_3M_LIBOR_PUBLIC_PROXY,2010-08,0.3625466667,previous_completed_calendar_month,-0.001374533333,0.01362546667,0.0025
2010-09-14,USD_3M_LIBOR_PUBLIC_PROXY,2010-08,0.3625466667,previous_completed_calendar_month,-0.001374533333,0.01362546667,0.0025
2010-09-15,USD_3M_LIBOR_PUBLIC_PROXY,2010-08,0.3625466667,previous_completed_calendar_month,-0.001374533333,0.01362546667,0.0025
2010-09-16,USD_3M_LIBOR_PUBLIC_PROXY,2010-08,0.3625466667,previous_completed_calendar_month,-0.001374533333,0.01362546667,0.0025
2010-09-17,USD_3M_LIBOR_PUBLIC_PROXY,2010-08,0.3625466667,previous_completed_calendar_month,-0.001374533333,0.01362546667,0.0025
2010-09-20,USD_3M_LIBOR_PUBLIC_PROXY,2010-08,0.3625466667,previous_completed_calendar_month,-0.001374533333,0.01362546667,0.0025
2010-09-21,USD_3M_LIBOR_PUBLIC_PROXY,2010-08,0.3625466667,previous_completed_calendar_month,-0.001374533333,0.01362546667,0.0025
2010-09-22,USD_3M_LIBOR_PUBLIC_PROXY,2010-08,0.3625466667,previous_completed_calendar_month,-0.001374533333,0.01362546667,0.0025
2010-09-23,USD_3M_LIBOR_PUBLIC_PROXY,2010-08,0.3625466667,previous_completed_calendar_month,-0.001374533333,0.01362546667,0.0025
2010-09-24,USD_3M_LIBOR_PUBLIC_PROXY,2010-08,0.3625466667,previous_completed_calendar_month,-0.001374533333,0.01362546667,0.0025
2010-09-27,USD_3M_LIBOR_PUBLIC_PROXY,2010-08,0.3625466667,previous_completed_calendar_month,-0.001374533333,0.01362546667,0.0025
2010-09-28,USD_3M_LIBOR_PUBLIC_PROXY,2010-08,0.3625466667,previous_completed_calendar_month,-0.001374533333,0.01362546667,0.0025
2010-09-29,USD_3M_LIBOR_PUBLIC_PROXY,2010-08,0.3625466667,previous_completed_calendar_month,-0.001374533333,0.01362546667,0.0025
2010-09-30,USD_3M_LIBOR_PUBLIC_PROXY,2010-08,0.3625466667,previous_completed_calendar_month,-0.001374533333,0.01362546667,0.0025
2010-10-01,USD_3M_LIBOR_PUBLIC_PROXY,2010-09,0.2913659091,previous_completed_calendar_month,-0.002086340909,0.01291365909,0.0025
2010-10-04,USD_3M_LIBOR_PUBLIC_PROXY,2010-09,0.2913659091,previous_completed_calendar_month,-0.002086340909,0.01291365909,0.0025
2010-10-05,USD_3M_LIBOR_PUBLIC_PROXY,2010-09,0.2913659091,previous_completed_calendar_month,-0.002086340909,0.01291365909,0.0025
2010-10-06,USD_3M_LIBOR_PUBLIC_PROXY,2010-09,0.2913659091,previous_completed_calendar_month,-0.002086340909,0.01291365909,0.0025
2010-10-07,USD_3M_LIBOR_PUBLIC_PROXY,2010-09,0.2913659091,previous_completed_calendar_month,-0.002086340909,0.01291365909,0.0025
2010-10-08,USD_3M_LIBOR_PUBLIC_PROXY,2010-09,0.2913659091,previous_completed_calendar_month,-0.002086340909,0.01291365909,0.0025
2010-10-11,USD_3M_LIBOR_PUBLIC_PROXY,2010-09,0.2913659091,previous_completed_calendar_month,-0.002086340909,0.01291365909,0.0025
2010-10-12,USD_3M_LIBOR_PUBLIC_PROXY,2010-09,0.2913659091,previous_completed_calendar_month,-0.002086340909,0.01291365909,0.0025
2010-10-13,USD_3M_LIBOR_PUBLIC_PROXY,2010-09,0.2913659091,previous_completed_calendar_month,-0.002086340909,0.01291365909,0.0025
2010-10-14,USD_3M_LIBOR_PUBLIC_PROXY,2010-09,0.2913659091,previous_completed_calendar_month,-0.002086340909,0.01291365909,0.0025
2010-10-15,USD_3M_LIBOR_PUBLIC_PROXY,2010-09,0.2913659091,previous_completed_calendar_month,-0.002086340909,0.01291365909,0.0025
2010-10-18,USD_3M_LIBOR_PUBLIC_PROXY,2010-09,0.2913659091,previous_completed_calendar_month,-0.002086340909,0.01291365909,0.0025
2010-10-19,USD_3M_LIBOR_PUBLIC_PROXY,2010-09,0.2913659091,previous_completed_calendar_month,-0.002086340909,0.01291365909,0.0025
2010-10-20,USD_3M_LIBOR_PUBLIC_PROXY,2010-09,0.2913659091,previous_completed_calendar_month,-0.002086340909,0.01291365909,0.0025
2010-10-21,USD_3M_LIBOR_PUBLIC_PROXY,2010-09,0.2913659091,previous_completed_calendar_month,-0.002086340909,0.01291365909,0.0025
2010-10-22,USD_3M_LIBOR_PUBLIC_PROXY,2010-09,0.2913659091,previous_completed_calendar_month,-0.002086340909,0.01291365909,0.0025
2010-10-25,USD_3M_LIBOR_PUBLIC_PROXY,2010-09,0.2913659091,previous_completed_calendar_month,-0.002086340909,0.01291365909,0.0025
2010-10-26,USD_3M_LIBOR_PUBLIC_PROXY,2010-09,0.2913659091,previous_completed_calendar_month,-0.002086340909,0.01291365909,0.0025
2010-10-27,USD_3M_LIBOR_PUBLIC_PROXY,2010-09,0.2913659091,previous_completed_calendar_month,-0.002086340909,0.01291365909,0.0025
2010-10-28,USD_3M_LIBOR_PUBLIC_PROXY,2010-09,0.2913659091,previous_completed_calendar_month,-0.002086340909,0.01291365909,0.0025
2010-10-29,USD_3M_LIBOR_PUBLIC_PROXY,2010-09,0.2913659091,previous_completed_calendar_month,-0.002086340909,0.01291365909,0.0025
2010-11-01,USD_3M_LIBOR_PUBLIC_PROXY,2010-10,0.28884,previous_completed_calendar_month,-0.0021116,0.0128884,0.0025
2010-11-02,USD_3M_LIBOR_PUBLIC_PROXY,2010-10,0.28884,previous_completed_calendar_month,-0.0021116,0.0128884,0.0025
2010-11-03,USD_3M_LIBOR_PUBLIC_PROXY,2010-10,0.28884,previous_completed_calendar_month,-0.0021116,0.0128884,0.0025
2010-11-04,USD_3M_LIBOR_PUBLIC_PROXY,2010-10,0.28884,previous_completed_calendar_month,-0.0021116,0.0128884,0.0025
2010-11-05,USD_3M_LIBOR_PUBLIC_PROXY,2010-10,0.28884,previous_completed_calendar_month,-0.0021116,0.0128884,0.0025
2010-11-08,USD_3M_LIBOR_PUBLIC_PROXY,2010-10,0.28884,previous_completed_calendar_month,-0.0021116,0.0128884,0.0025
2010-11-09,USD_3M_LIBOR_PUBLIC_PROXY,2010-10,0.28884,previous_completed_calendar_month,-0.0021116,0.0128884,0.0025
2010-11-10,USD_3M_LIBOR_PUBLIC_PROXY,2010-10,0.28884,previous_completed_calendar_month,-0.0021116,0.0128884,0.0025
2010-11-11,USD_3M_LIBOR_PUBLIC_PROXY,2010-10,0.28884,previous_completed_calendar_month,-0.0021116,0.0128884,0.0025
2010-11-12,USD_3M_LIBOR_PUBLIC_PROXY,2010-10,0.28884,previous_completed_calendar_month,-0.0021116,0.0128884,0.0025
2010-11-15,USD_3M_LIBOR_PUBLIC_PROXY,2010-10,0.28884,previous_completed_calendar_month,-0.0021116,0.0128884,0.0025
2010-11-16,USD_3M_LIBOR_PUBLIC_PROXY,2010-10,0.28884,previous_completed_calendar_month,-0.0021116,0.0128884,0.0025
2010-11-17,USD_3M_LIBOR_PUBLIC_PROXY,2010-10,0.28884,previous_completed_calendar_month,-0.0021116,0.0128884,0.0025
2010-11-18,USD_3M_LIBOR_PUBLIC_PROXY,2010-10,0.28884,previous_completed_calendar_month,-0.0021116,0.0128884,0.0025
2010-11-19,USD_3M_LIBOR_PUBLIC_PROXY,2010-10,0.28884,previous_completed_calendar_month,-0.0021116,0.0128884,0.0025
2010-11-22,USD_3M_LIBOR_PUBLIC_PROXY,2010-10,0.28884,previous_completed_calendar_month,-0.0021116,0.0128884,0.0025
2010-11-23,USD_3M_LIBOR_PUBLIC_PROXY,2010-10,0.28884,previous_completed_calendar_month,-0.0021116,0.0128884,0.0025
2010-11-24,USD_3M_LIBOR_PUBLIC_PROXY,2010-10,0.28884,previous_completed_calendar_month,-0.0021116,0.0128884,0.0025
2010-11-26,USD_3M_LIBOR_PUBLIC_PROXY,2010-10,0.28884,previous_completed_calendar_month,-0.0021116,0.0128884,0.0025
2010-11-29,USD_3M_LIBOR_PUBLIC_PROXY,2010-10,0.28884,previous_completed_calendar_month,-0.0021116,0.0128884,0.0025
2010-11-30,USD_3M_LIBOR_PUBLIC_PROXY,2010-10,0.28884,previous_completed_calendar_month,-0.0021116,0.0128884,0.0025
2010-12-01,USD_3M_LIBOR_PUBLIC_PROXY,2010-11,0.2871204545,previous_completed_calendar_month,-0.002128795455,0.01287120455,0.0025
2010-12-02,USD_3M_LIBOR_PUBLIC_PROXY,2010-11,0.2871204545,previous_completed_calendar_month,-0.002128795455,0.01287120455,0.0025
2010-12-03,USD_3M_LIBOR_PUBLIC_PROXY,2010-11,0.2871204545,previous_completed_calendar_month,-0.002128795455,0.01287120455,0.0025
2010-12-06,USD_3M_LIBOR_PUBLIC_PROXY,2010-11,0.2871204545,previous_completed_calendar_month,-0.002128795455,0.01287120455,0.0025
2010-12-07,USD_3M_LIBOR_PUBLIC_PROXY,2010-11,0.2871204545,previous_completed_calendar_month,-0.002128795455,0.01287120455,0.0025
2010-12-08,USD_3M_LIBOR_PUBLIC_PROXY,2010-11,0.2871204545,previous_completed_calendar_month,-0.002128795455,0.01287120455,0.0025
2010-12-09,USD_3M_LIBOR_PUBLIC_PROXY,2010-11,0.2871204545,previous_completed_calendar_month,-0.002128795455,0.01287120455,0.0025
2010-12-10,USD_3M_LIBOR_PUBLIC_PROXY,2010-11,0.2871204545,previous_completed_calendar_month,-0.002128795455,0.01287120455,0.0025
2010-12-13,USD_3M_LIBOR_PUBLIC_PROXY,2010-11,0.2871204545,previous_completed_calendar_month,-0.002128795455,0.01287120455,0.0025
2010-12-14,USD_3M_LIBOR_PUBLIC_PROXY,2010-11,0.2871204545,previous_completed_calendar_month,-0.002128795455,0.01287120455,0.0025
2010-12-15,USD_3M_LIBOR_PUBLIC_PROXY,2010-11,0.2871204545,previous_completed_calendar_month,-0.002128795455,0.01287120455,0.0025
2010-12-16,USD_3M_LIBOR_PUBLIC_PROXY,2010-11,0.2871204545,previous_completed_calendar_month,-0.002128795455,0.01287120455,0.0025
2010-12-17,USD_3M_LIBOR_PUBLIC_PROXY,2010-11,0.2871204545,previous_completed_calendar_month,-0.002128795455,0.01287120455,0.0025
2010-12-20,USD_3M_LIBOR_PUBLIC_PROXY,2010-11,0.2871204545,previous_completed_calendar_month,-0.002128795455,0.01287120455,0.0025
2010-12-21,USD_3M_LIBOR_PUBLIC_PROXY,2010-11,0.2871204545,previous_completed_calendar_month,-0.002128795455,0.01287120455,0.0025
2010-12-22,USD_3M_LIBOR_PUBLIC_PROXY,2010-11,0.2871204545,previous_completed_calendar_month,-0.002128795455,0.01287120455,0.0025
2010-12-23,USD_3M_LIBOR_PUBLIC_PROXY,2010-11,0.2871204545,previous_completed_calendar_month,-0.002128795455,0.01287120455,0.0025
2010-12-27,USD_3M_LIBOR_PUBLIC_PROXY,2010-11,0.2871204545,previous_completed_calendar_month,-0.002128795455,0.01287120455,0.0025
2010-12-28,USD_3M_LIBOR_PUBLIC_PROXY,2010-11,0.2871204545,previous_completed_calendar_month,-0.002128795455,0.01287120455,0.0025
2010-12-29,USD_3M_LIBOR_PUBLIC_PROXY,2010-11,0.2871204545,previous_completed_calendar_month,-0.002128795455,0.01287120455,0.0025
2010-12-30,USD_3M_LIBOR_PUBLIC_PROXY,2010-11,0.2871204545,previous_completed_calendar_month,-0.002128795455,0.01287120455,0.0025
2010-12-31,USD_3M_LIBOR_PUBLIC_PROXY,2010-11,0.2871204545,previous_completed_calendar_month,-0.002128795455,0.01287120455,0.0025
2011-01-03,USD_3M_LIBOR_PUBLIC_PROXY,2010-12,0.3027233333,previous_completed_calendar_month,-0.001972766667,0.01302723333,0.0025
2011-01-04,USD_3M_LIBOR_PUBLIC_PROXY,2010-12,0.3027233333,previous_completed_calendar_month,-0.001972766667,0.01302723333,0.0025
2011-01-05,USD_3M_LIBOR_PUBLIC_PROXY,2010-12,0.3027233333,previous_completed_calendar_month,-0.001972766667,0.01302723333,0.0025
2011-01-06,USD_3M_LIBOR_PUBLIC_PROXY,2010-12,0.3027233333,previous_completed_calendar_month,-0.001972766667,0.01302723333,0.0025
2011-01-07,USD_3M_LIBOR_PUBLIC_PROXY,2010-12,0.3027233333,previous_completed_calendar_month,-0.001972766667,0.01302723333,0.0025
2011-01-10,USD_3M_LIBOR_PUBLIC_PROXY,2010-12,0.3027233333,previous_completed_calendar_month,-0.001972766667,0.01302723333,0.0025
2011-01-11,USD_3M_LIBOR_PUBLIC_PROXY,2010-12,0.3027233333,previous_completed_calendar_month,-0.001972766667,0.01302723333,0.0025
2011-01-12,USD_3M_LIBOR_PUBLIC_PROXY,2010-12,0.3027233333,previous_completed_calendar_month,-0.001972766667,0.01302723333,0.0025
2011-01-13,USD_3M_LIBOR_PUBLIC_PROXY,2010-12,0.3027233333,previous_completed_calendar_month,-0.001972766667,0.01302723333,0.0025
2011-01-14,USD_3M_LIBOR_PUBLIC_PROXY,2010-12,0.3027233333,previous_completed_calendar_month,-0.001972766667,0.01302723333,0.0025
2011-01-18,USD_3M_LIBOR_PUBLIC_PROXY,2010-12,0.3027233333,previous_completed_calendar_month,-0.001972766667,0.01302723333,0.0025
2011-01-19,USD_3M_LIBOR_PUBLIC_PROXY,2010-12,0.3027233333,previous_completed_calendar_month,-0.001972766667,0.01302723333,0.0025
2011-01-20,USD_3M_LIBOR_PUBLIC_PROXY,2010-12,0.3027233333,previous_completed_calendar_month,-0.001972766667,0.01302723333,0.0025
2011-01-21,USD_3M_LIBOR_PUBLIC_PROXY,2010-12,0.3027233333,previous_completed_calendar_month,-0.001972766667,0.01302723333,0.0025
2011-01-24,USD_3M_LIBOR_PUBLIC_PROXY,2010-12,0.3027233333,previous_completed_calendar_month,-0.001972766667,0.01302723333,0.0025
2011-01-25,USD_3M_LIBOR_PUBLIC_PROXY,2010-12,0.3027233333,previous_completed_calendar_month,-0.001972766667,0.01302723333,0.0025
2011-01-26,USD_3M_LIBOR_PUBLIC_PROXY,2010-12,0.3027233333,previous_completed_calendar_month,-0.001972766667,0.01302723333,0.0025
2011-01-27,USD_3M_LIBOR_PUBLIC_PROXY,2010-12,0.3027233333,previous_completed_calendar_month,-0.001972766667,0.01302723333,0.0025
2011-01-28,USD_3M_LIBOR_PUBLIC_PROXY,2010-12,0.3027233333,previous_completed_calendar_month,-0.001972766667,0.01302723333,0.0025
2011-01-31,USD_3M_LIBOR_PUBLIC_PROXY,2010-12,0.3027233333,previous_completed_calendar_month,-0.001972766667,0.01302723333,0.0025
2011-02-01,USD_3M_LIBOR_PUBLIC_PROXY,2011-01,0.3034105,previous_completed_calendar_month,-0.001965895,0.013034105,0.0025
2011-02-02,USD_3M_LIBOR_PUBLIC_PROXY,2011-01,0.3034105,previous_completed_calendar_month,-0.001965895,0.013034105,0.0025
2011-02-03,USD_3M_LIBOR_PUBLIC_PROXY,2011-01,0.3034105,previous_completed_calendar_month,-0.001965895,0.013034105,0.0025
2011-02-04,USD_3M_LIBOR_PUBLIC_PROXY,2011-01,0.3034105,previous_completed_calendar_month,-0.001965895,0.013034105,0.0025
2011-02-07,USD_3M_LIBOR_PUBLIC_PROXY,2011-01,0.3034105,previous_completed_calendar_month,-0.001965895,0.013034105,0.0025
2011-02-08,USD_3M_LIBOR_PUBLIC_PROXY,2011-01,0.3034105,previous_completed_calendar_month,-0.001965895,0.013034105,0.0025
2011-02-09,USD_3M_LIBOR_PUBLIC_PROXY,2011-01,0.3034105,previous_completed_calendar_month,-0.001965895,0.013034105,0.0025
2011-02-10,USD_3M_LIBOR_PUBLIC_PROXY,2011-01,0.3034105,previous_completed_calendar_month,-0.001965895,0.013034105,0.0025
2011-02-11,USD_3M_LIBOR_PUBLIC_PROXY,2011-01,0.3034105,previous_completed_calendar_month,-0.001965895,0.013034105,0.0025
2011-02-14,USD_3M_LIBOR_PUBLIC_PROXY,2011-01,0.3034105,previous_completed_calendar_month,-0.001965895,0.013034105,0.0025
2011-02-15,USD_3M_LIBOR_PUBLIC_PROXY,2011-01,0.3034105,previous_completed_calendar_month,-0.001965895,0.013034105,0.0025
2011-02-16,USD_3M_LIBOR_PUBLIC_PROXY,2011-01,0.3034105,previous_completed_calendar_month,-0.001965895,0.013034105,0.0025
2011-02-17,USD_3M_LIBOR_PUBLIC_PROXY,2011-01,0.3034105,previous_completed_calendar_month,-0.001965895,0.013034105,0.0025
2011-02-18,USD_3M_LIBOR_PUBLIC_PROXY,2011-01,0.3034105,previous_completed_calendar_month,-0.001965895,0.013034105,0.0025
2011-02-22,USD_3M_LIBOR_PUBLIC_PROXY,2011-01,0.3034105,previous_completed_calendar_month,-0.001965895,0.013034105,0.0025
2011-02-23,USD_3M_LIBOR_PUBLIC_PROXY,2011-01,0.3034105,previous_completed_calendar_month,-0.001965895,0.013034105,0.0025
2011-02-24,USD_3M_LIBOR_PUBLIC_PROXY,2011-01,0.3034105,previous_completed_calendar_month,-0.001965895,0.013034105,0.0025
2011-02-25,USD_3M_LIBOR_PUBLIC_PROXY,2011-01,0.3034105,previous_completed_calendar_month,-0.001965895,0.013034105,0.0025
2011-02-28,USD_3M_LIBOR_PUBLIC_PROXY,2011-01,0.3034105,previous_completed_calendar_month,-0.001965895,0.013034105,0.0025
2011-03-01,USD_3M_LIBOR_PUBLIC_PROXY,2011-02,0.3119,previous_completed_calendar_month,-0.001881,0.013119,0.0025
2011-03-02,USD_3M_LIBOR_PUBLIC_PROXY,2011-02,0.3119,previous_completed_calendar_month,-0.001881,0.013119,0.0025
2011-03-03,USD_3M_LIBOR_PUBLIC_PROXY,2011-02,0.3119,previous_completed_calendar_month,-0.001881,0.013119,0.0025
2011-03-04,USD_3M_LIBOR_PUBLIC_PROXY,2011-02,0.3119,previous_completed_calendar_month,-0.001881,0.013119,0.0025
2011-03-07,USD_3M_LIBOR_PUBLIC_PROXY,2011-02,0.3119,previous_completed_calendar_month,-0.001881,0.013119,0.0025
2011-03-08,USD_3M_LIBOR_PUBLIC_PROXY,2011-02,0.3119,previous_completed_calendar_month,-0.001881,0.013119,0.0025
2011-03-09,USD_3M_LIBOR_PUBLIC_PROXY,2011-02,0.3119,previous_completed_calendar_month,-0.001881,0.013119,0.0025
2011-03-10,USD_3M_LIBOR_PUBLIC_PROXY,2011-02,0.3119,previous_completed_calendar_month,-0.001881,0.013119,0.0025
2011-03-11,USD_3M_LIBOR_PUBLIC_PROXY,2011-02,0.3119,previous_completed_calendar_month,-0.001881,0.013119,0.0025
2011-03-14,USD_3M_LIBOR_PUBLIC_PROXY,2011-02,0.3119,previous_completed_calendar_month,-0.001881,0.013119,0.0025
2011-03-15,USD_3M_LIBOR_PUBLIC_PROXY,2011-02,0.3119,previous_completed_calendar_month,-0.001881,0.013119,0.0025
2011-03-16,USD_3M_LIBOR_PUBLIC_PROXY,2011-02,0.3119,previous_completed_calendar_month,-0.001881,0.013119,0.0025
2011-03-17,USD_3M_LIBOR_PUBLIC_PROXY,2011-02,0.3119,previous_completed_calendar_month,-0.001881,0.013119,0.0025
2011-03-18,USD_3M_LIBOR_PUBLIC_PROXY,2011-02,0.3119,previous_completed_calendar_month,-0.001881,0.013119,0.0025
2011-03-21,USD_3M_LIBOR_PUBLIC_PROXY,2011-02,0.3119,previous_completed_calendar_month,-0.001881,0.013119,0.0025
2011-03-22,USD_3M_LIBOR_PUBLIC_PROXY,2011-02,0.3119,previous_completed_calendar_month,-0.001881,0.013119,0.0025
2011-03-23,USD_3M_LIBOR_PUBLIC_PROXY,2011-02,0.3119,previous_completed_calendar_month,-0.001881,0.013119,0.0025
2011-03-24,USD_3M_LIBOR_PUBLIC_PROXY,2011-02,0.3119,previous_completed_calendar_month,-0.001881,0.013119,0.0025
2011-03-25,USD_3M_LIBOR_PUBLIC_PROXY,2011-02,0.3119,previous_completed_calendar_month,-0.001881,0.013119,0.0025
2011-03-28,USD_3M_LIBOR_PUBLIC_PROXY,2011-02,0.3119,previous_completed_calendar_month,-0.001881,0.013119,0.0025
2011-03-29,USD_3M_LIBOR_PUBLIC_PROXY,2011-02,0.3119,previous_completed_calendar_month,-0.001881,0.013119,0.0025
2011-03-30,USD_3M_LIBOR_PUBLIC_PROXY,2011-02,0.3119,previous_completed_calendar_month,-0.001881,0.013119,0.0025
2011-03-31,USD_3M_LIBOR_PUBLIC_PROXY,2011-02,0.3119,previous_completed_calendar_month,-0.001881,0.013119,0.0025
2011-04-01,USD_3M_LIBOR_PUBLIC_PROXY,2011-03,0.3084347826,previous_completed_calendar_month,-0.001915652174,0.01308434783,0.0025
2011-04-04,USD_3M_LIBOR_PUBLIC_PROXY,2011-03,0.3084347826,previous_completed_calendar_month,-0.001915652174,0.01308434783,0.0025
2011-04-05,USD_3M_LIBOR_PUBLIC_PROXY,2011-03,0.3084347826,previous_completed_calendar_month,-0.001915652174,0.01308434783,0.0025
2011-04-06,USD_3M_LIBOR_PUBLIC_PROXY,2011-03,0.3084347826,previous_completed_calendar_month,-0.001915652174,0.01308434783,0.0025
2011-04-07,USD_3M_LIBOR_PUBLIC_PROXY,2011-03,0.3084347826,previous_completed_calendar_month,-0.001915652174,0.01308434783,0.0025
2011-04-08,USD_3M_LIBOR_PUBLIC_PROXY,2011-03,0.3084347826,previous_completed_calendar_month,-0.001915652174,0.01308434783,0.0025
2011-04-11,USD_3M_LIBOR_PUBLIC_PROXY,2011-03,0.3084347826,previous_completed_calendar_month,-0.001915652174,0.01308434783,0.0025
2011-04-12,USD_3M_LIBOR_PUBLIC_PROXY,2011-03,0.3084347826,previous_completed_calendar_month,-0.001915652174,0.01308434783,0.0025
2011-04-13,USD_3M_LIBOR_PUBLIC_PROXY,2011-03,0.3084347826,previous_completed_calendar_month,-0.001915652174,0.01308434783,0.0025
2011-04-14,USD_3M_LIBOR_PUBLIC_PROXY,2011-03,0.3084347826,previous_completed_calendar_month,-0.001915652174,0.01308434783,0.0025
2011-04-15,USD_3M_LIBOR_PUBLIC_PROXY,2011-03,0.3084347826,previous_completed_calendar_month,-0.001915652174,0.01308434783,0.0025
2011-04-18,USD_3M_LIBOR_PUBLIC_PROXY,2011-03,0.3084347826,previous_completed_calendar_month,-0.001915652174,0.01308434783,0.0025
2011-04-19,USD_3M_LIBOR_PUBLIC_PROXY,2011-03,0.3084347826,previous_completed_calendar_month,-0.001915652174,0.01308434783,0.0025
2011-04-20,USD_3M_LIBOR_PUBLIC_PROXY,2011-03,0.3084347826,previous_completed_calendar_month,-0.001915652174,0.01308434783,0.0025
2011-04-21,USD_3M_LIBOR_PUBLIC_PROXY,2011-03,0.3084347826,previous_completed_calendar_month,-0.001915652174,0.01308434783,0.0025
2011-04-25,USD_3M_LIBOR_PUBLIC_PROXY,2011-03,0.3084347826,previous_completed_calendar_month,-0.001915652174,0.01308434783,0.0025
2011-04-26,USD_3M_LIBOR_PUBLIC_PROXY,2011-03,0.3084347826,previous_completed_calendar_month,-0.001915652174,0.01308434783,0.0025
2011-04-27,USD_3M_LIBOR_PUBLIC_PROXY,2011-03,0.3084347826,previous_completed_calendar_month,-0.001915652174,0.01308434783,0.0025
2011-04-28,USD_3M_LIBOR_PUBLIC_PROXY,2011-03,0.3084347826,previous_completed_calendar_month,-0.001915652174,0.01308434783,0.0025
2011-04-29,USD_3M_LIBOR_PUBLIC_PROXY,2011-03,0.3084347826,previous_completed_calendar_month,-0.001915652174,0.01308434783,0.0025
2011-05-02,USD_3M_LIBOR_PUBLIC_PROXY,2011-04,0.2813822222,previous_completed_calendar_month,-0.002186177778,0.01281382222,0.0025
2011-05-03,USD_3M_LIBOR_PUBLIC_PROXY,2011-04,0.2813822222,previous_completed_calendar_month,-0.002186177778,0.01281382222,0.0025
2011-05-04,USD_3M_LIBOR_PUBLIC_PROXY,2011-04,0.2813822222,previous_completed_calendar_month,-0.002186177778,0.01281382222,0.0025
2011-05-05,USD_3M_LIBOR_PUBLIC_PROXY,2011-04,0.2813822222,previous_completed_calendar_month,-0.002186177778,0.01281382222,0.0025
2011-05-06,USD_3M_LIBOR_PUBLIC_PROXY,2011-04,0.2813822222,previous_completed_calendar_month,-0.002186177778,0.01281382222,0.0025
2011-05-09,USD_3M_LIBOR_PUBLIC_PROXY,2011-04,0.2813822222,previous_completed_calendar_month,-0.002186177778,0.01281382222,0.0025
2011-05-10,USD_3M_LIBOR_PUBLIC_PROXY,2011-04,0.2813822222,previous_completed_calendar_month,-0.002186177778,0.01281382222,0.0025
2011-05-11,USD_3M_LIBOR_PUBLIC_PROXY,2011-04,0.2813822222,previous_completed_calendar_month,-0.002186177778,0.01281382222,0.0025
2011-05-12,USD_3M_LIBOR_PUBLIC_PROXY,2011-04,0.2813822222,previous_completed_calendar_month,-0.002186177778,0.01281382222,0.0025
2011-05-13,USD_3M_LIBOR_PUBLIC_PROXY,2011-04,0.2813822222,previous_completed_calendar_month,-0.002186177778,0.01281382222,0.0025
2011-05-16,USD_3M_LIBOR_PUBLIC_PROXY,2011-04,0.2813822222,previous_completed_calendar_month,-0.002186177778,0.01281382222,0.0025
2011-05-17,USD_3M_LIBOR_PUBLIC_PROXY,2011-04,0.2813822222,previous_completed_calendar_month,-0.002186177778,0.01281382222,0.0025
2011-05-18,USD_3M_LIBOR_PUBLIC_PROXY,2011-04,0.2813822222,previous_completed_calendar_month,-0.002186177778,0.01281382222,0.0025
2011-05-19,USD_3M_LIBOR_PUBLIC_PROXY,2011-04,0.2813822222,previous_completed_calendar_month,-0.002186177778,0.01281382222,0.0025
2011-05-20,USD_3M_LIBOR_PUBLIC_PROXY,2011-04,0.2813822222,previous_completed_calendar_month,-0.002186177778,0.01281382222,0.0025
2011-05-23,USD_3M_LIBOR_PUBLIC_PROXY,2011-04,0.2813822222,previous_completed_calendar_month,-0.002186177778,0.01281382222,0.0025
2011-05-24,USD_3M_LIBOR_PUBLIC_PROXY,2011-04,0.2813822222,previous_completed_calendar_month,-0.002186177778,0.01281382222,0.0025
2011-05-25,USD_3M_LIBOR_PUBLIC_PROXY,2011-04,0.2813822222,previous_completed_calendar_month,-0.002186177778,0.01281382222,0.0025
2011-05-26,USD_3M_LIBOR_PUBLIC_PROXY,2011-04,0.2813822222,previous_completed_calendar_month,-0.002186177778,0.01281382222,0.0025
2011-05-27,USD_3M_LIBOR_PUBLIC_PROXY,2011-04,0.2813822222,previous_completed_calendar_month,-0.002186177778,0.01281382222,0.0025
2011-05-31,USD_3M_LIBOR_PUBLIC_PROXY,2011-04,0.2813822222,previous_completed_calendar_month,-0.002186177778,0.01281382222,0.0025
2011-06-01,USD_3M_LIBOR_PUBLIC_PROXY,2011-05,0.260713,previous_completed_calendar_month,-0.00239287,0.01260713,0.0025
2011-06-02,USD_3M_LIBOR_PUBLIC_PROXY,2011-05,0.260713,previous_completed_calendar_month,-0.00239287,0.01260713,0.0025
2011-06-03,USD_3M_LIBOR_PUBLIC_PROXY,2011-05,0.260713,previous_completed_calendar_month,-0.00239287,0.01260713,0.0025
2011-06-06,USD_3M_LIBOR_PUBLIC_PROXY,2011-05,0.260713,previous_completed_calendar_month,-0.00239287,0.01260713,0.0025
2011-06-07,USD_3M_LIBOR_PUBLIC_PROXY,2011-05,0.260713,previous_completed_calendar_month,-0.00239287,0.01260713,0.0025
2011-06-08,USD_3M_LIBOR_PUBLIC_PROXY,2011-05,0.260713,previous_completed_calendar_month,-0.00239287,0.01260713,0.0025
2011-06-09,USD_3M_LIBOR_PUBLIC_PROXY,2011-05,0.260713,previous_completed_calendar_month,-0.00239287,0.01260713,0.0025
2011-06-10,USD_3M_LIBOR_PUBLIC_PROXY,2011-05,0.260713,previous_completed_calendar_month,-0.00239287,0.01260713,0.0025
2011-06-13,USD_3M_LIBOR_PUBLIC_PROXY,2011-05,0.260713,previous_completed_calendar_month,-0.00239287,0.01260713,0.0025
2011-06-14,USD_3M_LIBOR_PUBLIC_PROXY,2011-05,0.260713,previous_completed_calendar_month,-0.00239287,0.01260713,0.0025
2011-06-15,USD_3M_LIBOR_PUBLIC_PROXY,2011-05,0.260713,previous_completed_calendar_month,-0.00239287,0.01260713,0.0025
2011-06-16,USD_3M_LIBOR_PUBLIC_PROXY,2011-05,0.260713,previous_completed_calendar_month,-0.00239287,0.01260713,0.0025
2011-06-17,USD_3M_LIBOR_PUBLIC_PROXY,2011-05,0.260713,previous_completed_calendar_month,-0.00239287,0.01260713,0.0025
2011-06-20,USD_3M_LIBOR_PUBLIC_PROXY,2011-05,0.260713,previous_completed_calendar_month,-0.00239287,0.01260713,0.0025
2011-06-21,USD_3M_LIBOR_PUBLIC_PROXY,2011-05,0.260713,previous_completed_calendar_month,-0.00239287,0.01260713,0.0025
2011-06-22,USD_3M_LIBOR_PUBLIC_PROXY,2011-05,0.260713,previous_completed_calendar_month,-0.00239287,0.01260713,0.0025
2011-06-23,USD_3M_LIBOR_PUBLIC_PROXY,2011-05,0.260713,previous_completed_calendar_month,-0.00239287,0.01260713,0.0025
2011-06-24,USD_3M_LIBOR_PUBLIC_PROXY,2011-05,0.260713,previous_completed_calendar_month,-0.00239287,0.01260713,0.0025
2011-06-27,USD_3M_LIBOR_PUBLIC_PROXY,2011-05,0.260713,previous_completed_calendar_month,-0.00239287,0.01260713,0.0025
2011-06-28,USD_3M_LIBOR_PUBLIC_PROXY,2011-05,0.260713,previous_completed_calendar_month,-0.00239287,0.01260713,0.0025
2011-06-29,USD_3M_LIBOR_PUBLIC_PROXY,2011-05,0.260713,previous_completed_calendar_month,-0.00239287,0.01260713,0.0025
2011-06-30,USD_3M_LIBOR_PUBLIC_PROXY,2011-05,0.260713,previous_completed_calendar_month,-0.00239287,0.01260713,0.0025
2011-07-01,USD_3M_LIBOR_PUBLIC_PROXY,2011-06,0.2478240909,previous_completed_calendar_month,-0.002521759091,0.01247824091,0.0025
2011-07-05,USD_3M_LIBOR_PUBLIC_PROXY,2011-06,0.2478240909,previous_completed_calendar_month,-0.002521759091,0.01247824091,0.0025
2011-07-06,USD_3M_LIBOR_PUBLIC_PROXY,2011-06,0.2478240909,previous_completed_calendar_month,-0.002521759091,0.01247824091,0.0025
2011-07-07,USD_3M_LIBOR_PUBLIC_PROXY,2011-06,0.2478240909,previous_completed_calendar_month,-0.002521759091,0.01247824091,0.0025
2011-07-08,USD_3M_LIBOR_PUBLIC_PROXY,2011-06,0.2478240909,previous_completed_calendar_month,-0.002521759091,0.01247824091,0.0025
2011-07-11,USD_3M_LIBOR_PUBLIC_PROXY,2011-06,0.2478240909,previous_completed_calendar_month,-0.002521759091,0.01247824091,0.0025
2011-07-12,USD_3M_LIBOR_PUBLIC_PROXY,2011-06,0.2478240909,previous_completed_calendar_month,-0.002521759091,0.01247824091,0.0025
2011-07-13,USD_3M_LIBOR_PUBLIC_PROXY,2011-06,0.2478240909,previous_completed_calendar_month,-0.002521759091,0.01247824091,0.0025
2011-07-14,USD_3M_LIBOR_PUBLIC_PROXY,2011-06,0.2478240909,previous_completed_calendar_month,-0.002521759091,0.01247824091,0.0025
2011-07-15,USD_3M_LIBOR_PUBLIC_PROXY,2011-06,0.2478240909,previous_completed_calendar_month,-0.002521759091,0.01247824091,0.0025
2011-07-18,USD_3M_LIBOR_PUBLIC_PROXY,2011-06,0.2478240909,previous_completed_calendar_month,-0.002521759091,0.01247824091,0.0025
2011-07-19,USD_3M_LIBOR_PUBLIC_PROXY,2011-06,0.2478240909,previous_completed_calendar_month,-0.002521759091,0.01247824091,0.0025
2011-07-20,USD_3M_LIBOR_PUBLIC_PROXY,2011-06,0.2478240909,previous_completed_calendar_month,-0.002521759091,0.01247824091,0.0025
2011-07-21,USD_3M_LIBOR_PUBLIC_PROXY,2011-06,0.2478240909,previous_completed_calendar_month,-0.002521759091,0.01247824091,0.0025
2011-07-22,USD_3M_LIBOR_PUBLIC_PROXY,2011-06,0.2478240909,previous_completed_calendar_month,-0.002521759091,0.01247824091,0.0025
2011-07-25,USD_3M_LIBOR_PUBLIC_PROXY,2011-06,0.2478240909,previous_completed_calendar_month,-0.002521759091,0.01247824091,0.0025
2011-07-26,USD_3M_LIBOR_PUBLIC_PROXY,2011-06,0.2478240909,previous_completed_calendar_month,-0.002521759091,0.01247824091,0.0025
2011-07-27,USD_3M_LIBOR_PUBLIC_PROXY,2011-06,0.2478240909,previous_completed_calendar_month,-0.002521759091,0.01247824091,0.0025
2011-07-28,USD_3M_LIBOR_PUBLIC_PROXY,2011-06,0.2478240909,previous_completed_calendar_month,-0.002521759091,0.01247824091,0.0025
2011-07-29,USD_3M_LIBOR_PUBLIC_PROXY,2011-06,0.2478240909,previous_completed_calendar_month,-0.002521759091,0.01247824091,0.0025
2011-08-01,USD_3M_LIBOR_PUBLIC_PROXY,2011-07,0.2499119048,previous_completed_calendar_month,-0.002500880952,0.01249911905,0.0025
2011-08-02,USD_3M_LIBOR_PUBLIC_PROXY,2011-07,0.2499119048,previous_completed_calendar_month,-0.002500880952,0.01249911905,0.0025
2011-08-03,USD_3M_LIBOR_PUBLIC_PROXY,2011-07,0.2499119048,previous_completed_calendar_month,-0.002500880952,0.01249911905,0.0025
2011-08-04,USD_3M_LIBOR_PUBLIC_PROXY,2011-07,0.2499119048,previous_completed_calendar_month,-0.002500880952,0.01249911905,0.0025
2011-08-05,USD_3M_LIBOR_PUBLIC_PROXY,2011-07,0.2499119048,previous_completed_calendar_month,-0.002500880952,0.01249911905,0.0025
2011-08-08,USD_3M_LIBOR_PUBLIC_PROXY,2011-07,0.2499119048,previous_completed_calendar_month,-0.002500880952,0.01249911905,0.0025
2011-08-09,USD_3M_LIBOR_PUBLIC_PROXY,2011-07,0.2499119048,previous_completed_calendar_month,-0.002500880952,0.01249911905,0.0025
2011-08-10,USD_3M_LIBOR_PUBLIC_PROXY,2011-07,0.2499119048,previous_completed_calendar_month,-0.002500880952,0.01249911905,0.0025
2011-08-11,USD_3M_LIBOR_PUBLIC_PROXY,2011-07,0.2499119048,previous_completed_calendar_month,-0.002500880952,0.01249911905,0.0025
2011-08-12,USD_3M_LIBOR_PUBLIC_PROXY,2011-07,0.2499119048,previous_completed_calendar_month,-0.002500880952,0.01249911905,0.0025
2011-08-15,USD_3M_LIBOR_PUBLIC_PROXY,2011-07,0.2499119048,previous_completed_calendar_month,-0.002500880952,0.01249911905,0.0025
2011-08-16,USD_3M_LIBOR_PUBLIC_PROXY,2011-07,0.2499119048,previous_completed_calendar_month,-0.002500880952,0.01249911905,0.0025
2011-08-17,USD_3M_LIBOR_PUBLIC_PROXY,2011-07,0.2499119048,previous_completed_calendar_month,-0.002500880952,0.01249911905,0.0025
2011-08-18,USD_3M_LIBOR_PUBLIC_PROXY,2011-07,0.2499119048,previous_completed_calendar_month,-0.002500880952,0.01249911905,0.0025
2011-08-19,USD_3M_LIBOR_PUBLIC_PROXY,2011-07,0.2499119048,previous_completed_calendar_month,-0.002500880952,0.01249911905,0.0025
2011-08-22,USD_3M_LIBOR_PUBLIC_PROXY,2011-07,0.2499119048,previous_completed_calendar_month,-0.002500880952,0.01249911905,0.0025
2011-08-23,USD_3M_LIBOR_PUBLIC_PROXY,2011-07,0.2499119048,previous_completed_calendar_month,-0.002500880952,0.01249911905,0.0025
2011-08-24,USD_3M_LIBOR_PUBLIC_PROXY,2011-07,0.2499119048,previous_completed_calendar_month,-0.002500880952,0.01249911905,0.0025
2011-08-25,USD_3M_LIBOR_PUBLIC_PROXY,2011-07,0.2499119048,previous_completed_calendar_month,-0.002500880952,0.01249911905,0.0025
2011-08-26,USD_3M_LIBOR_PUBLIC_PROXY,2011-07,0.2499119048,previous_completed_calendar_month,-0.002500880952,0.01249911905,0.0025
2011-08-29,USD_3M_LIBOR_PUBLIC_PROXY,2011-07,0.2499119048,previous_completed_calendar_month,-0.002500880952,0.01249911905,0.0025
2011-08-30,USD_3M_LIBOR_PUBLIC_PROXY,2011-07,0.2499119048,previous_completed_calendar_month,-0.002500880952,0.01249911905,0.0025
2011-08-31,USD_3M_LIBOR_PUBLIC_PROXY,2011-07,0.2499119048,previous_completed_calendar_month,-0.002500880952,0.01249911905,0.0025
2011-09-01,USD_3M_LIBOR_PUBLIC_PROXY,2011-08,0.2932377273,previous_completed_calendar_month,-0.002067622727,0.01293237727,0.0025
2011-09-02,USD_3M_LIBOR_PUBLIC_PROXY,2011-08,0.2932377273,previous_completed_calendar_month,-0.002067622727,0.01293237727,0.0025
2011-09-06,USD_3M_LIBOR_PUBLIC_PROXY,2011-08,0.2932377273,previous_completed_calendar_month,-0.002067622727,0.01293237727,0.0025
2011-09-07,USD_3M_LIBOR_PUBLIC_PROXY,2011-08,0.2932377273,previous_completed_calendar_month,-0.002067622727,0.01293237727,0.0025
2011-09-08,USD_3M_LIBOR_PUBLIC_PROXY,2011-08,0.2932377273,previous_completed_calendar_month,-0.002067622727,0.01293237727,0.0025
2011-09-09,USD_3M_LIBOR_PUBLIC_PROXY,2011-08,0.2932377273,previous_completed_calendar_month,-0.002067622727,0.01293237727,0.0025
2011-09-12,USD_3M_LIBOR_PUBLIC_PROXY,2011-08,0.2932377273,previous_completed_calendar_month,-0.002067622727,0.01293237727,0.0025
2011-09-13,USD_3M_LIBOR_PUBLIC_PROXY,2011-08,0.2932377273,previous_completed_calendar_month,-0.002067622727,0.01293237727,0.0025
2011-09-14,USD_3M_LIBOR_PUBLIC_PROXY,2011-08,0.2932377273,previous_completed_calendar_month,-0.002067622727,0.01293237727,0.0025
2011-09-15,USD_3M_LIBOR_PUBLIC_PROXY,2011-08,0.2932377273,previous_completed_calendar_month,-0.002067622727,0.01293237727,0.0025
2011-09-16,USD_3M_LIBOR_PUBLIC_PROXY,2011-08,0.2932377273,previous_completed_calendar_month,-0.002067622727,0.01293237727,0.0025
2011-09-19,USD_3M_LIBOR_PUBLIC_PROXY,2011-08,0.2932377273,previous_completed_calendar_month,-0.002067622727,0.01293237727,0.0025
2011-09-20,USD_3M_LIBOR_PUBLIC_PROXY,2011-08,0.2932377273,previous_completed_calendar_month,-0.002067622727,0.01293237727,0.0025
2011-09-21,USD_3M_LIBOR_PUBLIC_PROXY,2011-08,0.2932377273,previous_completed_calendar_month,-0.002067622727,0.01293237727,0.0025
2011-09-22,USD_3M_LIBOR_PUBLIC_PROXY,2011-08,0.2932377273,previous_completed_calendar_month,-0.002067622727,0.01293237727,0.0025
2011-09-23,USD_3M_LIBOR_PUBLIC_PROXY,2011-08,0.2932377273,previous_completed_calendar_month,-0.002067622727,0.01293237727,0.0025
2011-09-26,USD_3M_LIBOR_PUBLIC_PROXY,2011-08,0.2932377273,previous_completed_calendar_month,-0.002067622727,0.01293237727,0.0025
2011-09-27,USD_3M_LIBOR_PUBLIC_PROXY,2011-08,0.2932377273,previous_completed_calendar_month,-0.002067622727,0.01293237727,0.0025
2011-09-28,USD_3M_LIBOR_PUBLIC_PROXY,2011-08,0.2932377273,previous_completed_calendar_month,-0.002067622727,0.01293237727,0.0025
2011-09-29,USD_3M_LIBOR_PUBLIC_PROXY,2011-08,0.2932377273,previous_completed_calendar_month,-0.002067622727,0.01293237727,0.0025
2011-09-30,USD_3M_LIBOR_PUBLIC_PROXY,2011-08,0.2932377273,previous_completed_calendar_month,-0.002067622727,0.01293237727,0.0025
2011-10-03,USD_3M_LIBOR_PUBLIC_PROXY,2011-09,0.3502268182,previous_completed_calendar_month,-0.001497731818,0.01350226818,0.0025
2011-10-04,USD_3M_LIBOR_PUBLIC_PROXY,2011-09,0.3502268182,previous_completed_calendar_month,-0.001497731818,0.01350226818,0.0025
2011-10-05,USD_3M_LIBOR_PUBLIC_PROXY,2011-09,0.3502268182,previous_completed_calendar_month,-0.001497731818,0.01350226818,0.0025
2011-10-06,USD_3M_LIBOR_PUBLIC_PROXY,2011-09,0.3502268182,previous_completed_calendar_month,-0.001497731818,0.01350226818,0.0025
2011-10-07,USD_3M_LIBOR_PUBLIC_PROXY,2011-09,0.3502268182,previous_completed_calendar_month,-0.001497731818,0.01350226818,0.0025
2011-10-10,USD_3M_LIBOR_PUBLIC_PROXY,2011-09,0.3502268182,previous_completed_calendar_month,-0.001497731818,0.01350226818,0.0025
2011-10-11,USD_3M_LIBOR_PUBLIC_PROXY,2011-09,0.3502268182,previous_completed_calendar_month,-0.001497731818,0.01350226818,0.0025
2011-10-12,USD_3M_LIBOR_PUBLIC_PROXY,2011-09,0.3502268182,previous_completed_calendar_month,-0.001497731818,0.01350226818,0.0025
2011-10-13,USD_3M_LIBOR_PUBLIC_PROXY,2011-09,0.3502268182,previous_completed_calendar_month,-0.001497731818,0.01350226818,0.0025
2011-10-14,USD_3M_LIBOR_PUBLIC_PROXY,2011-09,0.3502268182,previous_completed_calendar_month,-0.001497731818,0.01350226818,0.0025
2011-10-17,USD_3M_LIBOR_PUBLIC_PROXY,2011-09,0.3502268182,previous_completed_calendar_month,-0.001497731818,0.01350226818,0.0025
2011-10-18,USD_3M_LIBOR_PUBLIC_PROXY,2011-09,0.3502268182,previous_completed_calendar_month,-0.001497731818,0.01350226818,0.0025
2011-10-19,USD_3M_LIBOR_PUBLIC_PROXY,2011-09,0.3502268182,previous_completed_calendar_month,-0.001497731818,0.01350226818,0.0025
2011-10-20,USD_3M_LIBOR_PUBLIC_PROXY,2011-09,0.3502268182,previous_completed_calendar_month,-0.001497731818,0.01350226818,0.0025
2011-10-21,USD_3M_LIBOR_PUBLIC_PROXY,2011-09,0.3502268182,previous_completed_calendar_month,-0.001497731818,0.01350226818,0.0025
2011-10-24,USD_3M_LIBOR_PUBLIC_PROXY,2011-09,0.3502268182,previous_completed_calendar_month,-0.001497731818,0.01350226818,0.0025
2011-10-25,USD_3M_LIBOR_PUBLIC_PROXY,2011-09,0.3502268182,previous_completed_calendar_month,-0.001497731818,0.01350226818,0.0025
2011-10-26,USD_3M_LIBOR_PUBLIC_PROXY,2011-09,0.3502268182,previous_completed_calendar_month,-0.001497731818,0.01350226818,0.0025
2011-10-27,USD_3M_LIBOR_PUBLIC_PROXY,2011-09,0.3502268182,previous_completed_calendar_month,-0.001497731818,0.01350226818,0.0025
2011-10-28,USD_3M_LIBOR_PUBLIC_PROXY,2011-09,0.3502268182,previous_completed_calendar_month,-0.001497731818,0.01350226818,0.0025
2011-10-31,USD_3M_LIBOR_PUBLIC_PROXY,2011-09,0.3502268182,previous_completed_calendar_month,-0.001497731818,0.01350226818,0.0025
2011-11-01,USD_3M_LIBOR_PUBLIC_PROXY,2011-10,0.4064785714,previous_completed_calendar_month,-0.0009352142857,0.01406478571,0.0025
2011-11-02,USD_3M_LIBOR_PUBLIC_PROXY,2011-10,0.4064785714,previous_completed_calendar_month,-0.0009352142857,0.01406478571,0.0025
2011-11-03,USD_3M_LIBOR_PUBLIC_PROXY,2011-10,0.4064785714,previous_completed_calendar_month,-0.0009352142857,0.01406478571,0.0025
2011-11-04,USD_3M_LIBOR_PUBLIC_PROXY,2011-10,0.4064785714,previous_completed_calendar_month,-0.0009352142857,0.01406478571,0.0025
2011-11-07,USD_3M_LIBOR_PUBLIC_PROXY,2011-10,0.4064785714,previous_completed_calendar_month,-0.0009352142857,0.01406478571,0.0025
2011-11-08,USD_3M_LIBOR_PUBLIC_PROXY,2011-10,0.4064785714,previous_completed_calendar_month,-0.0009352142857,0.01406478571,0.0025
2011-11-09,USD_3M_LIBOR_PUBLIC_PROXY,2011-10,0.4064785714,previous_completed_calendar_month,-0.0009352142857,0.01406478571,0.0025
2011-11-10,USD_3M_LIBOR_PUBLIC_PROXY,2011-10,0.4064785714,previous_completed_calendar_month,-0.0009352142857,0.01406478571,0.0025
2011-11-11,USD_3M_LIBOR_PUBLIC_PROXY,2011-10,0.4064785714,previous_completed_calendar_month,-0.0009352142857,0.01406478571,0.0025
2011-11-14,USD_3M_LIBOR_PUBLIC_PROXY,2011-10,0.4064785714,previous_completed_calendar_month,-0.0009352142857,0.01406478571,0.0025
2011-11-15,USD_3M_LIBOR_PUBLIC_PROXY,2011-10,0.4064785714,previous_completed_calendar_month,-0.0009352142857,0.01406478571,0.0025
2011-11-16,USD_3M_LIBOR_PUBLIC_PROXY,2011-10,0.4064785714,previous_completed_calendar_month,-0.0009352142857,0.01406478571,0.0025
2011-11-17,USD_3M_LIBOR_PUBLIC_PROXY,2011-10,0.4064785714,previous_completed_calendar_month,-0.0009352142857,0.01406478571,0.0025
2011-11-18,USD_3M_LIBOR_PUBLIC_PROXY,2011-10,0.4064785714,previous_completed_calendar_month,-0.0009352142857,0.01406478571,0.0025
2011-11-21,USD_3M_LIBOR_PUBLIC_PROXY,2011-10,0.4064785714,previous_completed_calendar_month,-0.0009352142857,0.01406478571,0.0025
2011-11-22,USD_3M_LIBOR_PUBLIC_PROXY,2011-10,0.4064785714,previous_completed_calendar_month,-0.0009352142857,0.01406478571,0.0025
2011-11-23,USD_3M_LIBOR_PUBLIC_PROXY,2011-10,0.4064785714,previous_completed_calendar_month,-0.0009352142857,0.01406478571,0.0025
2011-11-25,USD_3M_LIBOR_PUBLIC_PROXY,2011-10,0.4064785714,previous_completed_calendar_month,-0.0009352142857,0.01406478571,0.0025
2011-11-28,USD_3M_LIBOR_PUBLIC_PROXY,2011-10,0.4064785714,previous_completed_calendar_month,-0.0009352142857,0.01406478571,0.0025
2011-11-29,USD_3M_LIBOR_PUBLIC_PROXY,2011-10,0.4064785714,previous_completed_calendar_month,-0.0009352142857,0.01406478571,0.0025
2011-11-30,USD_3M_LIBOR_PUBLIC_PROXY,2011-10,0.4064785714,previous_completed_calendar_month,-0.0009352142857,0.01406478571,0.0025
2011-12-01,USD_3M_LIBOR_PUBLIC_PROXY,2011-11,0.4752918182,previous_completed_calendar_month,-0.0002470818182,0.01475291818,0.0025
2011-12-02,USD_3M_LIBOR_PUBLIC_PROXY,2011-11,0.4752918182,previous_completed_calendar_month,-0.0002470818182,0.01475291818,0.0025
2011-12-05,USD_3M_LIBOR_PUBLIC_PROXY,2011-11,0.4752918182,previous_completed_calendar_month,-0.0002470818182,0.01475291818,0.0025
2011-12-06,USD_3M_LIBOR_PUBLIC_PROXY,2011-11,0.4752918182,previous_completed_calendar_month,-0.0002470818182,0.01475291818,0.0025
2011-12-07,USD_3M_LIBOR_PUBLIC_PROXY,2011-11,0.4752918182,previous_completed_calendar_month,-0.0002470818182,0.01475291818,0.0025
2011-12-08,USD_3M_LIBOR_PUBLIC_PROXY,2011-11,0.4752918182,previous_completed_calendar_month,-0.0002470818182,0.01475291818,0.0025
2011-12-09,USD_3M_LIBOR_PUBLIC_PROXY,2011-11,0.4752918182,previous_completed_calendar_month,-0.0002470818182,0.01475291818,0.0025
2011-12-12,USD_3M_LIBOR_PUBLIC_PROXY,2011-11,0.4752918182,previous_completed_calendar_month,-0.0002470818182,0.01475291818,0.0025
2011-12-13,USD_3M_LIBOR_PUBLIC_PROXY,2011-11,0.4752918182,previous_completed_calendar_month,-0.0002470818182,0.01475291818,0.0025
2011-12-14,USD_3M_LIBOR_PUBLIC_PROXY,2011-11,0.4752918182,previous_completed_calendar_month,-0.0002470818182,0.01475291818,0.0025
2011-12-15,USD_3M_LIBOR_PUBLIC_PROXY,2011-11,0.4752918182,previous_completed_calendar_month,-0.0002470818182,0.01475291818,0.0025
2011-12-16,USD_3M_LIBOR_PUBLIC_PROXY,2011-11,0.4752918182,previous_completed_calendar_month,-0.0002470818182,0.01475291818,0.0025
2011-12-19,USD_3M_LIBOR_PUBLIC_PROXY,2011-11,0.4752918182,previous_completed_calendar_month,-0.0002470818182,0.01475291818,0.0025
2011-12-20,USD_3M_LIBOR_PUBLIC_PROXY,2011-11,0.4752918182,previous_completed_calendar_month,-0.0002470818182,0.01475291818,0.0025
2011-12-21,USD_3M_LIBOR_PUBLIC_PROXY,2011-11,0.4752918182,previous_completed_calendar_month,-0.0002470818182,0.01475291818,0.0025
2011-12-22,USD_3M_LIBOR_PUBLIC_PROXY,2011-11,0.4752918182,previous_completed_calendar_month,-0.0002470818182,0.01475291818,0.0025
2011-12-23,USD_3M_LIBOR_PUBLIC_PROXY,2011-11,0.4752918182,previous_completed_calendar_month,-0.0002470818182,0.01475291818,0.0025
2011-12-27,USD_3M_LIBOR_PUBLIC_PROXY,2011-11,0.4752918182,previous_completed_calendar_month,-0.0002470818182,0.01475291818,0.0025
2011-12-28,USD_3M_LIBOR_PUBLIC_PROXY,2011-11,0.4752918182,previous_completed_calendar_month,-0.0002470818182,0.01475291818,0.0025
2011-12-29,USD_3M_LIBOR_PUBLIC_PROXY,2011-11,0.4752918182,previous_completed_calendar_month,-0.0002470818182,0.01475291818,0.0025
2011-12-30,USD_3M_LIBOR_PUBLIC_PROXY,2011-11,0.4752918182,previous_completed_calendar_month,-0.0002470818182,0.01475291818,0.0025
2012-01-03,USD_3M_LIBOR_PUBLIC_PROXY,2011-12,0.5557375,previous_completed_calendar_month,0.000557375,0.015557375,0.0025
2012-01-04,USD_3M_LIBOR_PUBLIC_PROXY,2011-12,0.5557375,previous_completed_calendar_month,0.000557375,0.015557375,0.0025
2012-01-05,USD_3M_LIBOR_PUBLIC_PROXY,2011-12,0.5557375,previous_completed_calendar_month,0.000557375,0.015557375,0.0025
2012-01-06,USD_3M_LIBOR_PUBLIC_PROXY,2011-12,0.5557375,previous_completed_calendar_month,0.000557375,0.015557375,0.0025
2012-01-09,USD_3M_LIBOR_PUBLIC_PROXY,2011-12,0.5557375,previous_completed_calendar_month,0.000557375,0.015557375,0.0025
2012-01-10,USD_3M_LIBOR_PUBLIC_PROXY,2011-12,0.5557375,previous_completed_calendar_month,0.000557375,0.015557375,0.0025
2012-01-11,USD_3M_LIBOR_PUBLIC_PROXY,2011-12,0.5557375,previous_completed_calendar_month,0.000557375,0.015557375,0.0025
2012-01-12,USD_3M_LIBOR_PUBLIC_PROXY,2011-12,0.5557375,previous_completed_calendar_month,0.000557375,0.015557375,0.0025
2012-01-13,USD_3M_LIBOR_PUBLIC_PROXY,2011-12,0.5557375,previous_completed_calendar_month,0.000557375,0.015557375,0.0025
2012-01-17,USD_3M_LIBOR_PUBLIC_PROXY,2011-12,0.5557375,previous_completed_calendar_month,0.000557375,0.015557375,0.0025
2012-01-18,USD_3M_LIBOR_PUBLIC_PROXY,2011-12,0.5557375,previous_completed_calendar_month,0.000557375,0.015557375,0.0025
2012-01-19,USD_3M_LIBOR_PUBLIC_PROXY,2011-12,0.5557375,previous_completed_calendar_month,0.000557375,0.015557375,0.0025
2012-01-20,USD_3M_LIBOR_PUBLIC_PROXY,2011-12,0.5557375,previous_completed_calendar_month,0.000557375,0.015557375,0.0025
2012-01-23,USD_3M_LIBOR_PUBLIC_PROXY,2011-12,0.5557375,previous_completed_calendar_month,0.000557375,0.015557375,0.0025
2012-01-24,USD_3M_LIBOR_PUBLIC_PROXY,2011-12,0.5557375,previous_completed_calendar_month,0.000557375,0.015557375,0.0025
2012-01-25,USD_3M_LIBOR_PUBLIC_PROXY,2011-12,0.5557375,previous_completed_calendar_month,0.000557375,0.015557375,0.0025
2012-01-26,USD_3M_LIBOR_PUBLIC_PROXY,2011-12,0.5557375,previous_completed_calendar_month,0.000557375,0.015557375,0.0025
2012-01-27,USD_3M_LIBOR_PUBLIC_PROXY,2011-12,0.5557375,previous_completed_calendar_month,0.000557375,0.015557375,0.0025
2012-01-30,USD_3M_LIBOR_PUBLIC_PROXY,2011-12,0.5557375,previous_completed_calendar_month,0.000557375,0.015557375,0.0025
2012-01-31,USD_3M_LIBOR_PUBLIC_PROXY,2011-12,0.5557375,previous_completed_calendar_month,0.000557375,0.015557375,0.0025
2012-02-01,USD_3M_LIBOR_PUBLIC_PROXY,2012-01,0.5659,previous_completed_calendar_month,0.000659,0.015659,0.0025
2012-02-02,USD_3M_LIBOR_PUBLIC_PROXY,2012-01,0.5659,previous_completed_calendar_month,0.000659,0.015659,0.0025
2012-02-03,USD_3M_LIBOR_PUBLIC_PROXY,2012-01,0.5659,previous_completed_calendar_month,0.000659,0.015659,0.0025
2012-02-06,USD_3M_LIBOR_PUBLIC_PROXY,2012-01,0.5659,previous_completed_calendar_month,0.000659,0.015659,0.0025
2012-02-07,USD_3M_LIBOR_PUBLIC_PROXY,2012-01,0.5659,previous_completed_calendar_month,0.000659,0.015659,0.0025
2012-02-08,USD_3M_LIBOR_PUBLIC_PROXY,2012-01,0.5659,previous_completed_calendar_month,0.000659,0.015659,0.0025
2012-02-09,USD_3M_LIBOR_PUBLIC_PROXY,2012-01,0.5659,previous_completed_calendar_month,0.000659,0.015659,0.0025
2012-02-10,USD_3M_LIBOR_PUBLIC_PROXY,2012-01,0.5659,previous_completed_calendar_month,0.000659,0.015659,0.0025
2012-02-13,USD_3M_LIBOR_PUBLIC_PROXY,2012-01,0.5659,previous_completed_calendar_month,0.000659,0.015659,0.0025
2012-02-14,USD_3M_LIBOR_PUBLIC_PROXY,2012-01,0.5659,previous_completed_calendar_month,0.000659,0.015659,0.0025
2012-02-15,USD_3M_LIBOR_PUBLIC_PROXY,2012-01,0.5659,previous_completed_calendar_month,0.000659,0.015659,0.0025
2012-02-16,USD_3M_LIBOR_PUBLIC_PROXY,2012-01,0.5659,previous_completed_calendar_month,0.000659,0.015659,0.0025
2012-02-17,USD_3M_LIBOR_PUBLIC_PROXY,2012-01,0.5659,previous_completed_calendar_month,0.000659,0.015659,0.0025
2012-02-21,USD_3M_LIBOR_PUBLIC_PROXY,2012-01,0.5659,previous_completed_calendar_month,0.000659,0.015659,0.0025
2012-02-22,USD_3M_LIBOR_PUBLIC_PROXY,2012-01,0.5659,previous_completed_calendar_month,0.000659,0.015659,0.0025
2012-02-23,USD_3M_LIBOR_PUBLIC_PROXY,2012-01,0.5659,previous_completed_calendar_month,0.000659,0.015659,0.0025
2012-02-24,USD_3M_LIBOR_PUBLIC_PROXY,2012-01,0.5659,previous_completed_calendar_month,0.000659,0.015659,0.0025
2012-02-27,USD_3M_LIBOR_PUBLIC_PROXY,2012-01,0.5659,previous_completed_calendar_month,0.000659,0.015659,0.0025
2012-02-28,USD_3M_LIBOR_PUBLIC_PROXY,2012-01,0.5659,previous_completed_calendar_month,0.000659,0.015659,0.0025
2012-02-29,USD_3M_LIBOR_PUBLIC_PROXY,2012-01,0.5659,previous_completed_calendar_month,0.000659,0.015659,0.0025
2012-03-01,USD_3M_LIBOR_PUBLIC_PROXY,2012-02,0.5032404762,previous_completed_calendar_month,3.24047619e-05,0.01503240476,0.0025
2012-03-02,USD_3M_LIBOR_PUBLIC_PROXY,2012-02,0.5032404762,previous_completed_calendar_month,3.24047619e-05,0.01503240476,0.0025
2012-03-05,USD_3M_LIBOR_PUBLIC_PROXY,2012-02,0.5032404762,previous_completed_calendar_month,3.24047619e-05,0.01503240476,0.0025
2012-03-06,USD_3M_LIBOR_PUBLIC_PROXY,2012-02,0.5032404762,previous_completed_calendar_month,3.24047619e-05,0.01503240476,0.0025
2012-03-07,USD_3M_LIBOR_PUBLIC_PROXY,2012-02,0.5032404762,previous_completed_calendar_month,3.24047619e-05,0.01503240476,0.0025
2012-03-08,USD_3M_LIBOR_PUBLIC_PROXY,2012-02,0.5032404762,previous_completed_calendar_month,3.24047619e-05,0.01503240476,0.0025
2012-03-09,USD_3M_LIBOR_PUBLIC_PROXY,2012-02,0.5032404762,previous_completed_calendar_month,3.24047619e-05,0.01503240476,0.0025
2012-03-12,USD_3M_LIBOR_PUBLIC_PROXY,2012-02,0.5032404762,previous_completed_calendar_month,3.24047619e-05,0.01503240476,0.0025
2012-03-13,USD_3M_LIBOR_PUBLIC_PROXY,2012-02,0.5032404762,previous_completed_calendar_month,3.24047619e-05,0.01503240476,0.0025
2012-03-14,USD_3M_LIBOR_PUBLIC_PROXY,2012-02,0.5032404762,previous_completed_calendar_month,3.24047619e-05,0.01503240476,0.0025
2012-03-15,USD_3M_LIBOR_PUBLIC_PROXY,2012-02,0.5032404762,previous_completed_calendar_month,3.24047619e-05,0.01503240476,0.0025
2012-03-16,USD_3M_LIBOR_PUBLIC_PROXY,2012-02,0.5032404762,previous_completed_calendar_month,3.24047619e-05,0.01503240476,0.0025
2012-03-19,USD_3M_LIBOR_PUBLIC_PROXY,2012-02,0.5032404762,previous_completed_calendar_month,3.24047619e-05,0.01503240476,0.0025
2012-03-20,USD_3M_LIBOR_PUBLIC_PROXY,2012-02,0.5032404762,previous_completed_calendar_month,3.24047619e-05,0.01503240476,0.0025
2012-03-21,USD_3M_LIBOR_PUBLIC_PROXY,2012-02,0.5032404762,previous_completed_calendar_month,3.24047619e-05,0.01503240476,0.0025
2012-03-22,USD_3M_LIBOR_PUBLIC_PROXY,2012-02,0.5032404762,previous_completed_calendar_month,3.24047619e-05,0.01503240476,0.0025
2012-03-23,USD_3M_LIBOR_PUBLIC_PROXY,2012-02,0.5032404762,previous_completed_calendar_month,3.24047619e-05,0.01503240476,0.0025
2012-03-26,USD_3M_LIBOR_PUBLIC_PROXY,2012-02,0.5032404762,previous_completed_calendar_month,3.24047619e-05,0.01503240476,0.0025
2012-03-27,USD_3M_LIBOR_PUBLIC_PROXY,2012-02,0.5032404762,previous_completed_calendar_month,3.24047619e-05,0.01503240476,0.0025
2012-03-28,USD_3M_LIBOR_PUBLIC_PROXY,2012-02,0.5032404762,previous_completed_calendar_month,3.24047619e-05,0.01503240476,0.0025
2012-03-29,USD_3M_LIBOR_PUBLIC_PROXY,2012-02,0.5032404762,previous_completed_calendar_month,3.24047619e-05,0.01503240476,0.0025
2012-03-30,USD_3M_LIBOR_PUBLIC_PROXY,2012-02,0.5032404762,previous_completed_calendar_month,3.24047619e-05,0.01503240476,0.0025
2012-04-02,USD_3M_LIBOR_PUBLIC_PROXY,2012-03,0.4732886364,previous_completed_calendar_month,-0.0002671136364,0.01473288636,0.0025
2012-04-03,USD_3M_LIBOR_PUBLIC_PROXY,2012-03,0.4732886364,previous_completed_calendar_month,-0.0002671136364,0.01473288636,0.0025
2012-04-04,USD_3M_LIBOR_PUBLIC_PROXY,2012-03,0.4732886364,previous_completed_calendar_month,-0.0002671136364,0.01473288636,0.0025
2012-04-05,USD_3M_LIBOR_PUBLIC_PROXY,2012-03,0.4732886364,previous_completed_calendar_month,-0.0002671136364,0.01473288636,0.0025
2012-04-09,USD_3M_LIBOR_PUBLIC_PROXY,2012-03,0.4732886364,previous_completed_calendar_month,-0.0002671136364,0.01473288636,0.0025
2012-04-10,USD_3M_LIBOR_PUBLIC_PROXY,2012-03,0.4732886364,previous_completed_calendar_month,-0.0002671136364,0.01473288636,0.0025
2012-04-11,USD_3M_LIBOR_PUBLIC_PROXY,2012-03,0.4732886364,previous_completed_calendar_month,-0.0002671136364,0.01473288636,0.0025
2012-04-12,USD_3M_LIBOR_PUBLIC_PROXY,2012-03,0.4732886364,previous_completed_calendar_month,-0.0002671136364,0.01473288636,0.0025
2012-04-13,USD_3M_LIBOR_PUBLIC_PROXY,2012-03,0.4732886364,previous_completed_calendar_month,-0.0002671136364,0.01473288636,0.0025
2012-04-16,USD_3M_LIBOR_PUBLIC_PROXY,2012-03,0.4732886364,previous_completed_calendar_month,-0.0002671136364,0.01473288636,0.0025
2012-04-17,USD_3M_LIBOR_PUBLIC_PROXY,2012-03,0.4732886364,previous_completed_calendar_month,-0.0002671136364,0.01473288636,0.0025
2012-04-18,USD_3M_LIBOR_PUBLIC_PROXY,2012-03,0.4732886364,previous_completed_calendar_month,-0.0002671136364,0.01473288636,0.0025
2012-04-19,USD_3M_LIBOR_PUBLIC_PROXY,2012-03,0.4732886364,previous_completed_calendar_month,-0.0002671136364,0.01473288636,0.0025
2012-04-20,USD_3M_LIBOR_PUBLIC_PROXY,2012-03,0.4732886364,previous_completed_calendar_month,-0.0002671136364,0.01473288636,0.0025
2012-04-23,USD_3M_LIBOR_PUBLIC_PROXY,2012-03,0.4732886364,previous_completed_calendar_month,-0.0002671136364,0.01473288636,0.0025
2012-04-24,USD_3M_LIBOR_PUBLIC_PROXY,2012-03,0.4732886364,previous_completed_calendar_month,-0.0002671136364,0.01473288636,0.0025
2012-04-25,USD_3M_LIBOR_PUBLIC_PROXY,2012-03,0.4732886364,previous_completed_calendar_month,-0.0002671136364,0.01473288636,0.0025
2012-04-26,USD_3M_LIBOR_PUBLIC_PROXY,2012-03,0.4732886364,previous_completed_calendar_month,-0.0002671136364,0.01473288636,0.0025
2012-04-27,USD_3M_LIBOR_PUBLIC_PROXY,2012-03,0.4732886364,previous_completed_calendar_month,-0.0002671136364,0.01473288636,0.0025
2012-04-30,USD_3M_LIBOR_PUBLIC_PROXY,2012-03,0.4732886364,previous_completed_calendar_month,-0.0002671136364,0.01473288636,0.0025
2012-05-01,USD_3M_LIBOR_PUBLIC_PROXY,2012-04,0.4668078947,previous_completed_calendar_month,-0.0003319210526,0.01466807895,0.0025
2012-05-02,USD_3M_LIBOR_PUBLIC_PROXY,2012-04,0.4668078947,previous_completed_calendar_month,-0.0003319210526,0.01466807895,0.0025
2012-05-03,USD_3M_LIBOR_PUBLIC_PROXY,2012-04,0.4668078947,previous_completed_calendar_month,-0.0003319210526,0.01466807895,0.0025
2012-05-04,USD_3M_LIBOR_PUBLIC_PROXY,2012-04,0.4668078947,previous_completed_calendar_month,-0.0003319210526,0.01466807895,0.0025
2012-05-07,USD_3M_LIBOR_PUBLIC_PROXY,2012-04,0.4668078947,previous_completed_calendar_month,-0.0003319210526,0.01466807895,0.0025
2012-05-08,USD_3M_LIBOR_PUBLIC_PROXY,2012-04,0.4668078947,previous_completed_calendar_month,-0.0003319210526,0.01466807895,0.0025
2012-05-09,USD_3M_LIBOR_PUBLIC_PROXY,2012-04,0.4668078947,previous_completed_calendar_month,-0.0003319210526,0.01466807895,0.0025
2012-05-10,USD_3M_LIBOR_PUBLIC_PROXY,2012-04,0.4668078947,previous_completed_calendar_month,-0.0003319210526,0.01466807895,0.0025
2012-05-11,USD_3M_LIBOR_PUBLIC_PROXY,2012-04,0.4668078947,previous_completed_calendar_month,-0.0003319210526,0.01466807895,0.0025
2012-05-14,USD_3M_LIBOR_PUBLIC_PROXY,2012-04,0.4668078947,previous_completed_calendar_month,-0.0003319210526,0.01466807895,0.0025
2012-05-15,USD_3M_LIBOR_PUBLIC_PROXY,2012-04,0.4668078947,previous_completed_calendar_month,-0.0003319210526,0.01466807895,0.0025
2012-05-16,USD_3M_LIBOR_PUBLIC_PROXY,2012-04,0.4668078947,previous_completed_calendar_month,-0.0003319210526,0.01466807895,0.0025
2012-05-17,USD_3M_LIBOR_PUBLIC_PROXY,2012-04,0.4668078947,previous_completed_calendar_month,-0.0003319210526,0.01466807895,0.0025
2012-05-18,USD_3M_LIBOR_PUBLIC_PROXY,2012-04,0.4668078947,previous_completed_calendar_month,-0.0003319210526,0.01466807895,0.0025
2012-05-21,USD_3M_LIBOR_PUBLIC_PROXY,2012-04,0.4668078947,previous_completed_calendar_month,-0.0003319210526,0.01466807895,0.0025
2012-05-22,USD_3M_LIBOR_PUBLIC_PROXY,2012-04,0.4668078947,previous_completed_calendar_month,-0.0003319210526,0.01466807895,0.0025
2012-05-23,USD_3M_LIBOR_PUBLIC_PROXY,2012-04,0.4668078947,previous_completed_calendar_month,-0.0003319210526,0.01466807895,0.0025
2012-05-24,USD_3M_LIBOR_PUBLIC_PROXY,2012-04,0.4668078947,previous_completed_calendar_month,-0.0003319210526,0.01466807895,0.0025
2012-05-25,USD_3M_LIBOR_PUBLIC_PROXY,2012-04,0.4668078947,previous_completed_calendar_month,-0.0003319210526,0.01466807895,0.0025
2012-05-29,USD_3M_LIBOR_PUBLIC_PROXY,2012-04,0.4668078947,previous_completed_calendar_month,-0.0003319210526,0.01466807895,0.0025
2012-05-30,USD_3M_LIBOR_PUBLIC_PROXY,2012-04,0.4668078947,previous_completed_calendar_month,-0.0003319210526,0.01466807895,0.0025
2012-05-31,USD_3M_LIBOR_PUBLIC_PROXY,2012-04,0.4668078947,previous_completed_calendar_month,-0.0003319210526,0.01466807895,0.0025
2012-06-01,USD_3M_LIBOR_PUBLIC_PROXY,2012-05,0.4665318182,previous_completed_calendar_month,-0.0003346818182,0.01466531818,0.0025
2012-06-04,USD_3M_LIBOR_PUBLIC_PROXY,2012-05,0.4665318182,previous_completed_calendar_month,-0.0003346818182,0.01466531818,0.0025
2012-06-05,USD_3M_LIBOR_PUBLIC_PROXY,2012-05,0.4665318182,previous_completed_calendar_month,-0.0003346818182,0.01466531818,0.0025
2012-06-06,USD_3M_LIBOR_PUBLIC_PROXY,2012-05,0.4665318182,previous_completed_calendar_month,-0.0003346818182,0.01466531818,0.0025
2012-06-07,USD_3M_LIBOR_PUBLIC_PROXY,2012-05,0.4665318182,previous_completed_calendar_month,-0.0003346818182,0.01466531818,0.0025
2012-06-08,USD_3M_LIBOR_PUBLIC_PROXY,2012-05,0.4665318182,previous_completed_calendar_month,-0.0003346818182,0.01466531818,0.0025
2012-06-11,USD_3M_LIBOR_PUBLIC_PROXY,2012-05,0.4665318182,previous_completed_calendar_month,-0.0003346818182,0.01466531818,0.0025
2012-06-12,USD_3M_LIBOR_PUBLIC_PROXY,2012-05,0.4665318182,previous_completed_calendar_month,-0.0003346818182,0.01466531818,0.0025
2012-06-13,USD_3M_LIBOR_PUBLIC_PROXY,2012-05,0.4665318182,previous_completed_calendar_month,-0.0003346818182,0.01466531818,0.0025
2012-06-14,USD_3M_LIBOR_PUBLIC_PROXY,2012-05,0.4665318182,previous_completed_calendar_month,-0.0003346818182,0.01466531818,0.0025
2012-06-15,USD_3M_LIBOR_PUBLIC_PROXY,2012-05,0.4665318182,previous_completed_calendar_month,-0.0003346818182,0.01466531818,0.0025
2012-06-18,USD_3M_LIBOR_PUBLIC_PROXY,2012-05,0.4665318182,previous_completed_calendar_month,-0.0003346818182,0.01466531818,0.0025
2012-06-19,USD_3M_LIBOR_PUBLIC_PROXY,2012-05,0.4665318182,previous_completed_calendar_month,-0.0003346818182,0.01466531818,0.0025
2012-06-20,USD_3M_LIBOR_PUBLIC_PROXY,2012-05,0.4665318182,previous_completed_calendar_month,-0.0003346818182,0.01466531818,0.0025
2012-06-21,USD_3M_LIBOR_PUBLIC_PROXY,2012-05,0.4665318182,previous_completed_calendar_month,-0.0003346818182,0.01466531818,0.0025
2012-06-22,USD_3M_LIBOR_PUBLIC_PROXY,2012-05,0.4665318182,previous_completed_calendar_month,-0.0003346818182,0.01466531818,0.0025
2012-06-25,USD_3M_LIBOR_PUBLIC_PROXY,2012-05,0.4665318182,previous_completed_calendar_month,-0.0003346818182,0.01466531818,0.0025
2012-06-26,USD_3M_LIBOR_PUBLIC_PROXY,2012-05,0.4665318182,previous_completed_calendar_month,-0.0003346818182,0.01466531818,0.0025
2012-06-27,USD_3M_LIBOR_PUBLIC_PROXY,2012-05,0.4665318182,previous_completed_calendar_month,-0.0003346818182,0.01466531818,0.0025
2012-06-28,USD_3M_LIBOR_PUBLIC_PROXY,2012-05,0.4665318182,previous_completed_calendar_month,-0.0003346818182,0.01466531818,0.0025
2012-06-29,USD_3M_LIBOR_PUBLIC_PROXY,2012-05,0.4665318182,previous_completed_calendar_month,-0.0003346818182,0.01466531818,0.0025
2012-07-02,USD_3M_LIBOR_PUBLIC_PROXY,2012-06,0.4655868421,previous_completed_calendar_month,-0.0003441315789,0.01465586842,0.0025
2012-07-03,USD_3M_LIBOR_PUBLIC_PROXY,2012-06,0.4655868421,previous_completed_calendar_month,-0.0003441315789,0.01465586842,0.0025
2012-07-05,USD_3M_LIBOR_PUBLIC_PROXY,2012-06,0.4655868421,previous_completed_calendar_month,-0.0003441315789,0.01465586842,0.0025
2012-07-06,USD_3M_LIBOR_PUBLIC_PROXY,2012-06,0.4655868421,previous_completed_calendar_month,-0.0003441315789,0.01465586842,0.0025
2012-07-09,USD_3M_LIBOR_PUBLIC_PROXY,2012-06,0.4655868421,previous_completed_calendar_month,-0.0003441315789,0.01465586842,0.0025
2012-07-10,USD_3M_LIBOR_PUBLIC_PROXY,2012-06,0.4655868421,previous_completed_calendar_month,-0.0003441315789,0.01465586842,0.0025
2012-07-11,USD_3M_LIBOR_PUBLIC_PROXY,2012-06,0.4655868421,previous_completed_calendar_month,-0.0003441315789,0.01465586842,0.0025
2012-07-12,USD_3M_LIBOR_PUBLIC_PROXY,2012-06,0.4655868421,previous_completed_calendar_month,-0.0003441315789,0.01465586842,0.0025
2012-07-13,USD_3M_LIBOR_PUBLIC_PROXY,2012-06,0.4655868421,previous_completed_calendar_month,-0.0003441315789,0.01465586842,0.0025
2012-07-16,USD_3M_LIBOR_PUBLIC_PROXY,2012-06,0.4655868421,previous_completed_calendar_month,-0.0003441315789,0.01465586842,0.0025
2012-07-17,USD_3M_LIBOR_PUBLIC_PROXY,2012-06,0.4655868421,previous_completed_calendar_month,-0.0003441315789,0.01465586842,0.0025
2012-07-18,USD_3M_LIBOR_PUBLIC_PROXY,2012-06,0.4655868421,previous_completed_calendar_month,-0.0003441315789,0.01465586842,0.0025
2012-07-19,USD_3M_LIBOR_PUBLIC_PROXY,2012-06,0.4655868421,previous_completed_calendar_month,-0.0003441315789,0.01465586842,0.0025
2012-07-20,USD_3M_LIBOR_PUBLIC_PROXY,2012-06,0.4655868421,previous_completed_calendar_month,-0.0003441315789,0.01465586842,0.0025
2012-07-23,USD_3M_LIBOR_PUBLIC_PROXY,2012-06,0.4655868421,previous_completed_calendar_month,-0.0003441315789,0.01465586842,0.0025
2012-07-24,USD_3M_LIBOR_PUBLIC_PROXY,2012-06,0.4655868421,previous_completed_calendar_month,-0.0003441315789,0.01465586842,0.0025
2012-07-25,USD_3M_LIBOR_PUBLIC_PROXY,2012-06,0.4655868421,previous_completed_calendar_month,-0.0003441315789,0.01465586842,0.0025
2012-07-26,USD_3M_LIBOR_PUBLIC_PROXY,2012-06,0.4655868421,previous_completed_calendar_month,-0.0003441315789,0.01465586842,0.0025
2012-07-27,USD_3M_LIBOR_PUBLIC_PROXY,2012-06,0.4655868421,previous_completed_calendar_month,-0.0003441315789,0.01465586842,0.0025
2012-07-30,USD_3M_LIBOR_PUBLIC_PROXY,2012-06,0.4655868421,previous_completed_calendar_month,-0.0003441315789,0.01465586842,0.0025
2012-07-31,USD_3M_LIBOR_PUBLIC_PROXY,2012-06,0.4655868421,previous_completed_calendar_month,-0.0003441315789,0.01465586842,0.0025
2012-08-01,USD_3M_LIBOR_PUBLIC_PROXY,2012-07,0.4535545455,previous_completed_calendar_month,-0.0004644545455,0.01453554545,0.0025
2012-08-02,USD_3M_LIBOR_PUBLIC_PROXY,2012-07,0.4535545455,previous_completed_calendar_month,-0.0004644545455,0.01453554545,0.0025
2012-08-03,USD_3M_LIBOR_PUBLIC_PROXY,2012-07,0.4535545455,previous_completed_calendar_month,-0.0004644545455,0.01453554545,0.0025
2012-08-06,USD_3M_LIBOR_PUBLIC_PROXY,2012-07,0.4535545455,previous_completed_calendar_month,-0.0004644545455,0.01453554545,0.0025
2012-08-07,USD_3M_LIBOR_PUBLIC_PROXY,2012-07,0.4535545455,previous_completed_calendar_month,-0.0004644545455,0.01453554545,0.0025
2012-08-08,USD_3M_LIBOR_PUBLIC_PROXY,2012-07,0.4535545455,previous_completed_calendar_month,-0.0004644545455,0.01453554545,0.0025
2012-08-09,USD_3M_LIBOR_PUBLIC_PROXY,2012-07,0.4535545455,previous_completed_calendar_month,-0.0004644545455,0.01453554545,0.0025
2012-08-10,USD_3M_LIBOR_PUBLIC_PROXY,2012-07,0.4535545455,previous_completed_calendar_month,-0.0004644545455,0.01453554545,0.0025
2012-08-13,USD_3M_LIBOR_PUBLIC_PROXY,2012-07,0.4535545455,previous_completed_calendar_month,-0.0004644545455,0.01453554545,0.0025
2012-08-14,USD_3M_LIBOR_PUBLIC_PROXY,2012-07,0.4535545455,previous_completed_calendar_month,-0.0004644545455,0.01453554545,0.0025
2012-08-15,USD_3M_LIBOR_PUBLIC_PROXY,2012-07,0.4535545455,previous_completed_calendar_month,-0.0004644545455,0.01453554545,0.0025
2012-08-16,USD_3M_LIBOR_PUBLIC_PROXY,2012-07,0.4535545455,previous_completed_calendar_month,-0.0004644545455,0.01453554545,0.0025
2012-08-17,USD_3M_LIBOR_PUBLIC_PROXY,2012-07,0.4535545455,previous_completed_calendar_month,-0.0004644545455,0.01453554545,0.0025
2012-08-20,USD_3M_LIBOR_PUBLIC_PROXY,2012-07,0.4535545455,previous_completed_calendar_month,-0.0004644545455,0.01453554545,0.0025
2012-08-21,USD_3M_LIBOR_PUBLIC_PROXY,2012-07,0.4535545455,previous_completed_calendar_month,-0.0004644545455,0.01453554545,0.0025
2012-08-22,USD_3M_LIBOR_PUBLIC_PROXY,2012-07,0.4535545455,previous_completed_calendar_month,-0.0004644545455,0.01453554545,0.0025
2012-08-23,USD_3M_LIBOR_PUBLIC_PROXY,2012-07,0.4535545455,previous_completed_calendar_month,-0.0004644545455,0.01453554545,0.0025
2012-08-24,USD_3M_LIBOR_PUBLIC_PROXY,2012-07,0.4535545455,previous_completed_calendar_month,-0.0004644545455,0.01453554545,0.0025
2012-08-27,USD_3M_LIBOR_PUBLIC_PROXY,2012-07,0.4535545455,previous_completed_calendar_month,-0.0004644545455,0.01453554545,0.0025
2012-08-28,USD_3M_LIBOR_PUBLIC_PROXY,2012-07,0.4535545455,previous_completed_calendar_month,-0.0004644545455,0.01453554545,0.0025
2012-08-29,USD_3M_LIBOR_PUBLIC_PROXY,2012-07,0.4535545455,previous_completed_calendar_month,-0.0004644545455,0.01453554545,0.0025
2012-08-30,USD_3M_LIBOR_PUBLIC_PROXY,2012-07,0.4535545455,previous_completed_calendar_month,-0.0004644545455,0.01453554545,0.0025
2012-08-31,USD_3M_LIBOR_PUBLIC_PROXY,2012-07,0.4535545455,previous_completed_calendar_month,-0.0004644545455,0.01453554545,0.0025
2012-09-04,USD_3M_LIBOR_PUBLIC_PROXY,2012-08,0.4326,previous_completed_calendar_month,-0.000674,0.014326,0.0025
2012-09-05,USD_3M_LIBOR_PUBLIC_PROXY,2012-08,0.4326,previous_completed_calendar_month,-0.000674,0.014326,0.0025
2012-09-06,USD_3M_LIBOR_PUBLIC_PROXY,2012-08,0.4326,previous_completed_calendar_month,-0.000674,0.014326,0.0025
2012-09-07,USD_3M_LIBOR_PUBLIC_PROXY,2012-08,0.4326,previous_completed_calendar_month,-0.000674,0.014326,0.0025
2012-09-10,USD_3M_LIBOR_PUBLIC_PROXY,2012-08,0.4326,previous_completed_calendar_month,-0.000674,0.014326,0.0025
2012-09-11,USD_3M_LIBOR_PUBLIC_PROXY,2012-08,0.4326,previous_completed_calendar_month,-0.000674,0.014326,0.0025
2012-09-12,USD_3M_LIBOR_PUBLIC_PROXY,2012-08,0.4326,previous_completed_calendar_month,-0.000674,0.014326,0.0025
2012-09-13,USD_3M_LIBOR_PUBLIC_PROXY,2012-08,0.4326,previous_completed_calendar_month,-0.000674,0.014326,0.0025
2012-09-14,USD_3M_LIBOR_PUBLIC_PROXY,2012-08,0.4326,previous_completed_calendar_month,-0.000674,0.014326,0.0025
2012-09-17,USD_3M_LIBOR_PUBLIC_PROXY,2012-08,0.4326,previous_completed_calendar_month,-0.000674,0.014326,0.0025
2012-09-18,USD_3M_LIBOR_PUBLIC_PROXY,2012-08,0.4326,previous_completed_calendar_month,-0.000674,0.014326,0.0025
2012-09-19,USD_3M_LIBOR_PUBLIC_PROXY,2012-08,0.4326,previous_completed_calendar_month,-0.000674,0.014326,0.0025
2012-09-20,USD_3M_LIBOR_PUBLIC_PROXY,2012-08,0.4326,previous_completed_calendar_month,-0.000674,0.014326,0.0025
2012-09-21,USD_3M_LIBOR_PUBLIC_PROXY,2012-08,0.4326,previous_completed_calendar_month,-0.000674,0.014326,0.0025
2012-09-24,USD_3M_LIBOR_PUBLIC_PROXY,2012-08,0.4326,previous_completed_calendar_month,-0.000674,0.014326,0.0025
2012-09-25,USD_3M_LIBOR_PUBLIC_PROXY,2012-08,0.4326,previous_completed_calendar_month,-0.000674,0.014326,0.0025
2012-09-26,USD_3M_LIBOR_PUBLIC_PROXY,2012-08,0.4326,previous_completed_calendar_month,-0.000674,0.014326,0.0025
2012-09-27,USD_3M_LIBOR_PUBLIC_PROXY,2012-08,0.4326,previous_completed_calendar_month,-0.000674,0.014326,0.0025
2012-09-28,USD_3M_LIBOR_PUBLIC_PROXY,2012-08,0.4326,previous_completed_calendar_month,-0.000674,0.014326,0.0025
2012-10-01,USD_3M_LIBOR_PUBLIC_PROXY,2012-09,0.3856325,previous_completed_calendar_month,-0.001143675,0.013856325,0.0025
2012-10-02,USD_3M_LIBOR_PUBLIC_PROXY,2012-09,0.3856325,previous_completed_calendar_month,-0.001143675,0.013856325,0.0025
2012-10-03,USD_3M_LIBOR_PUBLIC_PROXY,2012-09,0.3856325,previous_completed_calendar_month,-0.001143675,0.013856325,0.0025
2012-10-04,USD_3M_LIBOR_PUBLIC_PROXY,2012-09,0.3856325,previous_completed_calendar_month,-0.001143675,0.013856325,0.0025
2012-10-05,USD_3M_LIBOR_PUBLIC_PROXY,2012-09,0.3856325,previous_completed_calendar_month,-0.001143675,0.013856325,0.0025
2012-10-08,USD_3M_LIBOR_PUBLIC_PROXY,2012-09,0.3856325,previous_completed_calendar_month,-0.001143675,0.013856325,0.0025
2012-10-09,USD_3M_LIBOR_PUBLIC_PROXY,2012-09,0.3856325,previous_completed_calendar_month,-0.001143675,0.013856325,0.0025
2012-10-10,USD_3M_LIBOR_PUBLIC_PROXY,2012-09,0.3856325,previous_completed_calendar_month,-0.001143675,0.013856325,0.0025
2012-10-11,USD_3M_LIBOR_PUBLIC_PROXY,2012-09,0.3856325,previous_completed_calendar_month,-0.001143675,0.013856325,0.0025
2012-10-12,USD_3M_LIBOR_PUBLIC_PROXY,2012-09,0.3856325,previous_completed_calendar_month,-0.001143675,0.013856325,0.0025
2012-10-15,USD_3M_LIBOR_PUBLIC_PROXY,2012-09,0.3856325,previous_completed_calendar_month,-0.001143675,0.013856325,0.0025
2012-10-16,USD_3M_LIBOR_PUBLIC_PROXY,2012-09,0.3856325,previous_completed_calendar_month,-0.001143675,0.013856325,0.0025
2012-10-17,USD_3M_LIBOR_PUBLIC_PROXY,2012-09,0.3856325,previous_completed_calendar_month,-0.001143675,0.013856325,0.0025
2012-10-18,USD_3M_LIBOR_PUBLIC_PROXY,2012-09,0.3856325,previous_completed_calendar_month,-0.001143675,0.013856325,0.0025
2012-10-19,USD_3M_LIBOR_PUBLIC_PROXY,2012-09,0.3856325,previous_completed_calendar_month,-0.001143675,0.013856325,0.0025
2012-10-22,USD_3M_LIBOR_PUBLIC_PROXY,2012-09,0.3856325,previous_completed_calendar_month,-0.001143675,0.013856325,0.0025
2012-10-23,USD_3M_LIBOR_PUBLIC_PROXY,2012-09,0.3856325,previous_completed_calendar_month,-0.001143675,0.013856325,0.0025
2012-10-24,USD_3M_LIBOR_PUBLIC_PROXY,2012-09,0.3856325,previous_completed_calendar_month,-0.001143675,0.013856325,0.0025
2012-10-25,USD_3M_LIBOR_PUBLIC_PROXY,2012-09,0.3856325,previous_completed_calendar_month,-0.001143675,0.013856325,0.0025
2012-10-26,USD_3M_LIBOR_PUBLIC_PROXY,2012-09,0.3856325,previous_completed_calendar_month,-0.001143675,0.013856325,0.0025
2012-10-31,USD_3M_LIBOR_PUBLIC_PROXY,2012-09,0.3856325,previous_completed_calendar_month,-0.001143675,0.013856325,0.0025
2012-11-01,USD_3M_LIBOR_PUBLIC_PROXY,2012-10,0.3304891304,previous_completed_calendar_month,-0.001695108696,0.0133048913,0.0025
2012-11-02,USD_3M_LIBOR_PUBLIC_PROXY,2012-10,0.3304891304,previous_completed_calendar_month,-0.001695108696,0.0133048913,0.0025
2012-11-05,USD_3M_LIBOR_PUBLIC_PROXY,2012-10,0.3304891304,previous_completed_calendar_month,-0.001695108696,0.0133048913,0.0025
2012-11-06,USD_3M_LIBOR_PUBLIC_PROXY,2012-10,0.3304891304,previous_completed_calendar_month,-0.001695108696,0.0133048913,0.0025
2012-11-07,USD_3M_LIBOR_PUBLIC_PROXY,2012-10,0.3304891304,previous_completed_calendar_month,-0.001695108696,0.0133048913,0.0025
2012-11-08,USD_3M_LIBOR_PUBLIC_PROXY,2012-10,0.3304891304,previous_completed_calendar_month,-0.001695108696,0.0133048913,0.0025
2012-11-09,USD_3M_LIBOR_PUBLIC_PROXY,2012-10,0.3304891304,previous_completed_calendar_month,-0.001695108696,0.0133048913,0.0025
2012-11-12,USD_3M_LIBOR_PUBLIC_PROXY,2012-10,0.3304891304,previous_completed_calendar_month,-0.001695108696,0.0133048913,0.0025
2012-11-13,USD_3M_LIBOR_PUBLIC_PROXY,2012-10,0.3304891304,previous_completed_calendar_month,-0.001695108696,0.0133048913,0.0025
2012-11-14,USD_3M_LIBOR_PUBLIC_PROXY,2012-10,0.3304891304,previous_completed_calendar_month,-0.001695108696,0.0133048913,0.0025
2012-11-15,USD_3M_LIBOR_PUBLIC_PROXY,2012-10,0.3304891304,previous_completed_calendar_month,-0.001695108696,0.0133048913,0.0025
2012-11-16,USD_3M_LIBOR_PUBLIC_PROXY,2012-10,0.3304891304,previous_completed_calendar_month,-0.001695108696,0.0133048913,0.0025
2012-11-19,USD_3M_LIBOR_PUBLIC_PROXY,2012-10,0.3304891304,previous_completed_calendar_month,-0.001695108696,0.0133048913,0.0025
2012-11-20,USD_3M_LIBOR_PUBLIC_PROXY,2012-10,0.3304891304,previous_completed_calendar_month,-0.001695108696,0.0133048913,0.0025
2012-11-21,USD_3M_LIBOR_PUBLIC_PROXY,2012-10,0.3304891304,previous_completed_calendar_month,-0.001695108696,0.0133048913,0.0025
2012-11-23,USD_3M_LIBOR_PUBLIC_PROXY,2012-10,0.3304891304,previous_completed_calendar_month,-0.001695108696,0.0133048913,0.0025
2012-11-26,USD_3M_LIBOR_PUBLIC_PROXY,2012-10,0.3304891304,previous_completed_calendar_month,-0.001695108696,0.0133048913,0.0025
2012-11-27,USD_3M_LIBOR_PUBLIC_PROXY,2012-10,0.3304891304,previous_completed_calendar_month,-0.001695108696,0.0133048913,0.0025
2012-11-28,USD_3M_LIBOR_PUBLIC_PROXY,2012-10,0.3304891304,previous_completed_calendar_month,-0.001695108696,0.0133048913,0.0025
2012-11-29,USD_3M_LIBOR_PUBLIC_PROXY,2012-10,0.3304891304,previous_completed_calendar_month,-0.001695108696,0.0133048913,0.0025
2012-11-30,USD_3M_LIBOR_PUBLIC_PROXY,2012-10,0.3304891304,previous_completed_calendar_month,-0.001695108696,0.0133048913,0.0025
2012-12-03,USD_3M_LIBOR_PUBLIC_PROXY,2012-11,0.3110227273,previous_completed_calendar_month,-0.001889772727,0.01311022727,0.0025
2012-12-04,USD_3M_LIBOR_PUBLIC_PROXY,2012-11,0.3110227273,previous_completed_calendar_month,-0.001889772727,0.01311022727,0.0025
2012-12-05,USD_3M_LIBOR_PUBLIC_PROXY,2012-11,0.3110227273,previous_completed_calendar_month,-0.001889772727,0.01311022727,0.0025
2012-12-06,USD_3M_LIBOR_PUBLIC_PROXY,2012-11,0.3110227273,previous_completed_calendar_month,-0.001889772727,0.01311022727,0.0025
2012-12-07,USD_3M_LIBOR_PUBLIC_PROXY,2012-11,0.3110227273,previous_completed_calendar_month,-0.001889772727,0.01311022727,0.0025
2012-12-10,USD_3M_LIBOR_PUBLIC_PROXY,2012-11,0.3110227273,previous_completed_calendar_month,-0.001889772727,0.01311022727,0.0025
2012-12-11,USD_3M_LIBOR_PUBLIC_PROXY,2012-11,0.3110227273,previous_completed_calendar_month,-0.001889772727,0.01311022727,0.0025
2012-12-12,USD_3M_LIBOR_PUBLIC_PROXY,2012-11,0.3110227273,previous_completed_calendar_month,-0.001889772727,0.01311022727,0.0025
2012-12-13,USD_3M_LIBOR_PUBLIC_PROXY,2012-11,0.3110227273,previous_completed_calendar_month,-0.001889772727,0.01311022727,0.0025
2012-12-14,USD_3M_LIBOR_PUBLIC_PROXY,2012-11,0.3110227273,previous_completed_calendar_month,-0.001889772727,0.01311022727,0.0025
2012-12-17,USD_3M_LIBOR_PUBLIC_PROXY,2012-11,0.3110227273,previous_completed_calendar_month,-0.001889772727,0.01311022727,0.0025
2012-12-18,USD_3M_LIBOR_PUBLIC_PROXY,2012-11,0.3110227273,previous_completed_calendar_month,-0.001889772727,0.01311022727,0.0025
2012-12-19,USD_3M_LIBOR_PUBLIC_PROXY,2012-11,0.3110227273,previous_completed_calendar_month,-0.001889772727,0.01311022727,0.0025
2012-12-20,USD_3M_LIBOR_PUBLIC_PROXY,2012-11,0.3110227273,previous_completed_calendar_month,-0.001889772727,0.01311022727,0.0025
2012-12-21,USD_3M_LIBOR_PUBLIC_PROXY,2012-11,0.3110227273,previous_completed_calendar_month,-0.001889772727,0.01311022727,0.0025
2012-12-24,USD_3M_LIBOR_PUBLIC_PROXY,2012-11,0.3110227273,previous_completed_calendar_month,-0.001889772727,0.01311022727,0.0025
2012-12-26,USD_3M_LIBOR_PUBLIC_PROXY,2012-11,0.3110227273,previous_completed_calendar_month,-0.001889772727,0.01311022727,0.0025
2012-12-27,USD_3M_LIBOR_PUBLIC_PROXY,2012-11,0.3110227273,previous_completed_calendar_month,-0.001889772727,0.01311022727,0.0025
2012-12-28,USD_3M_LIBOR_PUBLIC_PROXY,2012-11,0.3110227273,previous_completed_calendar_month,-0.001889772727,0.01311022727,0.0025
2012-12-31,USD_3M_LIBOR_PUBLIC_PROXY,2012-11,0.3110227273,previous_completed_calendar_month,-0.001889772727,0.01311022727,0.0025
2013-01-02,USD_3M_LIBOR_PUBLIC_PROXY,2012-12,0.3094736842,previous_completed_calendar_month,-0.001905263158,0.01309473684,0.0025
2013-01-03,USD_3M_LIBOR_PUBLIC_PROXY,2012-12,0.3094736842,previous_completed_calendar_month,-0.001905263158,0.01309473684,0.0025
2013-01-04,USD_3M_LIBOR_PUBLIC_PROXY,2012-12,0.3094736842,previous_completed_calendar_month,-0.001905263158,0.01309473684,0.0025
2013-01-07,USD_3M_LIBOR_PUBLIC_PROXY,2012-12,0.3094736842,previous_completed_calendar_month,-0.001905263158,0.01309473684,0.0025
2013-01-08,USD_3M_LIBOR_PUBLIC_PROXY,2012-12,0.3094736842,previous_completed_calendar_month,-0.001905263158,0.01309473684,0.0025
2013-01-09,USD_3M_LIBOR_PUBLIC_PROXY,2012-12,0.3094736842,previous_completed_calendar_month,-0.001905263158,0.01309473684,0.0025
2013-01-10,USD_3M_LIBOR_PUBLIC_PROXY,2012-12,0.3094736842,previous_completed_calendar_month,-0.001905263158,0.01309473684,0.0025
2013-01-11,USD_3M_LIBOR_PUBLIC_PROXY,2012-12,0.3094736842,previous_completed_calendar_month,-0.001905263158,0.01309473684,0.0025
2013-01-14,USD_3M_LIBOR_PUBLIC_PROXY,2012-12,0.3094736842,previous_completed_calendar_month,-0.001905263158,0.01309473684,0.0025
2013-01-15,USD_3M_LIBOR_PUBLIC_PROXY,2012-12,0.3094736842,previous_completed_calendar_month,-0.001905263158,0.01309473684,0.0025
2013-01-16,USD_3M_LIBOR_PUBLIC_PROXY,2012-12,0.3094736842,previous_completed_calendar_month,-0.001905263158,0.01309473684,0.0025
2013-01-17,USD_3M_LIBOR_PUBLIC_PROXY,2012-12,0.3094736842,previous_completed_calendar_month,-0.001905263158,0.01309473684,0.0025
2013-01-18,USD_3M_LIBOR_PUBLIC_PROXY,2012-12,0.3094736842,previous_completed_calendar_month,-0.001905263158,0.01309473684,0.0025
2013-01-22,USD_3M_LIBOR_PUBLIC_PROXY,2012-12,0.3094736842,previous_completed_calendar_month,-0.001905263158,0.01309473684,0.0025
2013-01-23,USD_3M_LIBOR_PUBLIC_PROXY,2012-12,0.3094736842,previous_completed_calendar_month,-0.001905263158,0.01309473684,0.0025
2013-01-24,USD_3M_LIBOR_PUBLIC_PROXY,2012-12,0.3094736842,previous_completed_calendar_month,-0.001905263158,0.01309473684,0.0025
2013-01-25,USD_3M_LIBOR_PUBLIC_PROXY,2012-12,0.3094736842,previous_completed_calendar_month,-0.001905263158,0.01309473684,0.0025
2013-01-28,USD_3M_LIBOR_PUBLIC_PROXY,2012-12,0.3094736842,previous_completed_calendar_month,-0.001905263158,0.01309473684,0.0025
2013-01-29,USD_3M_LIBOR_PUBLIC_PROXY,2012-12,0.3094736842,previous_completed_calendar_month,-0.001905263158,0.01309473684,0.0025
2013-01-30,USD_3M_LIBOR_PUBLIC_PROXY,2012-12,0.3094736842,previous_completed_calendar_month,-0.001905263158,0.01309473684,0.0025
2013-01-31,USD_3M_LIBOR_PUBLIC_PROXY,2012-12,0.3094736842,previous_completed_calendar_month,-0.001905263158,0.01309473684,0.0025
2013-02-01,USD_3M_LIBOR_PUBLIC_PROXY,2013-01,0.3026136364,previous_completed_calendar_month,-0.001973863636,0.01302613636,0.0025
2013-02-04,USD_3M_LIBOR_PUBLIC_PROXY,2013-01,0.3026136364,previous_completed_calendar_month,-0.001973863636,0.01302613636,0.0025
2013-02-05,USD_3M_LIBOR_PUBLIC_PROXY,2013-01,0.3026136364,previous_completed_calendar_month,-0.001973863636,0.01302613636,0.0025
2013-02-06,USD_3M_LIBOR_PUBLIC_PROXY,2013-01,0.3026136364,previous_completed_calendar_month,-0.001973863636,0.01302613636,0.0025
2013-02-07,USD_3M_LIBOR_PUBLIC_PROXY,2013-01,0.3026136364,previous_completed_calendar_month,-0.001973863636,0.01302613636,0.0025
2013-02-08,USD_3M_LIBOR_PUBLIC_PROXY,2013-01,0.3026136364,previous_completed_calendar_month,-0.001973863636,0.01302613636,0.0025
2013-02-11,USD_3M_LIBOR_PUBLIC_PROXY,2013-01,0.3026136364,previous_completed_calendar_month,-0.001973863636,0.01302613636,0.0025
2013-02-12,USD_3M_LIBOR_PUBLIC_PROXY,2013-01,0.3026136364,previous_completed_calendar_month,-0.001973863636,0.01302613636,0.0025
2013-02-13,USD_3M_LIBOR_PUBLIC_PROXY,2013-01,0.3026136364,previous_completed_calendar_month,-0.001973863636,0.01302613636,0.0025
2013-02-14,USD_3M_LIBOR_PUBLIC_PROXY,2013-01,0.3026136364,previous_completed_calendar_month,-0.001973863636,0.01302613636,0.0025
2013-02-15,USD_3M_LIBOR_PUBLIC_PROXY,2013-01,0.3026136364,previous_completed_calendar_month,-0.001973863636,0.01302613636,0.0025
2013-02-19,USD_3M_LIBOR_PUBLIC_PROXY,2013-01,0.3026136364,previous_completed_calendar_month,-0.001973863636,0.01302613636,0.0025
2013-02-20,USD_3M_LIBOR_PUBLIC_PROXY,2013-01,0.3026136364,previous_completed_calendar_month,-0.001973863636,0.01302613636,0.0025
2013-02-21,USD_3M_LIBOR_PUBLIC_PROXY,2013-01,0.3026136364,previous_completed_calendar_month,-0.001973863636,0.01302613636,0.0025
2013-02-22,USD_3M_LIBOR_PUBLIC_PROXY,2013-01,0.3026136364,previous_completed_calendar_month,-0.001973863636,0.01302613636,0.0025
2013-02-25,USD_3M_LIBOR_PUBLIC_PROXY,2013-01,0.3026136364,previous_completed_calendar_month,-0.001973863636,0.01302613636,0.0025
2013-02-26,USD_3M_LIBOR_PUBLIC_PROXY,2013-01,0.3026136364,previous_completed_calendar_month,-0.001973863636,0.01302613636,0.0025
2013-02-27,USD_3M_LIBOR_PUBLIC_PROXY,2013-01,0.3026136364,previous_completed_calendar_month,-0.001973863636,0.01302613636,0.0025
2013-02-28,USD_3M_LIBOR_PUBLIC_PROXY,2013-01,0.3026136364,previous_completed_calendar_month,-0.001973863636,0.01302613636,0.0025
2013-03-01,USD_3M_LIBOR_PUBLIC_PROXY,2013-02,0.290495,previous_completed_calendar_month,-0.00209505,0.01290495,0.0025
2013-03-04,USD_3M_LIBOR_PUBLIC_PROXY,2013-02,0.290495,previous_completed_calendar_month,-0.00209505,0.01290495,0.0025
2013-03-05,USD_3M_LIBOR_PUBLIC_PROXY,2013-02,0.290495,previous_completed_calendar_month,-0.00209505,0.01290495,0.0025
2013-03-06,USD_3M_LIBOR_PUBLIC_PROXY,2013-02,0.290495,previous_completed_calendar_month,-0.00209505,0.01290495,0.0025
2013-03-07,USD_3M_LIBOR_PUBLIC_PROXY,2013-02,0.290495,previous_completed_calendar_month,-0.00209505,0.01290495,0.0025
2013-03-08,USD_3M_LIBOR_PUBLIC_PROXY,2013-02,0.290495,previous_completed_calendar_month,-0.00209505,0.01290495,0.0025
2013-03-11,USD_3M_LIBOR_PUBLIC_PROXY,2013-02,0.290495,previous_completed_calendar_month,-0.00209505,0.01290495,0.0025
2013-03-12,USD_3M_LIBOR_PUBLIC_PROXY,2013-02,0.290495,previous_completed_calendar_month,-0.00209505,0.01290495,0.0025
2013-03-13,USD_3M_LIBOR_PUBLIC_PROXY,2013-02,0.290495,previous_completed_calendar_month,-0.00209505,0.01290495,0.0025
2013-03-14,USD_3M_LIBOR_PUBLIC_PROXY,2013-02,0.290495,previous_completed_calendar_month,-0.00209505,0.01290495,0.0025
2013-03-15,USD_3M_LIBOR_PUBLIC_PROXY,2013-02,0.290495,previous_completed_calendar_month,-0.00209505,0.01290495,0.0025
2013-03-18,USD_3M_LIBOR_PUBLIC_PROXY,2013-02,0.290495,previous_completed_calendar_month,-0.00209505,0.01290495,0.0025
2013-03-19,USD_3M_LIBOR_PUBLIC_PROXY,2013-02,0.290495,previous_completed_calendar_month,-0.00209505,0.01290495,0.0025
2013-03-20,USD_3M_LIBOR_PUBLIC_PROXY,2013-02,0.290495,previous_completed_calendar_month,-0.00209505,0.01290495,0.0025
2013-03-21,USD_3M_LIBOR_PUBLIC_PROXY,2013-02,0.290495,previous_completed_calendar_month,-0.00209505,0.01290495,0.0025
2013-03-22,USD_3M_LIBOR_PUBLIC_PROXY,2013-02,0.290495,previous_completed_calendar_month,-0.00209505,0.01290495,0.0025
2013-03-25,USD_3M_LIBOR_PUBLIC_PROXY,2013-02,0.290495,previous_completed_calendar_month,-0.00209505,0.01290495,0.0025
2013-03-26,USD_3M_LIBOR_PUBLIC_PROXY,2013-02,0.290495,previous_completed_calendar_month,-0.00209505,0.01290495,0.0025
2013-03-27,USD_3M_LIBOR_PUBLIC_PROXY,2013-02,0.290495,previous_completed_calendar_month,-0.00209505,0.01290495,0.0025
2013-03-28,USD_3M_LIBOR_PUBLIC_PROXY,2013-02,0.290495,previous_completed_calendar_month,-0.00209505,0.01290495,0.0025
2013-04-01,USD_3M_LIBOR_PUBLIC_PROXY,2013-03,0.2819,previous_completed_calendar_month,-0.002181,0.012819,0.0025
2013-04-02,USD_3M_LIBOR_PUBLIC_PROXY,2013-03,0.2819,previous_completed_calendar_month,-0.002181,0.012819,0.0025
2013-04-03,USD_3M_LIBOR_PUBLIC_PROXY,2013-03,0.2819,previous_completed_calendar_month,-0.002181,0.012819,0.0025
2013-04-04,USD_3M_LIBOR_PUBLIC_PROXY,2013-03,0.2819,previous_completed_calendar_month,-0.002181,0.012819,0.0025
2013-04-05,USD_3M_LIBOR_PUBLIC_PROXY,2013-03,0.2819,previous_completed_calendar_month,-0.002181,0.012819,0.0025
2013-04-08,USD_3M_LIBOR_PUBLIC_PROXY,2013-03,0.2819,previous_completed_calendar_month,-0.002181,0.012819,0.0025
2013-04-09,USD_3M_LIBOR_PUBLIC_PROXY,2013-03,0.2819,previous_completed_calendar_month,-0.002181,0.012819,0.0025
2013-04-10,USD_3M_LIBOR_PUBLIC_PROXY,2013-03,0.2819,previous_completed_calendar_month,-0.002181,0.012819,0.0025
2013-04-11,USD_3M_LIBOR_PUBLIC_PROXY,2013-03,0.2819,previous_completed_calendar_month,-0.002181,0.012819,0.0025
2013-04-12,USD_3M_LIBOR_PUBLIC_PROXY,2013-03,0.2819,previous_completed_calendar_month,-0.002181,0.012819,0.0025
2013-04-15,USD_3M_LIBOR_PUBLIC_PROXY,2013-03,0.2819,previous_completed_calendar_month,-0.002181,0.012819,0.0025
2013-04-16,USD_3M_LIBOR_PUBLIC_PROXY,2013-03,0.2819,previous_completed_calendar_month,-0.002181,0.012819,0.0025
2013-04-17,USD_3M_LIBOR_PUBLIC_PROXY,2013-03,0.2819,previous_completed_calendar_month,-0.002181,0.012819,0.0025
2013-04-18,USD_3M_LIBOR_PUBLIC_PROXY,2013-03,0.2819,previous_completed_calendar_month,-0.002181,0.012819,0.0025
2013-04-19,USD_3M_LIBOR_PUBLIC_PROXY,2013-03,0.2819,previous_completed_calendar_month,-0.002181,0.012819,0.0025
2013-04-22,USD_3M_LIBOR_PUBLIC_PROXY,2013-03,0.2819,previous_completed_calendar_month,-0.002181,0.012819,0.0025
2013-04-23,USD_3M_LIBOR_PUBLIC_PROXY,2013-03,0.2819,previous_completed_calendar_month,-0.002181,0.012819,0.0025
2013-04-24,USD_3M_LIBOR_PUBLIC_PROXY,2013-03,0.2819,previous_completed_calendar_month,-0.002181,0.012819,0.0025
2013-04-25,USD_3M_LIBOR_PUBLIC_PROXY,2013-03,0.2819,previous_completed_calendar_month,-0.002181,0.012819,0.0025
2013-04-26,USD_3M_LIBOR_PUBLIC_PROXY,2013-03,0.2819,previous_completed_calendar_month,-0.002181,0.012819,0.0025
2013-04-29,USD_3M_LIBOR_PUBLIC_PROXY,2013-03,0.2819,previous_completed_calendar_month,-0.002181,0.012819,0.0025
2013-04-30,USD_3M_LIBOR_PUBLIC_PROXY,2013-03,0.2819,previous_completed_calendar_month,-0.002181,0.012819,0.0025
2013-05-01,USD_3M_LIBOR_PUBLIC_PROXY,2013-04,0.2771428571,previous_completed_calendar_month,-0.002228571429,0.01277142857,0.0025
2013-05-02,USD_3M_LIBOR_PUBLIC_PROXY,2013-04,0.2771428571,previous_completed_calendar_month,-0.002228571429,0.01277142857,0.0025
2013-05-03,USD_3M_LIBOR_PUBLIC_PROXY,2013-04,0.2771428571,previous_completed_calendar_month,-0.002228571429,0.01277142857,0.0025
2013-05-06,USD_3M_LIBOR_PUBLIC_PROXY,2013-04,0.2771428571,previous_completed_calendar_month,-0.002228571429,0.01277142857,0.0025
2013-05-07,USD_3M_LIBOR_PUBLIC_PROXY,2013-04,0.2771428571,previous_completed_calendar_month,-0.002228571429,0.01277142857,0.0025
2013-05-08,USD_3M_LIBOR_PUBLIC_PROXY,2013-04,0.2771428571,previous_completed_calendar_month,-0.002228571429,0.01277142857,0.0025
2013-05-09,USD_3M_LIBOR_PUBLIC_PROXY,2013-04,0.2771428571,previous_completed_calendar_month,-0.002228571429,0.01277142857,0.0025
2013-05-10,USD_3M_LIBOR_PUBLIC_PROXY,2013-04,0.2771428571,previous_completed_calendar_month,-0.002228571429,0.01277142857,0.0025
2013-05-13,USD_3M_LIBOR_PUBLIC_PROXY,2013-04,0.2771428571,previous_completed_calendar_month,-0.002228571429,0.01277142857,0.0025
2013-05-14,USD_3M_LIBOR_PUBLIC_PROXY,2013-04,0.2771428571,previous_completed_calendar_month,-0.002228571429,0.01277142857,0.0025
2013-05-15,USD_3M_LIBOR_PUBLIC_PROXY,2013-04,0.2771428571,previous_completed_calendar_month,-0.002228571429,0.01277142857,0.0025
2013-05-16,USD_3M_LIBOR_PUBLIC_PROXY,2013-04,0.2771428571,previous_completed_calendar_month,-0.002228571429,0.01277142857,0.0025
2013-05-17,USD_3M_LIBOR_PUBLIC_PROXY,2013-04,0.2771428571,previous_completed_calendar_month,-0.002228571429,0.01277142857,0.0025
2013-05-20,USD_3M_LIBOR_PUBLIC_PROXY,2013-04,0.2771428571,previous_completed_calendar_month,-0.002228571429,0.01277142857,0.0025
2013-05-21,USD_3M_LIBOR_PUBLIC_PROXY,2013-04,0.2771428571,previous_completed_calendar_month,-0.002228571429,0.01277142857,0.0025
2013-05-22,USD_3M_LIBOR_PUBLIC_PROXY,2013-04,0.2771428571,previous_completed_calendar_month,-0.002228571429,0.01277142857,0.0025
2013-05-23,USD_3M_LIBOR_PUBLIC_PROXY,2013-04,0.2771428571,previous_completed_calendar_month,-0.002228571429,0.01277142857,0.0025
2013-05-24,USD_3M_LIBOR_PUBLIC_PROXY,2013-04,0.2771428571,previous_completed_calendar_month,-0.002228571429,0.01277142857,0.0025
2013-05-28,USD_3M_LIBOR_PUBLIC_PROXY,2013-04,0.2771428571,previous_completed_calendar_month,-0.002228571429,0.01277142857,0.0025
2013-05-29,USD_3M_LIBOR_PUBLIC_PROXY,2013-04,0.2771428571,previous_completed_calendar_month,-0.002228571429,0.01277142857,0.0025
2013-05-30,USD_3M_LIBOR_PUBLIC_PROXY,2013-04,0.2771428571,previous_completed_calendar_month,-0.002228571429,0.01277142857,0.0025
2013-05-31,USD_3M_LIBOR_PUBLIC_PROXY,2013-04,0.2771428571,previous_completed_calendar_month,-0.002228571429,0.01277142857,0.0025
2013-06-03,USD_3M_LIBOR_PUBLIC_PROXY,2013-05,0.2741690476,previous_completed_calendar_month,-0.002258309524,0.01274169048,0.0025
2013-06-04,USD_3M_LIBOR_PUBLIC_PROXY,2013-05,0.2741690476,previous_completed_calendar_month,-0.002258309524,0.01274169048,0.0025
2013-06-05,USD_3M_LIBOR_PUBLIC_PROXY,2013-05,0.2741690476,previous_completed_calendar_month,-0.002258309524,0.01274169048,0.0025
2013-06-06,USD_3M_LIBOR_PUBLIC_PROXY,2013-05,0.2741690476,previous_completed_calendar_month,-0.002258309524,0.01274169048,0.0025
2013-06-07,USD_3M_LIBOR_PUBLIC_PROXY,2013-05,0.2741690476,previous_completed_calendar_month,-0.002258309524,0.01274169048,0.0025
2013-06-10,USD_3M_LIBOR_PUBLIC_PROXY,2013-05,0.2741690476,previous_completed_calendar_month,-0.002258309524,0.01274169048,0.0025
2013-06-11,USD_3M_LIBOR_PUBLIC_PROXY,2013-05,0.2741690476,previous_completed_calendar_month,-0.002258309524,0.01274169048,0.0025
2013-06-12,USD_3M_LIBOR_PUBLIC_PROXY,2013-05,0.2741690476,previous_completed_calendar_month,-0.002258309524,0.01274169048,0.0025
2013-06-13,USD_3M_LIBOR_PUBLIC_PROXY,2013-05,0.2741690476,previous_completed_calendar_month,-0.002258309524,0.01274169048,0.0025
2013-06-14,USD_3M_LIBOR_PUBLIC_PROXY,2013-05,0.2741690476,previous_completed_calendar_month,-0.002258309524,0.01274169048,0.0025
2013-06-17,USD_3M_LIBOR_PUBLIC_PROXY,2013-05,0.2741690476,previous_completed_calendar_month,-0.002258309524,0.01274169048,0.0025
2013-06-18,USD_3M_LIBOR_PUBLIC_PROXY,2013-05,0.2741690476,previous_completed_calendar_month,-0.002258309524,0.01274169048,0.0025
2013-06-19,USD_3M_LIBOR_PUBLIC_PROXY,2013-05,0.2741690476,previous_completed_calendar_month,-0.002258309524,0.01274169048,0.0025
2013-06-20,USD_3M_LIBOR_PUBLIC_PROXY,2013-05,0.2741690476,previous_completed_calendar_month,-0.002258309524,0.01274169048,0.0025
2013-06-21,USD_3M_LIBOR_PUBLIC_PROXY,2013-05,0.2741690476,previous_completed_calendar_month,-0.002258309524,0.01274169048,0.0025
2013-06-24,USD_3M_LIBOR_PUBLIC_PROXY,2013-05,0.2741690476,previous_completed_calendar_month,-0.002258309524,0.01274169048,0.0025
2013-06-25,USD_3M_LIBOR_PUBLIC_PROXY,2013-05,0.2741690476,previous_completed_calendar_month,-0.002258309524,0.01274169048,0.0025
2013-06-26,USD_3M_LIBOR_PUBLIC_PROXY,2013-05,0.2741690476,previous_completed_calendar_month,-0.002258309524,0.01274169048,0.0025
2013-06-27,USD_3M_LIBOR_PUBLIC_PROXY,2013-05,0.2741690476,previous_completed_calendar_month,-0.002258309524,0.01274169048,0.0025
2013-06-28,USD_3M_LIBOR_PUBLIC_PROXY,2013-05,0.2741690476,previous_completed_calendar_month,-0.002258309524,0.01274169048,0.0025
2013-07-01,USD_3M_LIBOR_PUBLIC_PROXY,2013-06,0.27374,previous_completed_calendar_month,-0.0022626,0.0127374,0.0025
2013-07-02,USD_3M_LIBOR_PUBLIC_PROXY,2013-06,0.27374,previous_completed_calendar_month,-0.0022626,0.0127374,0.0025
2013-07-03,USD_3M_LIBOR_PUBLIC_PROXY,2013-06,0.27374,previous_completed_calendar_month,-0.0022626,0.0127374,0.0025
2013-07-05,USD_3M_LIBOR_PUBLIC_PROXY,2013-06,0.27374,previous_completed_calendar_month,-0.0022626,0.0127374,0.0025
2013-07-08,USD_3M_LIBOR_PUBLIC_PROXY,2013-06,0.27374,previous_completed_calendar_month,-0.0022626,0.0127374,0.0025
2013-07-09,USD_3M_LIBOR_PUBLIC_PROXY,2013-06,0.27374,previous_completed_calendar_month,-0.0022626,0.0127374,0.0025
2013-07-10,USD_3M_LIBOR_PUBLIC_PROXY,2013-06,0.27374,previous_completed_calendar_month,-0.0022626,0.0127374,0.0025
2013-07-11,USD_3M_LIBOR_PUBLIC_PROXY,2013-06,0.27374,previous_completed_calendar_month,-0.0022626,0.0127374,0.0025
2013-07-12,USD_3M_LIBOR_PUBLIC_PROXY,2013-06,0.27374,previous_completed_calendar_month,-0.0022626,0.0127374,0.0025
2013-07-15,USD_3M_LIBOR_PUBLIC_PROXY,2013-06,0.27374,previous_completed_calendar_month,-0.0022626,0.0127374,0.0025
2013-07-16,USD_3M_LIBOR_PUBLIC_PROXY,2013-06,0.27374,previous_completed_calendar_month,-0.0022626,0.0127374,0.0025
2013-07-17,USD_3M_LIBOR_PUBLIC_PROXY,2013-06,0.27374,previous_completed_calendar_month,-0.0022626,0.0127374,0.0025
2013-07-18,USD_3M_LIBOR_PUBLIC_PROXY,2013-06,0.27374,previous_completed_calendar_month,-0.0022626,0.0127374,0.0025
2013-07-19,USD_3M_LIBOR_PUBLIC_PROXY,2013-06,0.27374,previous_completed_calendar_month,-0.0022626,0.0127374,0.0025
2013-07-22,USD_3M_LIBOR_PUBLIC_PROXY,2013-06,0.27374,previous_completed_calendar_month,-0.0022626,0.0127374,0.0025
2013-07-23,USD_3M_LIBOR_PUBLIC_PROXY,2013-06,0.27374,previous_completed_calendar_month,-0.0022626,0.0127374,0.0025
2013-07-24,USD_3M_LIBOR_PUBLIC_PROXY,2013-06,0.27374,previous_completed_calendar_month,-0.0022626,0.0127374,0.0025
2013-07-25,USD_3M_LIBOR_PUBLIC_PROXY,2013-06,0.27374,previous_completed_calendar_month,-0.0022626,0.0127374,0.0025
2013-07-26,USD_3M_LIBOR_PUBLIC_PROXY,2013-06,0.27374,previous_completed_calendar_month,-0.0022626,0.0127374,0.0025
2013-07-29,USD_3M_LIBOR_PUBLIC_PROXY,2013-06,0.27374,previous_completed_calendar_month,-0.0022626,0.0127374,0.0025
2013-07-30,USD_3M_LIBOR_PUBLIC_PROXY,2013-06,0.27374,previous_completed_calendar_month,-0.0022626,0.0127374,0.0025
2013-07-31,USD_3M_LIBOR_PUBLIC_PROXY,2013-06,0.27374,previous_completed_calendar_month,-0.0022626,0.0127374,0.0025
2013-08-01,USD_3M_LIBOR_PUBLIC_PROXY,2013-07,0.2675826087,previous_completed_calendar_month,-0.002324173913,0.01267582609,0.0025
2013-08-02,USD_3M_LIBOR_PUBLIC_PROXY,2013-07,0.2675826087,previous_completed_calendar_month,-0.002324173913,0.01267582609,0.0025
2013-08-05,USD_3M_LIBOR_PUBLIC_PROXY,2013-07,0.2675826087,previous_completed_calendar_month,-0.002324173913,0.01267582609,0.0025
2013-08-06,USD_3M_LIBOR_PUBLIC_PROXY,2013-07,0.2675826087,previous_completed_calendar_month,-0.002324173913,0.01267582609,0.0025
2013-08-07,USD_3M_LIBOR_PUBLIC_PROXY,2013-07,0.2675826087,previous_completed_calendar_month,-0.002324173913,0.01267582609,0.0025
2013-08-08,USD_3M_LIBOR_PUBLIC_PROXY,2013-07,0.2675826087,previous_completed_calendar_month,-0.002324173913,0.01267582609,0.0025
2013-08-09,USD_3M_LIBOR_PUBLIC_PROXY,2013-07,0.2675826087,previous_completed_calendar_month,-0.002324173913,0.01267582609,0.0025
2013-08-12,USD_3M_LIBOR_PUBLIC_PROXY,2013-07,0.2675826087,previous_completed_calendar_month,-0.002324173913,0.01267582609,0.0025
2013-08-13,USD_3M_LIBOR_PUBLIC_PROXY,2013-07,0.2675826087,previous_completed_calendar_month,-0.002324173913,0.01267582609,0.0025
2013-08-14,USD_3M_LIBOR_PUBLIC_PROXY,2013-07,0.2675826087,previous_completed_calendar_month,-0.002324173913,0.01267582609,0.0025
2013-08-15,USD_3M_LIBOR_PUBLIC_PROXY,2013-07,0.2675826087,previous_completed_calendar_month,-0.002324173913,0.01267582609,0.0025
2013-08-16,USD_3M_LIBOR_PUBLIC_PROXY,2013-07,0.2675826087,previous_completed_calendar_month,-0.002324173913,0.01267582609,0.0025
2013-08-19,USD_3M_LIBOR_PUBLIC_PROXY,2013-07,0.2675826087,previous_completed_calendar_month,-0.002324173913,0.01267582609,0.0025
2013-08-20,USD_3M_LIBOR_PUBLIC_PROXY,2013-07,0.2675826087,previous_completed_calendar_month,-0.002324173913,0.01267582609,0.0025
2013-08-21,USD_3M_LIBOR_PUBLIC_PROXY,2013-07,0.2675826087,previous_completed_calendar_month,-0.002324173913,0.01267582609,0.0025
2013-08-22,USD_3M_LIBOR_PUBLIC_PROXY,2013-07,0.2675826087,previous_completed_calendar_month,-0.002324173913,0.01267582609,0.0025
2013-08-23,USD_3M_LIBOR_PUBLIC_PROXY,2013-07,0.2675826087,previous_completed_calendar_month,-0.002324173913,0.01267582609,0.0025
2013-08-26,USD_3M_LIBOR_PUBLIC_PROXY,2013-07,0.2675826087,previous_completed_calendar_month,-0.002324173913,0.01267582609,0.0025
2013-08-27,USD_3M_LIBOR_PUBLIC_PROXY,2013-07,0.2675826087,previous_completed_calendar_month,-0.002324173913,0.01267582609,0.0025
2013-08-28,USD_3M_LIBOR_PUBLIC_PROXY,2013-07,0.2675826087,previous_completed_calendar_month,-0.002324173913,0.01267582609,0.0025
2013-08-29,USD_3M_LIBOR_PUBLIC_PROXY,2013-07,0.2675826087,previous_completed_calendar_month,-0.002324173913,0.01267582609,0.0025
2013-08-30,USD_3M_LIBOR_PUBLIC_PROXY,2013-07,0.2675826087,previous_completed_calendar_month,-0.002324173913,0.01267582609,0.0025
2013-09-03,USD_3M_LIBOR_PUBLIC_PROXY,2013-08,0.2633952381,previous_completed_calendar_month,-0.002366047619,0.01263395238,0.0025
2013-09-04,USD_3M_LIBOR_PUBLIC_PROXY,2013-08,0.2633952381,previous_completed_calendar_month,-0.002366047619,0.01263395238,0.0025
2013-09-05,USD_3M_LIBOR_PUBLIC_PROXY,2013-08,0.2633952381,previous_completed_calendar_month,-0.002366047619,0.01263395238,0.0025
2013-09-06,USD_3M_LIBOR_PUBLIC_PROXY,2013-08,0.2633952381,previous_completed_calendar_month,-0.002366047619,0.01263395238,0.0025
2013-09-09,USD_3M_LIBOR_PUBLIC_PROXY,2013-08,0.2633952381,previous_completed_calendar_month,-0.002366047619,0.01263395238,0.0025
2013-09-10,USD_3M_LIBOR_PUBLIC_PROXY,2013-08,0.2633952381,previous_completed_calendar_month,-0.002366047619,0.01263395238,0.0025
2013-09-11,USD_3M_LIBOR_PUBLIC_PROXY,2013-08,0.2633952381,previous_completed_calendar_month,-0.002366047619,0.01263395238,0.0025
2013-09-12,USD_3M_LIBOR_PUBLIC_PROXY,2013-08,0.2633952381,previous_completed_calendar_month,-0.002366047619,0.01263395238,0.0025
2013-09-13,USD_3M_LIBOR_PUBLIC_PROXY,2013-08,0.2633952381,previous_completed_calendar_month,-0.002366047619,0.01263395238,0.0025
2013-09-16,USD_3M_LIBOR_PUBLIC_PROXY,2013-08,0.2633952381,previous_completed_calendar_month,-0.002366047619,0.01263395238,0.0025
2013-09-17,USD_3M_LIBOR_PUBLIC_PROXY,2013-08,0.2633952381,previous_completed_calendar_month,-0.002366047619,0.01263395238,0.0025
2013-09-18,USD_3M_LIBOR_PUBLIC_PROXY,2013-08,0.2633952381,previous_completed_calendar_month,-0.002366047619,0.01263395238,0.0025
2013-09-19,USD_3M_LIBOR_PUBLIC_PROXY,2013-08,0.2633952381,previous_completed_calendar_month,-0.002366047619,0.01263395238,0.0025
2013-09-20,USD_3M_LIBOR_PUBLIC_PROXY,2013-08,0.2633952381,previous_completed_calendar_month,-0.002366047619,0.01263395238,0.0025
2013-09-23,USD_3M_LIBOR_PUBLIC_PROXY,2013-08,0.2633952381,previous_completed_calendar_month,-0.002366047619,0.01263395238,0.0025
2013-09-24,USD_3M_LIBOR_PUBLIC_PROXY,2013-08,0.2633952381,previous_completed_calendar_month,-0.002366047619,0.01263395238,0.0025
2013-09-25,USD_3M_LIBOR_PUBLIC_PROXY,2013-08,0.2633952381,previous_completed_calendar_month,-0.002366047619,0.01263395238,0.0025
2013-09-26,USD_3M_LIBOR_PUBLIC_PROXY,2013-08,0.2633952381,previous_completed_calendar_month,-0.002366047619,0.01263395238,0.0025
2013-09-27,USD_3M_LIBOR_PUBLIC_PROXY,2013-08,0.2633952381,previous_completed_calendar_month,-0.002366047619,0.01263395238,0.0025
2013-09-30,USD_3M_LIBOR_PUBLIC_PROXY,2013-08,0.2633952381,previous_completed_calendar_month,-0.002366047619,0.01263395238,0.0025
2013-10-01,USD_3M_LIBOR_PUBLIC_PROXY,2013-09,0.2531785714,previous_completed_calendar_month,-0.002468214286,0.01253178571,0.0025
2013-10-02,USD_3M_LIBOR_PUBLIC_PROXY,2013-09,0.2531785714,previous_completed_calendar_month,-0.002468214286,0.01253178571,0.0025
2013-10-03,USD_3M_LIBOR_PUBLIC_PROXY,2013-09,0.2531785714,previous_completed_calendar_month,-0.002468214286,0.01253178571,0.0025
2013-10-04,USD_3M_LIBOR_PUBLIC_PROXY,2013-09,0.2531785714,previous_completed_calendar_month,-0.002468214286,0.01253178571,0.0025
2013-10-07,USD_3M_LIBOR_PUBLIC_PROXY,2013-09,0.2531785714,previous_completed_calendar_month,-0.002468214286,0.01253178571,0.0025
2013-10-08,USD_3M_LIBOR_PUBLIC_PROXY,2013-09,0.2531785714,previous_completed_calendar_month,-0.002468214286,0.01253178571,0.0025
2013-10-09,USD_3M_LIBOR_PUBLIC_PROXY,2013-09,0.2531785714,previous_completed_calendar_month,-0.002468214286,0.01253178571,0.0025
2013-10-10,USD_3M_LIBOR_PUBLIC_PROXY,2013-09,0.2531785714,previous_completed_calendar_month,-0.002468214286,0.01253178571,0.0025
2013-10-11,USD_3M_LIBOR_PUBLIC_PROXY,2013-09,0.2531785714,previous_completed_calendar_month,-0.002468214286,0.01253178571,0.0025
2013-10-14,USD_3M_LIBOR_PUBLIC_PROXY,2013-09,0.2531785714,previous_completed_calendar_month,-0.002468214286,0.01253178571,0.0025
2013-10-15,USD_3M_LIBOR_PUBLIC_PROXY,2013-09,0.2531785714,previous_completed_calendar_month,-0.002468214286,0.01253178571,0.0025
2013-10-16,USD_3M_LIBOR_PUBLIC_PROXY,2013-09,0.2531785714,previous_completed_calendar_month,-0.002468214286,0.01253178571,0.0025
2013-10-17,USD_3M_LIBOR_PUBLIC_PROXY,2013-09,0.2531785714,previous_completed_calendar_month,-0.002468214286,0.01253178571,0.0025
2013-10-18,USD_3M_LIBOR_PUBLIC_PROXY,2013-09,0.2531785714,previous_completed_calendar_month,-0.002468214286,0.01253178571,0.0025
2013-10-21,USD_3M_LIBOR_PUBLIC_PROXY,2013-09,0.2531785714,previous_completed_calendar_month,-0.002468214286,0.01253178571,0.0025
2013-10-22,USD_3M_LIBOR_PUBLIC_PROXY,2013-09,0.2531785714,previous_completed_calendar_month,-0.002468214286,0.01253178571,0.0025
2013-10-23,USD_3M_LIBOR_PUBLIC_PROXY,2013-09,0.2531785714,previous_completed_calendar_month,-0.002468214286,0.01253178571,0.0025
2013-10-24,USD_3M_LIBOR_PUBLIC_PROXY,2013-09,0.2531785714,previous_completed_calendar_month,-0.002468214286,0.01253178571,0.0025
2013-10-25,USD_3M_LIBOR_PUBLIC_PROXY,2013-09,0.2531785714,previous_completed_calendar_month,-0.002468214286,0.01253178571,0.0025
2013-10-28,USD_3M_LIBOR_PUBLIC_PROXY,2013-09,0.2531785714,previous_completed_calendar_month,-0.002468214286,0.01253178571,0.0025
2013-10-29,USD_3M_LIBOR_PUBLIC_PROXY,2013-09,0.2531785714,previous_completed_calendar_month,-0.002468214286,0.01253178571,0.0025
2013-10-30,USD_3M_LIBOR_PUBLIC_PROXY,2013-09,0.2531785714,previous_completed_calendar_month,-0.002468214286,0.01253178571,0.0025
2013-10-31,USD_3M_LIBOR_PUBLIC_PROXY,2013-09,0.2531785714,previous_completed_calendar_month,-0.002468214286,0.01253178571,0.0025
2013-11-01,USD_3M_LIBOR_PUBLIC_PROXY,2013-10,0.2417652174,previous_completed_calendar_month,-0.002582347826,0.01241765217,0.0025
2013-11-04,USD_3M_LIBOR_PUBLIC_PROXY,2013-10,0.2417652174,previous_completed_calendar_month,-0.002582347826,0.01241765217,0.0025
2013-11-05,USD_3M_LIBOR_PUBLIC_PROXY,2013-10,0.2417652174,previous_completed_calendar_month,-0.002582347826,0.01241765217,0.0025
2013-11-06,USD_3M_LIBOR_PUBLIC_PROXY,2013-10,0.2417652174,previous_completed_calendar_month,-0.002582347826,0.01241765217,0.0025
2013-11-07,USD_3M_LIBOR_PUBLIC_PROXY,2013-10,0.2417652174,previous_completed_calendar_month,-0.002582347826,0.01241765217,0.0025
2013-11-08,USD_3M_LIBOR_PUBLIC_PROXY,2013-10,0.2417652174,previous_completed_calendar_month,-0.002582347826,0.01241765217,0.0025
2013-11-11,USD_3M_LIBOR_PUBLIC_PROXY,2013-10,0.2417652174,previous_completed_calendar_month,-0.002582347826,0.01241765217,0.0025
2013-11-12,USD_3M_LIBOR_PUBLIC_PROXY,2013-10,0.2417652174,previous_completed_calendar_month,-0.002582347826,0.01241765217,0.0025
2013-11-13,USD_3M_LIBOR_PUBLIC_PROXY,2013-10,0.2417652174,previous_completed_calendar_month,-0.002582347826,0.01241765217,0.0025
2013-11-14,USD_3M_LIBOR_PUBLIC_PROXY,2013-10,0.2417652174,previous_completed_calendar_month,-0.002582347826,0.01241765217,0.0025
2013-11-15,USD_3M_LIBOR_PUBLIC_PROXY,2013-10,0.2417652174,previous_completed_calendar_month,-0.002582347826,0.01241765217,0.0025
2013-11-18,USD_3M_LIBOR_PUBLIC_PROXY,2013-10,0.2417652174,previous_completed_calendar_month,-0.002582347826,0.01241765217,0.0025
2013-11-19,USD_3M_LIBOR_PUBLIC_PROXY,2013-10,0.2417652174,previous_completed_calendar_month,-0.002582347826,0.01241765217,0.0025
2013-11-20,USD_3M_LIBOR_PUBLIC_PROXY,2013-10,0.2417652174,previous_completed_calendar_month,-0.002582347826,0.01241765217,0.0025
2013-11-21,USD_3M_LIBOR_PUBLIC_PROXY,2013-10,0.2417652174,previous_completed_calendar_month,-0.002582347826,0.01241765217,0.0025
2013-11-22,USD_3M_LIBOR_PUBLIC_PROXY,2013-10,0.2417652174,previous_completed_calendar_month,-0.002582347826,0.01241765217,0.0025
2013-11-25,USD_3M_LIBOR_PUBLIC_PROXY,2013-10,0.2417652174,previous_completed_calendar_month,-0.002582347826,0.01241765217,0.0025
2013-11-26,USD_3M_LIBOR_PUBLIC_PROXY,2013-10,0.2417652174,previous_completed_calendar_month,-0.002582347826,0.01241765217,0.0025
2013-11-27,USD_3M_LIBOR_PUBLIC_PROXY,2013-10,0.2417652174,previous_completed_calendar_month,-0.002582347826,0.01241765217,0.0025
2013-11-29,USD_3M_LIBOR_PUBLIC_PROXY,2013-10,0.2417652174,previous_completed_calendar_month,-0.002582347826,0.01241765217,0.0025
2013-12-02,USD_3M_LIBOR_PUBLIC_PROXY,2013-11,0.2382452381,previous_completed_calendar_month,-0.002617547619,0.01238245238,0.0025
2013-12-03,USD_3M_LIBOR_PUBLIC_PROXY,2013-11,0.2382452381,previous_completed_calendar_month,-0.002617547619,0.01238245238,0.0025
2013-12-04,USD_3M_LIBOR_PUBLIC_PROXY,2013-11,0.2382452381,previous_completed_calendar_month,-0.002617547619,0.01238245238,0.0025
2013-12-05,USD_3M_LIBOR_PUBLIC_PROXY,2013-11,0.2382452381,previous_completed_calendar_month,-0.002617547619,0.01238245238,0.0025
2013-12-06,USD_3M_LIBOR_PUBLIC_PROXY,2013-11,0.2382452381,previous_completed_calendar_month,-0.002617547619,0.01238245238,0.0025
2013-12-09,USD_3M_LIBOR_PUBLIC_PROXY,2013-11,0.2382452381,previous_completed_calendar_month,-0.002617547619,0.01238245238,0.0025
2013-12-10,USD_3M_LIBOR_PUBLIC_PROXY,2013-11,0.2382452381,previous_completed_calendar_month,-0.002617547619,0.01238245238,0.0025
2013-12-11,USD_3M_LIBOR_PUBLIC_PROXY,2013-11,0.2382452381,previous_completed_calendar_month,-0.002617547619,0.01238245238,0.0025
2013-12-12,USD_3M_LIBOR_PUBLIC_PROXY,2013-11,0.2382452381,previous_completed_calendar_month,-0.002617547619,0.01238245238,0.0025
2013-12-13,USD_3M_LIBOR_PUBLIC_PROXY,2013-11,0.2382452381,previous_completed_calendar_month,-0.002617547619,0.01238245238,0.0025
2013-12-16,USD_3M_LIBOR_PUBLIC_PROXY,2013-11,0.2382452381,previous_completed_calendar_month,-0.002617547619,0.01238245238,0.0025
2013-12-17,USD_3M_LIBOR_PUBLIC_PROXY,2013-11,0.2382452381,previous_completed_calendar_month,-0.002617547619,0.01238245238,0.0025
2013-12-18,USD_3M_LIBOR_PUBLIC_PROXY,2013-11,0.2382452381,previous_completed_calendar_month,-0.002617547619,0.01238245238,0.0025
2013-12-19,USD_3M_LIBOR_PUBLIC_PROXY,2013-11,0.2382452381,previous_completed_calendar_month,-0.002617547619,0.01238245238,0.0025
2013-12-20,USD_3M_LIBOR_PUBLIC_PROXY,2013-11,0.2382452381,previous_completed_calendar_month,-0.002617547619,0.01238245238,0.0025
2013-12-23,USD_3M_LIBOR_PUBLIC_PROXY,2013-11,0.2382452381,previous_completed_calendar_month,-0.002617547619,0.01238245238,0.0025
2013-12-24,USD_3M_LIBOR_PUBLIC_PROXY,2013-11,0.2382452381,previous_completed_calendar_month,-0.002617547619,0.01238245238,0.0025
2013-12-26,USD_3M_LIBOR_PUBLIC_PROXY,2013-11,0.2382452381,previous_completed_calendar_month,-0.002617547619,0.01238245238,0.0025
2013-12-27,USD_3M_LIBOR_PUBLIC_PROXY,2013-11,0.2382452381,previous_completed_calendar_month,-0.002617547619,0.01238245238,0.0025
2013-12-30,USD_3M_LIBOR_PUBLIC_PROXY,2013-11,0.2382452381,previous_completed_calendar_month,-0.002617547619,0.01238245238,0.0025
2013-12-31,USD_3M_LIBOR_PUBLIC_PROXY,2013-11,0.2382452381,previous_completed_calendar_month,-0.002617547619,0.01238245238,0.0025
2014-01-02,USD_3M_LIBOR_PUBLIC_PROXY,2013-12,0.2438975,previous_completed_calendar_month,-0.002561025,0.012438975,0.0025
2014-01-03,USD_3M_LIBOR_PUBLIC_PROXY,2013-12,0.2438975,previous_completed_calendar_month,-0.002561025,0.012438975,0.0025
2014-01-06,USD_3M_LIBOR_PUBLIC_PROXY,2013-12,0.2438975,previous_completed_calendar_month,-0.002561025,0.012438975,0.0025
2014-01-07,USD_3M_LIBOR_PUBLIC_PROXY,2013-12,0.2438975,previous_completed_calendar_month,-0.002561025,0.012438975,0.0025
2014-01-08,USD_3M_LIBOR_PUBLIC_PROXY,2013-12,0.2438975,previous_completed_calendar_month,-0.002561025,0.012438975,0.0025
2014-01-09,USD_3M_LIBOR_PUBLIC_PROXY,2013-12,0.2438975,previous_completed_calendar_month,-0.002561025,0.012438975,0.0025
2014-01-10,USD_3M_LIBOR_PUBLIC_PROXY,2013-12,0.2438975,previous_completed_calendar_month,-0.002561025,0.012438975,0.0025
2014-01-13,USD_3M_LIBOR_PUBLIC_PROXY,2013-12,0.2438975,previous_completed_calendar_month,-0.002561025,0.012438975,0.0025
2014-01-14,USD_3M_LIBOR_PUBLIC_PROXY,2013-12,0.2438975,previous_completed_calendar_month,-0.002561025,0.012438975,0.0025
2014-01-15,USD_3M_LIBOR_PUBLIC_PROXY,2013-12,0.2438975,previous_completed_calendar_month,-0.002561025,0.012438975,0.0025
2014-01-16,USD_3M_LIBOR_PUBLIC_PROXY,2013-12,0.2438975,previous_completed_calendar_month,-0.002561025,0.012438975,0.0025
2014-01-17,USD_3M_LIBOR_PUBLIC_PROXY,2013-12,0.2438975,previous_completed_calendar_month,-0.002561025,0.012438975,0.0025
2014-01-21,USD_3M_LIBOR_PUBLIC_PROXY,2013-12,0.2438975,previous_completed_calendar_month,-0.002561025,0.012438975,0.0025
2014-01-22,USD_3M_LIBOR_PUBLIC_PROXY,2013-12,0.2438975,previous_completed_calendar_month,-0.002561025,0.012438975,0.0025
2014-01-23,USD_3M_LIBOR_PUBLIC_PROXY,2013-12,0.2438975,previous_completed_calendar_month,-0.002561025,0.012438975,0.0025
2014-01-24,USD_3M_LIBOR_PUBLIC_PROXY,2013-12,0.2438975,previous_completed_calendar_month,-0.002561025,0.012438975,0.0025
2014-01-27,USD_3M_LIBOR_PUBLIC_PROXY,2013-12,0.2438975,previous_completed_calendar_month,-0.002561025,0.012438975,0.0025
2014-01-28,USD_3M_LIBOR_PUBLIC_PROXY,2013-12,0.2438975,previous_completed_calendar_month,-0.002561025,0.012438975,0.0025
2014-01-29,USD_3M_LIBOR_PUBLIC_PROXY,2013-12,0.2438975,previous_completed_calendar_month,-0.002561025,0.012438975,0.0025
2014-01-30,USD_3M_LIBOR_PUBLIC_PROXY,2013-12,0.2438975,previous_completed_calendar_month,-0.002561025,0.012438975,0.0025
2014-01-31,USD_3M_LIBOR_PUBLIC_PROXY,2013-12,0.2438975,previous_completed_calendar_month,-0.002561025,0.012438975,0.0025
2014-02-03,USD_3M_LIBOR_PUBLIC_PROXY,2014-01,0.2382295455,previous_completed_calendar_month,-0.002617704545,0.01238229545,0.0025
2014-02-04,USD_3M_LIBOR_PUBLIC_PROXY,2014-01,0.2382295455,previous_completed_calendar_month,-0.002617704545,0.01238229545,0.0025
2014-02-05,USD_3M_LIBOR_PUBLIC_PROXY,2014-01,0.2382295455,previous_completed_calendar_month,-0.002617704545,0.01238229545,0.0025
2014-02-06,USD_3M_LIBOR_PUBLIC_PROXY,2014-01,0.2382295455,previous_completed_calendar_month,-0.002617704545,0.01238229545,0.0025
2014-02-07,USD_3M_LIBOR_PUBLIC_PROXY,2014-01,0.2382295455,previous_completed_calendar_month,-0.002617704545,0.01238229545,0.0025
2014-02-10,USD_3M_LIBOR_PUBLIC_PROXY,2014-01,0.2382295455,previous_completed_calendar_month,-0.002617704545,0.01238229545,0.0025
2014-02-11,USD_3M_LIBOR_PUBLIC_PROXY,2014-01,0.2382295455,previous_completed_calendar_month,-0.002617704545,0.01238229545,0.0025
2014-02-12,USD_3M_LIBOR_PUBLIC_PROXY,2014-01,0.2382295455,previous_completed_calendar_month,-0.002617704545,0.01238229545,0.0025
2014-02-13,USD_3M_LIBOR_PUBLIC_PROXY,2014-01,0.2382295455,previous_completed_calendar_month,-0.002617704545,0.01238229545,0.0025
2014-02-14,USD_3M_LIBOR_PUBLIC_PROXY,2014-01,0.2382295455,previous_completed_calendar_month,-0.002617704545,0.01238229545,0.0025
2014-02-18,USD_3M_LIBOR_PUBLIC_PROXY,2014-01,0.2382295455,previous_completed_calendar_month,-0.002617704545,0.01238229545,0.0025
2014-02-19,USD_3M_LIBOR_PUBLIC_PROXY,2014-01,0.2382295455,previous_completed_calendar_month,-0.002617704545,0.01238229545,0.0025
2014-02-20,USD_3M_LIBOR_PUBLIC_PROXY,2014-01,0.2382295455,previous_completed_calendar_month,-0.002617704545,0.01238229545,0.0025
2014-02-21,USD_3M_LIBOR_PUBLIC_PROXY,2014-01,0.2382295455,previous_completed_calendar_month,-0.002617704545,0.01238229545,0.0025
2014-02-24,USD_3M_LIBOR_PUBLIC_PROXY,2014-01,0.2382295455,previous_completed_calendar_month,-0.002617704545,0.01238229545,0.0025
2014-02-25,USD_3M_LIBOR_PUBLIC_PROXY,2014-01,0.2382295455,previous_completed_calendar_month,-0.002617704545,0.01238229545,0.0025
2014-02-26,USD_3M_LIBOR_PUBLIC_PROXY,2014-01,0.2382295455,previous_completed_calendar_month,-0.002617704545,0.01238229545,0.0025
2014-02-27,USD_3M_LIBOR_PUBLIC_PROXY,2014-01,0.2382295455,previous_completed_calendar_month,-0.002617704545,0.01238229545,0.0025
2014-02-28,USD_3M_LIBOR_PUBLIC_PROXY,2014-01,0.2382295455,previous_completed_calendar_month,-0.002617704545,0.01238229545,0.0025
2014-03-03,USD_3M_LIBOR_PUBLIC_PROXY,2014-02,0.2352025,previous_completed_calendar_month,-0.002647975,0.012352025,0.0025
2014-03-04,USD_3M_LIBOR_PUBLIC_PROXY,2014-02,0.2352025,previous_completed_calendar_month,-0.002647975,0.012352025,0.0025
2014-03-05,USD_3M_LIBOR_PUBLIC_PROXY,2014-02,0.2352025,previous_completed_calendar_month,-0.002647975,0.012352025,0.0025
2014-03-06,USD_3M_LIBOR_PUBLIC_PROXY,2014-02,0.2352025,previous_completed_calendar_month,-0.002647975,0.012352025,0.0025
2014-03-07,USD_3M_LIBOR_PUBLIC_PROXY,2014-02,0.2352025,previous_completed_calendar_month,-0.002647975,0.012352025,0.0025
2014-03-10,USD_3M_LIBOR_PUBLIC_PROXY,2014-02,0.2352025,previous_completed_calendar_month,-0.002647975,0.012352025,0.0025
2014-03-11,USD_3M_LIBOR_PUBLIC_PROXY,2014-02,0.2352025,previous_completed_calendar_month,-0.002647975,0.012352025,0.0025
2014-03-12,USD_3M_LIBOR_PUBLIC_PROXY,2014-02,0.2352025,previous_completed_calendar_month,-0.002647975,0.012352025,0.0025
2014-03-13,USD_3M_LIBOR_PUBLIC_PROXY,2014-02,0.2352025,previous_completed_calendar_month,-0.002647975,0.012352025,0.0025
2014-03-14,USD_3M_LIBOR_PUBLIC_PROXY,2014-02,0.2352025,previous_completed_calendar_month,-0.002647975,0.012352025,0.0025
2014-03-17,USD_3M_LIBOR_PUBLIC_PROXY,2014-02,0.2352025,previous_completed_calendar_month,-0.002647975,0.012352025,0.0025
2014-03-18,USD_3M_LIBOR_PUBLIC_PROXY,2014-02,0.2352025,previous_completed_calendar_month,-0.002647975,0.012352025,0.0025
2014-03-19,USD_3M_LIBOR_PUBLIC_PROXY,2014-02,0.2352025,previous_completed_calendar_month,-0.002647975,0.012352025,0.0025
2014-03-20,USD_3M_LIBOR_PUBLIC_PROXY,2014-02,0.2352025,previous_completed_calendar_month,-0.002647975,0.012352025,0.0025
2014-03-21,USD_3M_LIBOR_PUBLIC_PROXY,2014-02,0.2352025,previous_completed_calendar_month,-0.002647975,0.012352025,0.0025
2014-03-24,USD_3M_LIBOR_PUBLIC_PROXY,2014-02,0.2352025,previous_completed_calendar_month,-0.002647975,0.012352025,0.0025
2014-03-25,USD_3M_LIBOR_PUBLIC_PROXY,2014-02,0.2352025,previous_completed_calendar_month,-0.002647975,0.012352025,0.0025
2014-03-26,USD_3M_LIBOR_PUBLIC_PROXY,2014-02,0.2352025,previous_completed_calendar_month,-0.002647975,0.012352025,0.0025
2014-03-27,USD_3M_LIBOR_PUBLIC_PROXY,2014-02,0.2352025,previous_completed_calendar_month,-0.002647975,0.012352025,0.0025
2014-03-28,USD_3M_LIBOR_PUBLIC_PROXY,2014-02,0.2352025,previous_completed_calendar_month,-0.002647975,0.012352025,0.0025
2014-03-31,USD_3M_LIBOR_PUBLIC_PROXY,2014-02,0.2352025,previous_completed_calendar_month,-0.002647975,0.012352025,0.0025
2014-04-01,USD_3M_LIBOR_PUBLIC_PROXY,2014-03,0.234097619,previous_completed_calendar_month,-0.00265902381,0.01234097619,0.0025
2014-04-02,USD_3M_LIBOR_PUBLIC_PROXY,2014-03,0.234097619,previous_completed_calendar_month,-0.00265902381,0.01234097619,0.0025
2014-04-03,USD_3M_LIBOR_PUBLIC_PROXY,2014-03,0.234097619,previous_completed_calendar_month,-0.00265902381,0.01234097619,0.0025
2014-04-04,USD_3M_LIBOR_PUBLIC_PROXY,2014-03,0.234097619,previous_completed_calendar_month,-0.00265902381,0.01234097619,0.0025
2014-04-07,USD_3M_LIBOR_PUBLIC_PROXY,2014-03,0.234097619,previous_completed_calendar_month,-0.00265902381,0.01234097619,0.0025
2014-04-08,USD_3M_LIBOR_PUBLIC_PROXY,2014-03,0.234097619,previous_completed_calendar_month,-0.00265902381,0.01234097619,0.0025
2014-04-09,USD_3M_LIBOR_PUBLIC_PROXY,2014-03,0.234097619,previous_completed_calendar_month,-0.00265902381,0.01234097619,0.0025
2014-04-10,USD_3M_LIBOR_PUBLIC_PROXY,2014-03,0.234097619,previous_completed_calendar_month,-0.00265902381,0.01234097619,0.0025
2014-04-11,USD_3M_LIBOR_PUBLIC_PROXY,2014-03,0.234097619,previous_completed_calendar_month,-0.00265902381,0.01234097619,0.0025
2014-04-14,USD_3M_LIBOR_PUBLIC_PROXY,2014-03,0.234097619,previous_completed_calendar_month,-0.00265902381,0.01234097619,0.0025
2014-04-15,USD_3M_LIBOR_PUBLIC_PROXY,2014-03,0.234097619,previous_completed_calendar_month,-0.00265902381,0.01234097619,0.0025
2014-04-16,USD_3M_LIBOR_PUBLIC_PROXY,2014-03,0.234097619,previous_completed_calendar_month,-0.00265902381,0.01234097619,0.0025
2014-04-17,USD_3M_LIBOR_PUBLIC_PROXY,2014-03,0.234097619,previous_completed_calendar_month,-0.00265902381,0.01234097619,0.0025
2014-04-21,USD_3M_LIBOR_PUBLIC_PROXY,2014-03,0.234097619,previous_completed_calendar_month,-0.00265902381,0.01234097619,0.0025
2014-04-22,USD_3M_LIBOR_PUBLIC_PROXY,2014-03,0.234097619,previous_completed_calendar_month,-0.00265902381,0.01234097619,0.0025
2014-04-23,USD_3M_LIBOR_PUBLIC_PROXY,2014-03,0.234097619,previous_completed_calendar_month,-0.00265902381,0.01234097619,0.0025
2014-04-24,USD_3M_LIBOR_PUBLIC_PROXY,2014-03,0.234097619,previous_completed_calendar_month,-0.00265902381,0.01234097619,0.0025
2014-04-25,USD_3M_LIBOR_PUBLIC_PROXY,2014-03,0.234097619,previous_completed_calendar_month,-0.00265902381,0.01234097619,0.0025
2014-04-28,USD_3M_LIBOR_PUBLIC_PROXY,2014-03,0.234097619,previous_completed_calendar_month,-0.00265902381,0.01234097619,0.0025
2014-04-29,USD_3M_LIBOR_PUBLIC_PROXY,2014-03,0.234097619,previous_completed_calendar_month,-0.00265902381,0.01234097619,0.0025
2014-04-30,USD_3M_LIBOR_PUBLIC_PROXY,2014-03,0.234097619,previous_completed_calendar_month,-0.00265902381,0.01234097619,0.0025
2014-05-01,USD_3M_LIBOR_PUBLIC_PROXY,2014-04,0.227495,previous_completed_calendar_month,-0.00272505,0.01227495,0.0025
2014-05-02,USD_3M_LIBOR_PUBLIC_PROXY,2014-04,0.227495,previous_completed_calendar_month,-0.00272505,0.01227495,0.0025
2014-05-05,USD_3M_LIBOR_PUBLIC_PROXY,2014-04,0.227495,previous_completed_calendar_month,-0.00272505,0.01227495,0.0025
2014-05-06,USD_3M_LIBOR_PUBLIC_PROXY,2014-04,0.227495,previous_completed_calendar_month,-0.00272505,0.01227495,0.0025
2014-05-07,USD_3M_LIBOR_PUBLIC_PROXY,2014-04,0.227495,previous_completed_calendar_month,-0.00272505,0.01227495,0.0025
2014-05-08,USD_3M_LIBOR_PUBLIC_PROXY,2014-04,0.227495,previous_completed_calendar_month,-0.00272505,0.01227495,0.0025
2014-05-09,USD_3M_LIBOR_PUBLIC_PROXY,2014-04,0.227495,previous_completed_calendar_month,-0.00272505,0.01227495,0.0025
2014-05-12,USD_3M_LIBOR_PUBLIC_PROXY,2014-04,0.227495,previous_completed_calendar_month,-0.00272505,0.01227495,0.0025
2014-05-13,USD_3M_LIBOR_PUBLIC_PROXY,2014-04,0.227495,previous_completed_calendar_month,-0.00272505,0.01227495,0.0025
2014-05-14,USD_3M_LIBOR_PUBLIC_PROXY,2014-04,0.227495,previous_completed_calendar_month,-0.00272505,0.01227495,0.0025
2014-05-15,USD_3M_LIBOR_PUBLIC_PROXY,2014-04,0.227495,previous_completed_calendar_month,-0.00272505,0.01227495,0.0025
2014-05-16,USD_3M_LIBOR_PUBLIC_PROXY,2014-04,0.227495,previous_completed_calendar_month,-0.00272505,0.01227495,0.0025
2014-05-19,USD_3M_LIBOR_PUBLIC_PROXY,2014-04,0.227495,previous_completed_calendar_month,-0.00272505,0.01227495,0.0025
2014-05-20,USD_3M_LIBOR_PUBLIC_PROXY,2014-04,0.227495,previous_completed_calendar_month,-0.00272505,0.01227495,0.0025
2014-05-21,USD_3M_LIBOR_PUBLIC_PROXY,2014-04,0.227495,previous_completed_calendar_month,-0.00272505,0.01227495,0.0025
2014-05-22,USD_3M_LIBOR_PUBLIC_PROXY,2014-04,0.227495,previous_completed_calendar_month,-0.00272505,0.01227495,0.0025
2014-05-23,USD_3M_LIBOR_PUBLIC_PROXY,2014-04,0.227495,previous_completed_calendar_month,-0.00272505,0.01227495,0.0025
2014-05-27,USD_3M_LIBOR_PUBLIC_PROXY,2014-04,0.227495,previous_completed_calendar_month,-0.00272505,0.01227495,0.0025
2014-05-28,USD_3M_LIBOR_PUBLIC_PROXY,2014-04,0.227495,previous_completed_calendar_month,-0.00272505,0.01227495,0.0025
2014-05-29,USD_3M_LIBOR_PUBLIC_PROXY,2014-04,0.227495,previous_completed_calendar_month,-0.00272505,0.01227495,0.0025
2014-05-30,USD_3M_LIBOR_PUBLIC_PROXY,2014-04,0.227495,previous_completed_calendar_month,-0.00272505,0.01227495,0.0025
2014-06-02,USD_3M_LIBOR_PUBLIC_PROXY,2014-05,0.22609,previous_completed_calendar_month,-0.0027391,0.0122609,0.0025
2014-06-03,USD_3M_LIBOR_PUBLIC_PROXY,2014-05,0.22609,previous_completed_calendar_month,-0.0027391,0.0122609,0.0025
2014-06-04,USD_3M_LIBOR_PUBLIC_PROXY,2014-05,0.22609,previous_completed_calendar_month,-0.0027391,0.0122609,0.0025
2014-06-05,USD_3M_LIBOR_PUBLIC_PROXY,2014-05,0.22609,previous_completed_calendar_month,-0.0027391,0.0122609,0.0025
2014-06-06,USD_3M_LIBOR_PUBLIC_PROXY,2014-05,0.22609,previous_completed_calendar_month,-0.0027391,0.0122609,0.0025
2014-06-09,USD_3M_LIBOR_PUBLIC_PROXY,2014-05,0.22609,previous_completed_calendar_month,-0.0027391,0.0122609,0.0025
2014-06-10,USD_3M_LIBOR_PUBLIC_PROXY,2014-05,0.22609,previous_completed_calendar_month,-0.0027391,0.0122609,0.0025
2014-06-11,USD_3M_LIBOR_PUBLIC_PROXY,2014-05,0.22609,previous_completed_calendar_month,-0.0027391,0.0122609,0.0025
2014-06-12,USD_3M_LIBOR_PUBLIC_PROXY,2014-05,0.22609,previous_completed_calendar_month,-0.0027391,0.0122609,0.0025
2014-06-13,USD_3M_LIBOR_PUBLIC_PROXY,2014-05,0.22609,previous_completed_calendar_month,-0.0027391,0.0122609,0.0025
2014-06-16,USD_3M_LIBOR_PUBLIC_PROXY,2014-05,0.22609,previous_completed_calendar_month,-0.0027391,0.0122609,0.0025
2014-06-17,USD_3M_LIBOR_PUBLIC_PROXY,2014-05,0.22609,previous_completed_calendar_month,-0.0027391,0.0122609,0.0025
2014-06-18,USD_3M_LIBOR_PUBLIC_PROXY,2014-05,0.22609,previous_completed_calendar_month,-0.0027391,0.0122609,0.0025
2014-06-19,USD_3M_LIBOR_PUBLIC_PROXY,2014-05,0.22609,previous_completed_calendar_month,-0.0027391,0.0122609,0.0025
2014-06-20,USD_3M_LIBOR_PUBLIC_PROXY,2014-05,0.22609,previous_completed_calendar_month,-0.0027391,0.0122609,0.0025
2014-06-23,USD_3M_LIBOR_PUBLIC_PROXY,2014-05,0.22609,previous_completed_calendar_month,-0.0027391,0.0122609,0.0025
2014-06-24,USD_3M_LIBOR_PUBLIC_PROXY,2014-05,0.22609,previous_completed_calendar_month,-0.0027391,0.0122609,0.0025
2014-06-25,USD_3M_LIBOR_PUBLIC_PROXY,2014-05,0.22609,previous_completed_calendar_month,-0.0027391,0.0122609,0.0025
2014-06-26,USD_3M_LIBOR_PUBLIC_PROXY,2014-05,0.22609,previous_completed_calendar_month,-0.0027391,0.0122609,0.0025
2014-06-27,USD_3M_LIBOR_PUBLIC_PROXY,2014-05,0.22609,previous_completed_calendar_month,-0.0027391,0.0122609,0.0025
2014-06-30,USD_3M_LIBOR_PUBLIC_PROXY,2014-05,0.22609,previous_completed_calendar_month,-0.0027391,0.0122609,0.0025
2014-07-01,USD_3M_LIBOR_PUBLIC_PROXY,2014-06,0.2309452381,previous_completed_calendar_month,-0.002690547619,0.01230945238,0.0025
2014-07-02,USD_3M_LIBOR_PUBLIC_PROXY,2014-06,0.2309452381,previous_completed_calendar_month,-0.002690547619,0.01230945238,0.0025
2014-07-03,USD_3M_LIBOR_PUBLIC_PROXY,2014-06,0.2309452381,previous_completed_calendar_month,-0.002690547619,0.01230945238,0.0025
2014-07-07,USD_3M_LIBOR_PUBLIC_PROXY,2014-06,0.2309452381,previous_completed_calendar_month,-0.002690547619,0.01230945238,0.0025
2014-07-08,USD_3M_LIBOR_PUBLIC_PROXY,2014-06,0.2309452381,previous_completed_calendar_month,-0.002690547619,0.01230945238,0.0025
2014-07-09,USD_3M_LIBOR_PUBLIC_PROXY,2014-06,0.2309452381,previous_completed_calendar_month,-0.002690547619,0.01230945238,0.0025
2014-07-10,USD_3M_LIBOR_PUBLIC_PROXY,2014-06,0.2309452381,previous_completed_calendar_month,-0.002690547619,0.01230945238,0.0025
2014-07-11,USD_3M_LIBOR_PUBLIC_PROXY,2014-06,0.2309452381,previous_completed_calendar_month,-0.002690547619,0.01230945238,0.0025
2014-07-14,USD_3M_LIBOR_PUBLIC_PROXY,2014-06,0.2309452381,previous_completed_calendar_month,-0.002690547619,0.01230945238,0.0025
2014-07-15,USD_3M_LIBOR_PUBLIC_PROXY,2014-06,0.2309452381,previous_completed_calendar_month,-0.002690547619,0.01230945238,0.0025
2014-07-16,USD_3M_LIBOR_PUBLIC_PROXY,2014-06,0.2309452381,previous_completed_calendar_month,-0.002690547619,0.01230945238,0.0025
2014-07-17,USD_3M_LIBOR_PUBLIC_PROXY,2014-06,0.2309452381,previous_completed_calendar_month,-0.002690547619,0.01230945238,0.0025
2014-07-18,USD_3M_LIBOR_PUBLIC_PROXY,2014-06,0.2309452381,previous_completed_calendar_month,-0.002690547619,0.01230945238,0.0025
2014-07-21,USD_3M_LIBOR_PUBLIC_PROXY,2014-06,0.2309452381,previous_completed_calendar_month,-0.002690547619,0.01230945238,0.0025
2014-07-22,USD_3M_LIBOR_PUBLIC_PROXY,2014-06,0.2309452381,previous_completed_calendar_month,-0.002690547619,0.01230945238,0.0025
2014-07-23,USD_3M_LIBOR_PUBLIC_PROXY,2014-06,0.2309452381,previous_completed_calendar_month,-0.002690547619,0.01230945238,0.0025
2014-07-24,USD_3M_LIBOR_PUBLIC_PROXY,2014-06,0.2309452381,previous_completed_calendar_month,-0.002690547619,0.01230945238,0.0025
2014-07-25,USD_3M_LIBOR_PUBLIC_PROXY,2014-06,0.2309452381,previous_completed_calendar_month,-0.002690547619,0.01230945238,0.0025
2014-07-28,USD_3M_LIBOR_PUBLIC_PROXY,2014-06,0.2309452381,previous_completed_calendar_month,-0.002690547619,0.01230945238,0.0025
2014-07-29,USD_3M_LIBOR_PUBLIC_PROXY,2014-06,0.2309452381,previous_completed_calendar_month,-0.002690547619,0.01230945238,0.0025
2014-07-30,USD_3M_LIBOR_PUBLIC_PROXY,2014-06,0.2309452381,previous_completed_calendar_month,-0.002690547619,0.01230945238,0.0025
2014-07-31,USD_3M_LIBOR_PUBLIC_PROXY,2014-06,0.2309452381,previous_completed_calendar_month,-0.002690547619,0.01230945238,0.0025
2014-08-01,USD_3M_LIBOR_PUBLIC_PROXY,2014-07,0.234173913,previous_completed_calendar_month,-0.00265826087,0.01234173913,0.0025
2014-08-04,USD_3M_LIBOR_PUBLIC_PROXY,2014-07,0.234173913,previous_completed_calendar_month,-0.00265826087,0.01234173913,0.0025
2014-08-05,USD_3M_LIBOR_PUBLIC_PROXY,2014-07,0.234173913,previous_completed_calendar_month,-0.00265826087,0.01234173913,0.0025
2014-08-06,USD_3M_LIBOR_PUBLIC_PROXY,2014-07,0.234173913,previous_completed_calendar_month,-0.00265826087,0.01234173913,0.0025
2014-08-07,USD_3M_LIBOR_PUBLIC_PROXY,2014-07,0.234173913,previous_completed_calendar_month,-0.00265826087,0.01234173913,0.0025
2014-08-08,USD_3M_LIBOR_PUBLIC_PROXY,2014-07,0.234173913,previous_completed_calendar_month,-0.00265826087,0.01234173913,0.0025
2014-08-11,USD_3M_LIBOR_PUBLIC_PROXY,2014-07,0.234173913,previous_completed_calendar_month,-0.00265826087,0.01234173913,0.0025
2014-08-12,USD_3M_LIBOR_PUBLIC_PROXY,2014-07,0.234173913,previous_completed_calendar_month,-0.00265826087,0.01234173913,0.0025
2014-08-13,USD_3M_LIBOR_PUBLIC_PROXY,2014-07,0.234173913,previous_completed_calendar_month,-0.00265826087,0.01234173913,0.0025
2014-08-14,USD_3M_LIBOR_PUBLIC_PROXY,2014-07,0.234173913,previous_completed_calendar_month,-0.00265826087,0.01234173913,0.0025
2014-08-15,USD_3M_LIBOR_PUBLIC_PROXY,2014-07,0.234173913,previous_completed_calendar_month,-0.00265826087,0.01234173913,0.0025
2014-08-18,USD_3M_LIBOR_PUBLIC_PROXY,2014-07,0.234173913,previous_completed_calendar_month,-0.00265826087,0.01234173913,0.0025
2014-08-19,USD_3M_LIBOR_PUBLIC_PROXY,2014-07,0.234173913,previous_completed_calendar_month,-0.00265826087,0.01234173913,0.0025
2014-08-20,USD_3M_LIBOR_PUBLIC_PROXY,2014-07,0.234173913,previous_completed_calendar_month,-0.00265826087,0.01234173913,0.0025
2014-08-21,USD_3M_LIBOR_PUBLIC_PROXY,2014-07,0.234173913,previous_completed_calendar_month,-0.00265826087,0.01234173913,0.0025
2014-08-22,USD_3M_LIBOR_PUBLIC_PROXY,2014-07,0.234173913,previous_completed_calendar_month,-0.00265826087,0.01234173913,0.0025
2014-08-25,USD_3M_LIBOR_PUBLIC_PROXY,2014-07,0.234173913,previous_completed_calendar_month,-0.00265826087,0.01234173913,0.0025
2014-08-26,USD_3M_LIBOR_PUBLIC_PROXY,2014-07,0.234173913,previous_completed_calendar_month,-0.00265826087,0.01234173913,0.0025
2014-08-27,USD_3M_LIBOR_PUBLIC_PROXY,2014-07,0.234173913,previous_completed_calendar_month,-0.00265826087,0.01234173913,0.0025
2014-08-28,USD_3M_LIBOR_PUBLIC_PROXY,2014-07,0.234173913,previous_completed_calendar_month,-0.00265826087,0.01234173913,0.0025
2014-08-29,USD_3M_LIBOR_PUBLIC_PROXY,2014-07,0.234173913,previous_completed_calendar_month,-0.00265826087,0.01234173913,0.0025
2014-09-02,USD_3M_LIBOR_PUBLIC_PROXY,2014-08,0.23465,previous_completed_calendar_month,-0.0026535,0.0123465,0.0025
2014-09-03,USD_3M_LIBOR_PUBLIC_PROXY,2014-08,0.23465,previous_completed_calendar_month,-0.0026535,0.0123465,0.0025
2014-09-04,USD_3M_LIBOR_PUBLIC_PROXY,2014-08,0.23465,previous_completed_calendar_month,-0.0026535,0.0123465,0.0025
2014-09-05,USD_3M_LIBOR_PUBLIC_PROXY,2014-08,0.23465,previous_completed_calendar_month,-0.0026535,0.0123465,0.0025
2014-09-08,USD_3M_LIBOR_PUBLIC_PROXY,2014-08,0.23465,previous_completed_calendar_month,-0.0026535,0.0123465,0.0025
2014-09-09,USD_3M_LIBOR_PUBLIC_PROXY,2014-08,0.23465,previous_completed_calendar_month,-0.0026535,0.0123465,0.0025
2014-09-10,USD_3M_LIBOR_PUBLIC_PROXY,2014-08,0.23465,previous_completed_calendar_month,-0.0026535,0.0123465,0.0025
2014-09-11,USD_3M_LIBOR_PUBLIC_PROXY,2014-08,0.23465,previous_completed_calendar_month,-0.0026535,0.0123465,0.0025
2014-09-12,USD_3M_LIBOR_PUBLIC_PROXY,2014-08,0.23465,previous_completed_calendar_month,-0.0026535,0.0123465,0.0025
2014-09-15,USD_3M_LIBOR_PUBLIC_PROXY,2014-08,0.23465,previous_completed_calendar_month,-0.0026535,0.0123465,0.0025
2014-09-16,USD_3M_LIBOR_PUBLIC_PROXY,2014-08,0.23465,previous_completed_calendar_month,-0.0026535,0.0123465,0.0025
2014-09-17,USD_3M_LIBOR_PUBLIC_PROXY,2014-08,0.23465,previous_completed_calendar_month,-0.0026535,0.0123465,0.0025
2014-09-18,USD_3M_LIBOR_PUBLIC_PROXY,2014-08,0.23465,previous_completed_calendar_month,-0.0026535,0.0123465,0.0025
2014-09-19,USD_3M_LIBOR_PUBLIC_PROXY,2014-08,0.23465,previous_completed_calendar_month,-0.0026535,0.0123465,0.0025
2014-09-22,USD_3M_LIBOR_PUBLIC_PROXY,2014-08,0.23465,previous_completed_calendar_month,-0.0026535,0.0123465,0.0025
2014-09-23,USD_3M_LIBOR_PUBLIC_PROXY,2014-08,0.23465,previous_completed_calendar_month,-0.0026535,0.0123465,0.0025
2014-09-24,USD_3M_LIBOR_PUBLIC_PROXY,2014-08,0.23465,previous_completed_calendar_month,-0.0026535,0.0123465,0.0025
2014-09-25,USD_3M_LIBOR_PUBLIC_PROXY,2014-08,0.23465,previous_completed_calendar_month,-0.0026535,0.0123465,0.0025
2014-09-26,USD_3M_LIBOR_PUBLIC_PROXY,2014-08,0.23465,previous_completed_calendar_month,-0.0026535,0.0123465,0.0025
2014-09-29,USD_3M_LIBOR_PUBLIC_PROXY,2014-08,0.23465,previous_completed_calendar_month,-0.0026535,0.0123465,0.0025
2014-09-30,USD_3M_LIBOR_PUBLIC_PROXY,2014-08,0.23465,previous_completed_calendar_month,-0.0026535,0.0123465,0.0025
2014-10-01,USD_3M_LIBOR_PUBLIC_PROXY,2014-09,0.2340318182,previous_completed_calendar_month,-0.002659681818,0.01234031818,0.0025
2014-10-02,USD_3M_LIBOR_PUBLIC_PROXY,2014-09,0.2340318182,previous_completed_calendar_month,-0.002659681818,0.01234031818,0.0025
2014-10-03,USD_3M_LIBOR_PUBLIC_PROXY,2014-09,0.2340318182,previous_completed_calendar_month,-0.002659681818,0.01234031818,0.0025
2014-10-06,USD_3M_LIBOR_PUBLIC_PROXY,2014-09,0.2340318182,previous_completed_calendar_month,-0.002659681818,0.01234031818,0.0025
2014-10-07,USD_3M_LIBOR_PUBLIC_PROXY,2014-09,0.2340318182,previous_completed_calendar_month,-0.002659681818,0.01234031818,0.0025
2014-10-08,USD_3M_LIBOR_PUBLIC_PROXY,2014-09,0.2340318182,previous_completed_calendar_month,-0.002659681818,0.01234031818,0.0025
2014-10-09,USD_3M_LIBOR_PUBLIC_PROXY,2014-09,0.2340318182,previous_completed_calendar_month,-0.002659681818,0.01234031818,0.0025
2014-10-10,USD_3M_LIBOR_PUBLIC_PROXY,2014-09,0.2340318182,previous_completed_calendar_month,-0.002659681818,0.01234031818,0.0025
2014-10-13,USD_3M_LIBOR_PUBLIC_PROXY,2014-09,0.2340318182,previous_completed_calendar_month,-0.002659681818,0.01234031818,0.0025
2014-10-14,USD_3M_LIBOR_PUBLIC_PROXY,2014-09,0.2340318182,previous_completed_calendar_month,-0.002659681818,0.01234031818,0.0025
2014-10-15,USD_3M_LIBOR_PUBLIC_PROXY,2014-09,0.2340318182,previous_completed_calendar_month,-0.002659681818,0.01234031818,0.0025
2014-10-16,USD_3M_LIBOR_PUBLIC_PROXY,2014-09,0.2340318182,previous_completed_calendar_month,-0.002659681818,0.01234031818,0.0025
2014-10-17,USD_3M_LIBOR_PUBLIC_PROXY,2014-09,0.2340318182,previous_completed_calendar_month,-0.002659681818,0.01234031818,0.0025
2014-10-20,USD_3M_LIBOR_PUBLIC_PROXY,2014-09,0.2340318182,previous_completed_calendar_month,-0.002659681818,0.01234031818,0.0025
2014-10-21,USD_3M_LIBOR_PUBLIC_PROXY,2014-09,0.2340318182,previous_completed_calendar_month,-0.002659681818,0.01234031818,0.0025
2014-10-22,USD_3M_LIBOR_PUBLIC_PROXY,2014-09,0.2340318182,previous_completed_calendar_month,-0.002659681818,0.01234031818,0.0025
2014-10-23,USD_3M_LIBOR_PUBLIC_PROXY,2014-09,0.2340318182,previous_completed_calendar_month,-0.002659681818,0.01234031818,0.0025
2014-10-24,USD_3M_LIBOR_PUBLIC_PROXY,2014-09,0.2340318182,previous_completed_calendar_month,-0.002659681818,0.01234031818,0.0025
2014-10-27,USD_3M_LIBOR_PUBLIC_PROXY,2014-09,0.2340318182,previous_completed_calendar_month,-0.002659681818,0.01234031818,0.0025
2014-10-28,USD_3M_LIBOR_PUBLIC_PROXY,2014-09,0.2340318182,previous_completed_calendar_month,-0.002659681818,0.01234031818,0.0025
2014-10-29,USD_3M_LIBOR_PUBLIC_PROXY,2014-09,0.2340318182,previous_completed_calendar_month,-0.002659681818,0.01234031818,0.0025
2014-10-30,USD_3M_LIBOR_PUBLIC_PROXY,2014-09,0.2340318182,previous_completed_calendar_month,-0.002659681818,0.01234031818,0.0025
2014-10-31,USD_3M_LIBOR_PUBLIC_PROXY,2014-09,0.2340318182,previous_completed_calendar_month,-0.002659681818,0.01234031818,0.0025
2014-11-03,USD_3M_LIBOR_PUBLIC_PROXY,2014-10,0.231376087,previous_completed_calendar_month,-0.00268623913,0.01231376087,0.0025
2014-11-04,USD_3M_LIBOR_PUBLIC_PROXY,2014-10,0.231376087,previous_completed_calendar_month,-0.00268623913,0.01231376087,0.0025
2014-11-05,USD_3M_LIBOR_PUBLIC_PROXY,2014-10,0.231376087,previous_completed_calendar_month,-0.00268623913,0.01231376087,0.0025
2014-11-06,USD_3M_LIBOR_PUBLIC_PROXY,2014-10,0.231376087,previous_completed_calendar_month,-0.00268623913,0.01231376087,0.0025
2014-11-07,USD_3M_LIBOR_PUBLIC_PROXY,2014-10,0.231376087,previous_completed_calendar_month,-0.00268623913,0.01231376087,0.0025
2014-11-10,USD_3M_LIBOR_PUBLIC_PROXY,2014-10,0.231376087,previous_completed_calendar_month,-0.00268623913,0.01231376087,0.0025
2014-11-11,USD_3M_LIBOR_PUBLIC_PROXY,2014-10,0.231376087,previous_completed_calendar_month,-0.00268623913,0.01231376087,0.0025
2014-11-12,USD_3M_LIBOR_PUBLIC_PROXY,2014-10,0.231376087,previous_completed_calendar_month,-0.00268623913,0.01231376087,0.0025
2014-11-13,USD_3M_LIBOR_PUBLIC_PROXY,2014-10,0.231376087,previous_completed_calendar_month,-0.00268623913,0.01231376087,0.0025
2014-11-14,USD_3M_LIBOR_PUBLIC_PROXY,2014-10,0.231376087,previous_completed_calendar_month,-0.00268623913,0.01231376087,0.0025
2014-11-17,USD_3M_LIBOR_PUBLIC_PROXY,2014-10,0.231376087,previous_completed_calendar_month,-0.00268623913,0.01231376087,0.0025
2014-11-18,USD_3M_LIBOR_PUBLIC_PROXY,2014-10,0.231376087,previous_completed_calendar_month,-0.00268623913,0.01231376087,0.0025
2014-11-19,USD_3M_LIBOR_PUBLIC_PROXY,2014-10,0.231376087,previous_completed_calendar_month,-0.00268623913,0.01231376087,0.0025
2014-11-20,USD_3M_LIBOR_PUBLIC_PROXY,2014-10,0.231376087,previous_completed_calendar_month,-0.00268623913,0.01231376087,0.0025
2014-11-21,USD_3M_LIBOR_PUBLIC_PROXY,2014-10,0.231376087,previous_completed_calendar_month,-0.00268623913,0.01231376087,0.0025
2014-11-24,USD_3M_LIBOR_PUBLIC_PROXY,2014-10,0.231376087,previous_completed_calendar_month,-0.00268623913,0.01231376087,0.0025
2014-11-25,USD_3M_LIBOR_PUBLIC_PROXY,2014-10,0.231376087,previous_completed_calendar_month,-0.00268623913,0.01231376087,0.0025
2014-11-26,USD_3M_LIBOR_PUBLIC_PROXY,2014-10,0.231376087,previous_completed_calendar_month,-0.00268623913,0.01231376087,0.0025
2014-11-28,USD_3M_LIBOR_PUBLIC_PROXY,2014-10,0.231376087,previous_completed_calendar_month,-0.00268623913,0.01231376087,0.0025
2014-12-01,USD_3M_LIBOR_PUBLIC_PROXY,2014-11,0.2328625,previous_completed_calendar_month,-0.002671375,0.012328625,0.0025
2014-12-02,USD_3M_LIBOR_PUBLIC_PROXY,2014-11,0.2328625,previous_completed_calendar_month,-0.002671375,0.012328625,0.0025
2014-12-03,USD_3M_LIBOR_PUBLIC_PROXY,2014-11,0.2328625,previous_completed_calendar_month,-0.002671375,0.012328625,0.0025
2014-12-04,USD_3M_LIBOR_PUBLIC_PROXY,2014-11,0.2328625,previous_completed_calendar_month,-0.002671375,0.012328625,0.0025
2014-12-05,USD_3M_LIBOR_PUBLIC_PROXY,2014-11,0.2328625,previous_completed_calendar_month,-0.002671375,0.012328625,0.0025
2014-12-08,USD_3M_LIBOR_PUBLIC_PROXY,2014-11,0.2328625,previous_completed_calendar_month,-0.002671375,0.012328625,0.0025
2014-12-09,USD_3M_LIBOR_PUBLIC_PROXY,2014-11,0.2328625,previous_completed_calendar_month,-0.002671375,0.012328625,0.0025
2014-12-10,USD_3M_LIBOR_PUBLIC_PROXY,2014-11,0.2328625,previous_completed_calendar_month,-0.002671375,0.012328625,0.0025
2014-12-11,USD_3M_LIBOR_PUBLIC_PROXY,2014-11,0.2328625,previous_completed_calendar_month,-0.002671375,0.012328625,0.0025
2014-12-12,USD_3M_LIBOR_PUBLIC_PROXY,2014-11,0.2328625,previous_completed_calendar_month,-0.002671375,0.012328625,0.0025
2014-12-15,USD_3M_LIBOR_PUBLIC_PROXY,2014-11,0.2328625,previous_completed_calendar_month,-0.002671375,0.012328625,0.0025
2014-12-16,USD_3M_LIBOR_PUBLIC_PROXY,2014-11,0.2328625,previous_completed_calendar_month,-0.002671375,0.012328625,0.0025
2014-12-17,USD_3M_LIBOR_PUBLIC_PROXY,2014-11,0.2328625,previous_completed_calendar_month,-0.002671375,0.012328625,0.0025
2014-12-18,USD_3M_LIBOR_PUBLIC_PROXY,2014-11,0.2328625,previous_completed_calendar_month,-0.002671375,0.012328625,0.0025
2014-12-19,USD_3M_LIBOR_PUBLIC_PROXY,2014-11,0.2328625,previous_completed_calendar_month,-0.002671375,0.012328625,0.0025
2014-12-22,USD_3M_LIBOR_PUBLIC_PROXY,2014-11,0.2328625,previous_completed_calendar_month,-0.002671375,0.012328625,0.0025
2014-12-23,USD_3M_LIBOR_PUBLIC_PROXY,2014-11,0.2328625,previous_completed_calendar_month,-0.002671375,0.012328625,0.0025
2014-12-24,USD_3M_LIBOR_PUBLIC_PROXY,2014-11,0.2328625,previous_completed_calendar_month,-0.002671375,0.012328625,0.0025
2014-12-26,USD_3M_LIBOR_PUBLIC_PROXY,2014-11,0.2328625,previous_completed_calendar_month,-0.002671375,0.012328625,0.0025
2014-12-29,USD_3M_LIBOR_PUBLIC_PROXY,2014-11,0.2328625,previous_completed_calendar_month,-0.002671375,0.012328625,0.0025
2014-12-30,USD_3M_LIBOR_PUBLIC_PROXY,2014-11,0.2328625,previous_completed_calendar_month,-0.002671375,0.012328625,0.0025
2014-12-31,USD_3M_LIBOR_PUBLIC_PROXY,2014-11,0.2328625,previous_completed_calendar_month,-0.002671375,0.012328625,0.0025
2015-01-02,USD_3M_LIBOR_PUBLIC_PROXY,2014-12,0.2446071429,previous_completed_calendar_month,-0.002553928571,0.01244607143,0.0025
2015-01-05,USD_3M_LIBOR_PUBLIC_PROXY,2014-12,0.2446071429,previous_completed_calendar_month,-0.002553928571,0.01244607143,0.0025
2015-01-06,USD_3M_LIBOR_PUBLIC_PROXY,2014-12,0.2446071429,previous_completed_calendar_month,-0.002553928571,0.01244607143,0.0025
2015-01-07,USD_3M_LIBOR_PUBLIC_PROXY,2014-12,0.2446071429,previous_completed_calendar_month,-0.002553928571,0.01244607143,0.0025
2015-01-08,USD_3M_LIBOR_PUBLIC_PROXY,2014-12,0.2446071429,previous_completed_calendar_month,-0.002553928571,0.01244607143,0.0025
2015-01-09,USD_3M_LIBOR_PUBLIC_PROXY,2014-12,0.2446071429,previous_completed_calendar_month,-0.002553928571,0.01244607143,0.0025
2015-01-12,USD_3M_LIBOR_PUBLIC_PROXY,2014-12,0.2446071429,previous_completed_calendar_month,-0.002553928571,0.01244607143,0.0025
2015-01-13,USD_3M_LIBOR_PUBLIC_PROXY,2014-12,0.2446071429,previous_completed_calendar_month,-0.002553928571,0.01244607143,0.0025
2015-01-14,USD_3M_LIBOR_PUBLIC_PROXY,2014-12,0.2446071429,previous_completed_calendar_month,-0.002553928571,0.01244607143,0.0025
2015-01-15,USD_3M_LIBOR_PUBLIC_PROXY,2014-12,0.2446071429,previous_completed_calendar_month,-0.002553928571,0.01244607143,0.0025
2015-01-16,USD_3M_LIBOR_PUBLIC_PROXY,2014-12,0.2446071429,previous_completed_calendar_month,-0.002553928571,0.01244607143,0.0025
2015-01-20,USD_3M_LIBOR_PUBLIC_PROXY,2014-12,0.2446071429,previous_completed_calendar_month,-0.002553928571,0.01244607143,0.0025
2015-01-21,USD_3M_LIBOR_PUBLIC_PROXY,2014-12,0.2446071429,previous_completed_calendar_month,-0.002553928571,0.01244607143,0.0025
2015-01-22,USD_3M_LIBOR_PUBLIC_PROXY,2014-12,0.2446071429,previous_completed_calendar_month,-0.002553928571,0.01244607143,0.0025
2015-01-23,USD_3M_LIBOR_PUBLIC_PROXY,2014-12,0.2446071429,previous_completed_calendar_month,-0.002553928571,0.01244607143,0.0025
2015-01-26,USD_3M_LIBOR_PUBLIC_PROXY,2014-12,0.2446071429,previous_completed_calendar_month,-0.002553928571,0.01244607143,0.0025
2015-01-27,USD_3M_LIBOR_PUBLIC_PROXY,2014-12,0.2446071429,previous_completed_calendar_month,-0.002553928571,0.01244607143,0.0025
2015-01-28,USD_3M_LIBOR_PUBLIC_PROXY,2014-12,0.2446071429,previous_completed_calendar_month,-0.002553928571,0.01244607143,0.0025
2015-01-29,USD_3M_LIBOR_PUBLIC_PROXY,2014-12,0.2446071429,previous_completed_calendar_month,-0.002553928571,0.01244607143,0.0025
2015-01-30,USD_3M_LIBOR_PUBLIC_PROXY,2014-12,0.2446071429,previous_completed_calendar_month,-0.002553928571,0.01244607143,0.0025
2015-02-02,USD_3M_LIBOR_PUBLIC_PROXY,2015-01,0.2543190476,previous_completed_calendar_month,-0.002456809524,0.01254319048,0.0025
2015-02-03,USD_3M_LIBOR_PUBLIC_PROXY,2015-01,0.2543190476,previous_completed_calendar_month,-0.002456809524,0.01254319048,0.0025
2015-02-04,USD_3M_LIBOR_PUBLIC_PROXY,2015-01,0.2543190476,previous_completed_calendar_month,-0.002456809524,0.01254319048,0.0025
2015-02-05,USD_3M_LIBOR_PUBLIC_PROXY,2015-01,0.2543190476,previous_completed_calendar_month,-0.002456809524,0.01254319048,0.0025
2015-02-06,USD_3M_LIBOR_PUBLIC_PROXY,2015-01,0.2543190476,previous_completed_calendar_month,-0.002456809524,0.01254319048,0.0025
2015-02-09,USD_3M_LIBOR_PUBLIC_PROXY,2015-01,0.2543190476,previous_completed_calendar_month,-0.002456809524,0.01254319048,0.0025
2015-02-10,USD_3M_LIBOR_PUBLIC_PROXY,2015-01,0.2543190476,previous_completed_calendar_month,-0.002456809524,0.01254319048,0.0025
2015-02-11,USD_3M_LIBOR_PUBLIC_PROXY,2015-01,0.2543190476,previous_completed_calendar_month,-0.002456809524,0.01254319048,0.0025
2015-02-12,USD_3M_LIBOR_PUBLIC_PROXY,2015-01,0.2543190476,previous_completed_calendar_month,-0.002456809524,0.01254319048,0.0025
2015-02-13,USD_3M_LIBOR_PUBLIC_PROXY,2015-01,0.2543190476,previous_completed_calendar_month,-0.002456809524,0.01254319048,0.0025
2015-02-17,USD_3M_LIBOR_PUBLIC_PROXY,2015-01,0.2543190476,previous_completed_calendar_month,-0.002456809524,0.01254319048,0.0025
2015-02-18,USD_3M_LIBOR_PUBLIC_PROXY,2015-01,0.2543190476,previous_completed_calendar_month,-0.002456809524,0.01254319048,0.0025
2015-02-19,USD_3M_LIBOR_PUBLIC_PROXY,2015-01,0.2543190476,previous_completed_calendar_month,-0.002456809524,0.01254319048,0.0025
2015-02-20,USD_3M_LIBOR_PUBLIC_PROXY,2015-01,0.2543190476,previous_completed_calendar_month,-0.002456809524,0.01254319048,0.0025
2015-02-23,USD_3M_LIBOR_PUBLIC_PROXY,2015-01,0.2543190476,previous_completed_calendar_month,-0.002456809524,0.01254319048,0.0025
2015-02-24,USD_3M_LIBOR_PUBLIC_PROXY,2015-01,0.2543190476,previous_completed_calendar_month,-0.002456809524,0.01254319048,0.0025
2015-02-25,USD_3M_LIBOR_PUBLIC_PROXY,2015-01,0.2543190476,previous_completed_calendar_month,-0.002456809524,0.01254319048,0.0025
2015-02-26,USD_3M_LIBOR_PUBLIC_PROXY,2015-01,0.2543190476,previous_completed_calendar_month,-0.002456809524,0.01254319048,0.0025
2015-02-27,USD_3M_LIBOR_PUBLIC_PROXY,2015-01,0.2543190476,previous_completed_calendar_month,-0.002456809524,0.01254319048,0.0025
2015-03-02,USD_3M_LIBOR_PUBLIC_PROXY,2015-02,0.25842,previous_completed_calendar_month,-0.0024158,0.0125842,0.0025
2015-03-03,USD_3M_LIBOR_PUBLIC_PROXY,2015-02,0.25842,previous_completed_calendar_month,-0.0024158,0.0125842,0.0025
2015-03-04,USD_3M_LIBOR_PUBLIC_PROXY,2015-02,0.25842,previous_completed_calendar_month,-0.0024158,0.0125842,0.0025
2015-03-05,USD_3M_LIBOR_PUBLIC_PROXY,2015-02,0.25842,previous_completed_calendar_month,-0.0024158,0.0125842,0.0025
2015-03-06,USD_3M_LIBOR_PUBLIC_PROXY,2015-02,0.25842,previous_completed_calendar_month,-0.0024158,0.0125842,0.0025
2015-03-09,USD_3M_LIBOR_PUBLIC_PROXY,2015-02,0.25842,previous_completed_calendar_month,-0.0024158,0.0125842,0.0025
2015-03-10,USD_3M_LIBOR_PUBLIC_PROXY,2015-02,0.25842,previous_completed_calendar_month,-0.0024158,0.0125842,0.0025
2015-03-11,USD_3M_LIBOR_PUBLIC_PROXY,2015-02,0.25842,previous_completed_calendar_month,-0.0024158,0.0125842,0.0025
2015-03-12,USD_3M_LIBOR_PUBLIC_PROXY,2015-02,0.25842,previous_completed_calendar_month,-0.0024158,0.0125842,0.0025
2015-03-13,USD_3M_LIBOR_PUBLIC_PROXY,2015-02,0.25842,previous_completed_calendar_month,-0.0024158,0.0125842,0.0025
2015-03-16,USD_3M_LIBOR_PUBLIC_PROXY,2015-02,0.25842,previous_completed_calendar_month,-0.0024158,0.0125842,0.0025
2015-03-17,USD_3M_LIBOR_PUBLIC_PROXY,2015-02,0.25842,previous_completed_calendar_month,-0.0024158,0.0125842,0.0025
2015-03-18,USD_3M_LIBOR_PUBLIC_PROXY,2015-02,0.25842,previous_completed_calendar_month,-0.0024158,0.0125842,0.0025
2015-03-19,USD_3M_LIBOR_PUBLIC_PROXY,2015-02,0.25842,previous_completed_calendar_month,-0.0024158,0.0125842,0.0025
2015-03-20,USD_3M_LIBOR_PUBLIC_PROXY,2015-02,0.25842,previous_completed_calendar_month,-0.0024158,0.0125842,0.0025
2015-03-23,USD_3M_LIBOR_PUBLIC_PROXY,2015-02,0.25842,previous_completed_calendar_month,-0.0024158,0.0125842,0.0025
2015-03-24,USD_3M_LIBOR_PUBLIC_PROXY,2015-02,0.25842,previous_completed_calendar_month,-0.0024158,0.0125842,0.0025
2015-03-25,USD_3M_LIBOR_PUBLIC_PROXY,2015-02,0.25842,previous_completed_calendar_month,-0.0024158,0.0125842,0.0025
2015-03-26,USD_3M_LIBOR_PUBLIC_PROXY,2015-02,0.25842,previous_completed_calendar_month,-0.0024158,0.0125842,0.0025
2015-03-27,USD_3M_LIBOR_PUBLIC_PROXY,2015-02,0.25842,previous_completed_calendar_month,-0.0024158,0.0125842,0.0025
2015-03-30,USD_3M_LIBOR_PUBLIC_PROXY,2015-02,0.25842,previous_completed_calendar_month,-0.0024158,0.0125842,0.0025
2015-03-31,USD_3M_LIBOR_PUBLIC_PROXY,2015-02,0.25842,previous_completed_calendar_month,-0.0024158,0.0125842,0.0025
2015-04-01,USD_3M_LIBOR_PUBLIC_PROXY,2015-03,0.2682977273,previous_completed_calendar_month,-0.002317022727,0.01268297727,0.0025
2015-04-02,USD_3M_LIBOR_PUBLIC_PROXY,2015-03,0.2682977273,previous_completed_calendar_month,-0.002317022727,0.01268297727,0.0025
2015-04-06,USD_3M_LIBOR_PUBLIC_PROXY,2015-03,0.2682977273,previous_completed_calendar_month,-0.002317022727,0.01268297727,0.0025
2015-04-07,USD_3M_LIBOR_PUBLIC_PROXY,2015-03,0.2682977273,previous_completed_calendar_month,-0.002317022727,0.01268297727,0.0025
2015-04-08,USD_3M_LIBOR_PUBLIC_PROXY,2015-03,0.2682977273,previous_completed_calendar_month,-0.002317022727,0.01268297727,0.0025
2015-04-09,USD_3M_LIBOR_PUBLIC_PROXY,2015-03,0.2682977273,previous_completed_calendar_month,-0.002317022727,0.01268297727,0.0025
2015-04-10,USD_3M_LIBOR_PUBLIC_PROXY,2015-03,0.2682977273,previous_completed_calendar_month,-0.002317022727,0.01268297727,0.0025
2015-04-13,USD_3M_LIBOR_PUBLIC_PROXY,2015-03,0.2682977273,previous_completed_calendar_month,-0.002317022727,0.01268297727,0.0025
2015-04-14,USD_3M_LIBOR_PUBLIC_PROXY,2015-03,0.2682977273,previous_completed_calendar_month,-0.002317022727,0.01268297727,0.0025
2015-04-15,USD_3M_LIBOR_PUBLIC_PROXY,2015-03,0.2682977273,previous_completed_calendar_month,-0.002317022727,0.01268297727,0.0025
2015-04-16,USD_3M_LIBOR_PUBLIC_PROXY,2015-03,0.2682977273,previous_completed_calendar_month,-0.002317022727,0.01268297727,0.0025
2015-04-17,USD_3M_LIBOR_PUBLIC_PROXY,2015-03,0.2682977273,previous_completed_calendar_month,-0.002317022727,0.01268297727,0.0025
2015-04-20,USD_3M_LIBOR_PUBLIC_PROXY,2015-03,0.2682977273,previous_completed_calendar_month,-0.002317022727,0.01268297727,0.0025
2015-04-21,USD_3M_LIBOR_PUBLIC_PROXY,2015-03,0.2682977273,previous_completed_calendar_month,-0.002317022727,0.01268297727,0.0025
2015-04-22,USD_3M_LIBOR_PUBLIC_PROXY,2015-03,0.2682977273,previous_completed_calendar_month,-0.002317022727,0.01268297727,0.0025
2015-04-23,USD_3M_LIBOR_PUBLIC_PROXY,2015-03,0.2682977273,previous_completed_calendar_month,-0.002317022727,0.01268297727,0.0025
2015-04-24,USD_3M_LIBOR_PUBLIC_PROXY,2015-03,0.2682977273,previous_completed_calendar_month,-0.002317022727,0.01268297727,0.0025
2015-04-27,USD_3M_LIBOR_PUBLIC_PROXY,2015-03,0.2682977273,previous_completed_calendar_month,-0.002317022727,0.01268297727,0.0025
2015-04-28,USD_3M_LIBOR_PUBLIC_PROXY,2015-03,0.2682977273,previous_completed_calendar_month,-0.002317022727,0.01268297727,0.0025
2015-04-29,USD_3M_LIBOR_PUBLIC_PROXY,2015-03,0.2682977273,previous_completed_calendar_month,-0.002317022727,0.01268297727,0.0025
2015-04-30,USD_3M_LIBOR_PUBLIC_PROXY,2015-03,0.2682977273,previous_completed_calendar_month,-0.002317022727,0.01268297727,0.0025
2015-05-01,USD_3M_LIBOR_PUBLIC_PROXY,2015-04,0.27596,previous_completed_calendar_month,-0.0022404,0.0127596,0.0025
2015-05-04,USD_3M_LIBOR_PUBLIC_PROXY,2015-04,0.27596,previous_completed_calendar_month,-0.0022404,0.0127596,0.0025
2015-05-05,USD_3M_LIBOR_PUBLIC_PROXY,2015-04,0.27596,previous_completed_calendar_month,-0.0022404,0.0127596,0.0025
2015-05-06,USD_3M_LIBOR_PUBLIC_PROXY,2015-04,0.27596,previous_completed_calendar_month,-0.0022404,0.0127596,0.0025
2015-05-07,USD_3M_LIBOR_PUBLIC_PROXY,2015-04,0.27596,previous_completed_calendar_month,-0.0022404,0.0127596,0.0025
2015-05-08,USD_3M_LIBOR_PUBLIC_PROXY,2015-04,0.27596,previous_completed_calendar_month,-0.0022404,0.0127596,0.0025
2015-05-11,USD_3M_LIBOR_PUBLIC_PROXY,2015-04,0.27596,previous_completed_calendar_month,-0.0022404,0.0127596,0.0025
2015-05-12,USD_3M_LIBOR_PUBLIC_PROXY,2015-04,0.27596,previous_completed_calendar_month,-0.0022404,0.0127596,0.0025
2015-05-13,USD_3M_LIBOR_PUBLIC_PROXY,2015-04,0.27596,previous_completed_calendar_month,-0.0022404,0.0127596,0.0025
2015-05-14,USD_3M_LIBOR_PUBLIC_PROXY,2015-04,0.27596,previous_completed_calendar_month,-0.0022404,0.0127596,0.0025
2015-05-15,USD_3M_LIBOR_PUBLIC_PROXY,2015-04,0.27596,previous_completed_calendar_month,-0.0022404,0.0127596,0.0025
2015-05-18,USD_3M_LIBOR_PUBLIC_PROXY,2015-04,0.27596,previous_completed_calendar_month,-0.0022404,0.0127596,0.0025
2015-05-19,USD_3M_LIBOR_PUBLIC_PROXY,2015-04,0.27596,previous_completed_calendar_month,-0.0022404,0.0127596,0.0025
2015-05-20,USD_3M_LIBOR_PUBLIC_PROXY,2015-04,0.27596,previous_completed_calendar_month,-0.0022404,0.0127596,0.0025
2015-05-21,USD_3M_LIBOR_PUBLIC_PROXY,2015-04,0.27596,previous_completed_calendar_month,-0.0022404,0.0127596,0.0025
2015-05-22,USD_3M_LIBOR_PUBLIC_PROXY,2015-04,0.27596,previous_completed_calendar_month,-0.0022404,0.0127596,0.0025
2015-05-26,USD_3M_LIBOR_PUBLIC_PROXY,2015-04,0.27596,previous_completed_calendar_month,-0.0022404,0.0127596,0.0025
2015-05-27,USD_3M_LIBOR_PUBLIC_PROXY,2015-04,0.27596,previous_completed_calendar_month,-0.0022404,0.0127596,0.0025
2015-05-28,USD_3M_LIBOR_PUBLIC_PROXY,2015-04,0.27596,previous_completed_calendar_month,-0.0022404,0.0127596,0.0025
2015-05-29,USD_3M_LIBOR_PUBLIC_PROXY,2015-04,0.27596,previous_completed_calendar_month,-0.0022404,0.0127596,0.0025
2015-06-01,USD_3M_LIBOR_PUBLIC_PROXY,2015-05,0.2795368421,previous_completed_calendar_month,-0.002204631579,0.01279536842,0.0025
2015-06-02,USD_3M_LIBOR_PUBLIC_PROXY,2015-05,0.2795368421,previous_completed_calendar_month,-0.002204631579,0.01279536842,0.0025
2015-06-03,USD_3M_LIBOR_PUBLIC_PROXY,2015-05,0.2795368421,previous_completed_calendar_month,-0.002204631579,0.01279536842,0.0025
2015-06-04,USD_3M_LIBOR_PUBLIC_PROXY,2015-05,0.2795368421,previous_completed_calendar_month,-0.002204631579,0.01279536842,0.0025
2015-06-05,USD_3M_LIBOR_PUBLIC_PROXY,2015-05,0.2795368421,previous_completed_calendar_month,-0.002204631579,0.01279536842,0.0025
2015-06-08,USD_3M_LIBOR_PUBLIC_PROXY,2015-05,0.2795368421,previous_completed_calendar_month,-0.002204631579,0.01279536842,0.0025
2015-06-09,USD_3M_LIBOR_PUBLIC_PROXY,2015-05,0.2795368421,previous_completed_calendar_month,-0.002204631579,0.01279536842,0.0025
2015-06-10,USD_3M_LIBOR_PUBLIC_PROXY,2015-05,0.2795368421,previous_completed_calendar_month,-0.002204631579,0.01279536842,0.0025
2015-06-11,USD_3M_LIBOR_PUBLIC_PROXY,2015-05,0.2795368421,previous_completed_calendar_month,-0.002204631579,0.01279536842,0.0025
2015-06-12,USD_3M_LIBOR_PUBLIC_PROXY,2015-05,0.2795368421,previous_completed_calendar_month,-0.002204631579,0.01279536842,0.0025
2015-06-15,USD_3M_LIBOR_PUBLIC_PROXY,2015-05,0.2795368421,previous_completed_calendar_month,-0.002204631579,0.01279536842,0.0025
2015-06-16,USD_3M_LIBOR_PUBLIC_PROXY,2015-05,0.2795368421,previous_completed_calendar_month,-0.002204631579,0.01279536842,0.0025
2015-06-17,USD_3M_LIBOR_PUBLIC_PROXY,2015-05,0.2795368421,previous_completed_calendar_month,-0.002204631579,0.01279536842,0.0025
2015-06-18,USD_3M_LIBOR_PUBLIC_PROXY,2015-05,0.2795368421,previous_completed_calendar_month,-0.002204631579,0.01279536842,0.0025
2015-06-19,USD_3M_LIBOR_PUBLIC_PROXY,2015-05,0.2795368421,previous_completed_calendar_month,-0.002204631579,0.01279536842,0.0025
2015-06-22,USD_3M_LIBOR_PUBLIC_PROXY,2015-05,0.2795368421,previous_completed_calendar_month,-0.002204631579,0.01279536842,0.0025
2015-06-23,USD_3M_LIBOR_PUBLIC_PROXY,2015-05,0.2795368421,previous_completed_calendar_month,-0.002204631579,0.01279536842,0.0025
2015-06-24,USD_3M_LIBOR_PUBLIC_PROXY,2015-05,0.2795368421,previous_completed_calendar_month,-0.002204631579,0.01279536842,0.0025
2015-06-25,USD_3M_LIBOR_PUBLIC_PROXY,2015-05,0.2795368421,previous_completed_calendar_month,-0.002204631579,0.01279536842,0.0025
2015-06-26,USD_3M_LIBOR_PUBLIC_PROXY,2015-05,0.2795368421,previous_completed_calendar_month,-0.002204631579,0.01279536842,0.0025
2015-06-29,USD_3M_LIBOR_PUBLIC_PROXY,2015-05,0.2795368421,previous_completed_calendar_month,-0.002204631579,0.01279536842,0.0025
2015-06-30,USD_3M_LIBOR_PUBLIC_PROXY,2015-05,0.2795368421,previous_completed_calendar_month,-0.002204631579,0.01279536842,0.0025
2015-07-01,USD_3M_LIBOR_PUBLIC_PROXY,2015-06,0.2827113636,previous_completed_calendar_month,-0.002172886364,0.01282711364,0.0025
2015-07-02,USD_3M_LIBOR_PUBLIC_PROXY,2015-06,0.2827113636,previous_completed_calendar_month,-0.002172886364,0.01282711364,0.0025
2015-07-06,USD_3M_LIBOR_PUBLIC_PROXY,2015-06,0.2827113636,previous_completed_calendar_month,-0.002172886364,0.01282711364,0.0025
2015-07-07,USD_3M_LIBOR_PUBLIC_PROXY,2015-06,0.2827113636,previous_completed_calendar_month,-0.002172886364,0.01282711364,0.0025
2015-07-08,USD_3M_LIBOR_PUBLIC_PROXY,2015-06,0.2827113636,previous_completed_calendar_month,-0.002172886364,0.01282711364,0.0025
2015-07-09,USD_3M_LIBOR_PUBLIC_PROXY,2015-06,0.2827113636,previous_completed_calendar_month,-0.002172886364,0.01282711364,0.0025
2015-07-10,USD_3M_LIBOR_PUBLIC_PROXY,2015-06,0.2827113636,previous_completed_calendar_month,-0.002172886364,0.01282711364,0.0025
2015-07-13,USD_3M_LIBOR_PUBLIC_PROXY,2015-06,0.2827113636,previous_completed_calendar_month,-0.002172886364,0.01282711364,0.0025
2015-07-14,USD_3M_LIBOR_PUBLIC_PROXY,2015-06,0.2827113636,previous_completed_calendar_month,-0.002172886364,0.01282711364,0.0025
2015-07-15,USD_3M_LIBOR_PUBLIC_PROXY,2015-06,0.2827113636,previous_completed_calendar_month,-0.002172886364,0.01282711364,0.0025
2015-07-16,USD_3M_LIBOR_PUBLIC_PROXY,2015-06,0.2827113636,previous_completed_calendar_month,-0.002172886364,0.01282711364,0.0025
2015-07-17,USD_3M_LIBOR_PUBLIC_PROXY,2015-06,0.2827113636,previous_completed_calendar_month,-0.002172886364,0.01282711364,0.0025
2015-07-20,USD_3M_LIBOR_PUBLIC_PROXY,2015-06,0.2827113636,previous_completed_calendar_month,-0.002172886364,0.01282711364,0.0025
2015-07-21,USD_3M_LIBOR_PUBLIC_PROXY,2015-06,0.2827113636,previous_completed_calendar_month,-0.002172886364,0.01282711364,0.0025
2015-07-22,USD_3M_LIBOR_PUBLIC_PROXY,2015-06,0.2827113636,previous_completed_calendar_month,-0.002172886364,0.01282711364,0.0025
2015-07-23,USD_3M_LIBOR_PUBLIC_PROXY,2015-06,0.2827113636,previous_completed_calendar_month,-0.002172886364,0.01282711364,0.0025
2015-07-24,USD_3M_LIBOR_PUBLIC_PROXY,2015-06,0.2827113636,previous_completed_calendar_month,-0.002172886364,0.01282711364,0.0025
2015-07-27,USD_3M_LIBOR_PUBLIC_PROXY,2015-06,0.2827113636,previous_completed_calendar_month,-0.002172886364,0.01282711364,0.0025
2015-07-28,USD_3M_LIBOR_PUBLIC_PROXY,2015-06,0.2827113636,previous_completed_calendar_month,-0.002172886364,0.01282711364,0.0025
2015-07-29,USD_3M_LIBOR_PUBLIC_PROXY,2015-06,0.2827113636,previous_completed_calendar_month,-0.002172886364,0.01282711364,0.0025
2015-07-30,USD_3M_LIBOR_PUBLIC_PROXY,2015-06,0.2827113636,previous_completed_calendar_month,-0.002172886364,0.01282711364,0.0025
2015-07-31,USD_3M_LIBOR_PUBLIC_PROXY,2015-06,0.2827113636,previous_completed_calendar_month,-0.002172886364,0.01282711364,0.0025
2015-08-03,USD_3M_LIBOR_PUBLIC_PROXY,2015-07,0.2906695652,previous_completed_calendar_month,-0.002093304348,0.01290669565,0.0025
2015-08-04,USD_3M_LIBOR_PUBLIC_PROXY,2015-07,0.2906695652,previous_completed_calendar_month,-0.002093304348,0.01290669565,0.0025
2015-08-05,USD_3M_LIBOR_PUBLIC_PROXY,2015-07,0.2906695652,previous_completed_calendar_month,-0.002093304348,0.01290669565,0.0025
2015-08-06,USD_3M_LIBOR_PUBLIC_PROXY,2015-07,0.2906695652,previous_completed_calendar_month,-0.002093304348,0.01290669565,0.0025
2015-08-07,USD_3M_LIBOR_PUBLIC_PROXY,2015-07,0.2906695652,previous_completed_calendar_month,-0.002093304348,0.01290669565,0.0025
2015-08-10,USD_3M_LIBOR_PUBLIC_PROXY,2015-07,0.2906695652,previous_completed_calendar_month,-0.002093304348,0.01290669565,0.0025
2015-08-11,USD_3M_LIBOR_PUBLIC_PROXY,2015-07,0.2906695652,previous_completed_calendar_month,-0.002093304348,0.01290669565,0.0025
2015-08-12,USD_3M_LIBOR_PUBLIC_PROXY,2015-07,0.2906695652,previous_completed_calendar_month,-0.002093304348,0.01290669565,0.0025
2015-08-13,USD_3M_LIBOR_PUBLIC_PROXY,2015-07,0.2906695652,previous_completed_calendar_month,-0.002093304348,0.01290669565,0.0025
2015-08-14,USD_3M_LIBOR_PUBLIC_PROXY,2015-07,0.2906695652,previous_completed_calendar_month,-0.002093304348,0.01290669565,0.0025
2015-08-17,USD_3M_LIBOR_PUBLIC_PROXY,2015-07,0.2906695652,previous_completed_calendar_month,-0.002093304348,0.01290669565,0.0025
2015-08-18,USD_3M_LIBOR_PUBLIC_PROXY,2015-07,0.2906695652,previous_completed_calendar_month,-0.002093304348,0.01290669565,0.0025
2015-08-19,USD_3M_LIBOR_PUBLIC_PROXY,2015-07,0.2906695652,previous_completed_calendar_month,-0.002093304348,0.01290669565,0.0025
2015-08-20,USD_3M_LIBOR_PUBLIC_PROXY,2015-07,0.2906695652,previous_completed_calendar_month,-0.002093304348,0.01290669565,0.0025
2015-08-21,USD_3M_LIBOR_PUBLIC_PROXY,2015-07,0.2906695652,previous_completed_calendar_month,-0.002093304348,0.01290669565,0.0025
2015-08-24,USD_3M_LIBOR_PUBLIC_PROXY,2015-07,0.2906695652,previous_completed_calendar_month,-0.002093304348,0.01290669565,0.0025
2015-08-25,USD_3M_LIBOR_PUBLIC_PROXY,2015-07,0.2906695652,previous_completed_calendar_month,-0.002093304348,0.01290669565,0.0025
2015-08-26,USD_3M_LIBOR_PUBLIC_PROXY,2015-07,0.2906695652,previous_completed_calendar_month,-0.002093304348,0.01290669565,0.0025
2015-08-27,USD_3M_LIBOR_PUBLIC_PROXY,2015-07,0.2906695652,previous_completed_calendar_month,-0.002093304348,0.01290669565,0.0025
2015-08-28,USD_3M_LIBOR_PUBLIC_PROXY,2015-07,0.2906695652,previous_completed_calendar_month,-0.002093304348,0.01290669565,0.0025
2015-08-31,USD_3M_LIBOR_PUBLIC_PROXY,2015-07,0.2906695652,previous_completed_calendar_month,-0.002093304348,0.01290669565,0.0025
2015-09-01,USD_3M_LIBOR_PUBLIC_PROXY,2015-08,0.3207975,previous_completed_calendar_month,-0.001792025,0.013207975,0.0025
2015-09-02,USD_3M_LIBOR_PUBLIC_PROXY,2015-08,0.3207975,previous_completed_calendar_month,-0.001792025,0.013207975,0.0025
2015-09-03,USD_3M_LIBOR_PUBLIC_PROXY,2015-08,0.3207975,previous_completed_calendar_month,-0.001792025,0.013207975,0.0025
2015-09-04,USD_3M_LIBOR_PUBLIC_PROXY,2015-08,0.3207975,previous_completed_calendar_month,-0.001792025,0.013207975,0.0025
2015-09-08,USD_3M_LIBOR_PUBLIC_PROXY,2015-08,0.3207975,previous_completed_calendar_month,-0.001792025,0.013207975,0.0025
2015-09-09,USD_3M_LIBOR_PUBLIC_PROXY,2015-08,0.3207975,previous_completed_calendar_month,-0.001792025,0.013207975,0.0025
2015-09-10,USD_3M_LIBOR_PUBLIC_PROXY,2015-08,0.3207975,previous_completed_calendar_month,-0.001792025,0.013207975,0.0025
2015-09-11,USD_3M_LIBOR_PUBLIC_PROXY,2015-08,0.3207975,previous_completed_calendar_month,-0.001792025,0.013207975,0.0025
2015-09-14,USD_3M_LIBOR_PUBLIC_PROXY,2015-08,0.3207975,previous_completed_calendar_month,-0.001792025,0.013207975,0.0025
2015-09-15,USD_3M_LIBOR_PUBLIC_PROXY,2015-08,0.3207975,previous_completed_calendar_month,-0.001792025,0.013207975,0.0025
2015-09-16,USD_3M_LIBOR_PUBLIC_PROXY,2015-08,0.3207975,previous_completed_calendar_month,-0.001792025,0.013207975,0.0025
2015-09-17,USD_3M_LIBOR_PUBLIC_PROXY,2015-08,0.3207975,previous_completed_calendar_month,-0.001792025,0.013207975,0.0025
2015-09-18,USD_3M_LIBOR_PUBLIC_PROXY,2015-08,0.3207975,previous_completed_calendar_month,-0.001792025,0.013207975,0.0025
2015-09-21,USD_3M_LIBOR_PUBLIC_PROXY,2015-08,0.3207975,previous_completed_calendar_month,-0.001792025,0.013207975,0.0025
2015-09-22,USD_3M_LIBOR_PUBLIC_PROXY,2015-08,0.3207975,previous_completed_calendar_month,-0.001792025,0.013207975,0.0025
2015-09-23,USD_3M_LIBOR_PUBLIC_PROXY,2015-08,0.3207975,previous_completed_calendar_month,-0.001792025,0.013207975,0.0025
2015-09-24,USD_3M_LIBOR_PUBLIC_PROXY,2015-08,0.3207975,previous_completed_calendar_month,-0.001792025,0.013207975,0.0025
2015-09-25,USD_3M_LIBOR_PUBLIC_PROXY,2015-08,0.3207975,previous_completed_calendar_month,-0.001792025,0.013207975,0.0025
2015-09-28,USD_3M_LIBOR_PUBLIC_PROXY,2015-08,0.3207975,previous_completed_calendar_month,-0.001792025,0.013207975,0.0025
2015-09-29,USD_3M_LIBOR_PUBLIC_PROXY,2015-08,0.3207975,previous_completed_calendar_month,-0.001792025,0.013207975,0.0025
2015-09-30,USD_3M_LIBOR_PUBLIC_PROXY,2015-08,0.3207975,previous_completed_calendar_month,-0.001792025,0.013207975,0.0025
2015-10-01,USD_3M_LIBOR_PUBLIC_PROXY,2015-09,0.3311113636,previous_completed_calendar_month,-0.001688886364,0.01331111364,0.0025
2015-10-02,USD_3M_LIBOR_PUBLIC_PROXY,2015-09,0.3311113636,previous_completed_calendar_month,-0.001688886364,0.01331111364,0.0025
2015-10-05,USD_3M_LIBOR_PUBLIC_PROXY,2015-09,0.3311113636,previous_completed_calendar_month,-0.001688886364,0.01331111364,0.0025
2015-10-06,USD_3M_LIBOR_PUBLIC_PROXY,2015-09,0.3311113636,previous_completed_calendar_month,-0.001688886364,0.01331111364,0.0025
2015-10-07,USD_3M_LIBOR_PUBLIC_PROXY,2015-09,0.3311113636,previous_completed_calendar_month,-0.001688886364,0.01331111364,0.0025
2015-10-08,USD_3M_LIBOR_PUBLIC_PROXY,2015-09,0.3311113636,previous_completed_calendar_month,-0.001688886364,0.01331111364,0.0025
2015-10-09,USD_3M_LIBOR_PUBLIC_PROXY,2015-09,0.3311113636,previous_completed_calendar_month,-0.001688886364,0.01331111364,0.0025
2015-10-12,USD_3M_LIBOR_PUBLIC_PROXY,2015-09,0.3311113636,previous_completed_calendar_month,-0.001688886364,0.01331111364,0.0025
2015-10-13,USD_3M_LIBOR_PUBLIC_PROXY,2015-09,0.3311113636,previous_completed_calendar_month,-0.001688886364,0.01331111364,0.0025
2015-10-14,USD_3M_LIBOR_PUBLIC_PROXY,2015-09,0.3311113636,previous_completed_calendar_month,-0.001688886364,0.01331111364,0.0025
2015-10-15,USD_3M_LIBOR_PUBLIC_PROXY,2015-09,0.3311113636,previous_completed_calendar_month,-0.001688886364,0.01331111364,0.0025
2015-10-16,USD_3M_LIBOR_PUBLIC_PROXY,2015-09,0.3311113636,previous_completed_calendar_month,-0.001688886364,0.01331111364,0.0025
2015-10-19,USD_3M_LIBOR_PUBLIC_PROXY,2015-09,0.3311113636,previous_completed_calendar_month,-0.001688886364,0.01331111364,0.0025
2015-10-20,USD_3M_LIBOR_PUBLIC_PROXY,2015-09,0.3311113636,previous_completed_calendar_month,-0.001688886364,0.01331111364,0.0025
2015-10-21,USD_3M_LIBOR_PUBLIC_PROXY,2015-09,0.3311113636,previous_completed_calendar_month,-0.001688886364,0.01331111364,0.0025
2015-10-22,USD_3M_LIBOR_PUBLIC_PROXY,2015-09,0.3311113636,previous_completed_calendar_month,-0.001688886364,0.01331111364,0.0025
2015-10-23,USD_3M_LIBOR_PUBLIC_PROXY,2015-09,0.3311113636,previous_completed_calendar_month,-0.001688886364,0.01331111364,0.0025
2015-10-26,USD_3M_LIBOR_PUBLIC_PROXY,2015-09,0.3311113636,previous_completed_calendar_month,-0.001688886364,0.01331111364,0.0025
2015-10-27,USD_3M_LIBOR_PUBLIC_PROXY,2015-09,0.3311113636,previous_completed_calendar_month,-0.001688886364,0.01331111364,0.0025
2015-10-28,USD_3M_LIBOR_PUBLIC_PROXY,2015-09,0.3311113636,previous_completed_calendar_month,-0.001688886364,0.01331111364,0.0025
2015-10-29,USD_3M_LIBOR_PUBLIC_PROXY,2015-09,0.3311113636,previous_completed_calendar_month,-0.001688886364,0.01331111364,0.0025
2015-10-30,USD_3M_LIBOR_PUBLIC_PROXY,2015-09,0.3311113636,previous_completed_calendar_month,-0.001688886364,0.01331111364,0.0025
2015-11-02,USD_3M_LIBOR_PUBLIC_PROXY,2015-10,0.3213590909,previous_completed_calendar_month,-0.001786409091,0.01321359091,0.0025
2015-11-03,USD_3M_LIBOR_PUBLIC_PROXY,2015-10,0.3213590909,previous_completed_calendar_month,-0.001786409091,0.01321359091,0.0025
2015-11-04,USD_3M_LIBOR_PUBLIC_PROXY,2015-10,0.3213590909,previous_completed_calendar_month,-0.001786409091,0.01321359091,0.0025
2015-11-05,USD_3M_LIBOR_PUBLIC_PROXY,2015-10,0.3213590909,previous_completed_calendar_month,-0.001786409091,0.01321359091,0.0025
2015-11-06,USD_3M_LIBOR_PUBLIC_PROXY,2015-10,0.3213590909,previous_completed_calendar_month,-0.001786409091,0.01321359091,0.0025
2015-11-09,USD_3M_LIBOR_PUBLIC_PROXY,2015-10,0.3213590909,previous_completed_calendar_month,-0.001786409091,0.01321359091,0.0025
2015-11-10,USD_3M_LIBOR_PUBLIC_PROXY,2015-10,0.3213590909,previous_completed_calendar_month,-0.001786409091,0.01321359091,0.0025
2015-11-11,USD_3M_LIBOR_PUBLIC_PROXY,2015-10,0.3213590909,previous_completed_calendar_month,-0.001786409091,0.01321359091,0.0025
2015-11-12,USD_3M_LIBOR_PUBLIC_PROXY,2015-10,0.3213590909,previous_completed_calendar_month,-0.001786409091,0.01321359091,0.0025
2015-11-13,USD_3M_LIBOR_PUBLIC_PROXY,2015-10,0.3213590909,previous_completed_calendar_month,-0.001786409091,0.01321359091,0.0025
2015-11-16,USD_3M_LIBOR_PUBLIC_PROXY,2015-10,0.3213590909,previous_completed_calendar_month,-0.001786409091,0.01321359091,0.0025
2015-11-17,USD_3M_LIBOR_PUBLIC_PROXY,2015-10,0.3213590909,previous_completed_calendar_month,-0.001786409091,0.01321359091,0.0025
2015-11-18,USD_3M_LIBOR_PUBLIC_PROXY,2015-10,0.3213590909,previous_completed_calendar_month,-0.001786409091,0.01321359091,0.0025
2015-11-19,USD_3M_LIBOR_PUBLIC_PROXY,2015-10,0.3213590909,previous_completed_calendar_month,-0.001786409091,0.01321359091,0.0025
2015-11-20,USD_3M_LIBOR_PUBLIC_PROXY,2015-10,0.3213590909,previous_completed_calendar_month,-0.001786409091,0.01321359091,0.0025
2015-11-23,USD_3M_LIBOR_PUBLIC_PROXY,2015-10,0.3213590909,previous_completed_calendar_month,-0.001786409091,0.01321359091,0.0025
2015-11-24,USD_3M_LIBOR_PUBLIC_PROXY,2015-10,0.3213590909,previous_completed_calendar_month,-0.001786409091,0.01321359091,0.0025
2015-11-25,USD_3M_LIBOR_PUBLIC_PROXY,2015-10,0.3213590909,previous_completed_calendar_month,-0.001786409091,0.01321359091,0.0025
2015-11-27,USD_3M_LIBOR_PUBLIC_PROXY,2015-10,0.3213590909,previous_completed_calendar_month,-0.001786409091,0.01321359091,0.0025
2015-11-30,USD_3M_LIBOR_PUBLIC_PROXY,2015-10,0.3213590909,previous_completed_calendar_month,-0.001786409091,0.01321359091,0.0025
2015-12-01,USD_3M_LIBOR_PUBLIC_PROXY,2015-11,0.3709714286,previous_completed_calendar_month,-0.001290285714,0.01370971429,0.0025
2015-12-02,USD_3M_LIBOR_PUBLIC_PROXY,2015-11,0.3709714286,previous_completed_calendar_month,-0.001290285714,0.01370971429,0.0025
2015-12-03,USD_3M_LIBOR_PUBLIC_PROXY,2015-11,0.3709714286,previous_completed_calendar_month,-0.001290285714,0.01370971429,0.0025
2015-12-04,USD_3M_LIBOR_PUBLIC_PROXY,2015-11,0.3709714286,previous_completed_calendar_month,-0.001290285714,0.01370971429,0.0025
2015-12-07,USD_3M_LIBOR_PUBLIC_PROXY,2015-11,0.3709714286,previous_completed_calendar_month,-0.001290285714,0.01370971429,0.0025
2015-12-08,USD_3M_LIBOR_PUBLIC_PROXY,2015-11,0.3709714286,previous_completed_calendar_month,-0.001290285714,0.01370971429,0.0025
2015-12-09,USD_3M_LIBOR_PUBLIC_PROXY,2015-11,0.3709714286,previous_completed_calendar_month,-0.001290285714,0.01370971429,0.0025
2015-12-10,USD_3M_LIBOR_PUBLIC_PROXY,2015-11,0.3709714286,previous_completed_calendar_month,-0.001290285714,0.01370971429,0.0025
2015-12-11,USD_3M_LIBOR_PUBLIC_PROXY,2015-11,0.3709714286,previous_completed_calendar_month,-0.001290285714,0.01370971429,0.0025
2015-12-14,USD_3M_LIBOR_PUBLIC_PROXY,2015-11,0.3709714286,previous_completed_calendar_month,-0.001290285714,0.01370971429,0.0025
2015-12-15,USD_3M_LIBOR_PUBLIC_PROXY,2015-11,0.3709714286,previous_completed_calendar_month,-0.001290285714,0.01370971429,0.0025
2015-12-16,USD_3M_LIBOR_PUBLIC_PROXY,2015-11,0.3709714286,previous_completed_calendar_month,-0.001290285714,0.01370971429,0.0025
2015-12-17,USD_3M_LIBOR_PUBLIC_PROXY,2015-11,0.3709714286,previous_completed_calendar_month,-0.001290285714,0.01370971429,0.0025
2015-12-18,USD_3M_LIBOR_PUBLIC_PROXY,2015-11,0.3709714286,previous_completed_calendar_month,-0.001290285714,0.01370971429,0.0025
2015-12-21,USD_3M_LIBOR_PUBLIC_PROXY,2015-11,0.3709714286,previous_completed_calendar_month,-0.001290285714,0.01370971429,0.0025
2015-12-22,USD_3M_LIBOR_PUBLIC_PROXY,2015-11,0.3709714286,previous_completed_calendar_month,-0.001290285714,0.01370971429,0.0025
2015-12-23,USD_3M_LIBOR_PUBLIC_PROXY,2015-11,0.3709714286,previous_completed_calendar_month,-0.001290285714,0.01370971429,0.0025
2015-12-24,USD_3M_LIBOR_PUBLIC_PROXY,2015-11,0.3709714286,previous_completed_calendar_month,-0.001290285714,0.01370971429,0.0025
2015-12-28,USD_3M_LIBOR_PUBLIC_PROXY,2015-11,0.3709714286,previous_completed_calendar_month,-0.001290285714,0.01370971429,0.0025
2015-12-29,USD_3M_LIBOR_PUBLIC_PROXY,2015-11,0.3709714286,previous_completed_calendar_month,-0.001290285714,0.01370971429,0.0025
2015-12-30,USD_3M_LIBOR_PUBLIC_PROXY,2015-11,0.3709714286,previous_completed_calendar_month,-0.001290285714,0.01370971429,0.0025
2015-12-31,USD_3M_LIBOR_PUBLIC_PROXY,2015-11,0.3709714286,previous_completed_calendar_month,-0.001290285714,0.01370971429,0.0025
2016-01-04,USD_3M_LIBOR_PUBLIC_PROXY,2015-12,0.5332357143,previous_completed_calendar_month,0.0003323571429,0.01533235714,0.0025
2016-01-05,USD_3M_LIBOR_PUBLIC_PROXY,2015-12,0.5332357143,previous_completed_calendar_month,0.0003323571429,0.01533235714,0.0025
2016-01-06,USD_3M_LIBOR_PUBLIC_PROXY,2015-12,0.5332357143,previous_completed_calendar_month,0.0003323571429,0.01533235714,0.0025
2016-01-07,USD_3M_LIBOR_PUBLIC_PROXY,2015-12,0.5332357143,previous_completed_calendar_month,0.0003323571429,0.01533235714,0.0025
2016-01-08,USD_3M_LIBOR_PUBLIC_PROXY,2015-12,0.5332357143,previous_completed_calendar_month,0.0003323571429,0.01533235714,0.0025
2016-01-11,USD_3M_LIBOR_PUBLIC_PROXY,2015-12,0.5332357143,previous_completed_calendar_month,0.0003323571429,0.01533235714,0.0025
2016-01-12,USD_3M_LIBOR_PUBLIC_PROXY,2015-12,0.5332357143,previous_completed_calendar_month,0.0003323571429,0.01533235714,0.0025
2016-01-13,USD_3M_LIBOR_PUBLIC_PROXY,2015-12,0.5332357143,previous_completed_calendar_month,0.0003323571429,0.01533235714,0.0025
2016-01-14,USD_3M_LIBOR_PUBLIC_PROXY,2015-12,0.5332357143,previous_completed_calendar_month,0.0003323571429,0.01533235714,0.0025
2016-01-15,USD_3M_LIBOR_PUBLIC_PROXY,2015-12,0.5332357143,previous_completed_calendar_month,0.0003323571429,0.01533235714,0.0025
2016-01-19,USD_3M_LIBOR_PUBLIC_PROXY,2015-12,0.5332357143,previous_completed_calendar_month,0.0003323571429,0.01533235714,0.0025
2016-01-20,USD_3M_LIBOR_PUBLIC_PROXY,2015-12,0.5332357143,previous_completed_calendar_month,0.0003323571429,0.01533235714,0.0025
2016-01-21,USD_3M_LIBOR_PUBLIC_PROXY,2015-12,0.5332357143,previous_completed_calendar_month,0.0003323571429,0.01533235714,0.0025
2016-01-22,USD_3M_LIBOR_PUBLIC_PROXY,2015-12,0.5332357143,previous_completed_calendar_month,0.0003323571429,0.01533235714,0.0025
2016-01-25,USD_3M_LIBOR_PUBLIC_PROXY,2015-12,0.5332357143,previous_completed_calendar_month,0.0003323571429,0.01533235714,0.0025
2016-01-26,USD_3M_LIBOR_PUBLIC_PROXY,2015-12,0.5332357143,previous_completed_calendar_month,0.0003323571429,0.01533235714,0.0025
2016-01-27,USD_3M_LIBOR_PUBLIC_PROXY,2015-12,0.5332357143,previous_completed_calendar_month,0.0003323571429,0.01533235714,0.0025
2016-01-28,USD_3M_LIBOR_PUBLIC_PROXY,2015-12,0.5332357143,previous_completed_calendar_month,0.0003323571429,0.01533235714,0.0025
2016-01-29,USD_3M_LIBOR_PUBLIC_PROXY,2015-12,0.5332357143,previous_completed_calendar_month,0.0003323571429,0.01533235714,0.0025
2016-02-01,USD_3M_LIBOR_PUBLIC_PROXY,2016-01,0.6195525,previous_completed_calendar_month,0.001195525,0.016195525,0.0025
2016-02-02,USD_3M_LIBOR_PUBLIC_PROXY,2016-01,0.6195525,previous_completed_calendar_month,0.001195525,0.016195525,0.0025
2016-02-03,USD_3M_LIBOR_PUBLIC_PROXY,2016-01,0.6195525,previous_completed_calendar_month,0.001195525,0.016195525,0.0025
2016-02-04,USD_3M_LIBOR_PUBLIC_PROXY,2016-01,0.6195525,previous_completed_calendar_month,0.001195525,0.016195525,0.0025
2016-02-05,USD_3M_LIBOR_PUBLIC_PROXY,2016-01,0.6195525,previous_completed_calendar_month,0.001195525,0.016195525,0.0025
2016-02-08,USD_3M_LIBOR_PUBLIC_PROXY,2016-01,0.6195525,previous_completed_calendar_month,0.001195525,0.016195525,0.0025
2016-02-09,USD_3M_LIBOR_PUBLIC_PROXY,2016-01,0.6195525,previous_completed_calendar_month,0.001195525,0.016195525,0.0025
2016-02-10,USD_3M_LIBOR_PUBLIC_PROXY,2016-01,0.6195525,previous_completed_calendar_month,0.001195525,0.016195525,0.0025
2016-02-11,USD_3M_LIBOR_PUBLIC_PROXY,2016-01,0.6195525,previous_completed_calendar_month,0.001195525,0.016195525,0.0025
2016-02-12,USD_3M_LIBOR_PUBLIC_PROXY,2016-01,0.6195525,previous_completed_calendar_month,0.001195525,0.016195525,0.0025
2016-02-16,USD_3M_LIBOR_PUBLIC_PROXY,2016-01,0.6195525,previous_completed_calendar_month,0.001195525,0.016195525,0.0025
2016-02-17,USD_3M_LIBOR_PUBLIC_PROXY,2016-01,0.6195525,previous_completed_calendar_month,0.001195525,0.016195525,0.0025
2016-02-18,USD_3M_LIBOR_PUBLIC_PROXY,2016-01,0.6195525,previous_completed_calendar_month,0.001195525,0.016195525,0.0025
2016-02-19,USD_3M_LIBOR_PUBLIC_PROXY,2016-01,0.6195525,previous_completed_calendar_month,0.001195525,0.016195525,0.0025
2016-02-22,USD_3M_LIBOR_PUBLIC_PROXY,2016-01,0.6195525,previous_completed_calendar_month,0.001195525,0.016195525,0.0025
2016-02-23,USD_3M_LIBOR_PUBLIC_PROXY,2016-01,0.6195525,previous_completed_calendar_month,0.001195525,0.016195525,0.0025
2016-02-24,USD_3M_LIBOR_PUBLIC_PROXY,2016-01,0.6195525,previous_completed_calendar_month,0.001195525,0.016195525,0.0025
2016-02-25,USD_3M_LIBOR_PUBLIC_PROXY,2016-01,0.6195525,previous_completed_calendar_month,0.001195525,0.016195525,0.0025
2016-02-26,USD_3M_LIBOR_PUBLIC_PROXY,2016-01,0.6195525,previous_completed_calendar_month,0.001195525,0.016195525,0.0025
2016-02-29,USD_3M_LIBOR_PUBLIC_PROXY,2016-01,0.6195525,previous_completed_calendar_month,0.001195525,0.016195525,0.0025
2016-03-01,USD_3M_LIBOR_PUBLIC_PROXY,2016-02,0.6227190476,previous_completed_calendar_month,0.001227190476,0.01622719048,0.0025
2016-03-02,USD_3M_LIBOR_PUBLIC_PROXY,2016-02,0.6227190476,previous_completed_calendar_month,0.001227190476,0.01622719048,0.0025
2016-03-03,USD_3M_LIBOR_PUBLIC_PROXY,2016-02,0.6227190476,previous_completed_calendar_month,0.001227190476,0.01622719048,0.0025
2016-03-04,USD_3M_LIBOR_PUBLIC_PROXY,2016-02,0.6227190476,previous_completed_calendar_month,0.001227190476,0.01622719048,0.0025
2016-03-07,USD_3M_LIBOR_PUBLIC_PROXY,2016-02,0.6227190476,previous_completed_calendar_month,0.001227190476,0.01622719048,0.0025
2016-03-08,USD_3M_LIBOR_PUBLIC_PROXY,2016-02,0.6227190476,previous_completed_calendar_month,0.001227190476,0.01622719048,0.0025
2016-03-09,USD_3M_LIBOR_PUBLIC_PROXY,2016-02,0.6227190476,previous_completed_calendar_month,0.001227190476,0.01622719048,0.0025
2016-03-10,USD_3M_LIBOR_PUBLIC_PROXY,2016-02,0.6227190476,previous_completed_calendar_month,0.001227190476,0.01622719048,0.0025
2016-03-11,USD_3M_LIBOR_PUBLIC_PROXY,2016-02,0.6227190476,previous_completed_calendar_month,0.001227190476,0.01622719048,0.0025
2016-03-14,USD_3M_LIBOR_PUBLIC_PROXY,2016-02,0.6227190476,previous_completed_calendar_month,0.001227190476,0.01622719048,0.0025
2016-03-15,USD_3M_LIBOR_PUBLIC_PROXY,2016-02,0.6227190476,previous_completed_calendar_month,0.001227190476,0.01622719048,0.0025
2016-03-16,USD_3M_LIBOR_PUBLIC_PROXY,2016-02,0.6227190476,previous_completed_calendar_month,0.001227190476,0.01622719048,0.0025
2016-03-17,USD_3M_LIBOR_PUBLIC_PROXY,2016-02,0.6227190476,previous_completed_calendar_month,0.001227190476,0.01622719048,0.0025
2016-03-18,USD_3M_LIBOR_PUBLIC_PROXY,2016-02,0.6227190476,previous_completed_calendar_month,0.001227190476,0.01622719048,0.0025
2016-03-21,USD_3M_LIBOR_PUBLIC_PROXY,2016-02,0.6227190476,previous_completed_calendar_month,0.001227190476,0.01622719048,0.0025
2016-03-22,USD_3M_LIBOR_PUBLIC_PROXY,2016-02,0.6227190476,previous_completed_calendar_month,0.001227190476,0.01622719048,0.0025
2016-03-23,USD_3M_LIBOR_PUBLIC_PROXY,2016-02,0.6227190476,previous_completed_calendar_month,0.001227190476,0.01622719048,0.0025
2016-03-24,USD_3M_LIBOR_PUBLIC_PROXY,2016-02,0.6227190476,previous_completed_calendar_month,0.001227190476,0.01622719048,0.0025
2016-03-28,USD_3M_LIBOR_PUBLIC_PROXY,2016-02,0.6227190476,previous_completed_calendar_month,0.001227190476,0.01622719048,0.0025
2016-03-29,USD_3M_LIBOR_PUBLIC_PROXY,2016-02,0.6227190476,previous_completed_calendar_month,0.001227190476,0.01622719048,0.0025
2016-03-30,USD_3M_LIBOR_PUBLIC_PROXY,2016-02,0.6227190476,previous_completed_calendar_month,0.001227190476,0.01622719048,0.0025
2016-03-31,USD_3M_LIBOR_PUBLIC_PROXY,2016-02,0.6227190476,previous_completed_calendar_month,0.001227190476,0.01622719048,0.0025
2016-04-01,USD_3M_LIBOR_PUBLIC_PROXY,2016-03,0.632,previous_completed_calendar_month,0.00132,0.01632,0.0025
2016-04-04,USD_3M_LIBOR_PUBLIC_PROXY,2016-03,0.632,previous_completed_calendar_month,0.00132,0.01632,0.0025
2016-04-05,USD_3M_LIBOR_PUBLIC_PROXY,2016-03,0.632,previous_completed_calendar_month,0.00132,0.01632,0.0025
2016-04-06,USD_3M_LIBOR_PUBLIC_PROXY,2016-03,0.632,previous_completed_calendar_month,0.00132,0.01632,0.0025
2016-04-07,USD_3M_LIBOR_PUBLIC_PROXY,2016-03,0.632,previous_completed_calendar_month,0.00132,0.01632,0.0025
2016-04-08,USD_3M_LIBOR_PUBLIC_PROXY,2016-03,0.632,previous_completed_calendar_month,0.00132,0.01632,0.0025
2016-04-11,USD_3M_LIBOR_PUBLIC_PROXY,2016-03,0.632,previous_completed_calendar_month,0.00132,0.01632,0.0025
2016-04-12,USD_3M_LIBOR_PUBLIC_PROXY,2016-03,0.632,previous_completed_calendar_month,0.00132,0.01632,0.0025
2016-04-13,USD_3M_LIBOR_PUBLIC_PROXY,2016-03,0.632,previous_completed_calendar_month,0.00132,0.01632,0.0025
2016-04-14,USD_3M_LIBOR_PUBLIC_PROXY,2016-03,0.632,previous_completed_calendar_month,0.00132,0.01632,0.0025
2016-04-15,USD_3M_LIBOR_PUBLIC_PROXY,2016-03,0.632,previous_completed_calendar_month,0.00132,0.01632,0.0025
2016-04-18,USD_3M_LIBOR_PUBLIC_PROXY,2016-03,0.632,previous_completed_calendar_month,0.00132,0.01632,0.0025
2016-04-19,USD_3M_LIBOR_PUBLIC_PROXY,2016-03,0.632,previous_completed_calendar_month,0.00132,0.01632,0.0025
2016-04-20,USD_3M_LIBOR_PUBLIC_PROXY,2016-03,0.632,previous_completed_calendar_month,0.00132,0.01632,0.0025
2016-04-21,USD_3M_LIBOR_PUBLIC_PROXY,2016-03,0.632,previous_completed_calendar_month,0.00132,0.01632,0.0025
2016-04-22,USD_3M_LIBOR_PUBLIC_PROXY,2016-03,0.632,previous_completed_calendar_month,0.00132,0.01632,0.0025
2016-04-25,USD_3M_LIBOR_PUBLIC_PROXY,2016-03,0.632,previous_completed_calendar_month,0.00132,0.01632,0.0025
2016-04-26,USD_3M_LIBOR_PUBLIC_PROXY,2016-03,0.632,previous_completed_calendar_month,0.00132,0.01632,0.0025
2016-04-27,USD_3M_LIBOR_PUBLIC_PROXY,2016-03,0.632,previous_completed_calendar_month,0.00132,0.01632,0.0025
2016-04-28,USD_3M_LIBOR_PUBLIC_PROXY,2016-03,0.632,previous_completed_calendar_month,0.00132,0.01632,0.0025
2016-04-29,USD_3M_LIBOR_PUBLIC_PROXY,2016-03,0.632,previous_completed_calendar_month,0.00132,0.01632,0.0025
2016-05-02,USD_3M_LIBOR_PUBLIC_PROXY,2016-04,0.63275,previous_completed_calendar_month,0.0013275,0.0163275,0.0025
2016-05-03,USD_3M_LIBOR_PUBLIC_PROXY,2016-04,0.63275,previous_completed_calendar_month,0.0013275,0.0163275,0.0025
2016-05-04,USD_3M_LIBOR_PUBLIC_PROXY,2016-04,0.63275,previous_completed_calendar_month,0.0013275,0.0163275,0.0025
2016-05-05,USD_3M_LIBOR_PUBLIC_PROXY,2016-04,0.63275,previous_completed_calendar_month,0.0013275,0.0163275,0.0025
2016-05-06,USD_3M_LIBOR_PUBLIC_PROXY,2016-04,0.63275,previous_completed_calendar_month,0.0013275,0.0163275,0.0025
2016-05-09,USD_3M_LIBOR_PUBLIC_PROXY,2016-04,0.63275,previous_completed_calendar_month,0.0013275,0.0163275,0.0025
2016-05-10,USD_3M_LIBOR_PUBLIC_PROXY,2016-04,0.63275,previous_completed_calendar_month,0.0013275,0.0163275,0.0025
2016-05-11,USD_3M_LIBOR_PUBLIC_PROXY,2016-04,0.63275,previous_completed_calendar_month,0.0013275,0.0163275,0.0025
2016-05-12,USD_3M_LIBOR_PUBLIC_PROXY,2016-04,0.63275,previous_completed_calendar_month,0.0013275,0.0163275,0.0025
2016-05-13,USD_3M_LIBOR_PUBLIC_PROXY,2016-04,0.63275,previous_completed_calendar_month,0.0013275,0.0163275,0.0025
2016-05-16,USD_3M_LIBOR_PUBLIC_PROXY,2016-04,0.63275,previous_completed_calendar_month,0.0013275,0.0163275,0.0025
2016-05-17,USD_3M_LIBOR_PUBLIC_PROXY,2016-04,0.63275,previous_completed_calendar_month,0.0013275,0.0163275,0.0025
2016-05-18,USD_3M_LIBOR_PUBLIC_PROXY,2016-04,0.63275,previous_completed_calendar_month,0.0013275,0.0163275,0.0025
2016-05-19,USD_3M_LIBOR_PUBLIC_PROXY,2016-04,0.63275,previous_completed_calendar_month,0.0013275,0.0163275,0.0025
2016-05-20,USD_3M_LIBOR_PUBLIC_PROXY,2016-04,0.63275,previous_completed_calendar_month,0.0013275,0.0163275,0.0025
2016-05-23,USD_3M_LIBOR_PUBLIC_PROXY,2016-04,0.63275,previous_completed_calendar_month,0.0013275,0.0163275,0.0025
2016-05-24,USD_3M_LIBOR_PUBLIC_PROXY,2016-04,0.63275,previous_completed_calendar_month,0.0013275,0.0163275,0.0025
2016-05-25,USD_3M_LIBOR_PUBLIC_PROXY,2016-04,0.63275,previous_completed_calendar_month,0.0013275,0.0163275,0.0025
2016-05-26,USD_3M_LIBOR_PUBLIC_PROXY,2016-04,0.63275,previous_completed_calendar_month,0.0013275,0.0163275,0.0025
2016-05-27,USD_3M_LIBOR_PUBLIC_PROXY,2016-04,0.63275,previous_completed_calendar_month,0.0013275,0.0163275,0.0025
2016-05-31,USD_3M_LIBOR_PUBLIC_PROXY,2016-04,0.63275,previous_completed_calendar_month,0.0013275,0.0163275,0.0025
2016-06-01,USD_3M_LIBOR_PUBLIC_PROXY,2016-05,0.6447725,previous_completed_calendar_month,0.001447725,0.016447725,0.0025
2016-06-02,USD_3M_LIBOR_PUBLIC_PROXY,2016-05,0.6447725,previous_completed_calendar_month,0.001447725,0.016447725,0.0025
2016-06-03,USD_3M_LIBOR_PUBLIC_PROXY,2016-05,0.6447725,previous_completed_calendar_month,0.001447725,0.016447725,0.0025
2016-06-06,USD_3M_LIBOR_PUBLIC_PROXY,2016-05,0.6447725,previous_completed_calendar_month,0.001447725,0.016447725,0.0025
2016-06-07,USD_3M_LIBOR_PUBLIC_PROXY,2016-05,0.6447725,previous_completed_calendar_month,0.001447725,0.016447725,0.0025
2016-06-08,USD_3M_LIBOR_PUBLIC_PROXY,2016-05,0.6447725,previous_completed_calendar_month,0.001447725,0.016447725,0.0025
2016-06-09,USD_3M_LIBOR_PUBLIC_PROXY,2016-05,0.6447725,previous_completed_calendar_month,0.001447725,0.016447725,0.0025
2016-06-10,USD_3M_LIBOR_PUBLIC_PROXY,2016-05,0.6447725,previous_completed_calendar_month,0.001447725,0.016447725,0.0025
2016-06-13,USD_3M_LIBOR_PUBLIC_PROXY,2016-05,0.6447725,previous_completed_calendar_month,0.001447725,0.016447725,0.0025
2016-06-14,USD_3M_LIBOR_PUBLIC_PROXY,2016-05,0.6447725,previous_completed_calendar_month,0.001447725,0.016447725,0.0025
2016-06-15,USD_3M_LIBOR_PUBLIC_PROXY,2016-05,0.6447725,previous_completed_calendar_month,0.001447725,0.016447725,0.0025
2016-06-16,USD_3M_LIBOR_PUBLIC_PROXY,2016-05,0.6447725,previous_completed_calendar_month,0.001447725,0.016447725,0.0025
2016-06-17,USD_3M_LIBOR_PUBLIC_PROXY,2016-05,0.6447725,previous_completed_calendar_month,0.001447725,0.016447725,0.0025
2016-06-20,USD_3M_LIBOR_PUBLIC_PROXY,2016-05,0.6447725,previous_completed_calendar_month,0.001447725,0.016447725,0.0025
2016-06-21,USD_3M_LIBOR_PUBLIC_PROXY,2016-05,0.6447725,previous_completed_calendar_month,0.001447725,0.016447725,0.0025
2016-06-22,USD_3M_LIBOR_PUBLIC_PROXY,2016-05,0.6447725,previous_completed_calendar_month,0.001447725,0.016447725,0.0025
2016-06-23,USD_3M_LIBOR_PUBLIC_PROXY,2016-05,0.6447725,previous_completed_calendar_month,0.001447725,0.016447725,0.0025
2016-06-24,USD_3M_LIBOR_PUBLIC_PROXY,2016-05,0.6447725,previous_completed_calendar_month,0.001447725,0.016447725,0.0025
2016-06-27,USD_3M_LIBOR_PUBLIC_PROXY,2016-05,0.6447725,previous_completed_calendar_month,0.001447725,0.016447725,0.0025
2016-06-28,USD_3M_LIBOR_PUBLIC_PROXY,2016-05,0.6447725,previous_completed_calendar_month,0.001447725,0.016447725,0.0025
2016-06-29,USD_3M_LIBOR_PUBLIC_PROXY,2016-05,0.6447725,previous_completed_calendar_month,0.001447725,0.016447725,0.0025
2016-06-30,USD_3M_LIBOR_PUBLIC_PROXY,2016-05,0.6447725,previous_completed_calendar_month,0.001447725,0.016447725,0.0025
2016-07-01,USD_3M_LIBOR_PUBLIC_PROXY,2016-06,0.6516204545,previous_completed_calendar_month,0.001516204545,0.01651620455,0.0025
2016-07-05,USD_3M_LIBOR_PUBLIC_PROXY,2016-06,0.6516204545,previous_completed_calendar_month,0.001516204545,0.01651620455,0.0025
2016-07-06,USD_3M_LIBOR_PUBLIC_PROXY,2016-06,0.6516204545,previous_completed_calendar_month,0.001516204545,0.01651620455,0.0025
2016-07-07,USD_3M_LIBOR_PUBLIC_PROXY,2016-06,0.6516204545,previous_completed_calendar_month,0.001516204545,0.01651620455,0.0025
2016-07-08,USD_3M_LIBOR_PUBLIC_PROXY,2016-06,0.6516204545,previous_completed_calendar_month,0.001516204545,0.01651620455,0.0025
2016-07-11,USD_3M_LIBOR_PUBLIC_PROXY,2016-06,0.6516204545,previous_completed_calendar_month,0.001516204545,0.01651620455,0.0025
2016-07-12,USD_3M_LIBOR_PUBLIC_PROXY,2016-06,0.6516204545,previous_completed_calendar_month,0.001516204545,0.01651620455,0.0025
2016-07-13,USD_3M_LIBOR_PUBLIC_PROXY,2016-06,0.6516204545,previous_completed_calendar_month,0.001516204545,0.01651620455,0.0025
2016-07-14,USD_3M_LIBOR_PUBLIC_PROXY,2016-06,0.6516204545,previous_completed_calendar_month,0.001516204545,0.01651620455,0.0025
2016-07-15,USD_3M_LIBOR_PUBLIC_PROXY,2016-06,0.6516204545,previous_completed_calendar_month,0.001516204545,0.01651620455,0.0025
2016-07-18,USD_3M_LIBOR_PUBLIC_PROXY,2016-06,0.6516204545,previous_completed_calendar_month,0.001516204545,0.01651620455,0.0025
2016-07-19,USD_3M_LIBOR_PUBLIC_PROXY,2016-06,0.6516204545,previous_completed_calendar_month,0.001516204545,0.01651620455,0.0025
2016-07-20,USD_3M_LIBOR_PUBLIC_PROXY,2016-06,0.6516204545,previous_completed_calendar_month,0.001516204545,0.01651620455,0.0025
2016-07-21,USD_3M_LIBOR_PUBLIC_PROXY,2016-06,0.6516204545,previous_completed_calendar_month,0.001516204545,0.01651620455,0.0025
2016-07-22,USD_3M_LIBOR_PUBLIC_PROXY,2016-06,0.6516204545,previous_completed_calendar_month,0.001516204545,0.01651620455,0.0025
2016-07-25,USD_3M_LIBOR_PUBLIC_PROXY,2016-06,0.6516204545,previous_completed_calendar_month,0.001516204545,0.01651620455,0.0025
2016-07-26,USD_3M_LIBOR_PUBLIC_PROXY,2016-06,0.6516204545,previous_completed_calendar_month,0.001516204545,0.01651620455,0.0025
2016-07-27,USD_3M_LIBOR_PUBLIC_PROXY,2016-06,0.6516204545,previous_completed_calendar_month,0.001516204545,0.01651620455,0.0025
2016-07-28,USD_3M_LIBOR_PUBLIC_PROXY,2016-06,0.6516204545,previous_completed_calendar_month,0.001516204545,0.01651620455,0.0025
2016-07-29,USD_3M_LIBOR_PUBLIC_PROXY,2016-06,0.6516204545,previous_completed_calendar_month,0.001516204545,0.01651620455,0.0025
2016-08-01,USD_3M_LIBOR_PUBLIC_PROXY,2016-07,0.6963095238,previous_completed_calendar_month,0.001963095238,0.01696309524,0.0025
2016-08-02,USD_3M_LIBOR_PUBLIC_PROXY,2016-07,0.6963095238,previous_completed_calendar_month,0.001963095238,0.01696309524,0.0025
2016-08-03,USD_3M_LIBOR_PUBLIC_PROXY,2016-07,0.6963095238,previous_completed_calendar_month,0.001963095238,0.01696309524,0.0025
2016-08-04,USD_3M_LIBOR_PUBLIC_PROXY,2016-07,0.6963095238,previous_completed_calendar_month,0.001963095238,0.01696309524,0.0025
2016-08-05,USD_3M_LIBOR_PUBLIC_PROXY,2016-07,0.6963095238,previous_completed_calendar_month,0.001963095238,0.01696309524,0.0025
2016-08-08,USD_3M_LIBOR_PUBLIC_PROXY,2016-07,0.6963095238,previous_completed_calendar_month,0.001963095238,0.01696309524,0.0025
2016-08-09,USD_3M_LIBOR_PUBLIC_PROXY,2016-07,0.6963095238,previous_completed_calendar_month,0.001963095238,0.01696309524,0.0025
2016-08-10,USD_3M_LIBOR_PUBLIC_PROXY,2016-07,0.6963095238,previous_completed_calendar_month,0.001963095238,0.01696309524,0.0025
2016-08-11,USD_3M_LIBOR_PUBLIC_PROXY,2016-07,0.6963095238,previous_completed_calendar_month,0.001963095238,0.01696309524,0.0025
2016-08-12,USD_3M_LIBOR_PUBLIC_PROXY,2016-07,0.6963095238,previous_completed_calendar_month,0.001963095238,0.01696309524,0.0025
2016-08-15,USD_3M_LIBOR_PUBLIC_PROXY,2016-07,0.6963095238,previous_completed_calendar_month,0.001963095238,0.01696309524,0.0025
2016-08-16,USD_3M_LIBOR_PUBLIC_PROXY,2016-07,0.6963095238,previous_completed_calendar_month,0.001963095238,0.01696309524,0.0025
2016-08-17,USD_3M_LIBOR_PUBLIC_PROXY,2016-07,0.6963095238,previous_completed_calendar_month,0.001963095238,0.01696309524,0.0025
2016-08-18,USD_3M_LIBOR_PUBLIC_PROXY,2016-07,0.6963095238,previous_completed_calendar_month,0.001963095238,0.01696309524,0.0025
2016-08-19,USD_3M_LIBOR_PUBLIC_PROXY,2016-07,0.6963095238,previous_completed_calendar_month,0.001963095238,0.01696309524,0.0025
2016-08-22,USD_3M_LIBOR_PUBLIC_PROXY,2016-07,0.6963095238,previous_completed_calendar_month,0.001963095238,0.01696309524,0.0025
2016-08-23,USD_3M_LIBOR_PUBLIC_PROXY,2016-07,0.6963095238,previous_completed_calendar_month,0.001963095238,0.01696309524,0.0025
2016-08-24,USD_3M_LIBOR_PUBLIC_PROXY,2016-07,0.6963095238,previous_completed_calendar_month,0.001963095238,0.01696309524,0.0025
2016-08-25,USD_3M_LIBOR_PUBLIC_PROXY,2016-07,0.6963095238,previous_completed_calendar_month,0.001963095238,0.01696309524,0.0025
2016-08-26,USD_3M_LIBOR_PUBLIC_PROXY,2016-07,0.6963095238,previous_completed_calendar_month,0.001963095238,0.01696309524,0.0025
2016-08-29,USD_3M_LIBOR_PUBLIC_PROXY,2016-07,0.6963095238,previous_completed_calendar_month,0.001963095238,0.01696309524,0.0025
2016-08-30,USD_3M_LIBOR_PUBLIC_PROXY,2016-07,0.6963095238,previous_completed_calendar_month,0.001963095238,0.01696309524,0.0025
2016-08-31,USD_3M_LIBOR_PUBLIC_PROXY,2016-07,0.6963095238,previous_completed_calendar_month,0.001963095238,0.01696309524,0.0025
2016-09-01,USD_3M_LIBOR_PUBLIC_PROXY,2016-08,0.8102231818,previous_completed_calendar_month,0.003102231818,0.01810223182,0.0025
2016-09-02,USD_3M_LIBOR_PUBLIC_PROXY,2016-08,0.8102231818,previous_completed_calendar_month,0.003102231818,0.01810223182,0.0025
2016-09-06,USD_3M_LIBOR_PUBLIC_PROXY,2016-08,0.8102231818,previous_completed_calendar_month,0.003102231818,0.01810223182,0.0025
2016-09-07,USD_3M_LIBOR_PUBLIC_PROXY,2016-08,0.8102231818,previous_completed_calendar_month,0.003102231818,0.01810223182,0.0025
2016-09-08,USD_3M_LIBOR_PUBLIC_PROXY,2016-08,0.8102231818,previous_completed_calendar_month,0.003102231818,0.01810223182,0.0025
2016-09-09,USD_3M_LIBOR_PUBLIC_PROXY,2016-08,0.8102231818,previous_completed_calendar_month,0.003102231818,0.01810223182,0.0025
2016-09-12,USD_3M_LIBOR_PUBLIC_PROXY,2016-08,0.8102231818,previous_completed_calendar_month,0.003102231818,0.01810223182,0.0025
2016-09-13,USD_3M_LIBOR_PUBLIC_PROXY,2016-08,0.8102231818,previous_completed_calendar_month,0.003102231818,0.01810223182,0.0025
2016-09-14,USD_3M_LIBOR_PUBLIC_PROXY,2016-08,0.8102231818,previous_completed_calendar_month,0.003102231818,0.01810223182,0.0025
2016-09-15,USD_3M_LIBOR_PUBLIC_PROXY,2016-08,0.8102231818,previous_completed_calendar_month,0.003102231818,0.01810223182,0.0025
2016-09-16,USD_3M_LIBOR_PUBLIC_PROXY,2016-08,0.8102231818,previous_completed_calendar_month,0.003102231818,0.01810223182,0.0025
2016-09-19,USD_3M_LIBOR_PUBLIC_PROXY,2016-08,0.8102231818,previous_completed_calendar_month,0.003102231818,0.01810223182,0.0025
2016-09-20,USD_3M_LIBOR_PUBLIC_PROXY,2016-08,0.8102231818,previous_completed_calendar_month,0.003102231818,0.01810223182,0.0025
2016-09-21,USD_3M_LIBOR_PUBLIC_PROXY,2016-08,0.8102231818,previous_completed_calendar_month,0.003102231818,0.01810223182,0.0025
2016-09-22,USD_3M_LIBOR_PUBLIC_PROXY,2016-08,0.8102231818,previous_completed_calendar_month,0.003102231818,0.01810223182,0.0025
2016-09-23,USD_3M_LIBOR_PUBLIC_PROXY,2016-08,0.8102231818,previous_completed_calendar_month,0.003102231818,0.01810223182,0.0025
2016-09-26,USD_3M_LIBOR_PUBLIC_PROXY,2016-08,0.8102231818,previous_completed_calendar_month,0.003102231818,0.01810223182,0.0025
2016-09-27,USD_3M_LIBOR_PUBLIC_PROXY,2016-08,0.8102231818,previous_completed_calendar_month,0.003102231818,0.01810223182,0.0025
2016-09-28,USD_3M_LIBOR_PUBLIC_PROXY,2016-08,0.8102231818,previous_completed_calendar_month,0.003102231818,0.01810223182,0.0025
2016-09-29,USD_3M_LIBOR_PUBLIC_PROXY,2016-08,0.8102231818,previous_completed_calendar_month,0.003102231818,0.01810223182,0.0025
2016-09-30,USD_3M_LIBOR_PUBLIC_PROXY,2016-08,0.8102231818,previous_completed_calendar_month,0.003102231818,0.01810223182,0.0025
2016-10-03,USD_3M_LIBOR_PUBLIC_PROXY,2016-09,0.8496804545,previous_completed_calendar_month,0.003496804545,0.01849680455,0.0025
2016-10-04,USD_3M_LIBOR_PUBLIC_PROXY,2016-09,0.8496804545,previous_completed_calendar_month,0.003496804545,0.01849680455,0.0025
2016-10-05,USD_3M_LIBOR_PUBLIC_PROXY,2016-09,0.8496804545,previous_completed_calendar_month,0.003496804545,0.01849680455,0.0025
2016-10-06,USD_3M_LIBOR_PUBLIC_PROXY,2016-09,0.8496804545,previous_completed_calendar_month,0.003496804545,0.01849680455,0.0025
2016-10-07,USD_3M_LIBOR_PUBLIC_PROXY,2016-09,0.8496804545,previous_completed_calendar_month,0.003496804545,0.01849680455,0.0025
2016-10-10,USD_3M_LIBOR_PUBLIC_PROXY,2016-09,0.8496804545,previous_completed_calendar_month,0.003496804545,0.01849680455,0.0025
2016-10-11,USD_3M_LIBOR_PUBLIC_PROXY,2016-09,0.8496804545,previous_completed_calendar_month,0.003496804545,0.01849680455,0.0025
2016-10-12,USD_3M_LIBOR_PUBLIC_PROXY,2016-09,0.8496804545,previous_completed_calendar_month,0.003496804545,0.01849680455,0.0025
2016-10-13,USD_3M_LIBOR_PUBLIC_PROXY,2016-09,0.8496804545,previous_completed_calendar_month,0.003496804545,0.01849680455,0.0025
2016-10-14,USD_3M_LIBOR_PUBLIC_PROXY,2016-09,0.8496804545,previous_completed_calendar_month,0.003496804545,0.01849680455,0.0025
2016-10-17,USD_3M_LIBOR_PUBLIC_PROXY,2016-09,0.8496804545,previous_completed_calendar_month,0.003496804545,0.01849680455,0.0025
2016-10-18,USD_3M_LIBOR_PUBLIC_PROXY,2016-09,0.8496804545,previous_completed_calendar_month,0.003496804545,0.01849680455,0.0025
2016-10-19,USD_3M_LIBOR_PUBLIC_PROXY,2016-09,0.8496804545,previous_completed_calendar_month,0.003496804545,0.01849680455,0.0025
2016-10-20,USD_3M_LIBOR_PUBLIC_PROXY,2016-09,0.8496804545,previous_completed_calendar_month,0.003496804545,0.01849680455,0.0025
2016-10-21,USD_3M_LIBOR_PUBLIC_PROXY,2016-09,0.8496804545,previous_completed_calendar_month,0.003496804545,0.01849680455,0.0025
2016-10-24,USD_3M_LIBOR_PUBLIC_PROXY,2016-09,0.8496804545,previous_completed_calendar_month,0.003496804545,0.01849680455,0.0025
2016-10-25,USD_3M_LIBOR_PUBLIC_PROXY,2016-09,0.8496804545,previous_completed_calendar_month,0.003496804545,0.01849680455,0.0025
2016-10-26,USD_3M_LIBOR_PUBLIC_PROXY,2016-09,0.8496804545,previous_completed_calendar_month,0.003496804545,0.01849680455,0.0025
2016-10-27,USD_3M_LIBOR_PUBLIC_PROXY,2016-09,0.8496804545,previous_completed_calendar_month,0.003496804545,0.01849680455,0.0025
2016-10-28,USD_3M_LIBOR_PUBLIC_PROXY,2016-09,0.8496804545,previous_completed_calendar_month,0.003496804545,0.01849680455,0.0025
2016-10-31,USD_3M_LIBOR_PUBLIC_PROXY,2016-09,0.8496804545,previous_completed_calendar_month,0.003496804545,0.01849680455,0.0025
2016-11-01,USD_3M_LIBOR_PUBLIC_PROXY,2016-10,0.8786828571,previous_completed_calendar_month,0.003786828571,0.01878682857,0.0025
2016-11-02,USD_3M_LIBOR_PUBLIC_PROXY,2016-10,0.8786828571,previous_completed_calendar_month,0.003786828571,0.01878682857,0.0025
2016-11-03,USD_3M_LIBOR_PUBLIC_PROXY,2016-10,0.8786828571,previous_completed_calendar_month,0.003786828571,0.01878682857,0.0025
2016-11-04,USD_3M_LIBOR_PUBLIC_PROXY,2016-10,0.8786828571,previous_completed_calendar_month,0.003786828571,0.01878682857,0.0025
2016-11-07,USD_3M_LIBOR_PUBLIC_PROXY,2016-10,0.8786828571,previous_completed_calendar_month,0.003786828571,0.01878682857,0.0025
2016-11-08,USD_3M_LIBOR_PUBLIC_PROXY,2016-10,0.8786828571,previous_completed_calendar_month,0.003786828571,0.01878682857,0.0025
2016-11-09,USD_3M_LIBOR_PUBLIC_PROXY,2016-10,0.8786828571,previous_completed_calendar_month,0.003786828571,0.01878682857,0.0025
2016-11-10,USD_3M_LIBOR_PUBLIC_PROXY,2016-10,0.8786828571,previous_completed_calendar_month,0.003786828571,0.01878682857,0.0025
2016-11-11,USD_3M_LIBOR_PUBLIC_PROXY,2016-10,0.8786828571,previous_completed_calendar_month,0.003786828571,0.01878682857,0.0025
2016-11-14,USD_3M_LIBOR_PUBLIC_PROXY,2016-10,0.8786828571,previous_completed_calendar_month,0.003786828571,0.01878682857,0.0025
2016-11-15,USD_3M_LIBOR_PUBLIC_PROXY,2016-10,0.8786828571,previous_completed_calendar_month,0.003786828571,0.01878682857,0.0025
2016-11-16,USD_3M_LIBOR_PUBLIC_PROXY,2016-10,0.8786828571,previous_completed_calendar_month,0.003786828571,0.01878682857,0.0025
2016-11-17,USD_3M_LIBOR_PUBLIC_PROXY,2016-10,0.8786828571,previous_completed_calendar_month,0.003786828571,0.01878682857,0.0025
2016-11-18,USD_3M_LIBOR_PUBLIC_PROXY,2016-10,0.8786828571,previous_completed_calendar_month,0.003786828571,0.01878682857,0.0025
2016-11-21,USD_3M_LIBOR_PUBLIC_PROXY,2016-10,0.8786828571,previous_completed_calendar_month,0.003786828571,0.01878682857,0.0025
2016-11-22,USD_3M_LIBOR_PUBLIC_PROXY,2016-10,0.8786828571,previous_completed_calendar_month,0.003786828571,0.01878682857,0.0025
2016-11-23,USD_3M_LIBOR_PUBLIC_PROXY,2016-10,0.8786828571,previous_completed_calendar_month,0.003786828571,0.01878682857,0.0025
2016-11-25,USD_3M_LIBOR_PUBLIC_PROXY,2016-10,0.8786828571,previous_completed_calendar_month,0.003786828571,0.01878682857,0.0025
2016-11-28,USD_3M_LIBOR_PUBLIC_PROXY,2016-10,0.8786828571,previous_completed_calendar_month,0.003786828571,0.01878682857,0.0025
2016-11-29,USD_3M_LIBOR_PUBLIC_PROXY,2016-10,0.8786828571,previous_completed_calendar_month,0.003786828571,0.01878682857,0.0025
2016-11-30,USD_3M_LIBOR_PUBLIC_PROXY,2016-10,0.8786828571,previous_completed_calendar_month,0.003786828571,0.01878682857,0.0025
2016-12-01,USD_3M_LIBOR_PUBLIC_PROXY,2016-11,0.9084640909,previous_completed_calendar_month,0.004084640909,0.01908464091,0.0025
2016-12-02,USD_3M_LIBOR_PUBLIC_PROXY,2016-11,0.9084640909,previous_completed_calendar_month,0.004084640909,0.01908464091,0.0025
2016-12-05,USD_3M_LIBOR_PUBLIC_PROXY,2016-11,0.9084640909,previous_completed_calendar_month,0.004084640909,0.01908464091,0.0025
2016-12-06,USD_3M_LIBOR_PUBLIC_PROXY,2016-11,0.9084640909,previous_completed_calendar_month,0.004084640909,0.01908464091,0.0025
2016-12-07,USD_3M_LIBOR_PUBLIC_PROXY,2016-11,0.9084640909,previous_completed_calendar_month,0.004084640909,0.01908464091,0.0025
2016-12-08,USD_3M_LIBOR_PUBLIC_PROXY,2016-11,0.9084640909,previous_completed_calendar_month,0.004084640909,0.01908464091,0.0025
2016-12-09,USD_3M_LIBOR_PUBLIC_PROXY,2016-11,0.9084640909,previous_completed_calendar_month,0.004084640909,0.01908464091,0.0025
2016-12-12,USD_3M_LIBOR_PUBLIC_PROXY,2016-11,0.9084640909,previous_completed_calendar_month,0.004084640909,0.01908464091,0.0025
2016-12-13,USD_3M_LIBOR_PUBLIC_PROXY,2016-11,0.9084640909,previous_completed_calendar_month,0.004084640909,0.01908464091,0.0025
2016-12-14,USD_3M_LIBOR_PUBLIC_PROXY,2016-11,0.9084640909,previous_completed_calendar_month,0.004084640909,0.01908464091,0.0025
2016-12-15,USD_3M_LIBOR_PUBLIC_PROXY,2016-11,0.9084640909,previous_completed_calendar_month,0.004084640909,0.01908464091,0.0025
2016-12-16,USD_3M_LIBOR_PUBLIC_PROXY,2016-11,0.9084640909,previous_completed_calendar_month,0.004084640909,0.01908464091,0.0025
2016-12-19,USD_3M_LIBOR_PUBLIC_PROXY,2016-11,0.9084640909,previous_completed_calendar_month,0.004084640909,0.01908464091,0.0025
2016-12-20,USD_3M_LIBOR_PUBLIC_PROXY,2016-11,0.9084640909,previous_completed_calendar_month,0.004084640909,0.01908464091,0.0025
2016-12-21,USD_3M_LIBOR_PUBLIC_PROXY,2016-11,0.9084640909,previous_completed_calendar_month,0.004084640909,0.01908464091,0.0025
2016-12-22,USD_3M_LIBOR_PUBLIC_PROXY,2016-11,0.9084640909,previous_completed_calendar_month,0.004084640909,0.01908464091,0.0025
2016-12-23,USD_3M_LIBOR_PUBLIC_PROXY,2016-11,0.9084640909,previous_completed_calendar_month,0.004084640909,0.01908464091,0.0025
2016-12-27,USD_3M_LIBOR_PUBLIC_PROXY,2016-11,0.9084640909,previous_completed_calendar_month,0.004084640909,0.01908464091,0.0025
2016-12-28,USD_3M_LIBOR_PUBLIC_PROXY,2016-11,0.9084640909,previous_completed_calendar_month,0.004084640909,0.01908464091,0.0025
2016-12-29,USD_3M_LIBOR_PUBLIC_PROXY,2016-11,0.9084640909,previous_completed_calendar_month,0.004084640909,0.01908464091,0.0025
2016-12-30,USD_3M_LIBOR_PUBLIC_PROXY,2016-11,0.9084640909,previous_completed_calendar_month,0.004084640909,0.01908464091,0.0025
2017-01-03,USD_3M_LIBOR_PUBLIC_PROXY,2016-12,0.9753285,previous_completed_calendar_month,0.004753285,0.019753285,0.0025
2017-01-04,USD_3M_LIBOR_PUBLIC_PROXY,2016-12,0.9753285,previous_completed_calendar_month,0.004753285,0.019753285,0.0025
2017-01-05,USD_3M_LIBOR_PUBLIC_PROXY,2016-12,0.9753285,previous_completed_calendar_month,0.004753285,0.019753285,0.0025
2017-01-06,USD_3M_LIBOR_PUBLIC_PROXY,2016-12,0.9753285,previous_completed_calendar_month,0.004753285,0.019753285,0.0025
2017-01-09,USD_3M_LIBOR_PUBLIC_PROXY,2016-12,0.9753285,previous_completed_calendar_month,0.004753285,0.019753285,0.0025
2017-01-10,USD_3M_LIBOR_PUBLIC_PROXY,2016-12,0.9753285,previous_completed_calendar_month,0.004753285,0.019753285,0.0025
2017-01-11,USD_3M_LIBOR_PUBLIC_PROXY,2016-12,0.9753285,previous_completed_calendar_month,0.004753285,0.019753285,0.0025
2017-01-12,USD_3M_LIBOR_PUBLIC_PROXY,2016-12,0.9753285,previous_completed_calendar_month,0.004753285,0.019753285,0.0025
2017-01-13,USD_3M_LIBOR_PUBLIC_PROXY,2016-12,0.9753285,previous_completed_calendar_month,0.004753285,0.019753285,0.0025
2017-01-17,USD_3M_LIBOR_PUBLIC_PROXY,2016-12,0.9753285,previous_completed_calendar_month,0.004753285,0.019753285,0.0025
2017-01-18,USD_3M_LIBOR_PUBLIC_PROXY,2016-12,0.9753285,previous_completed_calendar_month,0.004753285,0.019753285,0.0025
2017-01-19,USD_3M_LIBOR_PUBLIC_PROXY,2016-12,0.9753285,previous_completed_calendar_month,0.004753285,0.019753285,0.0025
2017-01-20,USD_3M_LIBOR_PUBLIC_PROXY,2016-12,0.9753285,previous_completed_calendar_month,0.004753285,0.019753285,0.0025
2017-01-23,USD_3M_LIBOR_PUBLIC_PROXY,2016-12,0.9753285,previous_completed_calendar_month,0.004753285,0.019753285,0.0025
2017-01-24,USD_3M_LIBOR_PUBLIC_PROXY,2016-12,0.9753285,previous_completed_calendar_month,0.004753285,0.019753285,0.0025
2017-01-25,USD_3M_LIBOR_PUBLIC_PROXY,2016-12,0.9753285,previous_completed_calendar_month,0.004753285,0.019753285,0.0025
2017-01-26,USD_3M_LIBOR_PUBLIC_PROXY,2016-12,0.9753285,previous_completed_calendar_month,0.004753285,0.019753285,0.0025
2017-01-27,USD_3M_LIBOR_PUBLIC_PROXY,2016-12,0.9753285,previous_completed_calendar_month,0.004753285,0.019753285,0.0025
2017-01-30,USD_3M_LIBOR_PUBLIC_PROXY,2016-12,0.9753285,previous_completed_calendar_month,0.004753285,0.019753285,0.0025
2017-01-31,USD_3M_LIBOR_PUBLIC_PROXY,2016-12,0.9753285,previous_completed_calendar_month,0.004753285,0.019753285,0.0025
2017-02-01,USD_3M_LIBOR_PUBLIC_PROXY,2017-01,1.025692857,previous_completed_calendar_month,0.005256928571,0.02025692857,0.0025
2017-02-02,USD_3M_LIBOR_PUBLIC_PROXY,2017-01,1.025692857,previous_completed_calendar_month,0.005256928571,0.02025692857,0.0025
2017-02-03,USD_3M_LIBOR_PUBLIC_PROXY,2017-01,1.025692857,previous_completed_calendar_month,0.005256928571,0.02025692857,0.0025
2017-02-06,USD_3M_LIBOR_PUBLIC_PROXY,2017-01,1.025692857,previous_completed_calendar_month,0.005256928571,0.02025692857,0.0025
2017-02-07,USD_3M_LIBOR_PUBLIC_PROXY,2017-01,1.025692857,previous_completed_calendar_month,0.005256928571,0.02025692857,0.0025
2017-02-08,USD_3M_LIBOR_PUBLIC_PROXY,2017-01,1.025692857,previous_completed_calendar_month,0.005256928571,0.02025692857,0.0025
2017-02-09,USD_3M_LIBOR_PUBLIC_PROXY,2017-01,1.025692857,previous_completed_calendar_month,0.005256928571,0.02025692857,0.0025
2017-02-10,USD_3M_LIBOR_PUBLIC_PROXY,2017-01,1.025692857,previous_completed_calendar_month,0.005256928571,0.02025692857,0.0025
2017-02-13,USD_3M_LIBOR_PUBLIC_PROXY,2017-01,1.025692857,previous_completed_calendar_month,0.005256928571,0.02025692857,0.0025
2017-02-14,USD_3M_LIBOR_PUBLIC_PROXY,2017-01,1.025692857,previous_completed_calendar_month,0.005256928571,0.02025692857,0.0025
2017-02-15,USD_3M_LIBOR_PUBLIC_PROXY,2017-01,1.025692857,previous_completed_calendar_month,0.005256928571,0.02025692857,0.0025
2017-02-16,USD_3M_LIBOR_PUBLIC_PROXY,2017-01,1.025692857,previous_completed_calendar_month,0.005256928571,0.02025692857,0.0025
2017-02-17,USD_3M_LIBOR_PUBLIC_PROXY,2017-01,1.025692857,previous_completed_calendar_month,0.005256928571,0.02025692857,0.0025
2017-02-21,USD_3M_LIBOR_PUBLIC_PROXY,2017-01,1.025692857,previous_completed_calendar_month,0.005256928571,0.02025692857,0.0025
2017-02-22,USD_3M_LIBOR_PUBLIC_PROXY,2017-01,1.025692857,previous_completed_calendar_month,0.005256928571,0.02025692857,0.0025
2017-02-23,USD_3M_LIBOR_PUBLIC_PROXY,2017-01,1.025692857,previous_completed_calendar_month,0.005256928571,0.02025692857,0.0025
2017-02-24,USD_3M_LIBOR_PUBLIC_PROXY,2017-01,1.025692857,previous_completed_calendar_month,0.005256928571,0.02025692857,0.0025
2017-02-27,USD_3M_LIBOR_PUBLIC_PROXY,2017-01,1.025692857,previous_completed_calendar_month,0.005256928571,0.02025692857,0.0025
2017-02-28,USD_3M_LIBOR_PUBLIC_PROXY,2017-01,1.025692857,previous_completed_calendar_month,0.005256928571,0.02025692857,0.0025
2017-03-01,USD_3M_LIBOR_PUBLIC_PROXY,2017-02,1.0445965,previous_completed_calendar_month,0.005445965,0.020445965,0.0025
2017-03-02,USD_3M_LIBOR_PUBLIC_PROXY,2017-02,1.0445965,previous_completed_calendar_month,0.005445965,0.020445965,0.0025
2017-03-03,USD_3M_LIBOR_PUBLIC_PROXY,2017-02,1.0445965,previous_completed_calendar_month,0.005445965,0.020445965,0.0025
2017-03-06,USD_3M_LIBOR_PUBLIC_PROXY,2017-02,1.0445965,previous_completed_calendar_month,0.005445965,0.020445965,0.0025
2017-03-07,USD_3M_LIBOR_PUBLIC_PROXY,2017-02,1.0445965,previous_completed_calendar_month,0.005445965,0.020445965,0.0025
2017-03-08,USD_3M_LIBOR_PUBLIC_PROXY,2017-02,1.0445965,previous_completed_calendar_month,0.005445965,0.020445965,0.0025
2017-03-09,USD_3M_LIBOR_PUBLIC_PROXY,2017-02,1.0445965,previous_completed_calendar_month,0.005445965,0.020445965,0.0025
2017-03-10,USD_3M_LIBOR_PUBLIC_PROXY,2017-02,1.0445965,previous_completed_calendar_month,0.005445965,0.020445965,0.0025
2017-03-13,USD_3M_LIBOR_PUBLIC_PROXY,2017-02,1.0445965,previous_completed_calendar_month,0.005445965,0.020445965,0.0025
2017-03-14,USD_3M_LIBOR_PUBLIC_PROXY,2017-02,1.0445965,previous_completed_calendar_month,0.005445965,0.020445965,0.0025
2017-03-15,USD_3M_LIBOR_PUBLIC_PROXY,2017-02,1.0445965,previous_completed_calendar_month,0.005445965,0.020445965,0.0025
2017-03-16,USD_3M_LIBOR_PUBLIC_PROXY,2017-02,1.0445965,previous_completed_calendar_month,0.005445965,0.020445965,0.0025
2017-03-17,USD_3M_LIBOR_PUBLIC_PROXY,2017-02,1.0445965,previous_completed_calendar_month,0.005445965,0.020445965,0.0025
2017-03-20,USD_3M_LIBOR_PUBLIC_PROXY,2017-02,1.0445965,previous_completed_calendar_month,0.005445965,0.020445965,0.0025
2017-03-21,USD_3M_LIBOR_PUBLIC_PROXY,2017-02,1.0445965,previous_completed_calendar_month,0.005445965,0.020445965,0.0025
2017-03-22,USD_3M_LIBOR_PUBLIC_PROXY,2017-02,1.0445965,previous_completed_calendar_month,0.005445965,0.020445965,0.0025
2017-03-23,USD_3M_LIBOR_PUBLIC_PROXY,2017-02,1.0445965,previous_completed_calendar_month,0.005445965,0.020445965,0.0025
2017-03-24,USD_3M_LIBOR_PUBLIC_PROXY,2017-02,1.0445965,previous_completed_calendar_month,0.005445965,0.020445965,0.0025
2017-03-27,USD_3M_LIBOR_PUBLIC_PROXY,2017-02,1.0445965,previous_completed_calendar_month,0.005445965,0.020445965,0.0025
2017-03-28,USD_3M_LIBOR_PUBLIC_PROXY,2017-02,1.0445965,previous_completed_calendar_month,0.005445965,0.020445965,0.0025
2017-03-29,USD_3M_LIBOR_PUBLIC_PROXY,2017-02,1.0445965,previous_completed_calendar_month,0.005445965,0.020445965,0.0025
2017-03-30,USD_3M_LIBOR_PUBLIC_PROXY,2017-02,1.0445965,previous_completed_calendar_month,0.005445965,0.020445965,0.0025
2017-03-31,USD_3M_LIBOR_PUBLIC_PROXY,2017-02,1.0445965,previous_completed_calendar_month,0.005445965,0.020445965,0.0025
2017-04-03,USD_3M_LIBOR_PUBLIC_PROXY,2017-03,1.134713043,previous_completed_calendar_month,0.006347130435,0.02134713043,0.0025
2017-04-04,USD_3M_LIBOR_PUBLIC_PROXY,2017-03,1.134713043,previous_completed_calendar_month,0.006347130435,0.02134713043,0.0025
2017-04-05,USD_3M_LIBOR_PUBLIC_PROXY,2017-03,1.134713043,previous_completed_calendar_month,0.006347130435,0.02134713043,0.0025
2017-04-06,USD_3M_LIBOR_PUBLIC_PROXY,2017-03,1.134713043,previous_completed_calendar_month,0.006347130435,0.02134713043,0.0025
2017-04-07,USD_3M_LIBOR_PUBLIC_PROXY,2017-03,1.134713043,previous_completed_calendar_month,0.006347130435,0.02134713043,0.0025
2017-04-10,USD_3M_LIBOR_PUBLIC_PROXY,2017-03,1.134713043,previous_completed_calendar_month,0.006347130435,0.02134713043,0.0025
2017-04-11,USD_3M_LIBOR_PUBLIC_PROXY,2017-03,1.134713043,previous_completed_calendar_month,0.006347130435,0.02134713043,0.0025
2017-04-12,USD_3M_LIBOR_PUBLIC_PROXY,2017-03,1.134713043,previous_completed_calendar_month,0.006347130435,0.02134713043,0.0025
2017-04-13,USD_3M_LIBOR_PUBLIC_PROXY,2017-03,1.134713043,previous_completed_calendar_month,0.006347130435,0.02134713043,0.0025
2017-04-17,USD_3M_LIBOR_PUBLIC_PROXY,2017-03,1.134713043,previous_completed_calendar_month,0.006347130435,0.02134713043,0.0025
2017-04-18,USD_3M_LIBOR_PUBLIC_PROXY,2017-03,1.134713043,previous_completed_calendar_month,0.006347130435,0.02134713043,0.0025
2017-04-19,USD_3M_LIBOR_PUBLIC_PROXY,2017-03,1.134713043,previous_completed_calendar_month,0.006347130435,0.02134713043,0.0025
2017-04-20,USD_3M_LIBOR_PUBLIC_PROXY,2017-03,1.134713043,previous_completed_calendar_month,0.006347130435,0.02134713043,0.0025
2017-04-21,USD_3M_LIBOR_PUBLIC_PROXY,2017-03,1.134713043,previous_completed_calendar_month,0.006347130435,0.02134713043,0.0025
2017-04-24,USD_3M_LIBOR_PUBLIC_PROXY,2017-03,1.134713043,previous_completed_calendar_month,0.006347130435,0.02134713043,0.0025
2017-04-25,USD_3M_LIBOR_PUBLIC_PROXY,2017-03,1.134713043,previous_completed_calendar_month,0.006347130435,0.02134713043,0.0025
2017-04-26,USD_3M_LIBOR_PUBLIC_PROXY,2017-03,1.134713043,previous_completed_calendar_month,0.006347130435,0.02134713043,0.0025
2017-04-27,USD_3M_LIBOR_PUBLIC_PROXY,2017-03,1.134713043,previous_completed_calendar_month,0.006347130435,0.02134713043,0.0025
2017-04-28,USD_3M_LIBOR_PUBLIC_PROXY,2017-03,1.134713043,previous_completed_calendar_month,0.006347130435,0.02134713043,0.0025
2017-05-01,USD_3M_LIBOR_PUBLIC_PROXY,2017-04,1.159030556,previous_completed_calendar_month,0.006590305556,0.02159030556,0.0025
2017-05-02,USD_3M_LIBOR_PUBLIC_PROXY,2017-04,1.159030556,previous_completed_calendar_month,0.006590305556,0.02159030556,0.0025
2017-05-03,USD_3M_LIBOR_PUBLIC_PROXY,2017-04,1.159030556,previous_completed_calendar_month,0.006590305556,0.02159030556,0.0025
2017-05-04,USD_3M_LIBOR_PUBLIC_PROXY,2017-04,1.159030556,previous_completed_calendar_month,0.006590305556,0.02159030556,0.0025
2017-05-05,USD_3M_LIBOR_PUBLIC_PROXY,2017-04,1.159030556,previous_completed_calendar_month,0.006590305556,0.02159030556,0.0025
2017-05-08,USD_3M_LIBOR_PUBLIC_PROXY,2017-04,1.159030556,previous_completed_calendar_month,0.006590305556,0.02159030556,0.0025
2017-05-09,USD_3M_LIBOR_PUBLIC_PROXY,2017-04,1.159030556,previous_completed_calendar_month,0.006590305556,0.02159030556,0.0025
2017-05-10,USD_3M_LIBOR_PUBLIC_PROXY,2017-04,1.159030556,previous_completed_calendar_month,0.006590305556,0.02159030556,0.0025
2017-05-11,USD_3M_LIBOR_PUBLIC_PROXY,2017-04,1.159030556,previous_completed_calendar_month,0.006590305556,0.02159030556,0.0025
2017-05-12,USD_3M_LIBOR_PUBLIC_PROXY,2017-04,1.159030556,previous_completed_calendar_month,0.006590305556,0.02159030556,0.0025
2017-05-15,USD_3M_LIBOR_PUBLIC_PROXY,2017-04,1.159030556,previous_completed_calendar_month,0.006590305556,0.02159030556,0.0025
2017-05-16,USD_3M_LIBOR_PUBLIC_PROXY,2017-04,1.159030556,previous_completed_calendar_month,0.006590305556,0.02159030556,0.0025
2017-05-17,USD_3M_LIBOR_PUBLIC_PROXY,2017-04,1.159030556,previous_completed_calendar_month,0.006590305556,0.02159030556,0.0025
2017-05-18,USD_3M_LIBOR_PUBLIC_PROXY,2017-04,1.159030556,previous_completed_calendar_month,0.006590305556,0.02159030556,0.0025
2017-05-19,USD_3M_LIBOR_PUBLIC_PROXY,2017-04,1.159030556,previous_completed_calendar_month,0.006590305556,0.02159030556,0.0025
2017-05-22,USD_3M_LIBOR_PUBLIC_PROXY,2017-04,1.159030556,previous_completed_calendar_month,0.006590305556,0.02159030556,0.0025
2017-05-23,USD_3M_LIBOR_PUBLIC_PROXY,2017-04,1.159030556,previous_completed_calendar_month,0.006590305556,0.02159030556,0.0025
2017-05-24,USD_3M_LIBOR_PUBLIC_PROXY,2017-04,1.159030556,previous_completed_calendar_month,0.006590305556,0.02159030556,0.0025
2017-05-25,USD_3M_LIBOR_PUBLIC_PROXY,2017-04,1.159030556,previous_completed_calendar_month,0.006590305556,0.02159030556,0.0025
2017-05-26,USD_3M_LIBOR_PUBLIC_PROXY,2017-04,1.159030556,previous_completed_calendar_month,0.006590305556,0.02159030556,0.0025
2017-05-30,USD_3M_LIBOR_PUBLIC_PROXY,2017-04,1.159030556,previous_completed_calendar_month,0.006590305556,0.02159030556,0.0025
2017-05-31,USD_3M_LIBOR_PUBLIC_PROXY,2017-04,1.159030556,previous_completed_calendar_month,0.006590305556,0.02159030556,0.0025
2017-06-01,USD_3M_LIBOR_PUBLIC_PROXY,2017-05,1.185849524,previous_completed_calendar_month,0.006858495238,0.02185849524,0.0025
2017-06-02,USD_3M_LIBOR_PUBLIC_PROXY,2017-05,1.185849524,previous_completed_calendar_month,0.006858495238,0.02185849524,0.0025
2017-06-05,USD_3M_LIBOR_PUBLIC_PROXY,2017-05,1.185849524,previous_completed_calendar_month,0.006858495238,0.02185849524,0.0025
2017-06-06,USD_3M_LIBOR_PUBLIC_PROXY,2017-05,1.185849524,previous_completed_calendar_month,0.006858495238,0.02185849524,0.0025
2017-06-07,USD_3M_LIBOR_PUBLIC_PROXY,2017-05,1.185849524,previous_completed_calendar_month,0.006858495238,0.02185849524,0.0025
2017-06-08,USD_3M_LIBOR_PUBLIC_PROXY,2017-05,1.185849524,previous_completed_calendar_month,0.006858495238,0.02185849524,0.0025
2017-06-09,USD_3M_LIBOR_PUBLIC_PROXY,2017-05,1.185849524,previous_completed_calendar_month,0.006858495238,0.02185849524,0.0025
2017-06-12,USD_3M_LIBOR_PUBLIC_PROXY,2017-05,1.185849524,previous_completed_calendar_month,0.006858495238,0.02185849524,0.0025
2017-06-13,USD_3M_LIBOR_PUBLIC_PROXY,2017-05,1.185849524,previous_completed_calendar_month,0.006858495238,0.02185849524,0.0025
2017-06-14,USD_3M_LIBOR_PUBLIC_PROXY,2017-05,1.185849524,previous_completed_calendar_month,0.006858495238,0.02185849524,0.0025
2017-06-15,USD_3M_LIBOR_PUBLIC_PROXY,2017-05,1.185849524,previous_completed_calendar_month,0.006858495238,0.02185849524,0.0025
2017-06-16,USD_3M_LIBOR_PUBLIC_PROXY,2017-05,1.185849524,previous_completed_calendar_month,0.006858495238,0.02185849524,0.0025
2017-06-19,USD_3M_LIBOR_PUBLIC_PROXY,2017-05,1.185849524,previous_completed_calendar_month,0.006858495238,0.02185849524,0.0025
2017-06-20,USD_3M_LIBOR_PUBLIC_PROXY,2017-05,1.185849524,previous_completed_calendar_month,0.006858495238,0.02185849524,0.0025
2017-06-21,USD_3M_LIBOR_PUBLIC_PROXY,2017-05,1.185849524,previous_completed_calendar_month,0.006858495238,0.02185849524,0.0025
2017-06-22,USD_3M_LIBOR_PUBLIC_PROXY,2017-05,1.185849524,previous_completed_calendar_month,0.006858495238,0.02185849524,0.0025
2017-06-23,USD_3M_LIBOR_PUBLIC_PROXY,2017-05,1.185849524,previous_completed_calendar_month,0.006858495238,0.02185849524,0.0025
2017-06-26,USD_3M_LIBOR_PUBLIC_PROXY,2017-05,1.185849524,previous_completed_calendar_month,0.006858495238,0.02185849524,0.0025
2017-06-27,USD_3M_LIBOR_PUBLIC_PROXY,2017-05,1.185849524,previous_completed_calendar_month,0.006858495238,0.02185849524,0.0025
2017-06-28,USD_3M_LIBOR_PUBLIC_PROXY,2017-05,1.185849524,previous_completed_calendar_month,0.006858495238,0.02185849524,0.0025
2017-06-29,USD_3M_LIBOR_PUBLIC_PROXY,2017-05,1.185849524,previous_completed_calendar_month,0.006858495238,0.02185849524,0.0025
2017-06-30,USD_3M_LIBOR_PUBLIC_PROXY,2017-05,1.185849524,previous_completed_calendar_month,0.006858495238,0.02185849524,0.0025
2017-07-03,USD_3M_LIBOR_PUBLIC_PROXY,2017-06,1.262409545,previous_completed_calendar_month,0.007624095455,0.02262409545,0.0025
2017-07-05,USD_3M_LIBOR_PUBLIC_PROXY,2017-06,1.262409545,previous_completed_calendar_month,0.007624095455,0.02262409545,0.0025
2017-07-06,USD_3M_LIBOR_PUBLIC_PROXY,2017-06,1.262409545,previous_completed_calendar_month,0.007624095455,0.02262409545,0.0025
2017-07-07,USD_3M_LIBOR_PUBLIC_PROXY,2017-06,1.262409545,previous_completed_calendar_month,0.007624095455,0.02262409545,0.0025
2017-07-10,USD_3M_LIBOR_PUBLIC_PROXY,2017-06,1.262409545,previous_completed_calendar_month,0.007624095455,0.02262409545,0.0025
2017-07-11,USD_3M_LIBOR_PUBLIC_PROXY,2017-06,1.262409545,previous_completed_calendar_month,0.007624095455,0.02262409545,0.0025
2017-07-12,USD_3M_LIBOR_PUBLIC_PROXY,2017-06,1.262409545,previous_completed_calendar_month,0.007624095455,0.02262409545,0.0025
2017-07-13,USD_3M_LIBOR_PUBLIC_PROXY,2017-06,1.262409545,previous_completed_calendar_month,0.007624095455,0.02262409545,0.0025
2017-07-14,USD_3M_LIBOR_PUBLIC_PROXY,2017-06,1.262409545,previous_completed_calendar_month,0.007624095455,0.02262409545,0.0025
2017-07-17,USD_3M_LIBOR_PUBLIC_PROXY,2017-06,1.262409545,previous_completed_calendar_month,0.007624095455,0.02262409545,0.0025
2017-07-18,USD_3M_LIBOR_PUBLIC_PROXY,2017-06,1.262409545,previous_completed_calendar_month,0.007624095455,0.02262409545,0.0025
2017-07-19,USD_3M_LIBOR_PUBLIC_PROXY,2017-06,1.262409545,previous_completed_calendar_month,0.007624095455,0.02262409545,0.0025
2017-07-20,USD_3M_LIBOR_PUBLIC_PROXY,2017-06,1.262409545,previous_completed_calendar_month,0.007624095455,0.02262409545,0.0025
2017-07-21,USD_3M_LIBOR_PUBLIC_PROXY,2017-06,1.262409545,previous_completed_calendar_month,0.007624095455,0.02262409545,0.0025
2017-07-24,USD_3M_LIBOR_PUBLIC_PROXY,2017-06,1.262409545,previous_completed_calendar_month,0.007624095455,0.02262409545,0.0025
2017-07-25,USD_3M_LIBOR_PUBLIC_PROXY,2017-06,1.262409545,previous_completed_calendar_month,0.007624095455,0.02262409545,0.0025
2017-07-26,USD_3M_LIBOR_PUBLIC_PROXY,2017-06,1.262409545,previous_completed_calendar_month,0.007624095455,0.02262409545,0.0025
2017-07-27,USD_3M_LIBOR_PUBLIC_PROXY,2017-06,1.262409545,previous_completed_calendar_month,0.007624095455,0.02262409545,0.0025
2017-07-28,USD_3M_LIBOR_PUBLIC_PROXY,2017-06,1.262409545,previous_completed_calendar_month,0.007624095455,0.02262409545,0.0025
2017-07-31,USD_3M_LIBOR_PUBLIC_PROXY,2017-06,1.262409545,previous_completed_calendar_month,0.007624095455,0.02262409545,0.0025
2017-08-01,USD_3M_LIBOR_PUBLIC_PROXY,2017-07,1.307512857,previous_completed_calendar_month,0.008075128571,0.02307512857,0.0025
2017-08-02,USD_3M_LIBOR_PUBLIC_PROXY,2017-07,1.307512857,previous_completed_calendar_month,0.008075128571,0.02307512857,0.0025
2017-08-03,USD_3M_LIBOR_PUBLIC_PROXY,2017-07,1.307512857,previous_completed_calendar_month,0.008075128571,0.02307512857,0.0025
2017-08-04,USD_3M_LIBOR_PUBLIC_PROXY,2017-07,1.307512857,previous_completed_calendar_month,0.008075128571,0.02307512857,0.0025
2017-08-07,USD_3M_LIBOR_PUBLIC_PROXY,2017-07,1.307512857,previous_completed_calendar_month,0.008075128571,0.02307512857,0.0025
2017-08-08,USD_3M_LIBOR_PUBLIC_PROXY,2017-07,1.307512857,previous_completed_calendar_month,0.008075128571,0.02307512857,0.0025
2017-08-09,USD_3M_LIBOR_PUBLIC_PROXY,2017-07,1.307512857,previous_completed_calendar_month,0.008075128571,0.02307512857,0.0025
2017-08-10,USD_3M_LIBOR_PUBLIC_PROXY,2017-07,1.307512857,previous_completed_calendar_month,0.008075128571,0.02307512857,0.0025
2017-08-11,USD_3M_LIBOR_PUBLIC_PROXY,2017-07,1.307512857,previous_completed_calendar_month,0.008075128571,0.02307512857,0.0025
2017-08-14,USD_3M_LIBOR_PUBLIC_PROXY,2017-07,1.307512857,previous_completed_calendar_month,0.008075128571,0.02307512857,0.0025
2017-08-15,USD_3M_LIBOR_PUBLIC_PROXY,2017-07,1.307512857,previous_completed_calendar_month,0.008075128571,0.02307512857,0.0025
2017-08-16,USD_3M_LIBOR_PUBLIC_PROXY,2017-07,1.307512857,previous_completed_calendar_month,0.008075128571,0.02307512857,0.0025
2017-08-17,USD_3M_LIBOR_PUBLIC_PROXY,2017-07,1.307512857,previous_completed_calendar_month,0.008075128571,0.02307512857,0.0025
2017-08-18,USD_3M_LIBOR_PUBLIC_PROXY,2017-07,1.307512857,previous_completed_calendar_month,0.008075128571,0.02307512857,0.0025
2017-08-21,USD_3M_LIBOR_PUBLIC_PROXY,2017-07,1.307512857,previous_completed_calendar_month,0.008075128571,0.02307512857,0.0025
2017-08-22,USD_3M_LIBOR_PUBLIC_PROXY,2017-07,1.307512857,previous_completed_calendar_month,0.008075128571,0.02307512857,0.0025
2017-08-23,USD_3M_LIBOR_PUBLIC_PROXY,2017-07,1.307512857,previous_completed_calendar_month,0.008075128571,0.02307512857,0.0025
2017-08-24,USD_3M_LIBOR_PUBLIC_PROXY,2017-07,1.307512857,previous_completed_calendar_month,0.008075128571,0.02307512857,0.0025
2017-08-25,USD_3M_LIBOR_PUBLIC_PROXY,2017-07,1.307512857,previous_completed_calendar_month,0.008075128571,0.02307512857,0.0025
2017-08-28,USD_3M_LIBOR_PUBLIC_PROXY,2017-07,1.307512857,previous_completed_calendar_month,0.008075128571,0.02307512857,0.0025
2017-08-29,USD_3M_LIBOR_PUBLIC_PROXY,2017-07,1.307512857,previous_completed_calendar_month,0.008075128571,0.02307512857,0.0025
2017-08-30,USD_3M_LIBOR_PUBLIC_PROXY,2017-07,1.307512857,previous_completed_calendar_month,0.008075128571,0.02307512857,0.0025
2017-08-31,USD_3M_LIBOR_PUBLIC_PROXY,2017-07,1.307512857,previous_completed_calendar_month,0.008075128571,0.02307512857,0.0025
2017-09-01,USD_3M_LIBOR_PUBLIC_PROXY,2017-08,1.314176818,previous_completed_calendar_month,0.008141768182,0.02314176818,0.0025
2017-09-05,USD_3M_LIBOR_PUBLIC_PROXY,2017-08,1.314176818,previous_completed_calendar_month,0.008141768182,0.02314176818,0.0025
2017-09-06,USD_3M_LIBOR_PUBLIC_PROXY,2017-08,1.314176818,previous_completed_calendar_month,0.008141768182,0.02314176818,0.0025
2017-09-07,USD_3M_LIBOR_PUBLIC_PROXY,2017-08,1.314176818,previous_completed_calendar_month,0.008141768182,0.02314176818,0.0025
2017-09-08,USD_3M_LIBOR_PUBLIC_PROXY,2017-08,1.314176818,previous_completed_calendar_month,0.008141768182,0.02314176818,0.0025
2017-09-11,USD_3M_LIBOR_PUBLIC_PROXY,2017-08,1.314176818,previous_completed_calendar_month,0.008141768182,0.02314176818,0.0025
2017-09-12,USD_3M_LIBOR_PUBLIC_PROXY,2017-08,1.314176818,previous_completed_calendar_month,0.008141768182,0.02314176818,0.0025
2017-09-13,USD_3M_LIBOR_PUBLIC_PROXY,2017-08,1.314176818,previous_completed_calendar_month,0.008141768182,0.02314176818,0.0025
2017-09-14,USD_3M_LIBOR_PUBLIC_PROXY,2017-08,1.314176818,previous_completed_calendar_month,0.008141768182,0.02314176818,0.0025
2017-09-15,USD_3M_LIBOR_PUBLIC_PROXY,2017-08,1.314176818,previous_completed_calendar_month,0.008141768182,0.02314176818,0.0025
2017-09-18,USD_3M_LIBOR_PUBLIC_PROXY,2017-08,1.314176818,previous_completed_calendar_month,0.008141768182,0.02314176818,0.0025
2017-09-19,USD_3M_LIBOR_PUBLIC_PROXY,2017-08,1.314176818,previous_completed_calendar_month,0.008141768182,0.02314176818,0.0025
2017-09-20,USD_3M_LIBOR_PUBLIC_PROXY,2017-08,1.314176818,previous_completed_calendar_month,0.008141768182,0.02314176818,0.0025
2017-09-21,USD_3M_LIBOR_PUBLIC_PROXY,2017-08,1.314176818,previous_completed_calendar_month,0.008141768182,0.02314176818,0.0025
2017-09-22,USD_3M_LIBOR_PUBLIC_PROXY,2017-08,1.314176818,previous_completed_calendar_month,0.008141768182,0.02314176818,0.0025
2017-09-25,USD_3M_LIBOR_PUBLIC_PROXY,2017-08,1.314176818,previous_completed_calendar_month,0.008141768182,0.02314176818,0.0025
2017-09-26,USD_3M_LIBOR_PUBLIC_PROXY,2017-08,1.314176818,previous_completed_calendar_month,0.008141768182,0.02314176818,0.0025
2017-09-27,USD_3M_LIBOR_PUBLIC_PROXY,2017-08,1.314176818,previous_completed_calendar_month,0.008141768182,0.02314176818,0.0025
2017-09-28,USD_3M_LIBOR_PUBLIC_PROXY,2017-08,1.314176818,previous_completed_calendar_month,0.008141768182,0.02314176818,0.0025
2017-09-29,USD_3M_LIBOR_PUBLIC_PROXY,2017-08,1.314176818,previous_completed_calendar_month,0.008141768182,0.02314176818,0.0025
2017-10-02,USD_3M_LIBOR_PUBLIC_PROXY,2017-09,1.323295714,previous_completed_calendar_month,0.008232957143,0.02323295714,0.0025
2017-10-03,USD_3M_LIBOR_PUBLIC_PROXY,2017-09,1.323295714,previous_completed_calendar_month,0.008232957143,0.02323295714,0.0025
2017-10-04,USD_3M_LIBOR_PUBLIC_PROXY,2017-09,1.323295714,previous_completed_calendar_month,0.008232957143,0.02323295714,0.0025
2017-10-05,USD_3M_LIBOR_PUBLIC_PROXY,2017-09,1.323295714,previous_completed_calendar_month,0.008232957143,0.02323295714,0.0025
2017-10-06,USD_3M_LIBOR_PUBLIC_PROXY,2017-09,1.323295714,previous_completed_calendar_month,0.008232957143,0.02323295714,0.0025
2017-10-09,USD_3M_LIBOR_PUBLIC_PROXY,2017-09,1.323295714,previous_completed_calendar_month,0.008232957143,0.02323295714,0.0025
2017-10-10,USD_3M_LIBOR_PUBLIC_PROXY,2017-09,1.323295714,previous_completed_calendar_month,0.008232957143,0.02323295714,0.0025
2017-10-11,USD_3M_LIBOR_PUBLIC_PROXY,2017-09,1.323295714,previous_completed_calendar_month,0.008232957143,0.02323295714,0.0025
2017-10-12,USD_3M_LIBOR_PUBLIC_PROXY,2017-09,1.323295714,previous_completed_calendar_month,0.008232957143,0.02323295714,0.0025
2017-10-13,USD_3M_LIBOR_PUBLIC_PROXY,2017-09,1.323295714,previous_completed_calendar_month,0.008232957143,0.02323295714,0.0025
2017-10-16,USD_3M_LIBOR_PUBLIC_PROXY,2017-09,1.323295714,previous_completed_calendar_month,0.008232957143,0.02323295714,0.0025
2017-10-17,USD_3M_LIBOR_PUBLIC_PROXY,2017-09,1.323295714,previous_completed_calendar_month,0.008232957143,0.02323295714,0.0025
2017-10-18,USD_3M_LIBOR_PUBLIC_PROXY,2017-09,1.323295714,previous_completed_calendar_month,0.008232957143,0.02323295714,0.0025
2017-10-19,USD_3M_LIBOR_PUBLIC_PROXY,2017-09,1.323295714,previous_completed_calendar_month,0.008232957143,0.02323295714,0.0025
2017-10-20,USD_3M_LIBOR_PUBLIC_PROXY,2017-09,1.323295714,previous_completed_calendar_month,0.008232957143,0.02323295714,0.0025
2017-10-23,USD_3M_LIBOR_PUBLIC_PROXY,2017-09,1.323295714,previous_completed_calendar_month,0.008232957143,0.02323295714,0.0025
2017-10-24,USD_3M_LIBOR_PUBLIC_PROXY,2017-09,1.323295714,previous_completed_calendar_month,0.008232957143,0.02323295714,0.0025
2017-10-25,USD_3M_LIBOR_PUBLIC_PROXY,2017-09,1.323295714,previous_completed_calendar_month,0.008232957143,0.02323295714,0.0025
2017-10-26,USD_3M_LIBOR_PUBLIC_PROXY,2017-09,1.323295714,previous_completed_calendar_month,0.008232957143,0.02323295714,0.0025
2017-10-27,USD_3M_LIBOR_PUBLIC_PROXY,2017-09,1.323295714,previous_completed_calendar_month,0.008232957143,0.02323295714,0.0025
2017-10-30,USD_3M_LIBOR_PUBLIC_PROXY,2017-09,1.323295714,previous_completed_calendar_month,0.008232957143,0.02323295714,0.0025
2017-10-31,USD_3M_LIBOR_PUBLIC_PROXY,2017-09,1.323295714,previous_completed_calendar_month,0.008232957143,0.02323295714,0.0025
2017-11-01,USD_3M_LIBOR_PUBLIC_PROXY,2017-10,1.360793182,previous_completed_calendar_month,0.008607931818,0.02360793182,0.0025
2017-11-02,USD_3M_LIBOR_PUBLIC_PROXY,2017-10,1.360793182,previous_completed_calendar_month,0.008607931818,0.02360793182,0.0025
2017-11-03,USD_3M_LIBOR_PUBLIC_PROXY,2017-10,1.360793182,previous_completed_calendar_month,0.008607931818,0.02360793182,0.0025
2017-11-06,USD_3M_LIBOR_PUBLIC_PROXY,2017-10,1.360793182,previous_completed_calendar_month,0.008607931818,0.02360793182,0.0025
2017-11-07,USD_3M_LIBOR_PUBLIC_PROXY,2017-10,1.360793182,previous_completed_calendar_month,0.008607931818,0.02360793182,0.0025
2017-11-08,USD_3M_LIBOR_PUBLIC_PROXY,2017-10,1.360793182,previous_completed_calendar_month,0.008607931818,0.02360793182,0.0025
2017-11-09,USD_3M_LIBOR_PUBLIC_PROXY,2017-10,1.360793182,previous_completed_calendar_month,0.008607931818,0.02360793182,0.0025
2017-11-10,USD_3M_LIBOR_PUBLIC_PROXY,2017-10,1.360793182,previous_completed_calendar_month,0.008607931818,0.02360793182,0.0025
2017-11-13,USD_3M_LIBOR_PUBLIC_PROXY,2017-10,1.360793182,previous_completed_calendar_month,0.008607931818,0.02360793182,0.0025
2017-11-14,USD_3M_LIBOR_PUBLIC_PROXY,2017-10,1.360793182,previous_completed_calendar_month,0.008607931818,0.02360793182,0.0025
2017-11-15,USD_3M_LIBOR_PUBLIC_PROXY,2017-10,1.360793182,previous_completed_calendar_month,0.008607931818,0.02360793182,0.0025
2017-11-16,USD_3M_LIBOR_PUBLIC_PROXY,2017-10,1.360793182,previous_completed_calendar_month,0.008607931818,0.02360793182,0.0025
2017-11-17,USD_3M_LIBOR_PUBLIC_PROXY,2017-10,1.360793182,previous_completed_calendar_month,0.008607931818,0.02360793182,0.0025
2017-11-20,USD_3M_LIBOR_PUBLIC_PROXY,2017-10,1.360793182,previous_completed_calendar_month,0.008607931818,0.02360793182,0.0025
2017-11-21,USD_3M_LIBOR_PUBLIC_PROXY,2017-10,1.360793182,previous_completed_calendar_month,0.008607931818,0.02360793182,0.0025
2017-11-22,USD_3M_LIBOR_PUBLIC_PROXY,2017-10,1.360793182,previous_completed_calendar_month,0.008607931818,0.02360793182,0.0025
2017-11-24,USD_3M_LIBOR_PUBLIC_PROXY,2017-10,1.360793182,previous_completed_calendar_month,0.008607931818,0.02360793182,0.0025
2017-11-27,USD_3M_LIBOR_PUBLIC_PROXY,2017-10,1.360793182,previous_completed_calendar_month,0.008607931818,0.02360793182,0.0025
2017-11-28,USD_3M_LIBOR_PUBLIC_PROXY,2017-10,1.360793182,previous_completed_calendar_month,0.008607931818,0.02360793182,0.0025
2017-11-29,USD_3M_LIBOR_PUBLIC_PROXY,2017-10,1.360793182,previous_completed_calendar_month,0.008607931818,0.02360793182,0.0025
2017-11-30,USD_3M_LIBOR_PUBLIC_PROXY,2017-10,1.360793182,previous_completed_calendar_month,0.008607931818,0.02360793182,0.0025
2017-12-01,USD_3M_LIBOR_PUBLIC_PROXY,2017-11,1.434204091,previous_completed_calendar_month,0.009342040909,0.02434204091,0.0025
2017-12-04,USD_3M_LIBOR_PUBLIC_PROXY,2017-11,1.434204091,previous_completed_calendar_month,0.009342040909,0.02434204091,0.0025
2017-12-05,USD_3M_LIBOR_PUBLIC_PROXY,2017-11,1.434204091,previous_completed_calendar_month,0.009342040909,0.02434204091,0.0025
2017-12-06,USD_3M_LIBOR_PUBLIC_PROXY,2017-11,1.434204091,previous_completed_calendar_month,0.009342040909,0.02434204091,0.0025
2017-12-07,USD_3M_LIBOR_PUBLIC_PROXY,2017-11,1.434204091,previous_completed_calendar_month,0.009342040909,0.02434204091,0.0025
2017-12-08,USD_3M_LIBOR_PUBLIC_PROXY,2017-11,1.434204091,previous_completed_calendar_month,0.009342040909,0.02434204091,0.0025
2017-12-11,USD_3M_LIBOR_PUBLIC_PROXY,2017-11,1.434204091,previous_completed_calendar_month,0.009342040909,0.02434204091,0.0025
2017-12-12,USD_3M_LIBOR_PUBLIC_PROXY,2017-11,1.434204091,previous_completed_calendar_month,0.009342040909,0.02434204091,0.0025
2017-12-13,USD_3M_LIBOR_PUBLIC_PROXY,2017-11,1.434204091,previous_completed_calendar_month,0.009342040909,0.02434204091,0.0025
2017-12-14,USD_3M_LIBOR_PUBLIC_PROXY,2017-11,1.434204091,previous_completed_calendar_month,0.009342040909,0.02434204091,0.0025
2017-12-15,USD_3M_LIBOR_PUBLIC_PROXY,2017-11,1.434204091,previous_completed_calendar_month,0.009342040909,0.02434204091,0.0025
2017-12-18,USD_3M_LIBOR_PUBLIC_PROXY,2017-11,1.434204091,previous_completed_calendar_month,0.009342040909,0.02434204091,0.0025
2017-12-19,USD_3M_LIBOR_PUBLIC_PROXY,2017-11,1.434204091,previous_completed_calendar_month,0.009342040909,0.02434204091,0.0025
2017-12-20,USD_3M_LIBOR_PUBLIC_PROXY,2017-11,1.434204091,previous_completed_calendar_month,0.009342040909,0.02434204091,0.0025
2017-12-21,USD_3M_LIBOR_PUBLIC_PROXY,2017-11,1.434204091,previous_completed_calendar_month,0.009342040909,0.02434204091,0.0025
2017-12-22,USD_3M_LIBOR_PUBLIC_PROXY,2017-11,1.434204091,previous_completed_calendar_month,0.009342040909,0.02434204091,0.0025
2017-12-26,USD_3M_LIBOR_PUBLIC_PROXY,2017-11,1.434204091,previous_completed_calendar_month,0.009342040909,0.02434204091,0.0025
2017-12-27,USD_3M_LIBOR_PUBLIC_PROXY,2017-11,1.434204091,previous_completed_calendar_month,0.009342040909,0.02434204091,0.0025
2017-12-28,USD_3M_LIBOR_PUBLIC_PROXY,2017-11,1.434204091,previous_completed_calendar_month,0.009342040909,0.02434204091,0.0025
2017-12-29,USD_3M_LIBOR_PUBLIC_PROXY,2017-11,1.434204091,previous_completed_calendar_month,0.009342040909,0.02434204091,0.0025
2018-01-02,USD_3M_LIBOR_PUBLIC_PROXY,2017-12,1.601752105,previous_completed_calendar_month,0.01101752105,0.02601752105,0.0025
2018-01-03,USD_3M_LIBOR_PUBLIC_PROXY,2017-12,1.601752105,previous_completed_calendar_month,0.01101752105,0.02601752105,0.0025
2018-01-04,USD_3M_LIBOR_PUBLIC_PROXY,2017-12,1.601752105,previous_completed_calendar_month,0.01101752105,0.02601752105,0.0025
2018-01-05,USD_3M_LIBOR_PUBLIC_PROXY,2017-12,1.601752105,previous_completed_calendar_month,0.01101752105,0.02601752105,0.0025
2018-01-08,USD_3M_LIBOR_PUBLIC_PROXY,2017-12,1.601752105,previous_completed_calendar_month,0.01101752105,0.02601752105,0.0025
2018-01-09,USD_3M_LIBOR_PUBLIC_PROXY,2017-12,1.601752105,previous_completed_calendar_month,0.01101752105,0.02601752105,0.0025
2018-01-10,USD_3M_LIBOR_PUBLIC_PROXY,2017-12,1.601752105,previous_completed_calendar_month,0.01101752105,0.02601752105,0.0025
2018-01-11,USD_3M_LIBOR_PUBLIC_PROXY,2017-12,1.601752105,previous_completed_calendar_month,0.01101752105,0.02601752105,0.0025
2018-01-12,USD_3M_LIBOR_PUBLIC_PROXY,2017-12,1.601752105,previous_completed_calendar_month,0.01101752105,0.02601752105,0.0025
2018-01-16,USD_3M_LIBOR_PUBLIC_PROXY,2017-12,1.601752105,previous_completed_calendar_month,0.01101752105,0.02601752105,0.0025
2018-01-17,USD_3M_LIBOR_PUBLIC_PROXY,2017-12,1.601752105,previous_completed_calendar_month,0.01101752105,0.02601752105,0.0025
2018-01-18,USD_3M_LIBOR_PUBLIC_PROXY,2017-12,1.601752105,previous_completed_calendar_month,0.01101752105,0.02601752105,0.0025
2018-01-19,USD_3M_LIBOR_PUBLIC_PROXY,2017-12,1.601752105,previous_completed_calendar_month,0.01101752105,0.02601752105,0.0025
2018-01-22,USD_3M_LIBOR_PUBLIC_PROXY,2017-12,1.601752105,previous_completed_calendar_month,0.01101752105,0.02601752105,0.0025
2018-01-23,USD_3M_LIBOR_PUBLIC_PROXY,2017-12,1.601752105,previous_completed_calendar_month,0.01101752105,0.02601752105,0.0025
2018-01-24,USD_3M_LIBOR_PUBLIC_PROXY,2017-12,1.601752105,previous_completed_calendar_month,0.01101752105,0.02601752105,0.0025
2018-01-25,USD_3M_LIBOR_PUBLIC_PROXY,2017-12,1.601752105,previous_completed_calendar_month,0.01101752105,0.02601752105,0.0025
2018-01-26,USD_3M_LIBOR_PUBLIC_PROXY,2017-12,1.601752105,previous_completed_calendar_month,0.01101752105,0.02601752105,0.0025
2018-01-29,USD_3M_LIBOR_PUBLIC_PROXY,2017-12,1.601752105,previous_completed_calendar_month,0.01101752105,0.02601752105,0.0025
2018-01-30,USD_3M_LIBOR_PUBLIC_PROXY,2017-12,1.601752105,previous_completed_calendar_month,0.01101752105,0.02601752105,0.0025
2018-01-31,USD_3M_LIBOR_PUBLIC_PROXY,2017-12,1.601752105,previous_completed_calendar_month,0.01101752105,0.02601752105,0.0025
2018-02-01,USD_3M_LIBOR_PUBLIC_PROXY,2018-01,1.733970909,previous_completed_calendar_month,0.01233970909,0.02733970909,0.0025
2018-02-02,USD_3M_LIBOR_PUBLIC_PROXY,2018-01,1.733970909,previous_completed_calendar_month,0.01233970909,0.02733970909,0.0025
2018-02-05,USD_3M_LIBOR_PUBLIC_PROXY,2018-01,1.733970909,previous_completed_calendar_month,0.01233970909,0.02733970909,0.0025
2018-02-06,USD_3M_LIBOR_PUBLIC_PROXY,2018-01,1.733970909,previous_completed_calendar_month,0.01233970909,0.02733970909,0.0025
2018-02-07,USD_3M_LIBOR_PUBLIC_PROXY,2018-01,1.733970909,previous_completed_calendar_month,0.01233970909,0.02733970909,0.0025
2018-02-08,USD_3M_LIBOR_PUBLIC_PROXY,2018-01,1.733970909,previous_completed_calendar_month,0.01233970909,0.02733970909,0.0025
2018-02-09,USD_3M_LIBOR_PUBLIC_PROXY,2018-01,1.733970909,previous_completed_calendar_month,0.01233970909,0.02733970909,0.0025
2018-02-12,USD_3M_LIBOR_PUBLIC_PROXY,2018-01,1.733970909,previous_completed_calendar_month,0.01233970909,0.02733970909,0.0025
2018-02-13,USD_3M_LIBOR_PUBLIC_PROXY,2018-01,1.733970909,previous_completed_calendar_month,0.01233970909,0.02733970909,0.0025
2018-02-14,USD_3M_LIBOR_PUBLIC_PROXY,2018-01,1.733970909,previous_completed_calendar_month,0.01233970909,0.02733970909,0.0025
2018-02-15,USD_3M_LIBOR_PUBLIC_PROXY,2018-01,1.733970909,previous_completed_calendar_month,0.01233970909,0.02733970909,0.0025
2018-02-16,USD_3M_LIBOR_PUBLIC_PROXY,2018-01,1.733970909,previous_completed_calendar_month,0.01233970909,0.02733970909,0.0025
2018-02-20,USD_3M_LIBOR_PUBLIC_PROXY,2018-01,1.733970909,previous_completed_calendar_month,0.01233970909,0.02733970909,0.0025
2018-02-21,USD_3M_LIBOR_PUBLIC_PROXY,2018-01,1.733970909,previous_completed_calendar_month,0.01233970909,0.02733970909,0.0025
2018-02-22,USD_3M_LIBOR_PUBLIC_PROXY,2018-01,1.733970909,previous_completed_calendar_month,0.01233970909,0.02733970909,0.0025
2018-02-23,USD_3M_LIBOR_PUBLIC_PROXY,2018-01,1.733970909,previous_completed_calendar_month,0.01233970909,0.02733970909,0.0025
2018-02-26,USD_3M_LIBOR_PUBLIC_PROXY,2018-01,1.733970909,previous_completed_calendar_month,0.01233970909,0.02733970909,0.0025
2018-02-27,USD_3M_LIBOR_PUBLIC_PROXY,2018-01,1.733970909,previous_completed_calendar_month,0.01233970909,0.02733970909,0.0025
2018-02-28,USD_3M_LIBOR_PUBLIC_PROXY,2018-01,1.733970909,previous_completed_calendar_month,0.01233970909,0.02733970909,0.0025
2018-03-01,USD_3M_LIBOR_PUBLIC_PROXY,2018-02,1.874672,previous_completed_calendar_month,0.01374672,0.02874672,0.0025
2018-03-02,USD_3M_LIBOR_PUBLIC_PROXY,2018-02,1.874672,previous_completed_calendar_month,0.01374672,0.02874672,0.0025
2018-03-05,USD_3M_LIBOR_PUBLIC_PROXY,2018-02,1.874672,previous_completed_calendar_month,0.01374672,0.02874672,0.0025
2018-03-06,USD_3M_LIBOR_PUBLIC_PROXY,2018-02,1.874672,previous_completed_calendar_month,0.01374672,0.02874672,0.0025
2018-03-07,USD_3M_LIBOR_PUBLIC_PROXY,2018-02,1.874672,previous_completed_calendar_month,0.01374672,0.02874672,0.0025
2018-03-08,USD_3M_LIBOR_PUBLIC_PROXY,2018-02,1.874672,previous_completed_calendar_month,0.01374672,0.02874672,0.0025
2018-03-09,USD_3M_LIBOR_PUBLIC_PROXY,2018-02,1.874672,previous_completed_calendar_month,0.01374672,0.02874672,0.0025
2018-03-12,USD_3M_LIBOR_PUBLIC_PROXY,2018-02,1.874672,previous_completed_calendar_month,0.01374672,0.02874672,0.0025
2018-03-13,USD_3M_LIBOR_PUBLIC_PROXY,2018-02,1.874672,previous_completed_calendar_month,0.01374672,0.02874672,0.0025
2018-03-14,USD_3M_LIBOR_PUBLIC_PROXY,2018-02,1.874672,previous_completed_calendar_month,0.01374672,0.02874672,0.0025
2018-03-15,USD_3M_LIBOR_PUBLIC_PROXY,2018-02,1.874672,previous_completed_calendar_month,0.01374672,0.02874672,0.0025
2018-03-16,USD_3M_LIBOR_PUBLIC_PROXY,2018-02,1.874672,previous_completed_calendar_month,0.01374672,0.02874672,0.0025
2018-03-19,USD_3M_LIBOR_PUBLIC_PROXY,2018-02,1.874672,previous_completed_calendar_month,0.01374672,0.02874672,0.0025
2018-03-20,USD_3M_LIBOR_PUBLIC_PROXY,2018-02,1.874672,previous_completed_calendar_month,0.01374672,0.02874672,0.0025
2018-03-21,USD_3M_LIBOR_PUBLIC_PROXY,2018-02,1.874672,previous_completed_calendar_month,0.01374672,0.02874672,0.0025
2018-03-22,USD_3M_LIBOR_PUBLIC_PROXY,2018-02,1.874672,previous_completed_calendar_month,0.01374672,0.02874672,0.0025
2018-03-23,USD_3M_LIBOR_PUBLIC_PROXY,2018-02,1.874672,previous_completed_calendar_month,0.01374672,0.02874672,0.0025
2018-03-26,USD_3M_LIBOR_PUBLIC_PROXY,2018-02,1.874672,previous_completed_calendar_month,0.01374672,0.02874672,0.0025
2018-03-27,USD_3M_LIBOR_PUBLIC_PROXY,2018-02,1.874672,previous_completed_calendar_month,0.01374672,0.02874672,0.0025
2018-03-28,USD_3M_LIBOR_PUBLIC_PROXY,2018-02,1.874672,previous_completed_calendar_month,0.01374672,0.02874672,0.0025
2018-03-29,USD_3M_LIBOR_PUBLIC_PROXY,2018-02,1.874672,previous_completed_calendar_month,0.01374672,0.02874672,0.0025
2018-04-02,USD_3M_LIBOR_PUBLIC_PROXY,2018-03,2.173357619,previous_completed_calendar_month,0.01673357619,0.03173357619,0.0025
2018-04-03,USD_3M_LIBOR_PUBLIC_PROXY,2018-03,2.173357619,previous_completed_calendar_month,0.01673357619,0.03173357619,0.0025
2018-04-04,USD_3M_LIBOR_PUBLIC_PROXY,2018-03,2.173357619,previous_completed_calendar_month,0.01673357619,0.03173357619,0.0025
2018-04-05,USD_3M_LIBOR_PUBLIC_PROXY,2018-03,2.173357619,previous_completed_calendar_month,0.01673357619,0.03173357619,0.0025
2018-04-06,USD_3M_LIBOR_PUBLIC_PROXY,2018-03,2.173357619,previous_completed_calendar_month,0.01673357619,0.03173357619,0.0025
2018-04-09,USD_3M_LIBOR_PUBLIC_PROXY,2018-03,2.173357619,previous_completed_calendar_month,0.01673357619,0.03173357619,0.0025
2018-04-10,USD_3M_LIBOR_PUBLIC_PROXY,2018-03,2.173357619,previous_completed_calendar_month,0.01673357619,0.03173357619,0.0025
2018-04-11,USD_3M_LIBOR_PUBLIC_PROXY,2018-03,2.173357619,previous_completed_calendar_month,0.01673357619,0.03173357619,0.0025
2018-04-12,USD_3M_LIBOR_PUBLIC_PROXY,2018-03,2.173357619,previous_completed_calendar_month,0.01673357619,0.03173357619,0.0025
2018-04-13,USD_3M_LIBOR_PUBLIC_PROXY,2018-03,2.173357619,previous_completed_calendar_month,0.01673357619,0.03173357619,0.0025
2018-04-16,USD_3M_LIBOR_PUBLIC_PROXY,2018-03,2.173357619,previous_completed_calendar_month,0.01673357619,0.03173357619,0.0025
2018-04-17,USD_3M_LIBOR_PUBLIC_PROXY,2018-03,2.173357619,previous_completed_calendar_month,0.01673357619,0.03173357619,0.0025
2018-04-18,USD_3M_LIBOR_PUBLIC_PROXY,2018-03,2.173357619,previous_completed_calendar_month,0.01673357619,0.03173357619,0.0025
2018-04-19,USD_3M_LIBOR_PUBLIC_PROXY,2018-03,2.173357619,previous_completed_calendar_month,0.01673357619,0.03173357619,0.0025
2018-04-20,USD_3M_LIBOR_PUBLIC_PROXY,2018-03,2.173357619,previous_completed_calendar_month,0.01673357619,0.03173357619,0.0025
2018-04-23,USD_3M_LIBOR_PUBLIC_PROXY,2018-03,2.173357619,previous_completed_calendar_month,0.01673357619,0.03173357619,0.0025
2018-04-24,USD_3M_LIBOR_PUBLIC_PROXY,2018-03,2.173357619,previous_completed_calendar_month,0.01673357619,0.03173357619,0.0025
2018-04-25,USD_3M_LIBOR_PUBLIC_PROXY,2018-03,2.173357619,previous_completed_calendar_month,0.01673357619,0.03173357619,0.0025
2018-04-26,USD_3M_LIBOR_PUBLIC_PROXY,2018-03,2.173357619,previous_completed_calendar_month,0.01673357619,0.03173357619,0.0025
2018-04-27,USD_3M_LIBOR_PUBLIC_PROXY,2018-03,2.173357619,previous_completed_calendar_month,0.01673357619,0.03173357619,0.0025
2018-04-30,USD_3M_LIBOR_PUBLIC_PROXY,2018-03,2.173357619,previous_completed_calendar_month,0.01673357619,0.03173357619,0.0025
2018-05-01,USD_3M_LIBOR_PUBLIC_PROXY,2018-04,2.349426,previous_completed_calendar_month,0.01849426,0.03349426,0.0025
2018-05-02,USD_3M_LIBOR_PUBLIC_PROXY,2018-04,2.349426,previous_completed_calendar_month,0.01849426,0.03349426,0.0025
2018-05-03,USD_3M_LIBOR_PUBLIC_PROXY,2018-04,2.349426,previous_completed_calendar_month,0.01849426,0.03349426,0.0025
2018-05-04,USD_3M_LIBOR_PUBLIC_PROXY,2018-04,2.349426,previous_completed_calendar_month,0.01849426,0.03349426,0.0025
2018-05-07,USD_3M_LIBOR_PUBLIC_PROXY,2018-04,2.349426,previous_completed_calendar_month,0.01849426,0.03349426,0.0025
2018-05-08,USD_3M_LIBOR_PUBLIC_PROXY,2018-04,2.349426,previous_completed_calendar_month,0.01849426,0.03349426,0.0025
2018-05-09,USD_3M_LIBOR_PUBLIC_PROXY,2018-04,2.349426,previous_completed_calendar_month,0.01849426,0.03349426,0.0025
2018-05-10,USD_3M_LIBOR_PUBLIC_PROXY,2018-04,2.349426,previous_completed_calendar_month,0.01849426,0.03349426,0.0025
2018-05-11,USD_3M_LIBOR_PUBLIC_PROXY,2018-04,2.349426,previous_completed_calendar_month,0.01849426,0.03349426,0.0025
2018-05-14,USD_3M_LIBOR_PUBLIC_PROXY,2018-04,2.349426,previous_completed_calendar_month,0.01849426,0.03349426,0.0025
2018-05-15,USD_3M_LIBOR_PUBLIC_PROXY,2018-04,2.349426,previous_completed_calendar_month,0.01849426,0.03349426,0.0025
2018-05-16,USD_3M_LIBOR_PUBLIC_PROXY,2018-04,2.349426,previous_completed_calendar_month,0.01849426,0.03349426,0.0025
2018-05-17,USD_3M_LIBOR_PUBLIC_PROXY,2018-04,2.349426,previous_completed_calendar_month,0.01849426,0.03349426,0.0025
2018-05-18,USD_3M_LIBOR_PUBLIC_PROXY,2018-04,2.349426,previous_completed_calendar_month,0.01849426,0.03349426,0.0025
2018-05-21,USD_3M_LIBOR_PUBLIC_PROXY,2018-04,2.349426,previous_completed_calendar_month,0.01849426,0.03349426,0.0025
2018-05-22,USD_3M_LIBOR_PUBLIC_PROXY,2018-04,2.349426,previous_completed_calendar_month,0.01849426,0.03349426,0.0025
2018-05-23,USD_3M_LIBOR_PUBLIC_PROXY,2018-04,2.349426,previous_completed_calendar_month,0.01849426,0.03349426,0.0025
2018-05-24,USD_3M_LIBOR_PUBLIC_PROXY,2018-04,2.349426,previous_completed_calendar_month,0.01849426,0.03349426,0.0025
2018-05-25,USD_3M_LIBOR_PUBLIC_PROXY,2018-04,2.349426,previous_completed_calendar_month,0.01849426,0.03349426,0.0025
2018-05-29,USD_3M_LIBOR_PUBLIC_PROXY,2018-04,2.349426,previous_completed_calendar_month,0.01849426,0.03349426,0.0025
2018-05-30,USD_3M_LIBOR_PUBLIC_PROXY,2018-04,2.349426,previous_completed_calendar_month,0.01849426,0.03349426,0.0025
2018-05-31,USD_3M_LIBOR_PUBLIC_PROXY,2018-04,2.349426,previous_completed_calendar_month,0.01849426,0.03349426,0.0025
2018-06-01,USD_3M_LIBOR_PUBLIC_PROXY,2018-05,2.335608571,previous_completed_calendar_month,0.01835608571,0.03335608571,0.0025
2018-06-04,USD_3M_LIBOR_PUBLIC_PROXY,2018-05,2.335608571,previous_completed_calendar_month,0.01835608571,0.03335608571,0.0025
2018-06-05,USD_3M_LIBOR_PUBLIC_PROXY,2018-05,2.335608571,previous_completed_calendar_month,0.01835608571,0.03335608571,0.0025
2018-06-06,USD_3M_LIBOR_PUBLIC_PROXY,2018-05,2.335608571,previous_completed_calendar_month,0.01835608571,0.03335608571,0.0025
2018-06-07,USD_3M_LIBOR_PUBLIC_PROXY,2018-05,2.335608571,previous_completed_calendar_month,0.01835608571,0.03335608571,0.0025
2018-06-08,USD_3M_LIBOR_PUBLIC_PROXY,2018-05,2.335608571,previous_completed_calendar_month,0.01835608571,0.03335608571,0.0025
2018-06-11,USD_3M_LIBOR_PUBLIC_PROXY,2018-05,2.335608571,previous_completed_calendar_month,0.01835608571,0.03335608571,0.0025
2018-06-12,USD_3M_LIBOR_PUBLIC_PROXY,2018-05,2.335608571,previous_completed_calendar_month,0.01835608571,0.03335608571,0.0025
2018-06-13,USD_3M_LIBOR_PUBLIC_PROXY,2018-05,2.335608571,previous_completed_calendar_month,0.01835608571,0.03335608571,0.0025
2018-06-14,USD_3M_LIBOR_PUBLIC_PROXY,2018-05,2.335608571,previous_completed_calendar_month,0.01835608571,0.03335608571,0.0025
2018-06-15,USD_3M_LIBOR_PUBLIC_PROXY,2018-05,2.335608571,previous_completed_calendar_month,0.01835608571,0.03335608571,0.0025
2018-06-18,USD_3M_LIBOR_PUBLIC_PROXY,2018-05,2.335608571,previous_completed_calendar_month,0.01835608571,0.03335608571,0.0025
2018-06-19,USD_3M_LIBOR_PUBLIC_PROXY,2018-05,2.335608571,previous_completed_calendar_month,0.01835608571,0.03335608571,0.0025
2018-06-20,USD_3M_LIBOR_PUBLIC_PROXY,2018-05,2.335608571,previous_completed_calendar_month,0.01835608571,0.03335608571,0.0025
2018-06-21,USD_3M_LIBOR_PUBLIC_PROXY,2018-05,2.335608571,previous_completed_calendar_month,0.01835608571,0.03335608571,0.0025
2018-06-22,USD_3M_LIBOR_PUBLIC_PROXY,2018-05,2.335608571,previous_completed_calendar_month,0.01835608571,0.03335608571,0.0025
2018-06-25,USD_3M_LIBOR_PUBLIC_PROXY,2018-05,2.335608571,previous_completed_calendar_month,0.01835608571,0.03335608571,0.0025
2018-06-26,USD_3M_LIBOR_PUBLIC_PROXY,2018-05,2.335608571,previous_completed_calendar_month,0.01835608571,0.03335608571,0.0025
2018-06-27,USD_3M_LIBOR_PUBLIC_PROXY,2018-05,2.335608571,previous_completed_calendar_month,0.01835608571,0.03335608571,0.0025
2018-06-28,USD_3M_LIBOR_PUBLIC_PROXY,2018-05,2.335608571,previous_completed_calendar_month,0.01835608571,0.03335608571,0.0025
2018-06-29,USD_3M_LIBOR_PUBLIC_PROXY,2018-05,2.335608571,previous_completed_calendar_month,0.01835608571,0.03335608571,0.0025
2018-07-02,USD_3M_LIBOR_PUBLIC_PROXY,2018-06,2.330264286,previous_completed_calendar_month,0.01830264286,0.03330264286,0.0025
2018-07-03,USD_3M_LIBOR_PUBLIC_PROXY,2018-06,2.330264286,previous_completed_calendar_month,0.01830264286,0.03330264286,0.0025
2018-07-05,USD_3M_LIBOR_PUBLIC_PROXY,2018-06,2.330264286,previous_completed_calendar_month,0.01830264286,0.03330264286,0.0025
2018-07-06,USD_3M_LIBOR_PUBLIC_PROXY,2018-06,2.330264286,previous_completed_calendar_month,0.01830264286,0.03330264286,0.0025
2018-07-09,USD_3M_LIBOR_PUBLIC_PROXY,2018-06,2.330264286,previous_completed_calendar_month,0.01830264286,0.03330264286,0.0025
2018-07-10,USD_3M_LIBOR_PUBLIC_PROXY,2018-06,2.330264286,previous_completed_calendar_month,0.01830264286,0.03330264286,0.0025
2018-07-11,USD_3M_LIBOR_PUBLIC_PROXY,2018-06,2.330264286,previous_completed_calendar_month,0.01830264286,0.03330264286,0.0025
2018-07-12,USD_3M_LIBOR_PUBLIC_PROXY,2018-06,2.330264286,previous_completed_calendar_month,0.01830264286,0.03330264286,0.0025
2018-07-13,USD_3M_LIBOR_PUBLIC_PROXY,2018-06,2.330264286,previous_completed_calendar_month,0.01830264286,0.03330264286,0.0025
2018-07-16,USD_3M_LIBOR_PUBLIC_PROXY,2018-06,2.330264286,previous_completed_calendar_month,0.01830264286,0.03330264286,0.0025
2018-07-17,USD_3M_LIBOR_PUBLIC_PROXY,2018-06,2.330264286,previous_completed_calendar_month,0.01830264286,0.03330264286,0.0025
2018-07-18,USD_3M_LIBOR_PUBLIC_PROXY,2018-06,2.330264286,previous_completed_calendar_month,0.01830264286,0.03330264286,0.0025
2018-07-19,USD_3M_LIBOR_PUBLIC_PROXY,2018-06,2.330264286,previous_completed_calendar_month,0.01830264286,0.03330264286,0.0025
2018-07-20,USD_3M_LIBOR_PUBLIC_PROXY,2018-06,2.330264286,previous_completed_calendar_month,0.01830264286,0.03330264286,0.0025
2018-07-23,USD_3M_LIBOR_PUBLIC_PROXY,2018-06,2.330264286,previous_completed_calendar_month,0.01830264286,0.03330264286,0.0025
2018-07-24,USD_3M_LIBOR_PUBLIC_PROXY,2018-06,2.330264286,previous_completed_calendar_month,0.01830264286,0.03330264286,0.0025
2018-07-25,USD_3M_LIBOR_PUBLIC_PROXY,2018-06,2.330264286,previous_completed_calendar_month,0.01830264286,0.03330264286,0.0025
2018-07-26,USD_3M_LIBOR_PUBLIC_PROXY,2018-06,2.330264286,previous_completed_calendar_month,0.01830264286,0.03330264286,0.0025
2018-07-27,USD_3M_LIBOR_PUBLIC_PROXY,2018-06,2.330264286,previous_completed_calendar_month,0.01830264286,0.03330264286,0.0025
2018-07-30,USD_3M_LIBOR_PUBLIC_PROXY,2018-06,2.330264286,previous_completed_calendar_month,0.01830264286,0.03330264286,0.0025
2018-07-31,USD_3M_LIBOR_PUBLIC_PROXY,2018-06,2.330264286,previous_completed_calendar_month,0.01830264286,0.03330264286,0.0025
2018-08-01,USD_3M_LIBOR_PUBLIC_PROXY,2018-07,2.339118182,previous_completed_calendar_month,0.01839118182,0.03339118182,0.0025
2018-08-02,USD_3M_LIBOR_PUBLIC_PROXY,2018-07,2.339118182,previous_completed_calendar_month,0.01839118182,0.03339118182,0.0025
2018-08-03,USD_3M_LIBOR_PUBLIC_PROXY,2018-07,2.339118182,previous_completed_calendar_month,0.01839118182,0.03339118182,0.0025
2018-08-06,USD_3M_LIBOR_PUBLIC_PROXY,2018-07,2.339118182,previous_completed_calendar_month,0.01839118182,0.03339118182,0.0025
2018-08-07,USD_3M_LIBOR_PUBLIC_PROXY,2018-07,2.339118182,previous_completed_calendar_month,0.01839118182,0.03339118182,0.0025
2018-08-08,USD_3M_LIBOR_PUBLIC_PROXY,2018-07,2.339118182,previous_completed_calendar_month,0.01839118182,0.03339118182,0.0025
2018-08-09,USD_3M_LIBOR_PUBLIC_PROXY,2018-07,2.339118182,previous_completed_calendar_month,0.01839118182,0.03339118182,0.0025
2018-08-10,USD_3M_LIBOR_PUBLIC_PROXY,2018-07,2.339118182,previous_completed_calendar_month,0.01839118182,0.03339118182,0.0025
2018-08-13,USD_3M_LIBOR_PUBLIC_PROXY,2018-07,2.339118182,previous_completed_calendar_month,0.01839118182,0.03339118182,0.0025
2018-08-14,USD_3M_LIBOR_PUBLIC_PROXY,2018-07,2.339118182,previous_completed_calendar_month,0.01839118182,0.03339118182,0.0025
2018-08-15,USD_3M_LIBOR_PUBLIC_PROXY,2018-07,2.339118182,previous_completed_calendar_month,0.01839118182,0.03339118182,0.0025
2018-08-16,USD_3M_LIBOR_PUBLIC_PROXY,2018-07,2.339118182,previous_completed_calendar_month,0.01839118182,0.03339118182,0.0025
2018-08-17,USD_3M_LIBOR_PUBLIC_PROXY,2018-07,2.339118182,previous_completed_calendar_month,0.01839118182,0.03339118182,0.0025
2018-08-20,USD_3M_LIBOR_PUBLIC_PROXY,2018-07,2.339118182,previous_completed_calendar_month,0.01839118182,0.03339118182,0.0025
2018-08-21,USD_3M_LIBOR_PUBLIC_PROXY,2018-07,2.339118182,previous_completed_calendar_month,0.01839118182,0.03339118182,0.0025
2018-08-22,USD_3M_LIBOR_PUBLIC_PROXY,2018-07,2.339118182,previous_completed_calendar_month,0.01839118182,0.03339118182,0.0025
2018-08-23,USD_3M_LIBOR_PUBLIC_PROXY,2018-07,2.339118182,previous_completed_calendar_month,0.01839118182,0.03339118182,0.0025
2018-08-24,USD_3M_LIBOR_PUBLIC_PROXY,2018-07,2.339118182,previous_completed_calendar_month,0.01839118182,0.03339118182,0.0025
2018-08-27,USD_3M_LIBOR_PUBLIC_PROXY,2018-07,2.339118182,previous_completed_calendar_month,0.01839118182,0.03339118182,0.0025
2018-08-28,USD_3M_LIBOR_PUBLIC_PROXY,2018-07,2.339118182,previous_completed_calendar_month,0.01839118182,0.03339118182,0.0025
2018-08-29,USD_3M_LIBOR_PUBLIC_PROXY,2018-07,2.339118182,previous_completed_calendar_month,0.01839118182,0.03339118182,0.0025
2018-08-30,USD_3M_LIBOR_PUBLIC_PROXY,2018-07,2.339118182,previous_completed_calendar_month,0.01839118182,0.03339118182,0.0025
2018-08-31,USD_3M_LIBOR_PUBLIC_PROXY,2018-07,2.339118182,previous_completed_calendar_month,0.01839118182,0.03339118182,0.0025
2018-09-04,USD_3M_LIBOR_PUBLIC_PROXY,2018-08,2.323575,previous_completed_calendar_month,0.01823575,0.03323575,0.0025
2018-09-05,USD_3M_LIBOR_PUBLIC_PROXY,2018-08,2.323575,previous_completed_calendar_month,0.01823575,0.03323575,0.0025
2018-09-06,USD_3M_LIBOR_PUBLIC_PROXY,2018-08,2.323575,previous_completed_calendar_month,0.01823575,0.03323575,0.0025
2018-09-07,USD_3M_LIBOR_PUBLIC_PROXY,2018-08,2.323575,previous_completed_calendar_month,0.01823575,0.03323575,0.0025
2018-09-10,USD_3M_LIBOR_PUBLIC_PROXY,2018-08,2.323575,previous_completed_calendar_month,0.01823575,0.03323575,0.0025
2018-09-11,USD_3M_LIBOR_PUBLIC_PROXY,2018-08,2.323575,previous_completed_calendar_month,0.01823575,0.03323575,0.0025
2018-09-12,USD_3M_LIBOR_PUBLIC_PROXY,2018-08,2.323575,previous_completed_calendar_month,0.01823575,0.03323575,0.0025
2018-09-13,USD_3M_LIBOR_PUBLIC_PROXY,2018-08,2.323575,previous_completed_calendar_month,0.01823575,0.03323575,0.0025
2018-09-14,USD_3M_LIBOR_PUBLIC_PROXY,2018-08,2.323575,previous_completed_calendar_month,0.01823575,0.03323575,0.0025
2018-09-17,USD_3M_LIBOR_PUBLIC_PROXY,2018-08,2.323575,previous_completed_calendar_month,0.01823575,0.03323575,0.0025
2018-09-18,USD_3M_LIBOR_PUBLIC_PROXY,2018-08,2.323575,previous_completed_calendar_month,0.01823575,0.03323575,0.0025
2018-09-19,USD_3M_LIBOR_PUBLIC_PROXY,2018-08,2.323575,previous_completed_calendar_month,0.01823575,0.03323575,0.0025
2018-09-20,USD_3M_LIBOR_PUBLIC_PROXY,2018-08,2.323575,previous_completed_calendar_month,0.01823575,0.03323575,0.0025
2018-09-21,USD_3M_LIBOR_PUBLIC_PROXY,2018-08,2.323575,previous_completed_calendar_month,0.01823575,0.03323575,0.0025
2018-09-24,USD_3M_LIBOR_PUBLIC_PROXY,2018-08,2.323575,previous_completed_calendar_month,0.01823575,0.03323575,0.0025
2018-09-25,USD_3M_LIBOR_PUBLIC_PROXY,2018-08,2.323575,previous_completed_calendar_month,0.01823575,0.03323575,0.0025
2018-09-26,USD_3M_LIBOR_PUBLIC_PROXY,2018-08,2.323575,previous_completed_calendar_month,0.01823575,0.03323575,0.0025
2018-09-27,USD_3M_LIBOR_PUBLIC_PROXY,2018-08,2.323575,previous_completed_calendar_month,0.01823575,0.03323575,0.0025
2018-09-28,USD_3M_LIBOR_PUBLIC_PROXY,2018-08,2.323575,previous_completed_calendar_month,0.01823575,0.03323575,0.0025
2018-10-01,USD_3M_LIBOR_PUBLIC_PROXY,2018-09,2.349427,previous_completed_calendar_month,0.01849427,0.03349427,0.0025
2018-10-02,USD_3M_LIBOR_PUBLIC_PROXY,2018-09,2.349427,previous_completed_calendar_month,0.01849427,0.03349427,0.0025
2018-10-03,USD_3M_LIBOR_PUBLIC_PROXY,2018-09,2.349427,previous_completed_calendar_month,0.01849427,0.03349427,0.0025
2018-10-04,USD_3M_LIBOR_PUBLIC_PROXY,2018-09,2.349427,previous_completed_calendar_month,0.01849427,0.03349427,0.0025
2018-10-05,USD_3M_LIBOR_PUBLIC_PROXY,2018-09,2.349427,previous_completed_calendar_month,0.01849427,0.03349427,0.0025
2018-10-08,USD_3M_LIBOR_PUBLIC_PROXY,2018-09,2.349427,previous_completed_calendar_month,0.01849427,0.03349427,0.0025
2018-10-09,USD_3M_LIBOR_PUBLIC_PROXY,2018-09,2.349427,previous_completed_calendar_month,0.01849427,0.03349427,0.0025
2018-10-10,USD_3M_LIBOR_PUBLIC_PROXY,2018-09,2.349427,previous_completed_calendar_month,0.01849427,0.03349427,0.0025
2018-10-11,USD_3M_LIBOR_PUBLIC_PROXY,2018-09,2.349427,previous_completed_calendar_month,0.01849427,0.03349427,0.0025
2018-10-12,USD_3M_LIBOR_PUBLIC_PROXY,2018-09,2.349427,previous_completed_calendar_month,0.01849427,0.03349427,0.0025
2018-10-15,USD_3M_LIBOR_PUBLIC_PROXY,2018-09,2.349427,previous_completed_calendar_month,0.01849427,0.03349427,0.0025
2018-10-16,USD_3M_LIBOR_PUBLIC_PROXY,2018-09,2.349427,previous_completed_calendar_month,0.01849427,0.03349427,0.0025
2018-10-17,USD_3M_LIBOR_PUBLIC_PROXY,2018-09,2.349427,previous_completed_calendar_month,0.01849427,0.03349427,0.0025
2018-10-18,USD_3M_LIBOR_PUBLIC_PROXY,2018-09,2.349427,previous_completed_calendar_month,0.01849427,0.03349427,0.0025
2018-10-19,USD_3M_LIBOR_PUBLIC_PROXY,2018-09,2.349427,previous_completed_calendar_month,0.01849427,0.03349427,0.0025
2018-10-22,USD_3M_LIBOR_PUBLIC_PROXY,2018-09,2.349427,previous_completed_calendar_month,0.01849427,0.03349427,0.0025
2018-10-23,USD_3M_LIBOR_PUBLIC_PROXY,2018-09,2.349427,previous_completed_calendar_month,0.01849427,0.03349427,0.0025
2018-10-24,USD_3M_LIBOR_PUBLIC_PROXY,2018-09,2.349427,previous_completed_calendar_month,0.01849427,0.03349427,0.0025
2018-10-25,USD_3M_LIBOR_PUBLIC_PROXY,2018-09,2.349427,previous_completed_calendar_month,0.01849427,0.03349427,0.0025
2018-10-26,USD_3M_LIBOR_PUBLIC_PROXY,2018-09,2.349427,previous_completed_calendar_month,0.01849427,0.03349427,0.0025
2018-10-29,USD_3M_LIBOR_PUBLIC_PROXY,2018-09,2.349427,previous_completed_calendar_month,0.01849427,0.03349427,0.0025
2018-10-30,USD_3M_LIBOR_PUBLIC_PROXY,2018-09,2.349427,previous_completed_calendar_month,0.01849427,0.03349427,0.0025
2018-10-31,USD_3M_LIBOR_PUBLIC_PROXY,2018-09,2.349427,previous_completed_calendar_month,0.01849427,0.03349427,0.0025
2018-11-01,USD_3M_LIBOR_PUBLIC_PROXY,2018-10,2.460626522,previous_completed_calendar_month,0.01960626522,0.03460626522,0.0025
2018-11-02,USD_3M_LIBOR_PUBLIC_PROXY,2018-10,2.460626522,previous_completed_calendar_month,0.01960626522,0.03460626522,0.0025
2018-11-05,USD_3M_LIBOR_PUBLIC_PROXY,2018-10,2.460626522,previous_completed_calendar_month,0.01960626522,0.03460626522,0.0025
2018-11-06,USD_3M_LIBOR_PUBLIC_PROXY,2018-10,2.460626522,previous_completed_calendar_month,0.01960626522,0.03460626522,0.0025
2018-11-07,USD_3M_LIBOR_PUBLIC_PROXY,2018-10,2.460626522,previous_completed_calendar_month,0.01960626522,0.03460626522,0.0025
2018-11-08,USD_3M_LIBOR_PUBLIC_PROXY,2018-10,2.460626522,previous_completed_calendar_month,0.01960626522,0.03460626522,0.0025
2018-11-09,USD_3M_LIBOR_PUBLIC_PROXY,2018-10,2.460626522,previous_completed_calendar_month,0.01960626522,0.03460626522,0.0025
2018-11-12,USD_3M_LIBOR_PUBLIC_PROXY,2018-10,2.460626522,previous_completed_calendar_month,0.01960626522,0.03460626522,0.0025
2018-11-13,USD_3M_LIBOR_PUBLIC_PROXY,2018-10,2.460626522,previous_completed_calendar_month,0.01960626522,0.03460626522,0.0025
2018-11-14,USD_3M_LIBOR_PUBLIC_PROXY,2018-10,2.460626522,previous_completed_calendar_month,0.01960626522,0.03460626522,0.0025
2018-11-15,USD_3M_LIBOR_PUBLIC_PROXY,2018-10,2.460626522,previous_completed_calendar_month,0.01960626522,0.03460626522,0.0025
2018-11-16,USD_3M_LIBOR_PUBLIC_PROXY,2018-10,2.460626522,previous_completed_calendar_month,0.01960626522,0.03460626522,0.0025
2018-11-19,USD_3M_LIBOR_PUBLIC_PROXY,2018-10,2.460626522,previous_completed_calendar_month,0.01960626522,0.03460626522,0.0025
2018-11-20,USD_3M_LIBOR_PUBLIC_PROXY,2018-10,2.460626522,previous_completed_calendar_month,0.01960626522,0.03460626522,0.0025
2018-11-21,USD_3M_LIBOR_PUBLIC_PROXY,2018-10,2.460626522,previous_completed_calendar_month,0.01960626522,0.03460626522,0.0025
2018-11-23,USD_3M_LIBOR_PUBLIC_PROXY,2018-10,2.460626522,previous_completed_calendar_month,0.01960626522,0.03460626522,0.0025
2018-11-26,USD_3M_LIBOR_PUBLIC_PROXY,2018-10,2.460626522,previous_completed_calendar_month,0.01960626522,0.03460626522,0.0025
2018-11-27,USD_3M_LIBOR_PUBLIC_PROXY,2018-10,2.460626522,previous_completed_calendar_month,0.01960626522,0.03460626522,0.0025
2018-11-28,USD_3M_LIBOR_PUBLIC_PROXY,2018-10,2.460626522,previous_completed_calendar_month,0.01960626522,0.03460626522,0.0025
2018-11-29,USD_3M_LIBOR_PUBLIC_PROXY,2018-10,2.460626522,previous_completed_calendar_month,0.01960626522,0.03460626522,0.0025
2018-11-30,USD_3M_LIBOR_PUBLIC_PROXY,2018-10,2.460626522,previous_completed_calendar_month,0.01960626522,0.03460626522,0.0025
2018-12-03,USD_3M_LIBOR_PUBLIC_PROXY,2018-11,2.649184091,previous_completed_calendar_month,0.02149184091,0.03649184091,0.0025
2018-12-04,USD_3M_LIBOR_PUBLIC_PROXY,2018-11,2.649184091,previous_completed_calendar_month,0.02149184091,0.03649184091,0.0025
2018-12-06,USD_3M_LIBOR_PUBLIC_PROXY,2018-11,2.649184091,previous_completed_calendar_month,0.02149184091,0.03649184091,0.0025
2018-12-07,USD_3M_LIBOR_PUBLIC_PROXY,2018-11,2.649184091,previous_completed_calendar_month,0.02149184091,0.03649184091,0.0025
2018-12-10,USD_3M_LIBOR_PUBLIC_PROXY,2018-11,2.649184091,previous_completed_calendar_month,0.02149184091,0.03649184091,0.0025
2018-12-11,USD_3M_LIBOR_PUBLIC_PROXY,2018-11,2.649184091,previous_completed_calendar_month,0.02149184091,0.03649184091,0.0025
2018-12-12,USD_3M_LIBOR_PUBLIC_PROXY,2018-11,2.649184091,previous_completed_calendar_month,0.02149184091,0.03649184091,0.0025
2018-12-13,USD_3M_LIBOR_PUBLIC_PROXY,2018-11,2.649184091,previous_completed_calendar_month,0.02149184091,0.03649184091,0.0025
2018-12-14,USD_3M_LIBOR_PUBLIC_PROXY,2018-11,2.649184091,previous_completed_calendar_month,0.02149184091,0.03649184091,0.0025
2018-12-17,USD_3M_LIBOR_PUBLIC_PROXY,2018-11,2.649184091,previous_completed_calendar_month,0.02149184091,0.03649184091,0.0025
2018-12-18,USD_3M_LIBOR_PUBLIC_PROXY,2018-11,2.649184091,previous_completed_calendar_month,0.02149184091,0.03649184091,0.0025
2018-12-19,USD_3M_LIBOR_PUBLIC_PROXY,2018-11,2.649184091,previous_completed_calendar_month,0.02149184091,0.03649184091,0.0025
2018-12-20,USD_3M_LIBOR_PUBLIC_PROXY,2018-11,2.649184091,previous_completed_calendar_month,0.02149184091,0.03649184091,0.0025
2018-12-21,USD_3M_LIBOR_PUBLIC_PROXY,2018-11,2.649184091,previous_completed_calendar_month,0.02149184091,0.03649184091,0.0025
2018-12-24,USD_3M_LIBOR_PUBLIC_PROXY,2018-11,2.649184091,previous_completed_calendar_month,0.02149184091,0.03649184091,0.0025
2018-12-26,USD_3M_LIBOR_PUBLIC_PROXY,2018-11,2.649184091,previous_completed_calendar_month,0.02149184091,0.03649184091,0.0025
2018-12-27,USD_3M_LIBOR_PUBLIC_PROXY,2018-11,2.649184091,previous_completed_calendar_month,0.02149184091,0.03649184091,0.0025
2018-12-28,USD_3M_LIBOR_PUBLIC_PROXY,2018-11,2.649184091,previous_completed_calendar_month,0.02149184091,0.03649184091,0.0025
2018-12-31,USD_3M_LIBOR_PUBLIC_PROXY,2018-11,2.649184091,previous_completed_calendar_month,0.02149184091,0.03649184091,0.0025
2019-01-02,USD_3M_LIBOR_PUBLIC_PROXY,2018-12,2.787742105,previous_completed_calendar_month,0.02287742105,0.03787742105,0.0025
2019-01-03,USD_3M_LIBOR_PUBLIC_PROXY,2018-12,2.787742105,previous_completed_calendar_month,0.02287742105,0.03787742105,0.0025
2019-01-04,USD_3M_LIBOR_PUBLIC_PROXY,2018-12,2.787742105,previous_completed_calendar_month,0.02287742105,0.03787742105,0.0025
2019-01-07,USD_3M_LIBOR_PUBLIC_PROXY,2018-12,2.787742105,previous_completed_calendar_month,0.02287742105,0.03787742105,0.0025
2019-01-08,USD_3M_LIBOR_PUBLIC_PROXY,2018-12,2.787742105,previous_completed_calendar_month,0.02287742105,0.03787742105,0.0025
2019-01-09,USD_3M_LIBOR_PUBLIC_PROXY,2018-12,2.787742105,previous_completed_calendar_month,0.02287742105,0.03787742105,0.0025
2019-01-10,USD_3M_LIBOR_PUBLIC_PROXY,2018-12,2.787742105,previous_completed_calendar_month,0.02287742105,0.03787742105,0.0025
2019-01-11,USD_3M_LIBOR_PUBLIC_PROXY,2018-12,2.787742105,previous_completed_calendar_month,0.02287742105,0.03787742105,0.0025
2019-01-14,USD_3M_LIBOR_PUBLIC_PROXY,2018-12,2.787742105,previous_completed_calendar_month,0.02287742105,0.03787742105,0.0025
2019-01-15,USD_3M_LIBOR_PUBLIC_PROXY,2018-12,2.787742105,previous_completed_calendar_month,0.02287742105,0.03787742105,0.0025
2019-01-16,USD_3M_LIBOR_PUBLIC_PROXY,2018-12,2.787742105,previous_completed_calendar_month,0.02287742105,0.03787742105,0.0025
2019-01-17,USD_3M_LIBOR_PUBLIC_PROXY,2018-12,2.787742105,previous_completed_calendar_month,0.02287742105,0.03787742105,0.0025
2019-01-18,USD_3M_LIBOR_PUBLIC_PROXY,2018-12,2.787742105,previous_completed_calendar_month,0.02287742105,0.03787742105,0.0025
2019-01-22,USD_3M_LIBOR_PUBLIC_PROXY,2018-12,2.787742105,previous_completed_calendar_month,0.02287742105,0.03787742105,0.0025
2019-01-23,USD_3M_LIBOR_PUBLIC_PROXY,2018-12,2.787742105,previous_completed_calendar_month,0.02287742105,0.03787742105,0.0025
2019-01-24,USD_3M_LIBOR_PUBLIC_PROXY,2018-12,2.787742105,previous_completed_calendar_month,0.02287742105,0.03787742105,0.0025
2019-01-25,USD_3M_LIBOR_PUBLIC_PROXY,2018-12,2.787742105,previous_completed_calendar_month,0.02287742105,0.03787742105,0.0025
2019-01-28,USD_3M_LIBOR_PUBLIC_PROXY,2018-12,2.787742105,previous_completed_calendar_month,0.02287742105,0.03787742105,0.0025
2019-01-29,USD_3M_LIBOR_PUBLIC_PROXY,2018-12,2.787742105,previous_completed_calendar_month,0.02287742105,0.03787742105,0.0025
2019-01-30,USD_3M_LIBOR_PUBLIC_PROXY,2018-12,2.787742105,previous_completed_calendar_month,0.02287742105,0.03787742105,0.0025
2019-01-31,USD_3M_LIBOR_PUBLIC_PROXY,2018-12,2.787742105,previous_completed_calendar_month,0.02287742105,0.03787742105,0.0025
2019-02-01,USD_3M_LIBOR_PUBLIC_PROXY,2019-01,2.774177727,previous_completed_calendar_month,0.02274177727,0.03774177727,0.0025
2019-02-04,USD_3M_LIBOR_PUBLIC_PROXY,2019-01,2.774177727,previous_completed_calendar_month,0.02274177727,0.03774177727,0.0025
2019-02-05,USD_3M_LIBOR_PUBLIC_PROXY,2019-01,2.774177727,previous_completed_calendar_month,0.02274177727,0.03774177727,0.0025
2019-02-06,USD_3M_LIBOR_PUBLIC_PROXY,2019-01,2.774177727,previous_completed_calendar_month,0.02274177727,0.03774177727,0.0025
2019-02-07,USD_3M_LIBOR_PUBLIC_PROXY,2019-01,2.774177727,previous_completed_calendar_month,0.02274177727,0.03774177727,0.0025
2019-02-08,USD_3M_LIBOR_PUBLIC_PROXY,2019-01,2.774177727,previous_completed_calendar_month,0.02274177727,0.03774177727,0.0025
2019-02-11,USD_3M_LIBOR_PUBLIC_PROXY,2019-01,2.774177727,previous_completed_calendar_month,0.02274177727,0.03774177727,0.0025
2019-02-12,USD_3M_LIBOR_PUBLIC_PROXY,2019-01,2.774177727,previous_completed_calendar_month,0.02274177727,0.03774177727,0.0025
2019-02-13,USD_3M_LIBOR_PUBLIC_PROXY,2019-01,2.774177727,previous_completed_calendar_month,0.02274177727,0.03774177727,0.0025
2019-02-14,USD_3M_LIBOR_PUBLIC_PROXY,2019-01,2.774177727,previous_completed_calendar_month,0.02274177727,0.03774177727,0.0025
2019-02-15,USD_3M_LIBOR_PUBLIC_PROXY,2019-01,2.774177727,previous_completed_calendar_month,0.02274177727,0.03774177727,0.0025
2019-02-19,USD_3M_LIBOR_PUBLIC_PROXY,2019-01,2.774177727,previous_completed_calendar_month,0.02274177727,0.03774177727,0.0025
2019-02-20,USD_3M_LIBOR_PUBLIC_PROXY,2019-01,2.774177727,previous_completed_calendar_month,0.02274177727,0.03774177727,0.0025
2019-02-21,USD_3M_LIBOR_PUBLIC_PROXY,2019-01,2.774177727,previous_completed_calendar_month,0.02274177727,0.03774177727,0.0025
2019-02-22,USD_3M_LIBOR_PUBLIC_PROXY,2019-01,2.774177727,previous_completed_calendar_month,0.02274177727,0.03774177727,0.0025
2019-02-25,USD_3M_LIBOR_PUBLIC_PROXY,2019-01,2.774177727,previous_completed_calendar_month,0.02274177727,0.03774177727,0.0025
2019-02-26,USD_3M_LIBOR_PUBLIC_PROXY,2019-01,2.774177727,previous_completed_calendar_month,0.02274177727,0.03774177727,0.0025
2019-02-27,USD_3M_LIBOR_PUBLIC_PROXY,2019-01,2.774177727,previous_completed_calendar_month,0.02274177727,0.03774177727,0.0025
2019-02-28,USD_3M_LIBOR_PUBLIC_PROXY,2019-01,2.774177727,previous_completed_calendar_month,0.02274177727,0.03774177727,0.0025
2019-03-01,USD_3M_LIBOR_PUBLIC_PROXY,2019-02,2.676678,previous_completed_calendar_month,0.02176678,0.03676678,0.0025
2019-03-04,USD_3M_LIBOR_PUBLIC_PROXY,2019-02,2.676678,previous_completed_calendar_month,0.02176678,0.03676678,0.0025
2019-03-05,USD_3M_LIBOR_PUBLIC_PROXY,2019-02,2.676678,previous_completed_calendar_month,0.02176678,0.03676678,0.0025
2019-03-06,USD_3M_LIBOR_PUBLIC_PROXY,2019-02,2.676678,previous_completed_calendar_month,0.02176678,0.03676678,0.0025
2019-03-07,USD_3M_LIBOR_PUBLIC_PROXY,2019-02,2.676678,previous_completed_calendar_month,0.02176678,0.03676678,0.0025
2019-03-08,USD_3M_LIBOR_PUBLIC_PROXY,2019-02,2.676678,previous_completed_calendar_month,0.02176678,0.03676678,0.0025
2019-03-11,USD_3M_LIBOR_PUBLIC_PROXY,2019-02,2.676678,previous_completed_calendar_month,0.02176678,0.03676678,0.0025
2019-03-12,USD_3M_LIBOR_PUBLIC_PROXY,2019-02,2.676678,previous_completed_calendar_month,0.02176678,0.03676678,0.0025
2019-03-13,USD_3M_LIBOR_PUBLIC_PROXY,2019-02,2.676678,previous_completed_calendar_month,0.02176678,0.03676678,0.0025
2019-03-14,USD_3M_LIBOR_PUBLIC_PROXY,2019-02,2.676678,previous_completed_calendar_month,0.02176678,0.03676678,0.0025
2019-03-15,USD_3M_LIBOR_PUBLIC_PROXY,2019-02,2.676678,previous_completed_calendar_month,0.02176678,0.03676678,0.0025
2019-03-18,USD_3M_LIBOR_PUBLIC_PROXY,2019-02,2.676678,previous_completed_calendar_month,0.02176678,0.03676678,0.0025
2019-03-19,USD_3M_LIBOR_PUBLIC_PROXY,2019-02,2.676678,previous_completed_calendar_month,0.02176678,0.03676678,0.0025
2019-03-20,USD_3M_LIBOR_PUBLIC_PROXY,2019-02,2.676678,previous_completed_calendar_month,0.02176678,0.03676678,0.0025
2019-03-21,USD_3M_LIBOR_PUBLIC_PROXY,2019-02,2.676678,previous_completed_calendar_month,0.02176678,0.03676678,0.0025
2019-03-22,USD_3M_LIBOR_PUBLIC_PROXY,2019-02,2.676678,previous_completed_calendar_month,0.02176678,0.03676678,0.0025
2019-03-25,USD_3M_LIBOR_PUBLIC_PROXY,2019-02,2.676678,previous_completed_calendar_month,0.02176678,0.03676678,0.0025
2019-03-26,USD_3M_LIBOR_PUBLIC_PROXY,2019-02,2.676678,previous_completed_calendar_month,0.02176678,0.03676678,0.0025
2019-03-27,USD_3M_LIBOR_PUBLIC_PROXY,2019-02,2.676678,previous_completed_calendar_month,0.02176678,0.03676678,0.0025
2019-03-28,USD_3M_LIBOR_PUBLIC_PROXY,2019-02,2.676678,previous_completed_calendar_month,0.02176678,0.03676678,0.0025
2019-03-29,USD_3M_LIBOR_PUBLIC_PROXY,2019-02,2.676678,previous_completed_calendar_month,0.02176678,0.03676678,0.0025
2019-04-01,USD_3M_LIBOR_PUBLIC_PROXY,2019-03,2.605674762,previous_completed_calendar_month,0.02105674762,0.03605674762,0.0025
2019-04-02,USD_3M_LIBOR_PUBLIC_PROXY,2019-03,2.605674762,previous_completed_calendar_month,0.02105674762,0.03605674762,0.0025
2019-04-03,USD_3M_LIBOR_PUBLIC_PROXY,2019-03,2.605674762,previous_completed_calendar_month,0.02105674762,0.03605674762,0.0025
2019-04-04,USD_3M_LIBOR_PUBLIC_PROXY,2019-03,2.605674762,previous_completed_calendar_month,0.02105674762,0.03605674762,0.0025
2019-04-05,USD_3M_LIBOR_PUBLIC_PROXY,2019-03,2.605674762,previous_completed_calendar_month,0.02105674762,0.03605674762,0.0025
2019-04-08,USD_3M_LIBOR_PUBLIC_PROXY,2019-03,2.605674762,previous_completed_calendar_month,0.02105674762,0.03605674762,0.0025
2019-04-09,USD_3M_LIBOR_PUBLIC_PROXY,2019-03,2.605674762,previous_completed_calendar_month,0.02105674762,0.03605674762,0.0025
2019-04-10,USD_3M_LIBOR_PUBLIC_PROXY,2019-03,2.605674762,previous_completed_calendar_month,0.02105674762,0.03605674762,0.0025
2019-04-11,USD_3M_LIBOR_PUBLIC_PROXY,2019-03,2.605674762,previous_completed_calendar_month,0.02105674762,0.03605674762,0.0025
2019-04-12,USD_3M_LIBOR_PUBLIC_PROXY,2019-03,2.605674762,previous_completed_calendar_month,0.02105674762,0.03605674762,0.0025
2019-04-15,USD_3M_LIBOR_PUBLIC_PROXY,2019-03,2.605674762,previous_completed_calendar_month,0.02105674762,0.03605674762,0.0025
2019-04-16,USD_3M_LIBOR_PUBLIC_PROXY,2019-03,2.605674762,previous_completed_calendar_month,0.02105674762,0.03605674762,0.0025
2019-04-17,USD_3M_LIBOR_PUBLIC_PROXY,2019-03,2.605674762,previous_completed_calendar_month,0.02105674762,0.03605674762,0.0025
2019-04-18,USD_3M_LIBOR_PUBLIC_PROXY,2019-03,2.605674762,previous_completed_calendar_month,0.02105674762,0.03605674762,0.0025
2019-04-22,USD_3M_LIBOR_PUBLIC_PROXY,2019-03,2.605674762,previous_completed_calendar_month,0.02105674762,0.03605674762,0.0025
2019-04-23,USD_3M_LIBOR_PUBLIC_PROXY,2019-03,2.605674762,previous_completed_calendar_month,0.02105674762,0.03605674762,0.0025
2019-04-24,USD_3M_LIBOR_PUBLIC_PROXY,2019-03,2.605674762,previous_completed_calendar_month,0.02105674762,0.03605674762,0.0025
2019-04-25,USD_3M_LIBOR_PUBLIC_PROXY,2019-03,2.605674762,previous_completed_calendar_month,0.02105674762,0.03605674762,0.0025
2019-04-26,USD_3M_LIBOR_PUBLIC_PROXY,2019-03,2.605674762,previous_completed_calendar_month,0.02105674762,0.03605674762,0.0025
2019-04-29,USD_3M_LIBOR_PUBLIC_PROXY,2019-03,2.605674762,previous_completed_calendar_month,0.02105674762,0.03605674762,0.0025
2019-04-30,USD_3M_LIBOR_PUBLIC_PROXY,2019-03,2.605674762,previous_completed_calendar_month,0.02105674762,0.03605674762,0.0025
2019-05-01,USD_3M_LIBOR_PUBLIC_PROXY,2019-04,2.5895395,previous_completed_calendar_month,0.020895395,0.035895395,0.0025
2019-05-02,USD_3M_LIBOR_PUBLIC_PROXY,2019-04,2.5895395,previous_completed_calendar_month,0.020895395,0.035895395,0.0025
2019-05-03,USD_3M_LIBOR_PUBLIC_PROXY,2019-04,2.5895395,previous_completed_calendar_month,0.020895395,0.035895395,0.0025
2019-05-06,USD_3M_LIBOR_PUBLIC_PROXY,2019-04,2.5895395,previous_completed_calendar_month,0.020895395,0.035895395,0.0025
2019-05-07,USD_3M_LIBOR_PUBLIC_PROXY,2019-04,2.5895395,previous_completed_calendar_month,0.020895395,0.035895395,0.0025
2019-05-08,USD_3M_LIBOR_PUBLIC_PROXY,2019-04,2.5895395,previous_completed_calendar_month,0.020895395,0.035895395,0.0025
2019-05-09,USD_3M_LIBOR_PUBLIC_PROXY,2019-04,2.5895395,previous_completed_calendar_month,0.020895395,0.035895395,0.0025
2019-05-10,USD_3M_LIBOR_PUBLIC_PROXY,2019-04,2.5895395,previous_completed_calendar_month,0.020895395,0.035895395,0.0025
2019-05-13,USD_3M_LIBOR_PUBLIC_PROXY,2019-04,2.5895395,previous_completed_calendar_month,0.020895395,0.035895395,0.0025
2019-05-14,USD_3M_LIBOR_PUBLIC_PROXY,2019-04,2.5895395,previous_completed_calendar_month,0.020895395,0.035895395,0.0025
2019-05-15,USD_3M_LIBOR_PUBLIC_PROXY,2019-04,2.5895395,previous_completed_calendar_month,0.020895395,0.035895395,0.0025
2019-05-16,USD_3M_LIBOR_PUBLIC_PROXY,2019-04,2.5895395,previous_completed_calendar_month,0.020895395,0.035895395,0.0025
2019-05-17,USD_3M_LIBOR_PUBLIC_PROXY,2019-04,2.5895395,previous_completed_calendar_month,0.020895395,0.035895395,0.0025
2019-05-20,USD_3M_LIBOR_PUBLIC_PROXY,2019-04,2.5895395,previous_completed_calendar_month,0.020895395,0.035895395,0.0025
2019-05-21,USD_3M_LIBOR_PUBLIC_PROXY,2019-04,2.5895395,previous_completed_calendar_month,0.020895395,0.035895395,0.0025
2019-05-22,USD_3M_LIBOR_PUBLIC_PROXY,2019-04,2.5895395,previous_completed_calendar_month,0.020895395,0.035895395,0.0025
2019-05-23,USD_3M_LIBOR_PUBLIC_PROXY,2019-04,2.5895395,previous_completed_calendar_month,0.020895395,0.035895395,0.0025
2019-05-24,USD_3M_LIBOR_PUBLIC_PROXY,2019-04,2.5895395,previous_completed_calendar_month,0.020895395,0.035895395,0.0025
2019-05-28,USD_3M_LIBOR_PUBLIC_PROXY,2019-04,2.5895395,previous_completed_calendar_month,0.020895395,0.035895395,0.0025
2019-05-29,USD_3M_LIBOR_PUBLIC_PROXY,2019-04,2.5895395,previous_completed_calendar_month,0.020895395,0.035895395,0.0025
2019-05-30,USD_3M_LIBOR_PUBLIC_PROXY,2019-04,2.5895395,previous_completed_calendar_month,0.020895395,0.035895395,0.0025
2019-05-31,USD_3M_LIBOR_PUBLIC_PROXY,2019-04,2.5895395,previous_completed_calendar_month,0.020895395,0.035895395,0.0025
2019-06-03,USD_3M_LIBOR_PUBLIC_PROXY,2019-05,2.531680952,previous_completed_calendar_month,0.02031680952,0.03531680952,0.0025
2019-06-04,USD_3M_LIBOR_PUBLIC_PROXY,2019-05,2.531680952,previous_completed_calendar_month,0.02031680952,0.03531680952,0.0025
2019-06-05,USD_3M_LIBOR_PUBLIC_PROXY,2019-05,2.531680952,previous_completed_calendar_month,0.02031680952,0.03531680952,0.0025
2019-06-06,USD_3M_LIBOR_PUBLIC_PROXY,2019-05,2.531680952,previous_completed_calendar_month,0.02031680952,0.03531680952,0.0025
2019-06-07,USD_3M_LIBOR_PUBLIC_PROXY,2019-05,2.531680952,previous_completed_calendar_month,0.02031680952,0.03531680952,0.0025
2019-06-10,USD_3M_LIBOR_PUBLIC_PROXY,2019-05,2.531680952,previous_completed_calendar_month,0.02031680952,0.03531680952,0.0025
2019-06-11,USD_3M_LIBOR_PUBLIC_PROXY,2019-05,2.531680952,previous_completed_calendar_month,0.02031680952,0.03531680952,0.0025
2019-06-12,USD_3M_LIBOR_PUBLIC_PROXY,2019-05,2.531680952,previous_completed_calendar_month,0.02031680952,0.03531680952,0.0025
2019-06-13,USD_3M_LIBOR_PUBLIC_PROXY,2019-05,2.531680952,previous_completed_calendar_month,0.02031680952,0.03531680952,0.0025
2019-06-14,USD_3M_LIBOR_PUBLIC_PROXY,2019-05,2.531680952,previous_completed_calendar_month,0.02031680952,0.03531680952,0.0025
2019-06-17,USD_3M_LIBOR_PUBLIC_PROXY,2019-05,2.531680952,previous_completed_calendar_month,0.02031680952,0.03531680952,0.0025
2019-06-18,USD_3M_LIBOR_PUBLIC_PROXY,2019-05,2.531680952,previous_completed_calendar_month,0.02031680952,0.03531680952,0.0025
2019-06-19,USD_3M_LIBOR_PUBLIC_PROXY,2019-05,2.531680952,previous_completed_calendar_month,0.02031680952,0.03531680952,0.0025
2019-06-20,USD_3M_LIBOR_PUBLIC_PROXY,2019-05,2.531680952,previous_completed_calendar_month,0.02031680952,0.03531680952,0.0025
2019-06-21,USD_3M_LIBOR_PUBLIC_PROXY,2019-05,2.531680952,previous_completed_calendar_month,0.02031680952,0.03531680952,0.0025
2019-06-24,USD_3M_LIBOR_PUBLIC_PROXY,2019-05,2.531680952,previous_completed_calendar_month,0.02031680952,0.03531680952,0.0025
2019-06-25,USD_3M_LIBOR_PUBLIC_PROXY,2019-05,2.531680952,previous_completed_calendar_month,0.02031680952,0.03531680952,0.0025
2019-06-26,USD_3M_LIBOR_PUBLIC_PROXY,2019-05,2.531680952,previous_completed_calendar_month,0.02031680952,0.03531680952,0.0025
2019-06-27,USD_3M_LIBOR_PUBLIC_PROXY,2019-05,2.531680952,previous_completed_calendar_month,0.02031680952,0.03531680952,0.0025
2019-06-28,USD_3M_LIBOR_PUBLIC_PROXY,2019-05,2.531680952,previous_completed_calendar_month,0.02031680952,0.03531680952,0.0025
2019-07-01,USD_3M_LIBOR_PUBLIC_PROXY,2019-06,2.3974965,previous_completed_calendar_month,0.018974965,0.033974965,0.0025
2019-07-02,USD_3M_LIBOR_PUBLIC_PROXY,2019-06,2.3974965,previous_completed_calendar_month,0.018974965,0.033974965,0.0025
2019-07-03,USD_3M_LIBOR_PUBLIC_PROXY,2019-06,2.3974965,previous_completed_calendar_month,0.018974965,0.033974965,0.0025
2019-07-05,USD_3M_LIBOR_PUBLIC_PROXY,2019-06,2.3974965,previous_completed_calendar_month,0.018974965,0.033974965,0.0025
2019-07-08,USD_3M_LIBOR_PUBLIC_PROXY,2019-06,2.3974965,previous_completed_calendar_month,0.018974965,0.033974965,0.0025
2019-07-09,USD_3M_LIBOR_PUBLIC_PROXY,2019-06,2.3974965,previous_completed_calendar_month,0.018974965,0.033974965,0.0025
2019-07-10,USD_3M_LIBOR_PUBLIC_PROXY,2019-06,2.3974965,previous_completed_calendar_month,0.018974965,0.033974965,0.0025
2019-07-11,USD_3M_LIBOR_PUBLIC_PROXY,2019-06,2.3974965,previous_completed_calendar_month,0.018974965,0.033974965,0.0025
2019-07-12,USD_3M_LIBOR_PUBLIC_PROXY,2019-06,2.3974965,previous_completed_calendar_month,0.018974965,0.033974965,0.0025
2019-07-15,USD_3M_LIBOR_PUBLIC_PROXY,2019-06,2.3974965,previous_completed_calendar_month,0.018974965,0.033974965,0.0025
2019-07-16,USD_3M_LIBOR_PUBLIC_PROXY,2019-06,2.3974965,previous_completed_calendar_month,0.018974965,0.033974965,0.0025
2019-07-17,USD_3M_LIBOR_PUBLIC_PROXY,2019-06,2.3974965,previous_completed_calendar_month,0.018974965,0.033974965,0.0025
2019-07-18,USD_3M_LIBOR_PUBLIC_PROXY,2019-06,2.3974965,previous_completed_calendar_month,0.018974965,0.033974965,0.0025
2019-07-19,USD_3M_LIBOR_PUBLIC_PROXY,2019-06,2.3974965,previous_completed_calendar_month,0.018974965,0.033974965,0.0025
2019-07-22,USD_3M_LIBOR_PUBLIC_PROXY,2019-06,2.3974965,previous_completed_calendar_month,0.018974965,0.033974965,0.0025
2019-07-23,USD_3M_LIBOR_PUBLIC_PROXY,2019-06,2.3974965,previous_completed_calendar_month,0.018974965,0.033974965,0.0025
2019-07-24,USD_3M_LIBOR_PUBLIC_PROXY,2019-06,2.3974965,previous_completed_calendar_month,0.018974965,0.033974965,0.0025
2019-07-25,USD_3M_LIBOR_PUBLIC_PROXY,2019-06,2.3974965,previous_completed_calendar_month,0.018974965,0.033974965,0.0025
2019-07-26,USD_3M_LIBOR_PUBLIC_PROXY,2019-06,2.3974965,previous_completed_calendar_month,0.018974965,0.033974965,0.0025
2019-07-29,USD_3M_LIBOR_PUBLIC_PROXY,2019-06,2.3974965,previous_completed_calendar_month,0.018974965,0.033974965,0.0025
2019-07-30,USD_3M_LIBOR_PUBLIC_PROXY,2019-06,2.3974965,previous_completed_calendar_month,0.018974965,0.033974965,0.0025
2019-07-31,USD_3M_LIBOR_PUBLIC_PROXY,2019-06,2.3974965,previous_completed_calendar_month,0.018974965,0.033974965,0.0025
2019-08-01,USD_3M_LIBOR_PUBLIC_PROXY,2019-07,2.293654348,previous_completed_calendar_month,0.01793654348,0.03293654348,0.0025
2019-08-02,USD_3M_LIBOR_PUBLIC_PROXY,2019-07,2.293654348,previous_completed_calendar_month,0.01793654348,0.03293654348,0.0025
2019-08-05,USD_3M_LIBOR_PUBLIC_PROXY,2019-07,2.293654348,previous_completed_calendar_month,0.01793654348,0.03293654348,0.0025
2019-08-06,USD_3M_LIBOR_PUBLIC_PROXY,2019-07,2.293654348,previous_completed_calendar_month,0.01793654348,0.03293654348,0.0025
2019-08-07,USD_3M_LIBOR_PUBLIC_PROXY,2019-07,2.293654348,previous_completed_calendar_month,0.01793654348,0.03293654348,0.0025
2019-08-08,USD_3M_LIBOR_PUBLIC_PROXY,2019-07,2.293654348,previous_completed_calendar_month,0.01793654348,0.03293654348,0.0025
2019-08-09,USD_3M_LIBOR_PUBLIC_PROXY,2019-07,2.293654348,previous_completed_calendar_month,0.01793654348,0.03293654348,0.0025
2019-08-12,USD_3M_LIBOR_PUBLIC_PROXY,2019-07,2.293654348,previous_completed_calendar_month,0.01793654348,0.03293654348,0.0025
2019-08-13,USD_3M_LIBOR_PUBLIC_PROXY,2019-07,2.293654348,previous_completed_calendar_month,0.01793654348,0.03293654348,0.0025
2019-08-14,USD_3M_LIBOR_PUBLIC_PROXY,2019-07,2.293654348,previous_completed_calendar_month,0.01793654348,0.03293654348,0.0025
2019-08-15,USD_3M_LIBOR_PUBLIC_PROXY,2019-07,2.293654348,previous_completed_calendar_month,0.01793654348,0.03293654348,0.0025
2019-08-16,USD_3M_LIBOR_PUBLIC_PROXY,2019-07,2.293654348,previous_completed_calendar_month,0.01793654348,0.03293654348,0.0025
2019-08-19,USD_3M_LIBOR_PUBLIC_PROXY,2019-07,2.293654348,previous_completed_calendar_month,0.01793654348,0.03293654348,0.0025
2019-08-20,USD_3M_LIBOR_PUBLIC_PROXY,2019-07,2.293654348,previous_completed_calendar_month,0.01793654348,0.03293654348,0.0025
2019-08-21,USD_3M_LIBOR_PUBLIC_PROXY,2019-07,2.293654348,previous_completed_calendar_month,0.01793654348,0.03293654348,0.0025
2019-08-22,USD_3M_LIBOR_PUBLIC_PROXY,2019-07,2.293654348,previous_completed_calendar_month,0.01793654348,0.03293654348,0.0025
2019-08-23,USD_3M_LIBOR_PUBLIC_PROXY,2019-07,2.293654348,previous_completed_calendar_month,0.01793654348,0.03293654348,0.0025
2019-08-26,USD_3M_LIBOR_PUBLIC_PROXY,2019-07,2.293654348,previous_completed_calendar_month,0.01793654348,0.03293654348,0.0025
2019-08-27,USD_3M_LIBOR_PUBLIC_PROXY,2019-07,2.293654348,previous_completed_calendar_month,0.01793654348,0.03293654348,0.0025
2019-08-28,USD_3M_LIBOR_PUBLIC_PROXY,2019-07,2.293654348,previous_completed_calendar_month,0.01793654348,0.03293654348,0.0025
2019-08-29,USD_3M_LIBOR_PUBLIC_PROXY,2019-07,2.293654348,previous_completed_calendar_month,0.01793654348,0.03293654348,0.0025
2019-08-30,USD_3M_LIBOR_PUBLIC_PROXY,2019-07,2.293654348,previous_completed_calendar_month,0.01793654348,0.03293654348,0.0025
2019-09-03,USD_3M_LIBOR_PUBLIC_PROXY,2019-08,2.16479381,previous_completed_calendar_month,0.0166479381,0.0316479381,0.0025
2019-09-04,USD_3M_LIBOR_PUBLIC_PROXY,2019-08,2.16479381,previous_completed_calendar_month,0.0166479381,0.0316479381,0.0025
2019-09-05,USD_3M_LIBOR_PUBLIC_PROXY,2019-08,2.16479381,previous_completed_calendar_month,0.0166479381,0.0316479381,0.0025
2019-09-06,USD_3M_LIBOR_PUBLIC_PROXY,2019-08,2.16479381,previous_completed_calendar_month,0.0166479381,0.0316479381,0.0025
2019-09-09,USD_3M_LIBOR_PUBLIC_PROXY,2019-08,2.16479381,previous_completed_calendar_month,0.0166479381,0.0316479381,0.0025
2019-09-10,USD_3M_LIBOR_PUBLIC_PROXY,2019-08,2.16479381,previous_completed_calendar_month,0.0166479381,0.0316479381,0.0025
2019-09-11,USD_3M_LIBOR_PUBLIC_PROXY,2019-08,2.16479381,previous_completed_calendar_month,0.0166479381,0.0316479381,0.0025
2019-09-12,USD_3M_LIBOR_PUBLIC_PROXY,2019-08,2.16479381,previous_completed_calendar_month,0.0166479381,0.0316479381,0.0025
2019-09-13,USD_3M_LIBOR_PUBLIC_PROXY,2019-08,2.16479381,previous_completed_calendar_month,0.0166479381,0.0316479381,0.0025
2019-09-16,USD_3M_LIBOR_PUBLIC_PROXY,2019-08,2.16479381,previous_completed_calendar_month,0.0166479381,0.0316479381,0.0025
2019-09-17,USD_3M_LIBOR_PUBLIC_PROXY,2019-08,2.16479381,previous_completed_calendar_month,0.0166479381,0.0316479381,0.0025
2019-09-18,USD_3M_LIBOR_PUBLIC_PROXY,2019-08,2.16479381,previous_completed_calendar_month,0.0166479381,0.0316479381,0.0025
2019-09-19,USD_3M_LIBOR_PUBLIC_PROXY,2019-08,2.16479381,previous_completed_calendar_month,0.0166479381,0.0316479381,0.0025
2019-09-20,USD_3M_LIBOR_PUBLIC_PROXY,2019-08,2.16479381,previous_completed_calendar_month,0.0166479381,0.0316479381,0.0025
2019-09-23,USD_3M_LIBOR_PUBLIC_PROXY,2019-08,2.16479381,previous_completed_calendar_month,0.0166479381,0.0316479381,0.0025
2019-09-24,USD_3M_LIBOR_PUBLIC_PROXY,2019-08,2.16479381,previous_completed_calendar_month,0.0166479381,0.0316479381,0.0025
2019-09-25,USD_3M_LIBOR_PUBLIC_PROXY,2019-08,2.16479381,previous_completed_calendar_month,0.0166479381,0.0316479381,0.0025
2019-09-26,USD_3M_LIBOR_PUBLIC_PROXY,2019-08,2.16479381,previous_completed_calendar_month,0.0166479381,0.0316479381,0.0025
2019-09-27,USD_3M_LIBOR_PUBLIC_PROXY,2019-08,2.16479381,previous_completed_calendar_month,0.0166479381,0.0316479381,0.0025
2019-09-30,USD_3M_LIBOR_PUBLIC_PROXY,2019-08,2.16479381,previous_completed_calendar_month,0.0166479381,0.0316479381,0.0025
2019-10-01,USD_3M_LIBOR_PUBLIC_PROXY,2019-09,2.125182381,previous_completed_calendar_month,0.01625182381,0.03125182381,0.0025
2019-10-02,USD_3M_LIBOR_PUBLIC_PROXY,2019-09,2.125182381,previous_completed_calendar_month,0.01625182381,0.03125182381,0.0025
2019-10-03,USD_3M_LIBOR_PUBLIC_PROXY,2019-09,2.125182381,previous_completed_calendar_month,0.01625182381,0.03125182381,0.0025
2019-10-04,USD_3M_LIBOR_PUBLIC_PROXY,2019-09,2.125182381,previous_completed_calendar_month,0.01625182381,0.03125182381,0.0025
2019-10-07,USD_3M_LIBOR_PUBLIC_PROXY,2019-09,2.125182381,previous_completed_calendar_month,0.01625182381,0.03125182381,0.0025
2019-10-08,USD_3M_LIBOR_PUBLIC_PROXY,2019-09,2.125182381,previous_completed_calendar_month,0.01625182381,0.03125182381,0.0025
2019-10-09,USD_3M_LIBOR_PUBLIC_PROXY,2019-09,2.125182381,previous_completed_calendar_month,0.01625182381,0.03125182381,0.0025
2019-10-10,USD_3M_LIBOR_PUBLIC_PROXY,2019-09,2.125182381,previous_completed_calendar_month,0.01625182381,0.03125182381,0.0025
2019-10-11,USD_3M_LIBOR_PUBLIC_PROXY,2019-09,2.125182381,previous_completed_calendar_month,0.01625182381,0.03125182381,0.0025
2019-10-14,USD_3M_LIBOR_PUBLIC_PROXY,2019-09,2.125182381,previous_completed_calendar_month,0.01625182381,0.03125182381,0.0025
2019-10-15,USD_3M_LIBOR_PUBLIC_PROXY,2019-09,2.125182381,previous_completed_calendar_month,0.01625182381,0.03125182381,0.0025
2019-10-16,USD_3M_LIBOR_PUBLIC_PROXY,2019-09,2.125182381,previous_completed_calendar_month,0.01625182381,0.03125182381,0.0025
2019-10-17,USD_3M_LIBOR_PUBLIC_PROXY,2019-09,2.125182381,previous_completed_calendar_month,0.01625182381,0.03125182381,0.0025
2019-10-18,USD_3M_LIBOR_PUBLIC_PROXY,2019-09,2.125182381,previous_completed_calendar_month,0.01625182381,0.03125182381,0.0025
2019-10-21,USD_3M_LIBOR_PUBLIC_PROXY,2019-09,2.125182381,previous_completed_calendar_month,0.01625182381,0.03125182381,0.0025
2019-10-22,USD_3M_LIBOR_PUBLIC_PROXY,2019-09,2.125182381,previous_completed_calendar_month,0.01625182381,0.03125182381,0.0025
2019-10-23,USD_3M_LIBOR_PUBLIC_PROXY,2019-09,2.125182381,previous_completed_calendar_month,0.01625182381,0.03125182381,0.0025
2019-10-24,USD_3M_LIBOR_PUBLIC_PROXY,2019-09,2.125182381,previous_completed_calendar_month,0.01625182381,0.03125182381,0.0025
2019-10-25,USD_3M_LIBOR_PUBLIC_PROXY,2019-09,2.125182381,previous_completed_calendar_month,0.01625182381,0.03125182381,0.0025
2019-10-28,USD_3M_LIBOR_PUBLIC_PROXY,2019-09,2.125182381,previous_completed_calendar_month,0.01625182381,0.03125182381,0.0025
2019-10-29,USD_3M_LIBOR_PUBLIC_PROXY,2019-09,2.125182381,previous_completed_calendar_month,0.01625182381,0.03125182381,0.0025
2019-10-30,USD_3M_LIBOR_PUBLIC_PROXY,2019-09,2.125182381,previous_completed_calendar_month,0.01625182381,0.03125182381,0.0025
2019-10-31,USD_3M_LIBOR_PUBLIC_PROXY,2019-09,2.125182381,previous_completed_calendar_month,0.01625182381,0.03125182381,0.0025
2019-11-01,USD_3M_LIBOR_PUBLIC_PROXY,2019-10,1.977421304,previous_completed_calendar_month,0.01477421304,0.02977421304,0.0025
2019-11-04,USD_3M_LIBOR_PUBLIC_PROXY,2019-10,1.977421304,previous_completed_calendar_month,0.01477421304,0.02977421304,0.0025
2019-11-05,USD_3M_LIBOR_PUBLIC_PROXY,2019-10,1.977421304,previous_completed_calendar_month,0.01477421304,0.02977421304,0.0025
2019-11-06,USD_3M_LIBOR_PUBLIC_PROXY,2019-10,1.977421304,previous_completed_calendar_month,0.01477421304,0.02977421304,0.0025
2019-11-07,USD_3M_LIBOR_PUBLIC_PROXY,2019-10,1.977421304,previous_completed_calendar_month,0.01477421304,0.02977421304,0.0025
2019-11-08,USD_3M_LIBOR_PUBLIC_PROXY,2019-10,1.977421304,previous_completed_calendar_month,0.01477421304,0.02977421304,0.0025
2019-11-11,USD_3M_LIBOR_PUBLIC_PROXY,2019-10,1.977421304,previous_completed_calendar_month,0.01477421304,0.02977421304,0.0025
2019-11-12,USD_3M_LIBOR_PUBLIC_PROXY,2019-10,1.977421304,previous_completed_calendar_month,0.01477421304,0.02977421304,0.0025
2019-11-13,USD_3M_LIBOR_PUBLIC_PROXY,2019-10,1.977421304,previous_completed_calendar_month,0.01477421304,0.02977421304,0.0025
2019-11-14,USD_3M_LIBOR_PUBLIC_PROXY,2019-10,1.977421304,previous_completed_calendar_month,0.01477421304,0.02977421304,0.0025
2019-11-15,USD_3M_LIBOR_PUBLIC_PROXY,2019-10,1.977421304,previous_completed_calendar_month,0.01477421304,0.02977421304,0.0025
2019-11-18,USD_3M_LIBOR_PUBLIC_PROXY,2019-10,1.977421304,previous_completed_calendar_month,0.01477421304,0.02977421304,0.0025
2019-11-19,USD_3M_LIBOR_PUBLIC_PROXY,2019-10,1.977421304,previous_completed_calendar_month,0.01477421304,0.02977421304,0.0025
2019-11-20,USD_3M_LIBOR_PUBLIC_PROXY,2019-10,1.977421304,previous_completed_calendar_month,0.01477421304,0.02977421304,0.0025
2019-11-21,USD_3M_LIBOR_PUBLIC_PROXY,2019-10,1.977421304,previous_completed_calendar_month,0.01477421304,0.02977421304,0.0025
2019-11-22,USD_3M_LIBOR_PUBLIC_PROXY,2019-10,1.977421304,previous_completed_calendar_month,0.01477421304,0.02977421304,0.0025
2019-11-25,USD_3M_LIBOR_PUBLIC_PROXY,2019-10,1.977421304,previous_completed_calendar_month,0.01477421304,0.02977421304,0.0025
2019-11-26,USD_3M_LIBOR_PUBLIC_PROXY,2019-10,1.977421304,previous_completed_calendar_month,0.01477421304,0.02977421304,0.0025
2019-11-27,USD_3M_LIBOR_PUBLIC_PROXY,2019-10,1.977421304,previous_completed_calendar_month,0.01477421304,0.02977421304,0.0025
2019-11-29,USD_3M_LIBOR_PUBLIC_PROXY,2019-10,1.977421304,previous_completed_calendar_month,0.01477421304,0.02977421304,0.0025
2019-12-02,USD_3M_LIBOR_PUBLIC_PROXY,2019-11,1.904811905,previous_completed_calendar_month,0.01404811905,0.02904811905,0.0025
2019-12-03,USD_3M_LIBOR_PUBLIC_PROXY,2019-11,1.904811905,previous_completed_calendar_month,0.01404811905,0.02904811905,0.0025
2019-12-04,USD_3M_LIBOR_PUBLIC_PROXY,2019-11,1.904811905,previous_completed_calendar_month,0.01404811905,0.02904811905,0.0025
2019-12-05,USD_3M_LIBOR_PUBLIC_PROXY,2019-11,1.904811905,previous_completed_calendar_month,0.01404811905,0.02904811905,0.0025
2019-12-06,USD_3M_LIBOR_PUBLIC_PROXY,2019-11,1.904811905,previous_completed_calendar_month,0.01404811905,0.02904811905,0.0025
2019-12-09,USD_3M_LIBOR_PUBLIC_PROXY,2019-11,1.904811905,previous_completed_calendar_month,0.01404811905,0.02904811905,0.0025
2019-12-10,USD_3M_LIBOR_PUBLIC_PROXY,2019-11,1.904811905,previous_completed_calendar_month,0.01404811905,0.02904811905,0.0025
2019-12-11,USD_3M_LIBOR_PUBLIC_PROXY,2019-11,1.904811905,previous_completed_calendar_month,0.01404811905,0.02904811905,0.0025
2019-12-12,USD_3M_LIBOR_PUBLIC_PROXY,2019-11,1.904811905,previous_completed_calendar_month,0.01404811905,0.02904811905,0.0025
2019-12-13,USD_3M_LIBOR_PUBLIC_PROXY,2019-11,1.904811905,previous_completed_calendar_month,0.01404811905,0.02904811905,0.0025
2019-12-16,USD_3M_LIBOR_PUBLIC_PROXY,2019-11,1.904811905,previous_completed_calendar_month,0.01404811905,0.02904811905,0.0025
2019-12-17,USD_3M_LIBOR_PUBLIC_PROXY,2019-11,1.904811905,previous_completed_calendar_month,0.01404811905,0.02904811905,0.0025
2019-12-18,USD_3M_LIBOR_PUBLIC_PROXY,2019-11,1.904811905,previous_completed_calendar_month,0.01404811905,0.02904811905,0.0025
2019-12-19,USD_3M_LIBOR_PUBLIC_PROXY,2019-11,1.904811905,previous_completed_calendar_month,0.01404811905,0.02904811905,0.0025
2019-12-20,USD_3M_LIBOR_PUBLIC_PROXY,2019-11,1.904811905,previous_completed_calendar_month,0.01404811905,0.02904811905,0.0025
2019-12-23,USD_3M_LIBOR_PUBLIC_PROXY,2019-11,1.904811905,previous_completed_calendar_month,0.01404811905,0.02904811905,0.0025
2019-12-24,USD_3M_LIBOR_PUBLIC_PROXY,2019-11,1.904811905,previous_completed_calendar_month,0.01404811905,0.02904811905,0.0025
2019-12-26,USD_3M_LIBOR_PUBLIC_PROXY,2019-11,1.904811905,previous_completed_calendar_month,0.01404811905,0.02904811905,0.0025
2019-12-27,USD_3M_LIBOR_PUBLIC_PROXY,2019-11,1.904811905,previous_completed_calendar_month,0.01404811905,0.02904811905,0.0025
2019-12-30,USD_3M_LIBOR_PUBLIC_PROXY,2019-11,1.904811905,previous_completed_calendar_month,0.01404811905,0.02904811905,0.0025
2019-12-31,USD_3M_LIBOR_PUBLIC_PROXY,2019-11,1.904811905,previous_completed_calendar_month,0.01404811905,0.02904811905,0.0025
2020-01-02,USD_3M_LIBOR_PUBLIC_PROXY,2019-12,1.9075775,previous_completed_calendar_month,0.014075775,0.029075775,0.0025
2020-01-03,USD_3M_LIBOR_PUBLIC_PROXY,2019-12,1.9075775,previous_completed_calendar_month,0.014075775,0.029075775,0.0025
2020-01-06,USD_3M_LIBOR_PUBLIC_PROXY,2019-12,1.9075775,previous_completed_calendar_month,0.014075775,0.029075775,0.0025
2020-01-07,USD_3M_LIBOR_PUBLIC_PROXY,2019-12,1.9075775,previous_completed_calendar_month,0.014075775,0.029075775,0.0025
2020-01-08,USD_3M_LIBOR_PUBLIC_PROXY,2019-12,1.9075775,previous_completed_calendar_month,0.014075775,0.029075775,0.0025
2020-01-09,USD_3M_LIBOR_PUBLIC_PROXY,2019-12,1.9075775,previous_completed_calendar_month,0.014075775,0.029075775,0.0025
2020-01-10,USD_3M_LIBOR_PUBLIC_PROXY,2019-12,1.9075775,previous_completed_calendar_month,0.014075775,0.029075775,0.0025
2020-01-13,USD_3M_LIBOR_PUBLIC_PROXY,2019-12,1.9075775,previous_completed_calendar_month,0.014075775,0.029075775,0.0025
2020-01-14,USD_3M_LIBOR_PUBLIC_PROXY,2019-12,1.9075775,previous_completed_calendar_month,0.014075775,0.029075775,0.0025
2020-01-15,USD_3M_LIBOR_PUBLIC_PROXY,2019-12,1.9075775,previous_completed_calendar_month,0.014075775,0.029075775,0.0025
2020-01-16,USD_3M_LIBOR_PUBLIC_PROXY,2019-12,1.9075775,previous_completed_calendar_month,0.014075775,0.029075775,0.0025
2020-01-17,USD_3M_LIBOR_PUBLIC_PROXY,2019-12,1.9075775,previous_completed_calendar_month,0.014075775,0.029075775,0.0025
2020-01-21,USD_3M_LIBOR_PUBLIC_PROXY,2019-12,1.9075775,previous_completed_calendar_month,0.014075775,0.029075775,0.0025
2020-01-22,USD_3M_LIBOR_PUBLIC_PROXY,2019-12,1.9075775,previous_completed_calendar_month,0.014075775,0.029075775,0.0025
2020-01-23,USD_3M_LIBOR_PUBLIC_PROXY,2019-12,1.9075775,previous_completed_calendar_month,0.014075775,0.029075775,0.0025
2020-01-24,USD_3M_LIBOR_PUBLIC_PROXY,2019-12,1.9075775,previous_completed_calendar_month,0.014075775,0.029075775,0.0025
2020-01-27,USD_3M_LIBOR_PUBLIC_PROXY,2019-12,1.9075775,previous_completed_calendar_month,0.014075775,0.029075775,0.0025
2020-01-28,USD_3M_LIBOR_PUBLIC_PROXY,2019-12,1.9075775,previous_completed_calendar_month,0.014075775,0.029075775,0.0025
2020-01-29,USD_3M_LIBOR_PUBLIC_PROXY,2019-12,1.9075775,previous_completed_calendar_month,0.014075775,0.029075775,0.0025
2020-01-30,USD_3M_LIBOR_PUBLIC_PROXY,2019-12,1.9075775,previous_completed_calendar_month,0.014075775,0.029075775,0.0025
2020-01-31,USD_3M_LIBOR_PUBLIC_PROXY,2019-12,1.9075775,previous_completed_calendar_month,0.014075775,0.029075775,0.0025
2020-02-03,USD_3M_LIBOR_PUBLIC_PROXY,2020-01,1.81973,previous_completed_calendar_month,0.0131973,0.0281973,0.0025
2020-02-04,USD_3M_LIBOR_PUBLIC_PROXY,2020-01,1.81973,previous_completed_calendar_month,0.0131973,0.0281973,0.0025
2020-02-05,USD_3M_LIBOR_PUBLIC_PROXY,2020-01,1.81973,previous_completed_calendar_month,0.0131973,0.0281973,0.0025
2020-02-06,USD_3M_LIBOR_PUBLIC_PROXY,2020-01,1.81973,previous_completed_calendar_month,0.0131973,0.0281973,0.0025
2020-02-07,USD_3M_LIBOR_PUBLIC_PROXY,2020-01,1.81973,previous_completed_calendar_month,0.0131973,0.0281973,0.0025
2020-02-10,USD_3M_LIBOR_PUBLIC_PROXY,2020-01,1.81973,previous_completed_calendar_month,0.0131973,0.0281973,0.0025
2020-02-11,USD_3M_LIBOR_PUBLIC_PROXY,2020-01,1.81973,previous_completed_calendar_month,0.0131973,0.0281973,0.0025
2020-02-12,USD_3M_LIBOR_PUBLIC_PROXY,2020-01,1.81973,previous_completed_calendar_month,0.0131973,0.0281973,0.0025
2020-02-13,USD_3M_LIBOR_PUBLIC_PROXY,2020-01,1.81973,previous_completed_calendar_month,0.0131973,0.0281973,0.0025
2020-02-14,USD_3M_LIBOR_PUBLIC_PROXY,2020-01,1.81973,previous_completed_calendar_month,0.0131973,0.0281973,0.0025
2020-02-18,USD_3M_LIBOR_PUBLIC_PROXY,2020-01,1.81973,previous_completed_calendar_month,0.0131973,0.0281973,0.0025
2020-02-19,USD_3M_LIBOR_PUBLIC_PROXY,2020-01,1.81973,previous_completed_calendar_month,0.0131973,0.0281973,0.0025
2020-02-20,USD_3M_LIBOR_PUBLIC_PROXY,2020-01,1.81973,previous_completed_calendar_month,0.0131973,0.0281973,0.0025
2020-02-21,USD_3M_LIBOR_PUBLIC_PROXY,2020-01,1.81973,previous_completed_calendar_month,0.0131973,0.0281973,0.0025
2020-02-24,USD_3M_LIBOR_PUBLIC_PROXY,2020-01,1.81973,previous_completed_calendar_month,0.0131973,0.0281973,0.0025
2020-02-25,USD_3M_LIBOR_PUBLIC_PROXY,2020-01,1.81973,previous_completed_calendar_month,0.0131973,0.0281973,0.0025
2020-02-26,USD_3M_LIBOR_PUBLIC_PROXY,2020-01,1.81973,previous_completed_calendar_month,0.0131973,0.0281973,0.0025
2020-02-27,USD_3M_LIBOR_PUBLIC_PROXY,2020-01,1.81973,previous_completed_calendar_month,0.0131973,0.0281973,0.0025
2020-02-28,USD_3M_LIBOR_PUBLIC_PROXY,2020-01,1.81973,previous_completed_calendar_month,0.0131973,0.0281973,0.0025
2020-03-02,USD_3M_LIBOR_PUBLIC_PROXY,2020-02,1.678934,previous_completed_calendar_month,0.01178934,0.02678934,0.0025
2020-03-03,USD_3M_LIBOR_PUBLIC_PROXY,2020-02,1.678934,previous_completed_calendar_month,0.01178934,0.02678934,0.0025
2020-03-04,USD_3M_LIBOR_PUBLIC_PROXY,2020-02,1.678934,previous_completed_calendar_month,0.01178934,0.02678934,0.0025
2020-03-05,USD_3M_LIBOR_PUBLIC_PROXY,2020-02,1.678934,previous_completed_calendar_month,0.01178934,0.02678934,0.0025
2020-03-06,USD_3M_LIBOR_PUBLIC_PROXY,2020-02,1.678934,previous_completed_calendar_month,0.01178934,0.02678934,0.0025
2020-03-09,USD_3M_LIBOR_PUBLIC_PROXY,2020-02,1.678934,previous_completed_calendar_month,0.01178934,0.02678934,0.0025
2020-03-10,USD_3M_LIBOR_PUBLIC_PROXY,2020-02,1.678934,previous_completed_calendar_month,0.01178934,0.02678934,0.0025
2020-03-11,USD_3M_LIBOR_PUBLIC_PROXY,2020-02,1.678934,previous_completed_calendar_month,0.01178934,0.02678934,0.0025
2020-03-12,USD_3M_LIBOR_PUBLIC_PROXY,2020-02,1.678934,previous_completed_calendar_month,0.01178934,0.02678934,0.0025
2020-03-13,USD_3M_LIBOR_PUBLIC_PROXY,2020-02,1.678934,previous_completed_calendar_month,0.01178934,0.02678934,0.0025
2020-03-16,USD_3M_LIBOR_PUBLIC_PROXY,2020-02,1.678934,previous_completed_calendar_month,0.01178934,0.02678934,0.0025
2020-03-17,USD_3M_LIBOR_PUBLIC_PROXY,2020-02,1.678934,previous_completed_calendar_month,0.01178934,0.02678934,0.0025
2020-03-18,USD_3M_LIBOR_PUBLIC_PROXY,2020-02,1.678934,previous_completed_calendar_month,0.01178934,0.02678934,0.0025
2020-03-19,USD_3M_LIBOR_PUBLIC_PROXY,2020-02,1.678934,previous_completed_calendar_month,0.01178934,0.02678934,0.0025
2020-03-20,USD_3M_LIBOR_PUBLIC_PROXY,2020-02,1.678934,previous_completed_calendar_month,0.01178934,0.02678934,0.0025
2020-03-23,USD_3M_LIBOR_PUBLIC_PROXY,2020-02,1.678934,previous_completed_calendar_month,0.01178934,0.02678934,0.0025
2020-03-24,USD_3M_LIBOR_PUBLIC_PROXY,2020-02,1.678934,previous_completed_calendar_month,0.01178934,0.02678934,0.0025
2020-03-25,USD_3M_LIBOR_PUBLIC_PROXY,2020-02,1.678934,previous_completed_calendar_month,0.01178934,0.02678934,0.0025
2020-03-26,USD_3M_LIBOR_PUBLIC_PROXY,2020-02,1.678934,previous_completed_calendar_month,0.01178934,0.02678934,0.0025
2020-03-27,USD_3M_LIBOR_PUBLIC_PROXY,2020-02,1.678934,previous_completed_calendar_month,0.01178934,0.02678934,0.0025
2020-03-30,USD_3M_LIBOR_PUBLIC_PROXY,2020-02,1.678934,previous_completed_calendar_month,0.01178934,0.02678934,0.0025
2020-03-31,USD_3M_LIBOR_PUBLIC_PROXY,2020-02,1.678934,previous_completed_calendar_month,0.01178934,0.02678934,0.0025
2020-04-01,USD_3M_LIBOR_PUBLIC_PROXY,2020-03,1.102355455,previous_completed_calendar_month,0.006023554545,0.02102355455,0.0025
2020-04-02,USD_3M_LIBOR_PUBLIC_PROXY,2020-03,1.102355455,previous_completed_calendar_month,0.006023554545,0.02102355455,0.0025
2020-04-03,USD_3M_LIBOR_PUBLIC_PROXY,2020-03,1.102355455,previous_completed_calendar_month,0.006023554545,0.02102355455,0.0025
2020-04-06,USD_3M_LIBOR_PUBLIC_PROXY,2020-03,1.102355455,previous_completed_calendar_month,0.006023554545,0.02102355455,0.0025
2020-04-07,USD_3M_LIBOR_PUBLIC_PROXY,2020-03,1.102355455,previous_completed_calendar_month,0.006023554545,0.02102355455,0.0025
2020-04-08,USD_3M_LIBOR_PUBLIC_PROXY,2020-03,1.102355455,previous_completed_calendar_month,0.006023554545,0.02102355455,0.0025
2020-04-09,USD_3M_LIBOR_PUBLIC_PROXY,2020-03,1.102355455,previous_completed_calendar_month,0.006023554545,0.02102355455,0.0025
2020-04-13,USD_3M_LIBOR_PUBLIC_PROXY,2020-03,1.102355455,previous_completed_calendar_month,0.006023554545,0.02102355455,0.0025
2020-04-14,USD_3M_LIBOR_PUBLIC_PROXY,2020-03,1.102355455,previous_completed_calendar_month,0.006023554545,0.02102355455,0.0025
2020-04-15,USD_3M_LIBOR_PUBLIC_PROXY,2020-03,1.102355455,previous_completed_calendar_month,0.006023554545,0.02102355455,0.0025
2020-04-16,USD_3M_LIBOR_PUBLIC_PROXY,2020-03,1.102355455,previous_completed_calendar_month,0.006023554545,0.02102355455,0.0025
2020-04-17,USD_3M_LIBOR_PUBLIC_PROXY,2020-03,1.102355455,previous_completed_calendar_month,0.006023554545,0.02102355455,0.0025
2020-04-20,USD_3M_LIBOR_PUBLIC_PROXY,2020-03,1.102355455,previous_completed_calendar_month,0.006023554545,0.02102355455,0.0025
2020-04-21,USD_3M_LIBOR_PUBLIC_PROXY,2020-03,1.102355455,previous_completed_calendar_month,0.006023554545,0.02102355455,0.0025
2020-04-22,USD_3M_LIBOR_PUBLIC_PROXY,2020-03,1.102355455,previous_completed_calendar_month,0.006023554545,0.02102355455,0.0025
2020-04-23,USD_3M_LIBOR_PUBLIC_PROXY,2020-03,1.102355455,previous_completed_calendar_month,0.006023554545,0.02102355455,0.0025
2020-04-24,USD_3M_LIBOR_PUBLIC_PROXY,2020-03,1.102355455,previous_completed_calendar_month,0.006023554545,0.02102355455,0.0025
2020-04-27,USD_3M_LIBOR_PUBLIC_PROXY,2020-03,1.102355455,previous_completed_calendar_month,0.006023554545,0.02102355455,0.0025
2020-04-28,USD_3M_LIBOR_PUBLIC_PROXY,2020-03,1.102355455,previous_completed_calendar_month,0.006023554545,0.02102355455,0.0025
2020-04-29,USD_3M_LIBOR_PUBLIC_PROXY,2020-03,1.102355455,previous_completed_calendar_month,0.006023554545,0.02102355455,0.0025
2020-04-30,USD_3M_LIBOR_PUBLIC_PROXY,2020-03,1.102355455,previous_completed_calendar_month,0.006023554545,0.02102355455,0.0025
2020-05-01,USD_3M_LIBOR_PUBLIC_PROXY,2020-04,1.0918845,previous_completed_calendar_month,0.005918845,0.020918845,0.0025
2020-05-04,USD_3M_LIBOR_PUBLIC_PROXY,2020-04,1.0918845,previous_completed_calendar_month,0.005918845,0.020918845,0.0025
2020-05-05,USD_3M_LIBOR_PUBLIC_PROXY,2020-04,1.0918845,previous_completed_calendar_month,0.005918845,0.020918845,0.0025
2020-05-06,USD_3M_LIBOR_PUBLIC_PROXY,2020-04,1.0918845,previous_completed_calendar_month,0.005918845,0.020918845,0.0025
2020-05-07,USD_3M_LIBOR_PUBLIC_PROXY,2020-04,1.0918845,previous_completed_calendar_month,0.005918845,0.020918845,0.0025
2020-05-08,USD_3M_LIBOR_PUBLIC_PROXY,2020-04,1.0918845,previous_completed_calendar_month,0.005918845,0.020918845,0.0025
2020-05-11,USD_3M_LIBOR_PUBLIC_PROXY,2020-04,1.0918845,previous_completed_calendar_month,0.005918845,0.020918845,0.0025
2020-05-12,USD_3M_LIBOR_PUBLIC_PROXY,2020-04,1.0918845,previous_completed_calendar_month,0.005918845,0.020918845,0.0025
2020-05-13,USD_3M_LIBOR_PUBLIC_PROXY,2020-04,1.0918845,previous_completed_calendar_month,0.005918845,0.020918845,0.0025
2020-05-14,USD_3M_LIBOR_PUBLIC_PROXY,2020-04,1.0918845,previous_completed_calendar_month,0.005918845,0.020918845,0.0025
2020-05-15,USD_3M_LIBOR_PUBLIC_PROXY,2020-04,1.0918845,previous_completed_calendar_month,0.005918845,0.020918845,0.0025
2020-05-18,USD_3M_LIBOR_PUBLIC_PROXY,2020-04,1.0918845,previous_completed_calendar_month,0.005918845,0.020918845,0.0025
2020-05-19,USD_3M_LIBOR_PUBLIC_PROXY,2020-04,1.0918845,previous_completed_calendar_month,0.005918845,0.020918845,0.0025
2020-05-20,USD_3M_LIBOR_PUBLIC_PROXY,2020-04,1.0918845,previous_completed_calendar_month,0.005918845,0.020918845,0.0025
2020-05-21,USD_3M_LIBOR_PUBLIC_PROXY,2020-04,1.0918845,previous_completed_calendar_month,0.005918845,0.020918845,0.0025
2020-05-22,USD_3M_LIBOR_PUBLIC_PROXY,2020-04,1.0918845,previous_completed_calendar_month,0.005918845,0.020918845,0.0025
2020-05-26,USD_3M_LIBOR_PUBLIC_PROXY,2020-04,1.0918845,previous_completed_calendar_month,0.005918845,0.020918845,0.0025
2020-05-27,USD_3M_LIBOR_PUBLIC_PROXY,2020-04,1.0918845,previous_completed_calendar_month,0.005918845,0.020918845,0.0025
2020-05-28,USD_3M_LIBOR_PUBLIC_PROXY,2020-04,1.0918845,previous_completed_calendar_month,0.005918845,0.020918845,0.0025
2020-05-29,USD_3M_LIBOR_PUBLIC_PROXY,2020-04,1.0918845,previous_completed_calendar_month,0.005918845,0.020918845,0.0025
2020-06-01,USD_3M_LIBOR_PUBLIC_PROXY,2020-05,0.4019395,previous_completed_calendar_month,-0.000980605,0.014019395,0.0025
2020-06-02,USD_3M_LIBOR_PUBLIC_PROXY,2020-05,0.4019395,previous_completed_calendar_month,-0.000980605,0.014019395,0.0025
2020-06-03,USD_3M_LIBOR_PUBLIC_PROXY,2020-05,0.4019395,previous_completed_calendar_month,-0.000980605,0.014019395,0.0025
2020-06-04,USD_3M_LIBOR_PUBLIC_PROXY,2020-05,0.4019395,previous_completed_calendar_month,-0.000980605,0.014019395,0.0025
2020-06-05,USD_3M_LIBOR_PUBLIC_PROXY,2020-05,0.4019395,previous_completed_calendar_month,-0.000980605,0.014019395,0.0025
2020-06-08,USD_3M_LIBOR_PUBLIC_PROXY,2020-05,0.4019395,previous_completed_calendar_month,-0.000980605,0.014019395,0.0025
2020-06-09,USD_3M_LIBOR_PUBLIC_PROXY,2020-05,0.4019395,previous_completed_calendar_month,-0.000980605,0.014019395,0.0025
2020-06-10,USD_3M_LIBOR_PUBLIC_PROXY,2020-05,0.4019395,previous_completed_calendar_month,-0.000980605,0.014019395,0.0025
2020-06-11,USD_3M_LIBOR_PUBLIC_PROXY,2020-05,0.4019395,previous_completed_calendar_month,-0.000980605,0.014019395,0.0025
2020-06-12,USD_3M_LIBOR_PUBLIC_PROXY,2020-05,0.4019395,previous_completed_calendar_month,-0.000980605,0.014019395,0.0025
2020-06-15,USD_3M_LIBOR_PUBLIC_PROXY,2020-05,0.4019395,previous_completed_calendar_month,-0.000980605,0.014019395,0.0025
2020-06-16,USD_3M_LIBOR_PUBLIC_PROXY,2020-05,0.4019395,previous_completed_calendar_month,-0.000980605,0.014019395,0.0025
2020-06-17,USD_3M_LIBOR_PUBLIC_PROXY,2020-05,0.4019395,previous_completed_calendar_month,-0.000980605,0.014019395,0.0025
2020-06-18,USD_3M_LIBOR_PUBLIC_PROXY,2020-05,0.4019395,previous_completed_calendar_month,-0.000980605,0.014019395,0.0025
2020-06-19,USD_3M_LIBOR_PUBLIC_PROXY,2020-05,0.4019395,previous_completed_calendar_month,-0.000980605,0.014019395,0.0025
2020-06-22,USD_3M_LIBOR_PUBLIC_PROXY,2020-05,0.4019395,previous_completed_calendar_month,-0.000980605,0.014019395,0.0025
2020-06-23,USD_3M_LIBOR_PUBLIC_PROXY,2020-05,0.4019395,previous_completed_calendar_month,-0.000980605,0.014019395,0.0025
2020-06-24,USD_3M_LIBOR_PUBLIC_PROXY,2020-05,0.4019395,previous_completed_calendar_month,-0.000980605,0.014019395,0.0025
2020-06-25,USD_3M_LIBOR_PUBLIC_PROXY,2020-05,0.4019395,previous_completed_calendar_month,-0.000980605,0.014019395,0.0025
2020-06-26,USD_3M_LIBOR_PUBLIC_PROXY,2020-05,0.4019395,previous_completed_calendar_month,-0.000980605,0.014019395,0.0025
2020-06-29,USD_3M_LIBOR_PUBLIC_PROXY,2020-05,0.4019395,previous_completed_calendar_month,-0.000980605,0.014019395,0.0025
2020-06-30,USD_3M_LIBOR_PUBLIC_PROXY,2020-05,0.4019395,previous_completed_calendar_month,-0.000980605,0.014019395,0.0025
2020-07-01,USD_3M_LIBOR_PUBLIC_PROXY,2020-06,0.3102590909,previous_completed_calendar_month,-0.001897409091,0.01310259091,0.0025
2020-07-02,USD_3M_LIBOR_PUBLIC_PROXY,2020-06,0.3102590909,previous_completed_calendar_month,-0.001897409091,0.01310259091,0.0025
2020-07-06,USD_3M_LIBOR_PUBLIC_PROXY,2020-06,0.3102590909,previous_completed_calendar_month,-0.001897409091,0.01310259091,0.0025
2020-07-07,USD_3M_LIBOR_PUBLIC_PROXY,2020-06,0.3102590909,previous_completed_calendar_month,-0.001897409091,0.01310259091,0.0025
2020-07-08,USD_3M_LIBOR_PUBLIC_PROXY,2020-06,0.3102590909,previous_completed_calendar_month,-0.001897409091,0.01310259091,0.0025
2020-07-09,USD_3M_LIBOR_PUBLIC_PROXY,2020-06,0.3102590909,previous_completed_calendar_month,-0.001897409091,0.01310259091,0.0025
2020-07-10,USD_3M_LIBOR_PUBLIC_PROXY,2020-06,0.3102590909,previous_completed_calendar_month,-0.001897409091,0.01310259091,0.0025
2020-07-13,USD_3M_LIBOR_PUBLIC_PROXY,2020-06,0.3102590909,previous_completed_calendar_month,-0.001897409091,0.01310259091,0.0025
2020-07-14,USD_3M_LIBOR_PUBLIC_PROXY,2020-06,0.3102590909,previous_completed_calendar_month,-0.001897409091,0.01310259091,0.0025
2020-07-15,USD_3M_LIBOR_PUBLIC_PROXY,2020-06,0.3102590909,previous_completed_calendar_month,-0.001897409091,0.01310259091,0.0025
2020-07-16,USD_3M_LIBOR_PUBLIC_PROXY,2020-06,0.3102590909,previous_completed_calendar_month,-0.001897409091,0.01310259091,0.0025
2020-07-17,USD_3M_LIBOR_PUBLIC_PROXY,2020-06,0.3102590909,previous_completed_calendar_month,-0.001897409091,0.01310259091,0.0025
2020-07-20,USD_3M_LIBOR_PUBLIC_PROXY,2020-06,0.3102590909,previous_completed_calendar_month,-0.001897409091,0.01310259091,0.0025
2020-07-21,USD_3M_LIBOR_PUBLIC_PROXY,2020-06,0.3102590909,previous_completed_calendar_month,-0.001897409091,0.01310259091,0.0025
2020-07-22,USD_3M_LIBOR_PUBLIC_PROXY,2020-06,0.3102590909,previous_completed_calendar_month,-0.001897409091,0.01310259091,0.0025
2020-07-23,USD_3M_LIBOR_PUBLIC_PROXY,2020-06,0.3102590909,previous_completed_calendar_month,-0.001897409091,0.01310259091,0.0025
2020-07-24,USD_3M_LIBOR_PUBLIC_PROXY,2020-06,0.3102590909,previous_completed_calendar_month,-0.001897409091,0.01310259091,0.0025
2020-07-27,USD_3M_LIBOR_PUBLIC_PROXY,2020-06,0.3102590909,previous_completed_calendar_month,-0.001897409091,0.01310259091,0.0025
2020-07-28,USD_3M_LIBOR_PUBLIC_PROXY,2020-06,0.3102590909,previous_completed_calendar_month,-0.001897409091,0.01310259091,0.0025
2020-07-29,USD_3M_LIBOR_PUBLIC_PROXY,2020-06,0.3102590909,previous_completed_calendar_month,-0.001897409091,0.01310259091,0.0025
2020-07-30,USD_3M_LIBOR_PUBLIC_PROXY,2020-06,0.3102590909,previous_completed_calendar_month,-0.001897409091,0.01310259091,0.0025
2020-07-31,USD_3M_LIBOR_PUBLIC_PROXY,2020-06,0.3102590909,previous_completed_calendar_month,-0.001897409091,0.01310259091,0.0025
2020-08-03,USD_3M_LIBOR_PUBLIC_PROXY,2020-07,0.2677573913,previous_completed_calendar_month,-0.002322426087,0.01267757391,0.0025
2020-08-04,USD_3M_LIBOR_PUBLIC_PROXY,2020-07,0.2677573913,previous_completed_calendar_month,-0.002322426087,0.01267757391,0.0025
2020-08-05,USD_3M_LIBOR_PUBLIC_PROXY,2020-07,0.2677573913,previous_completed_calendar_month,-0.002322426087,0.01267757391,0.0025
2020-08-06,USD_3M_LIBOR_PUBLIC_PROXY,2020-07,0.2677573913,previous_completed_calendar_month,-0.002322426087,0.01267757391,0.0025
2020-08-07,USD_3M_LIBOR_PUBLIC_PROXY,2020-07,0.2677573913,previous_completed_calendar_month,-0.002322426087,0.01267757391,0.0025
2020-08-10,USD_3M_LIBOR_PUBLIC_PROXY,2020-07,0.2677573913,previous_completed_calendar_month,-0.002322426087,0.01267757391,0.0025
2020-08-11,USD_3M_LIBOR_PUBLIC_PROXY,2020-07,0.2677573913,previous_completed_calendar_month,-0.002322426087,0.01267757391,0.0025
2020-08-12,USD_3M_LIBOR_PUBLIC_PROXY,2020-07,0.2677573913,previous_completed_calendar_month,-0.002322426087,0.01267757391,0.0025
2020-08-13,USD_3M_LIBOR_PUBLIC_PROXY,2020-07,0.2677573913,previous_completed_calendar_month,-0.002322426087,0.01267757391,0.0025
2020-08-14,USD_3M_LIBOR_PUBLIC_PROXY,2020-07,0.2677573913,previous_completed_calendar_month,-0.002322426087,0.01267757391,0.0025
2020-08-17,USD_3M_LIBOR_PUBLIC_PROXY,2020-07,0.2677573913,previous_completed_calendar_month,-0.002322426087,0.01267757391,0.0025
2020-08-18,USD_3M_LIBOR_PUBLIC_PROXY,2020-07,0.2677573913,previous_completed_calendar_month,-0.002322426087,0.01267757391,0.0025
2020-08-19,USD_3M_LIBOR_PUBLIC_PROXY,2020-07,0.2677573913,previous_completed_calendar_month,-0.002322426087,0.01267757391,0.0025
2020-08-20,USD_3M_LIBOR_PUBLIC_PROXY,2020-07,0.2677573913,previous_completed_calendar_month,-0.002322426087,0.01267757391,0.0025
2020-08-21,USD_3M_LIBOR_PUBLIC_PROXY,2020-07,0.2677573913,previous_completed_calendar_month,-0.002322426087,0.01267757391,0.0025
2020-08-24,USD_3M_LIBOR_PUBLIC_PROXY,2020-07,0.2677573913,previous_completed_calendar_month,-0.002322426087,0.01267757391,0.0025
2020-08-25,USD_3M_LIBOR_PUBLIC_PROXY,2020-07,0.2677573913,previous_completed_calendar_month,-0.002322426087,0.01267757391,0.0025
2020-08-26,USD_3M_LIBOR_PUBLIC_PROXY,2020-07,0.2677573913,previous_completed_calendar_month,-0.002322426087,0.01267757391,0.0025
2020-08-27,USD_3M_LIBOR_PUBLIC_PROXY,2020-07,0.2677573913,previous_completed_calendar_month,-0.002322426087,0.01267757391,0.0025
2020-08-28,USD_3M_LIBOR_PUBLIC_PROXY,2020-07,0.2677573913,previous_completed_calendar_month,-0.002322426087,0.01267757391,0.0025
2020-08-31,USD_3M_LIBOR_PUBLIC_PROXY,2020-07,0.2677573913,previous_completed_calendar_month,-0.002322426087,0.01267757391,0.0025
2020-09-01,USD_3M_LIBOR_PUBLIC_PROXY,2020-08,0.2527695238,previous_completed_calendar_month,-0.002472304762,0.01252769524,0.0025
2020-09-02,USD_3M_LIBOR_PUBLIC_PROXY,2020-08,0.2527695238,previous_completed_calendar_month,-0.002472304762,0.01252769524,0.0025
2020-09-03,USD_3M_LIBOR_PUBLIC_PROXY,2020-08,0.2527695238,previous_completed_calendar_month,-0.002472304762,0.01252769524,0.0025
2020-09-04,USD_3M_LIBOR_PUBLIC_PROXY,2020-08,0.2527695238,previous_completed_calendar_month,-0.002472304762,0.01252769524,0.0025
2020-09-08,USD_3M_LIBOR_PUBLIC_PROXY,2020-08,0.2527695238,previous_completed_calendar_month,-0.002472304762,0.01252769524,0.0025
2020-09-09,USD_3M_LIBOR_PUBLIC_PROXY,2020-08,0.2527695238,previous_completed_calendar_month,-0.002472304762,0.01252769524,0.0025
2020-09-10,USD_3M_LIBOR_PUBLIC_PROXY,2020-08,0.2527695238,previous_completed_calendar_month,-0.002472304762,0.01252769524,0.0025
2020-09-11,USD_3M_LIBOR_PUBLIC_PROXY,2020-08,0.2527695238,previous_completed_calendar_month,-0.002472304762,0.01252769524,0.0025
2020-09-14,USD_3M_LIBOR_PUBLIC_PROXY,2020-08,0.2527695238,previous_completed_calendar_month,-0.002472304762,0.01252769524,0.0025
2020-09-15,USD_3M_LIBOR_PUBLIC_PROXY,2020-08,0.2527695238,previous_completed_calendar_month,-0.002472304762,0.01252769524,0.0025
2020-09-16,USD_3M_LIBOR_PUBLIC_PROXY,2020-08,0.2527695238,previous_completed_calendar_month,-0.002472304762,0.01252769524,0.0025
2020-09-17,USD_3M_LIBOR_PUBLIC_PROXY,2020-08,0.2527695238,previous_completed_calendar_month,-0.002472304762,0.01252769524,0.0025
2020-09-18,USD_3M_LIBOR_PUBLIC_PROXY,2020-08,0.2527695238,previous_completed_calendar_month,-0.002472304762,0.01252769524,0.0025
2020-09-21,USD_3M_LIBOR_PUBLIC_PROXY,2020-08,0.2527695238,previous_completed_calendar_month,-0.002472304762,0.01252769524,0.0025
2020-09-22,USD_3M_LIBOR_PUBLIC_PROXY,2020-08,0.2527695238,previous_completed_calendar_month,-0.002472304762,0.01252769524,0.0025
2020-09-23,USD_3M_LIBOR_PUBLIC_PROXY,2020-08,0.2527695238,previous_completed_calendar_month,-0.002472304762,0.01252769524,0.0025
2020-09-24,USD_3M_LIBOR_PUBLIC_PROXY,2020-08,0.2527695238,previous_completed_calendar_month,-0.002472304762,0.01252769524,0.0025
2020-09-25,USD_3M_LIBOR_PUBLIC_PROXY,2020-08,0.2527695238,previous_completed_calendar_month,-0.002472304762,0.01252769524,0.0025
2020-09-28,USD_3M_LIBOR_PUBLIC_PROXY,2020-08,0.2527695238,previous_completed_calendar_month,-0.002472304762,0.01252769524,0.0025
2020-09-29,USD_3M_LIBOR_PUBLIC_PROXY,2020-08,0.2527695238,previous_completed_calendar_month,-0.002472304762,0.01252769524,0.0025
2020-09-30,USD_3M_LIBOR_PUBLIC_PROXY,2020-08,0.2527695238,previous_completed_calendar_month,-0.002472304762,0.01252769524,0.0025
2020-10-01,USD_3M_LIBOR_PUBLIC_PROXY,2020-09,0.2368886364,previous_completed_calendar_month,-0.002631113636,0.01236888636,0.0025
2020-10-02,USD_3M_LIBOR_PUBLIC_PROXY,2020-09,0.2368886364,previous_completed_calendar_month,-0.002631113636,0.01236888636,0.0025
2020-10-05,USD_3M_LIBOR_PUBLIC_PROXY,2020-09,0.2368886364,previous_completed_calendar_month,-0.002631113636,0.01236888636,0.0025
2020-10-06,USD_3M_LIBOR_PUBLIC_PROXY,2020-09,0.2368886364,previous_completed_calendar_month,-0.002631113636,0.01236888636,0.0025
2020-10-07,USD_3M_LIBOR_PUBLIC_PROXY,2020-09,0.2368886364,previous_completed_calendar_month,-0.002631113636,0.01236888636,0.0025
2020-10-08,USD_3M_LIBOR_PUBLIC_PROXY,2020-09,0.2368886364,previous_completed_calendar_month,-0.002631113636,0.01236888636,0.0025
2020-10-09,USD_3M_LIBOR_PUBLIC_PROXY,2020-09,0.2368886364,previous_completed_calendar_month,-0.002631113636,0.01236888636,0.0025
2020-10-12,USD_3M_LIBOR_PUBLIC_PROXY,2020-09,0.2368886364,previous_completed_calendar_month,-0.002631113636,0.01236888636,0.0025
2020-10-13,USD_3M_LIBOR_PUBLIC_PROXY,2020-09,0.2368886364,previous_completed_calendar_month,-0.002631113636,0.01236888636,0.0025
2020-10-14,USD_3M_LIBOR_PUBLIC_PROXY,2020-09,0.2368886364,previous_completed_calendar_month,-0.002631113636,0.01236888636,0.0025
2020-10-15,USD_3M_LIBOR_PUBLIC_PROXY,2020-09,0.2368886364,previous_completed_calendar_month,-0.002631113636,0.01236888636,0.0025
2020-10-16,USD_3M_LIBOR_PUBLIC_PROXY,2020-09,0.2368886364,previous_completed_calendar_month,-0.002631113636,0.01236888636,0.0025
2020-10-19,USD_3M_LIBOR_PUBLIC_PROXY,2020-09,0.2368886364,previous_completed_calendar_month,-0.002631113636,0.01236888636,0.0025
2020-10-20,USD_3M_LIBOR_PUBLIC_PROXY,2020-09,0.2368886364,previous_completed_calendar_month,-0.002631113636,0.01236888636,0.0025
2020-10-21,USD_3M_LIBOR_PUBLIC_PROXY,2020-09,0.2368886364,previous_completed_calendar_month,-0.002631113636,0.01236888636,0.0025
2020-10-22,USD_3M_LIBOR_PUBLIC_PROXY,2020-09,0.2368886364,previous_completed_calendar_month,-0.002631113636,0.01236888636,0.0025
2020-10-23,USD_3M_LIBOR_PUBLIC_PROXY,2020-09,0.2368886364,previous_completed_calendar_month,-0.002631113636,0.01236888636,0.0025
2020-10-26,USD_3M_LIBOR_PUBLIC_PROXY,2020-09,0.2368886364,previous_completed_calendar_month,-0.002631113636,0.01236888636,0.0025
2020-10-27,USD_3M_LIBOR_PUBLIC_PROXY,2020-09,0.2368886364,previous_completed_calendar_month,-0.002631113636,0.01236888636,0.0025
2020-10-28,USD_3M_LIBOR_PUBLIC_PROXY,2020-09,0.2368886364,previous_completed_calendar_month,-0.002631113636,0.01236888636,0.0025
2020-10-29,USD_3M_LIBOR_PUBLIC_PROXY,2020-09,0.2368886364,previous_completed_calendar_month,-0.002631113636,0.01236888636,0.0025
2020-10-30,USD_3M_LIBOR_PUBLIC_PROXY,2020-09,0.2368886364,previous_completed_calendar_month,-0.002631113636,0.01236888636,0.0025
2020-11-02,USD_3M_LIBOR_PUBLIC_PROXY,2020-10,0.2212918182,previous_completed_calendar_month,-0.002787081818,0.01221291818,0.0025
2020-11-03,USD_3M_LIBOR_PUBLIC_PROXY,2020-10,0.2212918182,previous_completed_calendar_month,-0.002787081818,0.01221291818,0.0025
2020-11-04,USD_3M_LIBOR_PUBLIC_PROXY,2020-10,0.2212918182,previous_completed_calendar_month,-0.002787081818,0.01221291818,0.0025
2020-11-05,USD_3M_LIBOR_PUBLIC_PROXY,2020-10,0.2212918182,previous_completed_calendar_month,-0.002787081818,0.01221291818,0.0025
2020-11-06,USD_3M_LIBOR_PUBLIC_PROXY,2020-10,0.2212918182,previous_completed_calendar_month,-0.002787081818,0.01221291818,0.0025
2020-11-09,USD_3M_LIBOR_PUBLIC_PROXY,2020-10,0.2212918182,previous_completed_calendar_month,-0.002787081818,0.01221291818,0.0025
2020-11-10,USD_3M_LIBOR_PUBLIC_PROXY,2020-10,0.2212918182,previous_completed_calendar_month,-0.002787081818,0.01221291818,0.0025
2020-11-11,USD_3M_LIBOR_PUBLIC_PROXY,2020-10,0.2212918182,previous_completed_calendar_month,-0.002787081818,0.01221291818,0.0025
2020-11-12,USD_3M_LIBOR_PUBLIC_PROXY,2020-10,0.2212918182,previous_completed_calendar_month,-0.002787081818,0.01221291818,0.0025
2020-11-13,USD_3M_LIBOR_PUBLIC_PROXY,2020-10,0.2212918182,previous_completed_calendar_month,-0.002787081818,0.01221291818,0.0025
2020-11-16,USD_3M_LIBOR_PUBLIC_PROXY,2020-10,0.2212918182,previous_completed_calendar_month,-0.002787081818,0.01221291818,0.0025
2020-11-17,USD_3M_LIBOR_PUBLIC_PROXY,2020-10,0.2212918182,previous_completed_calendar_month,-0.002787081818,0.01221291818,0.0025
2020-11-18,USD_3M_LIBOR_PUBLIC_PROXY,2020-10,0.2212918182,previous_completed_calendar_month,-0.002787081818,0.01221291818,0.0025
2020-11-19,USD_3M_LIBOR_PUBLIC_PROXY,2020-10,0.2212918182,previous_completed_calendar_month,-0.002787081818,0.01221291818,0.0025
2020-11-20,USD_3M_LIBOR_PUBLIC_PROXY,2020-10,0.2212918182,previous_completed_calendar_month,-0.002787081818,0.01221291818,0.0025
2020-11-23,USD_3M_LIBOR_PUBLIC_PROXY,2020-10,0.2212918182,previous_completed_calendar_month,-0.002787081818,0.01221291818,0.0025
2020-11-24,USD_3M_LIBOR_PUBLIC_PROXY,2020-10,0.2212918182,previous_completed_calendar_month,-0.002787081818,0.01221291818,0.0025
2020-11-25,USD_3M_LIBOR_PUBLIC_PROXY,2020-10,0.2212918182,previous_completed_calendar_month,-0.002787081818,0.01221291818,0.0025
2020-11-27,USD_3M_LIBOR_PUBLIC_PROXY,2020-10,0.2212918182,previous_completed_calendar_month,-0.002787081818,0.01221291818,0.0025
2020-11-30,USD_3M_LIBOR_PUBLIC_PROXY,2020-10,0.2212918182,previous_completed_calendar_month,-0.002787081818,0.01221291818,0.0025
2020-12-01,USD_3M_LIBOR_PUBLIC_PROXY,2020-11,0.220002381,previous_completed_calendar_month,-0.00279997619,0.01220002381,0.0025
2020-12-02,USD_3M_LIBOR_PUBLIC_PROXY,2020-11,0.220002381,previous_completed_calendar_month,-0.00279997619,0.01220002381,0.0025
2020-12-03,USD_3M_LIBOR_PUBLIC_PROXY,2020-11,0.220002381,previous_completed_calendar_month,-0.00279997619,0.01220002381,0.0025
2020-12-04,USD_3M_LIBOR_PUBLIC_PROXY,2020-11,0.220002381,previous_completed_calendar_month,-0.00279997619,0.01220002381,0.0025
2020-12-07,USD_3M_LIBOR_PUBLIC_PROXY,2020-11,0.220002381,previous_completed_calendar_month,-0.00279997619,0.01220002381,0.0025
2020-12-08,USD_3M_LIBOR_PUBLIC_PROXY,2020-11,0.220002381,previous_completed_calendar_month,-0.00279997619,0.01220002381,0.0025
2020-12-09,USD_3M_LIBOR_PUBLIC_PROXY,2020-11,0.220002381,previous_completed_calendar_month,-0.00279997619,0.01220002381,0.0025
2020-12-10,USD_3M_LIBOR_PUBLIC_PROXY,2020-11,0.220002381,previous_completed_calendar_month,-0.00279997619,0.01220002381,0.0025
2020-12-11,USD_3M_LIBOR_PUBLIC_PROXY,2020-11,0.220002381,previous_completed_calendar_month,-0.00279997619,0.01220002381,0.0025
2020-12-14,USD_3M_LIBOR_PUBLIC_PROXY,2020-11,0.220002381,previous_completed_calendar_month,-0.00279997619,0.01220002381,0.0025
2020-12-15,USD_3M_LIBOR_PUBLIC_PROXY,2020-11,0.220002381,previous_completed_calendar_month,-0.00279997619,0.01220002381,0.0025
2020-12-16,USD_3M_LIBOR_PUBLIC_PROXY,2020-11,0.220002381,previous_completed_calendar_month,-0.00279997619,0.01220002381,0.0025
2020-12-17,USD_3M_LIBOR_PUBLIC_PROXY,2020-11,0.220002381,previous_completed_calendar_month,-0.00279997619,0.01220002381,0.0025
2020-12-18,USD_3M_LIBOR_PUBLIC_PROXY,2020-11,0.220002381,previous_completed_calendar_month,-0.00279997619,0.01220002381,0.0025
2020-12-21,USD_3M_LIBOR_PUBLIC_PROXY,2020-11,0.220002381,previous_completed_calendar_month,-0.00279997619,0.01220002381,0.0025
2020-12-22,USD_3M_LIBOR_PUBLIC_PROXY,2020-11,0.220002381,previous_completed_calendar_month,-0.00279997619,0.01220002381,0.0025
2020-12-23,USD_3M_LIBOR_PUBLIC_PROXY,2020-11,0.220002381,previous_completed_calendar_month,-0.00279997619,0.01220002381,0.0025
2020-12-24,USD_3M_LIBOR_PUBLIC_PROXY,2020-11,0.220002381,previous_completed_calendar_month,-0.00279997619,0.01220002381,0.0025
2020-12-28,USD_3M_LIBOR_PUBLIC_PROXY,2020-11,0.220002381,previous_completed_calendar_month,-0.00279997619,0.01220002381,0.0025
2020-12-29,USD_3M_LIBOR_PUBLIC_PROXY,2020-11,0.220002381,previous_completed_calendar_month,-0.00279997619,0.01220002381,0.0025
2020-12-30,USD_3M_LIBOR_PUBLIC_PROXY,2020-11,0.220002381,previous_completed_calendar_month,-0.00279997619,0.01220002381,0.0025
2020-12-31,USD_3M_LIBOR_PUBLIC_PROXY,2020-11,0.220002381,previous_completed_calendar_month,-0.00279997619,0.01220002381,0.0025
2021-01-04,USD_3M_LIBOR_PUBLIC_PROXY,2020-12,0.234583913,previous_completed_calendar_month,-0.00265416087,0.01234583913,0.0025
2021-01-05,USD_3M_LIBOR_PUBLIC_PROXY,2020-12,0.234583913,previous_completed_calendar_month,-0.00265416087,0.01234583913,0.0025
2021-01-06,USD_3M_LIBOR_PUBLIC_PROXY,2020-12,0.234583913,previous_completed_calendar_month,-0.00265416087,0.01234583913,0.0025
2021-01-07,USD_3M_LIBOR_PUBLIC_PROXY,2020-12,0.234583913,previous_completed_calendar_month,-0.00265416087,0.01234583913,0.0025
2021-01-08,USD_3M_LIBOR_PUBLIC_PROXY,2020-12,0.234583913,previous_completed_calendar_month,-0.00265416087,0.01234583913,0.0025
2021-01-11,USD_3M_LIBOR_PUBLIC_PROXY,2020-12,0.234583913,previous_completed_calendar_month,-0.00265416087,0.01234583913,0.0025
2021-01-12,USD_3M_LIBOR_PUBLIC_PROXY,2020-12,0.234583913,previous_completed_calendar_month,-0.00265416087,0.01234583913,0.0025
2021-01-13,USD_3M_LIBOR_PUBLIC_PROXY,2020-12,0.234583913,previous_completed_calendar_month,-0.00265416087,0.01234583913,0.0025
2021-01-14,USD_3M_LIBOR_PUBLIC_PROXY,2020-12,0.234583913,previous_completed_calendar_month,-0.00265416087,0.01234583913,0.0025
2021-01-15,USD_3M_LIBOR_PUBLIC_PROXY,2020-12,0.234583913,previous_completed_calendar_month,-0.00265416087,0.01234583913,0.0025
2021-01-19,USD_3M_LIBOR_PUBLIC_PROXY,2020-12,0.234583913,previous_completed_calendar_month,-0.00265416087,0.01234583913,0.0025
2021-01-20,USD_3M_LIBOR_PUBLIC_PROXY,2020-12,0.234583913,previous_completed_calendar_month,-0.00265416087,0.01234583913,0.0025
2021-01-21,USD_3M_LIBOR_PUBLIC_PROXY,2020-12,0.234583913,previous_completed_calendar_month,-0.00265416087,0.01234583913,0.0025
2021-01-22,USD_3M_LIBOR_PUBLIC_PROXY,2020-12,0.234583913,previous_completed_calendar_month,-0.00265416087,0.01234583913,0.0025
2021-01-25,USD_3M_LIBOR_PUBLIC_PROXY,2020-12,0.234583913,previous_completed_calendar_month,-0.00265416087,0.01234583913,0.0025
2021-01-26,USD_3M_LIBOR_PUBLIC_PROXY,2020-12,0.234583913,previous_completed_calendar_month,-0.00265416087,0.01234583913,0.0025
2021-01-27,USD_3M_LIBOR_PUBLIC_PROXY,2020-12,0.234583913,previous_completed_calendar_month,-0.00265416087,0.01234583913,0.0025
2021-01-28,USD_3M_LIBOR_PUBLIC_PROXY,2020-12,0.234583913,previous_completed_calendar_month,-0.00265416087,0.01234583913,0.0025
2021-01-29,USD_3M_LIBOR_PUBLIC_PROXY,2020-12,0.234583913,previous_completed_calendar_month,-0.00265416087,0.01234583913,0.0025
2021-02-01,USD_3M_LIBOR_PUBLIC_PROXY,2021-01,0.2236209524,previous_completed_calendar_month,-0.002763790476,0.01223620952,0.0025
2021-02-02,USD_3M_LIBOR_PUBLIC_PROXY,2021-01,0.2236209524,previous_completed_calendar_month,-0.002763790476,0.01223620952,0.0025
2021-02-03,USD_3M_LIBOR_PUBLIC_PROXY,2021-01,0.2236209524,previous_completed_calendar_month,-0.002763790476,0.01223620952,0.0025
2021-02-04,USD_3M_LIBOR_PUBLIC_PROXY,2021-01,0.2236209524,previous_completed_calendar_month,-0.002763790476,0.01223620952,0.0025
2021-02-05,USD_3M_LIBOR_PUBLIC_PROXY,2021-01,0.2236209524,previous_completed_calendar_month,-0.002763790476,0.01223620952,0.0025
2021-02-08,USD_3M_LIBOR_PUBLIC_PROXY,2021-01,0.2236209524,previous_completed_calendar_month,-0.002763790476,0.01223620952,0.0025
2021-02-09,USD_3M_LIBOR_PUBLIC_PROXY,2021-01,0.2236209524,previous_completed_calendar_month,-0.002763790476,0.01223620952,0.0025
2021-02-10,USD_3M_LIBOR_PUBLIC_PROXY,2021-01,0.2236209524,previous_completed_calendar_month,-0.002763790476,0.01223620952,0.0025
2021-02-11,USD_3M_LIBOR_PUBLIC_PROXY,2021-01,0.2236209524,previous_completed_calendar_month,-0.002763790476,0.01223620952,0.0025
2021-02-12,USD_3M_LIBOR_PUBLIC_PROXY,2021-01,0.2236209524,previous_completed_calendar_month,-0.002763790476,0.01223620952,0.0025
2021-02-16,USD_3M_LIBOR_PUBLIC_PROXY,2021-01,0.2236209524,previous_completed_calendar_month,-0.002763790476,0.01223620952,0.0025
2021-02-17,USD_3M_LIBOR_PUBLIC_PROXY,2021-01,0.2236209524,previous_completed_calendar_month,-0.002763790476,0.01223620952,0.0025
2021-02-18,USD_3M_LIBOR_PUBLIC_PROXY,2021-01,0.2236209524,previous_completed_calendar_month,-0.002763790476,0.01223620952,0.0025
2021-02-19,USD_3M_LIBOR_PUBLIC_PROXY,2021-01,0.2236209524,previous_completed_calendar_month,-0.002763790476,0.01223620952,0.0025
2021-02-22,USD_3M_LIBOR_PUBLIC_PROXY,2021-01,0.2236209524,previous_completed_calendar_month,-0.002763790476,0.01223620952,0.0025
2021-02-23,USD_3M_LIBOR_PUBLIC_PROXY,2021-01,0.2236209524,previous_completed_calendar_month,-0.002763790476,0.01223620952,0.0025
2021-02-24,USD_3M_LIBOR_PUBLIC_PROXY,2021-01,0.2236209524,previous_completed_calendar_month,-0.002763790476,0.01223620952,0.0025
2021-02-25,USD_3M_LIBOR_PUBLIC_PROXY,2021-01,0.2236209524,previous_completed_calendar_month,-0.002763790476,0.01223620952,0.0025
2021-02-26,USD_3M_LIBOR_PUBLIC_PROXY,2021-01,0.2236209524,previous_completed_calendar_month,-0.002763790476,0.01223620952,0.0025
2021-03-01,USD_3M_LIBOR_PUBLIC_PROXY,2021-02,0.190365,previous_completed_calendar_month,-0.00309635,0.01190365,0.0025
2021-03-02,USD_3M_LIBOR_PUBLIC_PROXY,2021-02,0.190365,previous_completed_calendar_month,-0.00309635,0.01190365,0.0025
2021-03-03,USD_3M_LIBOR_PUBLIC_PROXY,2021-02,0.190365,previous_completed_calendar_month,-0.00309635,0.01190365,0.0025
2021-03-04,USD_3M_LIBOR_PUBLIC_PROXY,2021-02,0.190365,previous_completed_calendar_month,-0.00309635,0.01190365,0.0025
2021-03-05,USD_3M_LIBOR_PUBLIC_PROXY,2021-02,0.190365,previous_completed_calendar_month,-0.00309635,0.01190365,0.0025
2021-03-08,USD_3M_LIBOR_PUBLIC_PROXY,2021-02,0.190365,previous_completed_calendar_month,-0.00309635,0.01190365,0.0025
2021-03-09,USD_3M_LIBOR_PUBLIC_PROXY,2021-02,0.190365,previous_completed_calendar_month,-0.00309635,0.01190365,0.0025
2021-03-10,USD_3M_LIBOR_PUBLIC_PROXY,2021-02,0.190365,previous_completed_calendar_month,-0.00309635,0.01190365,0.0025
2021-03-11,USD_3M_LIBOR_PUBLIC_PROXY,2021-02,0.190365,previous_completed_calendar_month,-0.00309635,0.01190365,0.0025
2021-03-12,USD_3M_LIBOR_PUBLIC_PROXY,2021-02,0.190365,previous_completed_calendar_month,-0.00309635,0.01190365,0.0025
2021-03-15,USD_3M_LIBOR_PUBLIC_PROXY,2021-02,0.190365,previous_completed_calendar_month,-0.00309635,0.01190365,0.0025
2021-03-16,USD_3M_LIBOR_PUBLIC_PROXY,2021-02,0.190365,previous_completed_calendar_month,-0.00309635,0.01190365,0.0025
2021-03-17,USD_3M_LIBOR_PUBLIC_PROXY,2021-02,0.190365,previous_completed_calendar_month,-0.00309635,0.01190365,0.0025
2021-03-18,USD_3M_LIBOR_PUBLIC_PROXY,2021-02,0.190365,previous_completed_calendar_month,-0.00309635,0.01190365,0.0025
2021-03-19,USD_3M_LIBOR_PUBLIC_PROXY,2021-02,0.190365,previous_completed_calendar_month,-0.00309635,0.01190365,0.0025
2021-03-22,USD_3M_LIBOR_PUBLIC_PROXY,2021-02,0.190365,previous_completed_calendar_month,-0.00309635,0.01190365,0.0025
2021-03-23,USD_3M_LIBOR_PUBLIC_PROXY,2021-02,0.190365,previous_completed_calendar_month,-0.00309635,0.01190365,0.0025
2021-03-24,USD_3M_LIBOR_PUBLIC_PROXY,2021-02,0.190365,previous_completed_calendar_month,-0.00309635,0.01190365,0.0025
2021-03-25,USD_3M_LIBOR_PUBLIC_PROXY,2021-02,0.190365,previous_completed_calendar_month,-0.00309635,0.01190365,0.0025
2021-03-26,USD_3M_LIBOR_PUBLIC_PROXY,2021-02,0.190365,previous_completed_calendar_month,-0.00309635,0.01190365,0.0025
2021-03-29,USD_3M_LIBOR_PUBLIC_PROXY,2021-02,0.190365,previous_completed_calendar_month,-0.00309635,0.01190365,0.0025
2021-03-30,USD_3M_LIBOR_PUBLIC_PROXY,2021-02,0.190365,previous_completed_calendar_month,-0.00309635,0.01190365,0.0025
2021-03-31,USD_3M_LIBOR_PUBLIC_PROXY,2021-02,0.190365,previous_completed_calendar_month,-0.00309635,0.01190365,0.0025
2021-04-01,USD_3M_LIBOR_PUBLIC_PROXY,2021-03,0.1896217391,previous_completed_calendar_month,-0.003103782609,0.01189621739,0.0025
2021-04-05,USD_3M_LIBOR_PUBLIC_PROXY,2021-03,0.1896217391,previous_completed_calendar_month,-0.003103782609,0.01189621739,0.0025
2021-04-06,USD_3M_LIBOR_PUBLIC_PROXY,2021-03,0.1896217391,previous_completed_calendar_month,-0.003103782609,0.01189621739,0.0025
2021-04-07,USD_3M_LIBOR_PUBLIC_PROXY,2021-03,0.1896217391,previous_completed_calendar_month,-0.003103782609,0.01189621739,0.0025
2021-04-08,USD_3M_LIBOR_PUBLIC_PROXY,2021-03,0.1896217391,previous_completed_calendar_month,-0.003103782609,0.01189621739,0.0025
2021-04-09,USD_3M_LIBOR_PUBLIC_PROXY,2021-03,0.1896217391,previous_completed_calendar_month,-0.003103782609,0.01189621739,0.0025
2021-04-12,USD_3M_LIBOR_PUBLIC_PROXY,2021-03,0.1896217391,previous_completed_calendar_month,-0.003103782609,0.01189621739,0.0025
2021-04-13,USD_3M_LIBOR_PUBLIC_PROXY,2021-03,0.1896217391,previous_completed_calendar_month,-0.003103782609,0.01189621739,0.0025
2021-04-14,USD_3M_LIBOR_PUBLIC_PROXY,2021-03,0.1896217391,previous_completed_calendar_month,-0.003103782609,0.01189621739,0.0025
2021-04-15,USD_3M_LIBOR_PUBLIC_PROXY,2021-03,0.1896217391,previous_completed_calendar_month,-0.003103782609,0.01189621739,0.0025
2021-04-16,USD_3M_LIBOR_PUBLIC_PROXY,2021-03,0.1896217391,previous_completed_calendar_month,-0.003103782609,0.01189621739,0.0025
2021-04-19,USD_3M_LIBOR_PUBLIC_PROXY,2021-03,0.1896217391,previous_completed_calendar_month,-0.003103782609,0.01189621739,0.0025
2021-04-20,USD_3M_LIBOR_PUBLIC_PROXY,2021-03,0.1896217391,previous_completed_calendar_month,-0.003103782609,0.01189621739,0.0025
2021-04-21,USD_3M_LIBOR_PUBLIC_PROXY,2021-03,0.1896217391,previous_completed_calendar_month,-0.003103782609,0.01189621739,0.0025
2021-04-22,USD_3M_LIBOR_PUBLIC_PROXY,2021-03,0.1896217391,previous_completed_calendar_month,-0.003103782609,0.01189621739,0.0025
2021-04-23,USD_3M_LIBOR_PUBLIC_PROXY,2021-03,0.1896217391,previous_completed_calendar_month,-0.003103782609,0.01189621739,0.0025
2021-04-26,USD_3M_LIBOR_PUBLIC_PROXY,2021-03,0.1896217391,previous_completed_calendar_month,-0.003103782609,0.01189621739,0.0025
2021-04-27,USD_3M_LIBOR_PUBLIC_PROXY,2021-03,0.1896217391,previous_completed_calendar_month,-0.003103782609,0.01189621739,0.0025
2021-04-28,USD_3M_LIBOR_PUBLIC_PROXY,2021-03,0.1896217391,previous_completed_calendar_month,-0.003103782609,0.01189621739,0.0025
2021-04-29,USD_3M_LIBOR_PUBLIC_PROXY,2021-03,0.1896217391,previous_completed_calendar_month,-0.003103782609,0.01189621739,0.0025
2021-04-30,USD_3M_LIBOR_PUBLIC_PROXY,2021-03,0.1896217391,previous_completed_calendar_month,-0.003103782609,0.01189621739,0.0025
2021-05-03,USD_3M_LIBOR_PUBLIC_PROXY,2021-04,0.1852280952,previous_completed_calendar_month,-0.003147719048,0.01185228095,0.0025
2021-05-04,USD_3M_LIBOR_PUBLIC_PROXY,2021-04,0.1852280952,previous_completed_calendar_month,-0.003147719048,0.01185228095,0.0025
2021-05-05,USD_3M_LIBOR_PUBLIC_PROXY,2021-04,0.1852280952,previous_completed_calendar_month,-0.003147719048,0.01185228095,0.0025
2021-05-06,USD_3M_LIBOR_PUBLIC_PROXY,2021-04,0.1852280952,previous_completed_calendar_month,-0.003147719048,0.01185228095,0.0025
2021-05-07,USD_3M_LIBOR_PUBLIC_PROXY,2021-04,0.1852280952,previous_completed_calendar_month,-0.003147719048,0.01185228095,0.0025
2021-05-10,USD_3M_LIBOR_PUBLIC_PROXY,2021-04,0.1852280952,previous_completed_calendar_month,-0.003147719048,0.01185228095,0.0025
2021-05-11,USD_3M_LIBOR_PUBLIC_PROXY,2021-04,0.1852280952,previous_completed_calendar_month,-0.003147719048,0.01185228095,0.0025
2021-05-12,USD_3M_LIBOR_PUBLIC_PROXY,2021-04,0.1852280952,previous_completed_calendar_month,-0.003147719048,0.01185228095,0.0025
2021-05-13,USD_3M_LIBOR_PUBLIC_PROXY,2021-04,0.1852280952,previous_completed_calendar_month,-0.003147719048,0.01185228095,0.0025
2021-05-14,USD_3M_LIBOR_PUBLIC_PROXY,2021-04,0.1852280952,previous_completed_calendar_month,-0.003147719048,0.01185228095,0.0025
2021-05-17,USD_3M_LIBOR_PUBLIC_PROXY,2021-04,0.1852280952,previous_completed_calendar_month,-0.003147719048,0.01185228095,0.0025
2021-05-18,USD_3M_LIBOR_PUBLIC_PROXY,2021-04,0.1852280952,previous_completed_calendar_month,-0.003147719048,0.01185228095,0.0025
2021-05-19,USD_3M_LIBOR_PUBLIC_PROXY,2021-04,0.1852280952,previous_completed_calendar_month,-0.003147719048,0.01185228095,0.0025
2021-05-20,USD_3M_LIBOR_PUBLIC_PROXY,2021-04,0.1852280952,previous_completed_calendar_month,-0.003147719048,0.01185228095,0.0025
2021-05-21,USD_3M_LIBOR_PUBLIC_PROXY,2021-04,0.1852280952,previous_completed_calendar_month,-0.003147719048,0.01185228095,0.0025
2021-05-24,USD_3M_LIBOR_PUBLIC_PROXY,2021-04,0.1852280952,previous_completed_calendar_month,-0.003147719048,0.01185228095,0.0025
2021-05-25,USD_3M_LIBOR_PUBLIC_PROXY,2021-04,0.1852280952,previous_completed_calendar_month,-0.003147719048,0.01185228095,0.0025
2021-05-26,USD_3M_LIBOR_PUBLIC_PROXY,2021-04,0.1852280952,previous_completed_calendar_month,-0.003147719048,0.01185228095,0.0025
2021-05-27,USD_3M_LIBOR_PUBLIC_PROXY,2021-04,0.1852280952,previous_completed_calendar_month,-0.003147719048,0.01185228095,0.0025
2021-05-28,USD_3M_LIBOR_PUBLIC_PROXY,2021-04,0.1852280952,previous_completed_calendar_month,-0.003147719048,0.01185228095,0.0025
2021-06-01,USD_3M_LIBOR_PUBLIC_PROXY,2021-05,0.1524733333,previous_completed_calendar_month,-0.003475266667,0.01152473333,0.0025
2021-06-02,USD_3M_LIBOR_PUBLIC_PROXY,2021-05,0.1524733333,previous_completed_calendar_month,-0.003475266667,0.01152473333,0.0025
2021-06-03,USD_3M_LIBOR_PUBLIC_PROXY,2021-05,0.1524733333,previous_completed_calendar_month,-0.003475266667,0.01152473333,0.0025
2021-06-04,USD_3M_LIBOR_PUBLIC_PROXY,2021-05,0.1524733333,previous_completed_calendar_month,-0.003475266667,0.01152473333,0.0025
2021-06-07,USD_3M_LIBOR_PUBLIC_PROXY,2021-05,0.1524733333,previous_completed_calendar_month,-0.003475266667,0.01152473333,0.0025
2021-06-08,USD_3M_LIBOR_PUBLIC_PROXY,2021-05,0.1524733333,previous_completed_calendar_month,-0.003475266667,0.01152473333,0.0025
2021-06-09,USD_3M_LIBOR_PUBLIC_PROXY,2021-05,0.1524733333,previous_completed_calendar_month,-0.003475266667,0.01152473333,0.0025
2021-06-10,USD_3M_LIBOR_PUBLIC_PROXY,2021-05,0.1524733333,previous_completed_calendar_month,-0.003475266667,0.01152473333,0.0025
2021-06-11,USD_3M_LIBOR_PUBLIC_PROXY,2021-05,0.1524733333,previous_completed_calendar_month,-0.003475266667,0.01152473333,0.0025
2021-06-14,USD_3M_LIBOR_PUBLIC_PROXY,2021-05,0.1524733333,previous_completed_calendar_month,-0.003475266667,0.01152473333,0.0025
2021-06-15,USD_3M_LIBOR_PUBLIC_PROXY,2021-05,0.1524733333,previous_completed_calendar_month,-0.003475266667,0.01152473333,0.0025
2021-06-16,USD_3M_LIBOR_PUBLIC_PROXY,2021-05,0.1524733333,previous_completed_calendar_month,-0.003475266667,0.01152473333,0.0025
2021-06-17,USD_3M_LIBOR_PUBLIC_PROXY,2021-05,0.1524733333,previous_completed_calendar_month,-0.003475266667,0.01152473333,0.0025
2021-06-18,USD_3M_LIBOR_PUBLIC_PROXY,2021-05,0.1524733333,previous_completed_calendar_month,-0.003475266667,0.01152473333,0.0025
2021-06-21,USD_3M_LIBOR_PUBLIC_PROXY,2021-05,0.1524733333,previous_completed_calendar_month,-0.003475266667,0.01152473333,0.0025
2021-06-22,USD_3M_LIBOR_PUBLIC_PROXY,2021-05,0.1524733333,previous_completed_calendar_month,-0.003475266667,0.01152473333,0.0025
2021-06-23,USD_3M_LIBOR_PUBLIC_PROXY,2021-05,0.1524733333,previous_completed_calendar_month,-0.003475266667,0.01152473333,0.0025
2021-06-24,USD_3M_LIBOR_PUBLIC_PROXY,2021-05,0.1524733333,previous_completed_calendar_month,-0.003475266667,0.01152473333,0.0025
2021-06-25,USD_3M_LIBOR_PUBLIC_PROXY,2021-05,0.1524733333,previous_completed_calendar_month,-0.003475266667,0.01152473333,0.0025
2021-06-28,USD_3M_LIBOR_PUBLIC_PROXY,2021-05,0.1524733333,previous_completed_calendar_month,-0.003475266667,0.01152473333,0.0025
2021-06-29,USD_3M_LIBOR_PUBLIC_PROXY,2021-05,0.1524733333,previous_completed_calendar_month,-0.003475266667,0.01152473333,0.0025
2021-06-30,USD_3M_LIBOR_PUBLIC_PROXY,2021-05,0.1524733333,previous_completed_calendar_month,-0.003475266667,0.01152473333,0.0025
2021-07-01,USD_3M_LIBOR_PUBLIC_PROXY,2021-06,0.1327568182,previous_completed_calendar_month,-0.003672431818,0.01132756818,0.0025
2021-07-02,USD_3M_LIBOR_PUBLIC_PROXY,2021-06,0.1327568182,previous_completed_calendar_month,-0.003672431818,0.01132756818,0.0025
2021-07-06,USD_3M_LIBOR_PUBLIC_PROXY,2021-06,0.1327568182,previous_completed_calendar_month,-0.003672431818,0.01132756818,0.0025
2021-07-07,USD_3M_LIBOR_PUBLIC_PROXY,2021-06,0.1327568182,previous_completed_calendar_month,-0.003672431818,0.01132756818,0.0025
2021-07-08,USD_3M_LIBOR_PUBLIC_PROXY,2021-06,0.1327568182,previous_completed_calendar_month,-0.003672431818,0.01132756818,0.0025
2021-07-09,USD_3M_LIBOR_PUBLIC_PROXY,2021-06,0.1327568182,previous_completed_calendar_month,-0.003672431818,0.01132756818,0.0025
2021-07-12,USD_3M_LIBOR_PUBLIC_PROXY,2021-06,0.1327568182,previous_completed_calendar_month,-0.003672431818,0.01132756818,0.0025
2021-07-13,USD_3M_LIBOR_PUBLIC_PROXY,2021-06,0.1327568182,previous_completed_calendar_month,-0.003672431818,0.01132756818,0.0025
2021-07-14,USD_3M_LIBOR_PUBLIC_PROXY,2021-06,0.1327568182,previous_completed_calendar_month,-0.003672431818,0.01132756818,0.0025
2021-07-15,USD_3M_LIBOR_PUBLIC_PROXY,2021-06,0.1327568182,previous_completed_calendar_month,-0.003672431818,0.01132756818,0.0025
2021-07-16,USD_3M_LIBOR_PUBLIC_PROXY,2021-06,0.1327568182,previous_completed_calendar_month,-0.003672431818,0.01132756818,0.0025
2021-07-19,USD_3M_LIBOR_PUBLIC_PROXY,2021-06,0.1327568182,previous_completed_calendar_month,-0.003672431818,0.01132756818,0.0025
2021-07-20,USD_3M_LIBOR_PUBLIC_PROXY,2021-06,0.1327568182,previous_completed_calendar_month,-0.003672431818,0.01132756818,0.0025
2021-07-21,USD_3M_LIBOR_PUBLIC_PROXY,2021-06,0.1327568182,previous_completed_calendar_month,-0.003672431818,0.01132756818,0.0025
2021-07-22,USD_3M_LIBOR_PUBLIC_PROXY,2021-06,0.1327568182,previous_completed_calendar_month,-0.003672431818,0.01132756818,0.0025
2021-07-23,USD_3M_LIBOR_PUBLIC_PROXY,2021-06,0.1327568182,previous_completed_calendar_month,-0.003672431818,0.01132756818,0.0025
2021-07-26,USD_3M_LIBOR_PUBLIC_PROXY,2021-06,0.1327568182,previous_completed_calendar_month,-0.003672431818,0.01132756818,0.0025
2021-07-27,USD_3M_LIBOR_PUBLIC_PROXY,2021-06,0.1327568182,previous_completed_calendar_month,-0.003672431818,0.01132756818,0.0025
2021-07-28,USD_3M_LIBOR_PUBLIC_PROXY,2021-06,0.1327568182,previous_completed_calendar_month,-0.003672431818,0.01132756818,0.0025
2021-07-29,USD_3M_LIBOR_PUBLIC_PROXY,2021-06,0.1327568182,previous_completed_calendar_month,-0.003672431818,0.01132756818,0.0025
2021-07-30,USD_3M_LIBOR_PUBLIC_PROXY,2021-06,0.1327568182,previous_completed_calendar_month,-0.003672431818,0.01132756818,0.0025
2021-08-02,USD_3M_LIBOR_PUBLIC_PROXY,2021-07,0.1308322727,previous_completed_calendar_month,-0.003691677273,0.01130832273,0.0025
2021-08-03,USD_3M_LIBOR_PUBLIC_PROXY,2021-07,0.1308322727,previous_completed_calendar_month,-0.003691677273,0.01130832273,0.0025
2021-08-04,USD_3M_LIBOR_PUBLIC_PROXY,2021-07,0.1308322727,previous_completed_calendar_month,-0.003691677273,0.01130832273,0.0025
2021-08-05,USD_3M_LIBOR_PUBLIC_PROXY,2021-07,0.1308322727,previous_completed_calendar_month,-0.003691677273,0.01130832273,0.0025
2021-08-06,USD_3M_LIBOR_PUBLIC_PROXY,2021-07,0.1308322727,previous_completed_calendar_month,-0.003691677273,0.01130832273,0.0025
2021-08-09,USD_3M_LIBOR_PUBLIC_PROXY,2021-07,0.1308322727,previous_completed_calendar_month,-0.003691677273,0.01130832273,0.0025
2021-08-10,USD_3M_LIBOR_PUBLIC_PROXY,2021-07,0.1308322727,previous_completed_calendar_month,-0.003691677273,0.01130832273,0.0025
2021-08-11,USD_3M_LIBOR_PUBLIC_PROXY,2021-07,0.1308322727,previous_completed_calendar_month,-0.003691677273,0.01130832273,0.0025
2021-08-12,USD_3M_LIBOR_PUBLIC_PROXY,2021-07,0.1308322727,previous_completed_calendar_month,-0.003691677273,0.01130832273,0.0025
2021-08-13,USD_3M_LIBOR_PUBLIC_PROXY,2021-07,0.1308322727,previous_completed_calendar_month,-0.003691677273,0.01130832273,0.0025
2021-08-16,USD_3M_LIBOR_PUBLIC_PROXY,2021-07,0.1308322727,previous_completed_calendar_month,-0.003691677273,0.01130832273,0.0025
2021-08-17,USD_3M_LIBOR_PUBLIC_PROXY,2021-07,0.1308322727,previous_completed_calendar_month,-0.003691677273,0.01130832273,0.0025
2021-08-18,USD_3M_LIBOR_PUBLIC_PROXY,2021-07,0.1308322727,previous_completed_calendar_month,-0.003691677273,0.01130832273,0.0025
2021-08-19,USD_3M_LIBOR_PUBLIC_PROXY,2021-07,0.1308322727,previous_completed_calendar_month,-0.003691677273,0.01130832273,0.0025
2021-08-20,USD_3M_LIBOR_PUBLIC_PROXY,2021-07,0.1308322727,previous_completed_calendar_month,-0.003691677273,0.01130832273,0.0025
2021-08-23,USD_3M_LIBOR_PUBLIC_PROXY,2021-07,0.1308322727,previous_completed_calendar_month,-0.003691677273,0.01130832273,0.0025
2021-08-24,USD_3M_LIBOR_PUBLIC_PROXY,2021-07,0.1308322727,previous_completed_calendar_month,-0.003691677273,0.01130832273,0.0025
2021-08-25,USD_3M_LIBOR_PUBLIC_PROXY,2021-07,0.1308322727,previous_completed_calendar_month,-0.003691677273,0.01130832273,0.0025
2021-08-26,USD_3M_LIBOR_PUBLIC_PROXY,2021-07,0.1308322727,previous_completed_calendar_month,-0.003691677273,0.01130832273,0.0025
2021-08-27,USD_3M_LIBOR_PUBLIC_PROXY,2021-07,0.1308322727,previous_completed_calendar_month,-0.003691677273,0.01130832273,0.0025
2021-08-30,USD_3M_LIBOR_PUBLIC_PROXY,2021-07,0.1308322727,previous_completed_calendar_month,-0.003691677273,0.01130832273,0.0025
2021-08-31,USD_3M_LIBOR_PUBLIC_PROXY,2021-07,0.1308322727,previous_completed_calendar_month,-0.003691677273,0.01130832273,0.0025
2021-09-01,USD_3M_LIBOR_PUBLIC_PROXY,2021-08,0.1244731818,previous_completed_calendar_month,-0.003755268182,0.01124473182,0.0025
2021-09-02,USD_3M_LIBOR_PUBLIC_PROXY,2021-08,0.1244731818,previous_completed_calendar_month,-0.003755268182,0.01124473182,0.0025
2021-09-03,USD_3M_LIBOR_PUBLIC_PROXY,2021-08,0.1244731818,previous_completed_calendar_month,-0.003755268182,0.01124473182,0.0025
2021-09-07,USD_3M_LIBOR_PUBLIC_PROXY,2021-08,0.1244731818,previous_completed_calendar_month,-0.003755268182,0.01124473182,0.0025
2021-09-08,USD_3M_LIBOR_PUBLIC_PROXY,2021-08,0.1244731818,previous_completed_calendar_month,-0.003755268182,0.01124473182,0.0025
2021-09-09,USD_3M_LIBOR_PUBLIC_PROXY,2021-08,0.1244731818,previous_completed_calendar_month,-0.003755268182,0.01124473182,0.0025
2021-09-10,USD_3M_LIBOR_PUBLIC_PROXY,2021-08,0.1244731818,previous_completed_calendar_month,-0.003755268182,0.01124473182,0.0025
2021-09-13,USD_3M_LIBOR_PUBLIC_PROXY,2021-08,0.1244731818,previous_completed_calendar_month,-0.003755268182,0.01124473182,0.0025
2021-09-14,USD_3M_LIBOR_PUBLIC_PROXY,2021-08,0.1244731818,previous_completed_calendar_month,-0.003755268182,0.01124473182,0.0025
2021-09-15,USD_3M_LIBOR_PUBLIC_PROXY,2021-08,0.1244731818,previous_completed_calendar_month,-0.003755268182,0.01124473182,0.0025
2021-09-16,USD_3M_LIBOR_PUBLIC_PROXY,2021-08,0.1244731818,previous_completed_calendar_month,-0.003755268182,0.01124473182,0.0025
2021-09-17,USD_3M_LIBOR_PUBLIC_PROXY,2021-08,0.1244731818,previous_completed_calendar_month,-0.003755268182,0.01124473182,0.0025
2021-09-20,USD_3M_LIBOR_PUBLIC_PROXY,2021-08,0.1244731818,previous_completed_calendar_month,-0.003755268182,0.01124473182,0.0025
2021-09-21,USD_3M_LIBOR_PUBLIC_PROXY,2021-08,0.1244731818,previous_completed_calendar_month,-0.003755268182,0.01124473182,0.0025
2021-09-22,USD_3M_LIBOR_PUBLIC_PROXY,2021-08,0.1244731818,previous_completed_calendar_month,-0.003755268182,0.01124473182,0.0025
2021-09-23,USD_3M_LIBOR_PUBLIC_PROXY,2021-08,0.1244731818,previous_completed_calendar_month,-0.003755268182,0.01124473182,0.0025
2021-09-24,USD_3M_LIBOR_PUBLIC_PROXY,2021-08,0.1244731818,previous_completed_calendar_month,-0.003755268182,0.01124473182,0.0025
2021-09-27,USD_3M_LIBOR_PUBLIC_PROXY,2021-08,0.1244731818,previous_completed_calendar_month,-0.003755268182,0.01124473182,0.0025
2021-09-28,USD_3M_LIBOR_PUBLIC_PROXY,2021-08,0.1244731818,previous_completed_calendar_month,-0.003755268182,0.01124473182,0.0025
2021-09-29,USD_3M_LIBOR_PUBLIC_PROXY,2021-08,0.1244731818,previous_completed_calendar_month,-0.003755268182,0.01124473182,0.0025
2021-09-30,USD_3M_LIBOR_PUBLIC_PROXY,2021-08,0.1244731818,previous_completed_calendar_month,-0.003755268182,0.01124473182,0.0025
2021-10-01,USD_3M_LIBOR_PUBLIC_PROXY,2021-09,0.1227236364,previous_completed_calendar_month,-0.003772763636,0.01122723636,0.0025
2021-10-04,USD_3M_LIBOR_PUBLIC_PROXY,2021-09,0.1227236364,previous_completed_calendar_month,-0.003772763636,0.01122723636,0.0025
2021-10-05,USD_3M_LIBOR_PUBLIC_PROXY,2021-09,0.1227236364,previous_completed_calendar_month,-0.003772763636,0.01122723636,0.0025
2021-10-06,USD_3M_LIBOR_PUBLIC_PROXY,2021-09,0.1227236364,previous_completed_calendar_month,-0.003772763636,0.01122723636,0.0025
2021-10-07,USD_3M_LIBOR_PUBLIC_PROXY,2021-09,0.1227236364,previous_completed_calendar_month,-0.003772763636,0.01122723636,0.0025
2021-10-08,USD_3M_LIBOR_PUBLIC_PROXY,2021-09,0.1227236364,previous_completed_calendar_month,-0.003772763636,0.01122723636,0.0025
2021-10-11,USD_3M_LIBOR_PUBLIC_PROXY,2021-09,0.1227236364,previous_completed_calendar_month,-0.003772763636,0.01122723636,0.0025
2021-10-12,USD_3M_LIBOR_PUBLIC_PROXY,2021-09,0.1227236364,previous_completed_calendar_month,-0.003772763636,0.01122723636,0.0025
2021-10-13,USD_3M_LIBOR_PUBLIC_PROXY,2021-09,0.1227236364,previous_completed_calendar_month,-0.003772763636,0.01122723636,0.0025
2021-10-14,USD_3M_LIBOR_PUBLIC_PROXY,2021-09,0.1227236364,previous_completed_calendar_month,-0.003772763636,0.01122723636,0.0025
2021-10-15,USD_3M_LIBOR_PUBLIC_PROXY,2021-09,0.1227236364,previous_completed_calendar_month,-0.003772763636,0.01122723636,0.0025
2021-10-18,USD_3M_LIBOR_PUBLIC_PROXY,2021-09,0.1227236364,previous_completed_calendar_month,-0.003772763636,0.01122723636,0.0025
2021-10-19,USD_3M_LIBOR_PUBLIC_PROXY,2021-09,0.1227236364,previous_completed_calendar_month,-0.003772763636,0.01122723636,0.0025
2021-10-20,USD_3M_LIBOR_PUBLIC_PROXY,2021-09,0.1227236364,previous_completed_calendar_month,-0.003772763636,0.01122723636,0.0025
2021-10-21,USD_3M_LIBOR_PUBLIC_PROXY,2021-09,0.1227236364,previous_completed_calendar_month,-0.003772763636,0.01122723636,0.0025
2021-10-22,USD_3M_LIBOR_PUBLIC_PROXY,2021-09,0.1227236364,previous_completed_calendar_month,-0.003772763636,0.01122723636,0.0025
2021-10-25,USD_3M_LIBOR_PUBLIC_PROXY,2021-09,0.1227236364,previous_completed_calendar_month,-0.003772763636,0.01122723636,0.0025
2021-10-26,USD_3M_LIBOR_PUBLIC_PROXY,2021-09,0.1227236364,previous_completed_calendar_month,-0.003772763636,0.01122723636,0.0025
2021-10-27,USD_3M_LIBOR_PUBLIC_PROXY,2021-09,0.1227236364,previous_completed_calendar_month,-0.003772763636,0.01122723636,0.0025
2021-10-28,USD_3M_LIBOR_PUBLIC_PROXY,2021-09,0.1227236364,previous_completed_calendar_month,-0.003772763636,0.01122723636,0.0025
2021-10-29,USD_3M_LIBOR_PUBLIC_PROXY,2021-09,0.1227236364,previous_completed_calendar_month,-0.003772763636,0.01122723636,0.0025
2021-11-01,USD_3M_LIBOR_PUBLIC_PROXY,2021-10,0.1272166667,previous_completed_calendar_month,-0.003727833333,0.01127216667,0.0025
2021-11-02,USD_3M_LIBOR_PUBLIC_PROXY,2021-10,0.1272166667,previous_completed_calendar_month,-0.003727833333,0.01127216667,0.0025
2021-11-03,USD_3M_LIBOR_PUBLIC_PROXY,2021-10,0.1272166667,previous_completed_calendar_month,-0.003727833333,0.01127216667,0.0025
2021-11-04,USD_3M_LIBOR_PUBLIC_PROXY,2021-10,0.1272166667,previous_completed_calendar_month,-0.003727833333,0.01127216667,0.0025
2021-11-05,USD_3M_LIBOR_PUBLIC_PROXY,2021-10,0.1272166667,previous_completed_calendar_month,-0.003727833333,0.01127216667,0.0025
2021-11-08,USD_3M_LIBOR_PUBLIC_PROXY,2021-10,0.1272166667,previous_completed_calendar_month,-0.003727833333,0.01127216667,0.0025
2021-11-09,USD_3M_LIBOR_PUBLIC_PROXY,2021-10,0.1272166667,previous_completed_calendar_month,-0.003727833333,0.01127216667,0.0025
2021-11-10,USD_3M_LIBOR_PUBLIC_PROXY,2021-10,0.1272166667,previous_completed_calendar_month,-0.003727833333,0.01127216667,0.0025
2021-11-11,USD_3M_LIBOR_PUBLIC_PROXY,2021-10,0.1272166667,previous_completed_calendar_month,-0.003727833333,0.01127216667,0.0025
2021-11-12,USD_3M_LIBOR_PUBLIC_PROXY,2021-10,0.1272166667,previous_completed_calendar_month,-0.003727833333,0.01127216667,0.0025
2021-11-15,USD_3M_LIBOR_PUBLIC_PROXY,2021-10,0.1272166667,previous_completed_calendar_month,-0.003727833333,0.01127216667,0.0025
2021-11-16,USD_3M_LIBOR_PUBLIC_PROXY,2021-10,0.1272166667,previous_completed_calendar_month,-0.003727833333,0.01127216667,0.0025
2021-11-17,USD_3M_LIBOR_PUBLIC_PROXY,2021-10,0.1272166667,previous_completed_calendar_month,-0.003727833333,0.01127216667,0.0025
2021-11-18,USD_3M_LIBOR_PUBLIC_PROXY,2021-10,0.1272166667,previous_completed_calendar_month,-0.003727833333,0.01127216667,0.0025
2021-11-19,USD_3M_LIBOR_PUBLIC_PROXY,2021-10,0.1272166667,previous_completed_calendar_month,-0.003727833333,0.01127216667,0.0025
2021-11-22,USD_3M_LIBOR_PUBLIC_PROXY,2021-10,0.1272166667,previous_completed_calendar_month,-0.003727833333,0.01127216667,0.0025
2021-11-23,USD_3M_LIBOR_PUBLIC_PROXY,2021-10,0.1272166667,previous_completed_calendar_month,-0.003727833333,0.01127216667,0.0025
2021-11-24,USD_3M_LIBOR_PUBLIC_PROXY,2021-10,0.1272166667,previous_completed_calendar_month,-0.003727833333,0.01127216667,0.0025
2021-11-26,USD_3M_LIBOR_PUBLIC_PROXY,2021-10,0.1272166667,previous_completed_calendar_month,-0.003727833333,0.01127216667,0.0025
2021-11-29,USD_3M_LIBOR_PUBLIC_PROXY,2021-10,0.1272166667,previous_completed_calendar_month,-0.003727833333,0.01127216667,0.0025
2021-11-30,USD_3M_LIBOR_PUBLIC_PROXY,2021-10,0.1272166667,previous_completed_calendar_month,-0.003727833333,0.01127216667,0.0025
2021-12-01,USD_3M_LIBOR_PUBLIC_PROXY,2021-11,0.1588772727,previous_completed_calendar_month,-0.003411227273,0.01158877273,0.0025
2021-12-02,USD_3M_LIBOR_PUBLIC_PROXY,2021-11,0.1588772727,previous_completed_calendar_month,-0.003411227273,0.01158877273,0.0025
2021-12-03,USD_3M_LIBOR_PUBLIC_PROXY,2021-11,0.1588772727,previous_completed_calendar_month,-0.003411227273,0.01158877273,0.0025
2021-12-06,USD_3M_LIBOR_PUBLIC_PROXY,2021-11,0.1588772727,previous_completed_calendar_month,-0.003411227273,0.01158877273,0.0025
2021-12-07,USD_3M_LIBOR_PUBLIC_PROXY,2021-11,0.1588772727,previous_completed_calendar_month,-0.003411227273,0.01158877273,0.0025
2021-12-08,USD_3M_LIBOR_PUBLIC_PROXY,2021-11,0.1588772727,previous_completed_calendar_month,-0.003411227273,0.01158877273,0.0025
2021-12-09,USD_3M_LIBOR_PUBLIC_PROXY,2021-11,0.1588772727,previous_completed_calendar_month,-0.003411227273,0.01158877273,0.0025
2021-12-10,USD_3M_LIBOR_PUBLIC_PROXY,2021-11,0.1588772727,previous_completed_calendar_month,-0.003411227273,0.01158877273,0.0025
2021-12-13,USD_3M_LIBOR_PUBLIC_PROXY,2021-11,0.1588772727,previous_completed_calendar_month,-0.003411227273,0.01158877273,0.0025
2021-12-14,USD_3M_LIBOR_PUBLIC_PROXY,2021-11,0.1588772727,previous_completed_calendar_month,-0.003411227273,0.01158877273,0.0025
2021-12-15,USD_3M_LIBOR_PUBLIC_PROXY,2021-11,0.1588772727,previous_completed_calendar_month,-0.003411227273,0.01158877273,0.0025
2021-12-16,USD_3M_LIBOR_PUBLIC_PROXY,2021-11,0.1588772727,previous_completed_calendar_month,-0.003411227273,0.01158877273,0.0025
2021-12-17,USD_3M_LIBOR_PUBLIC_PROXY,2021-11,0.1588772727,previous_completed_calendar_month,-0.003411227273,0.01158877273,0.0025
2021-12-20,USD_3M_LIBOR_PUBLIC_PROXY,2021-11,0.1588772727,previous_completed_calendar_month,-0.003411227273,0.01158877273,0.0025
2021-12-21,USD_3M_LIBOR_PUBLIC_PROXY,2021-11,0.1588772727,previous_completed_calendar_month,-0.003411227273,0.01158877273,0.0025
2021-12-22,USD_3M_LIBOR_PUBLIC_PROXY,2021-11,0.1588772727,previous_completed_calendar_month,-0.003411227273,0.01158877273,0.0025
2021-12-23,USD_3M_LIBOR_PUBLIC_PROXY,2021-11,0.1588772727,previous_completed_calendar_month,-0.003411227273,0.01158877273,0.0025
2021-12-27,USD_3M_LIBOR_PUBLIC_PROXY,2021-11,0.1588772727,previous_completed_calendar_month,-0.003411227273,0.01158877273,0.0025
2021-12-28,USD_3M_LIBOR_PUBLIC_PROXY,2021-11,0.1588772727,previous_completed_calendar_month,-0.003411227273,0.01158877273,0.0025
2021-12-29,USD_3M_LIBOR_PUBLIC_PROXY,2021-11,0.1588772727,previous_completed_calendar_month,-0.003411227273,0.01158877273,0.0025
2021-12-30,USD_3M_LIBOR_PUBLIC_PROXY,2021-11,0.1588772727,previous_completed_calendar_month,-0.003411227273,0.01158877273,0.0025
2021-12-31,USD_3M_LIBOR_PUBLIC_PROXY,2021-11,0.1588772727,previous_completed_calendar_month,-0.003411227273,0.01158877273,0.0025
2022-01-03,USD_3M_LIBOR_PUBLIC_PROXY,2021-12,0.2066004348,previous_completed_calendar_month,-0.002933995652,0.01206600435,0.0025
2022-01-04,USD_3M_LIBOR_PUBLIC_PROXY,2021-12,0.2066004348,previous_completed_calendar_month,-0.002933995652,0.01206600435,0.0025
2022-01-05,USD_3M_LIBOR_PUBLIC_PROXY,2021-12,0.2066004348,previous_completed_calendar_month,-0.002933995652,0.01206600435,0.0025
2022-01-06,USD_3M_LIBOR_PUBLIC_PROXY,2021-12,0.2066004348,previous_completed_calendar_month,-0.002933995652,0.01206600435,0.0025
2022-01-07,USD_3M_LIBOR_PUBLIC_PROXY,2021-12,0.2066004348,previous_completed_calendar_month,-0.002933995652,0.01206600435,0.0025
2022-01-10,USD_3M_LIBOR_PUBLIC_PROXY,2021-12,0.2066004348,previous_completed_calendar_month,-0.002933995652,0.01206600435,0.0025
2022-01-11,USD_3M_LIBOR_PUBLIC_PROXY,2021-12,0.2066004348,previous_completed_calendar_month,-0.002933995652,0.01206600435,0.0025
2022-01-12,USD_3M_LIBOR_PUBLIC_PROXY,2021-12,0.2066004348,previous_completed_calendar_month,-0.002933995652,0.01206600435,0.0025
2022-01-13,USD_3M_LIBOR_PUBLIC_PROXY,2021-12,0.2066004348,previous_completed_calendar_month,-0.002933995652,0.01206600435,0.0025
2022-01-14,USD_3M_LIBOR_PUBLIC_PROXY,2021-12,0.2066004348,previous_completed_calendar_month,-0.002933995652,0.01206600435,0.0025
2022-01-18,USD_3M_LIBOR_PUBLIC_PROXY,2021-12,0.2066004348,previous_completed_calendar_month,-0.002933995652,0.01206600435,0.0025
2022-01-19,USD_3M_LIBOR_PUBLIC_PROXY,2021-12,0.2066004348,previous_completed_calendar_month,-0.002933995652,0.01206600435,0.0025
2022-01-20,USD_3M_LIBOR_PUBLIC_PROXY,2021-12,0.2066004348,previous_completed_calendar_month,-0.002933995652,0.01206600435,0.0025
2022-01-21,USD_3M_LIBOR_PUBLIC_PROXY,2021-12,0.2066004348,previous_completed_calendar_month,-0.002933995652,0.01206600435,0.0025
2022-01-24,USD_3M_LIBOR_PUBLIC_PROXY,2021-12,0.2066004348,previous_completed_calendar_month,-0.002933995652,0.01206600435,0.0025
2022-01-25,USD_3M_LIBOR_PUBLIC_PROXY,2021-12,0.2066004348,previous_completed_calendar_month,-0.002933995652,0.01206600435,0.0025
2022-01-26,USD_3M_LIBOR_PUBLIC_PROXY,2021-12,0.2066004348,previous_completed_calendar_month,-0.002933995652,0.01206600435,0.0025
2022-01-27,USD_3M_LIBOR_PUBLIC_PROXY,2021-12,0.2066004348,previous_completed_calendar_month,-0.002933995652,0.01206600435,0.0025
2022-01-28,USD_3M_LIBOR_PUBLIC_PROXY,2021-12,0.2066004348,previous_completed_calendar_month,-0.002933995652,0.01206600435,0.0025
2022-01-31,USD_3M_LIBOR_PUBLIC_PROXY,2021-12,0.2066004348,previous_completed_calendar_month,-0.002933995652,0.01206600435,0.0025
2022-02-01,USD_3M_LIBOR_PUBLIC_PROXY,2022-01,0.2540657143,previous_completed_calendar_month,-0.002459342857,0.01254065714,0.0025
2022-02-02,USD_3M_LIBOR_PUBLIC_PROXY,2022-01,0.2540657143,previous_completed_calendar_month,-0.002459342857,0.01254065714,0.0025
2022-02-03,USD_3M_LIBOR_PUBLIC_PROXY,2022-01,0.2540657143,previous_completed_calendar_month,-0.002459342857,0.01254065714,0.0025
2022-02-04,USD_3M_LIBOR_PUBLIC_PROXY,2022-01,0.2540657143,previous_completed_calendar_month,-0.002459342857,0.01254065714,0.0025
2022-02-07,USD_3M_LIBOR_PUBLIC_PROXY,2022-01,0.2540657143,previous_completed_calendar_month,-0.002459342857,0.01254065714,0.0025
2022-02-08,USD_3M_LIBOR_PUBLIC_PROXY,2022-01,0.2540657143,previous_completed_calendar_month,-0.002459342857,0.01254065714,0.0025
2022-02-09,USD_3M_LIBOR_PUBLIC_PROXY,2022-01,0.2540657143,previous_completed_calendar_month,-0.002459342857,0.01254065714,0.0025
2022-02-10,USD_3M_LIBOR_PUBLIC_PROXY,2022-01,0.2540657143,previous_completed_calendar_month,-0.002459342857,0.01254065714,0.0025
2022-02-11,USD_3M_LIBOR_PUBLIC_PROXY,2022-01,0.2540657143,previous_completed_calendar_month,-0.002459342857,0.01254065714,0.0025
2022-02-14,USD_3M_LIBOR_PUBLIC_PROXY,2022-01,0.2540657143,previous_completed_calendar_month,-0.002459342857,0.01254065714,0.0025
2022-02-15,USD_3M_LIBOR_PUBLIC_PROXY,2022-01,0.2540657143,previous_completed_calendar_month,-0.002459342857,0.01254065714,0.0025
2022-02-16,USD_3M_LIBOR_PUBLIC_PROXY,2022-01,0.2540657143,previous_completed_calendar_month,-0.002459342857,0.01254065714,0.0025
2022-02-17,USD_3M_LIBOR_PUBLIC_PROXY,2022-01,0.2540657143,previous_completed_calendar_month,-0.002459342857,0.01254065714,0.0025
2022-02-18,USD_3M_LIBOR_PUBLIC_PROXY,2022-01,0.2540657143,previous_completed_calendar_month,-0.002459342857,0.01254065714,0.0025
2022-02-22,USD_3M_LIBOR_PUBLIC_PROXY,2022-01,0.2540657143,previous_completed_calendar_month,-0.002459342857,0.01254065714,0.0025
2022-02-23,USD_3M_LIBOR_PUBLIC_PROXY,2022-01,0.2540657143,previous_completed_calendar_month,-0.002459342857,0.01254065714,0.0025
2022-02-24,USD_3M_LIBOR_PUBLIC_PROXY,2022-01,0.2540657143,previous_completed_calendar_month,-0.002459342857,0.01254065714,0.0025
2022-02-25,USD_3M_LIBOR_PUBLIC_PROXY,2022-01,0.2540657143,previous_completed_calendar_month,-0.002459342857,0.01254065714,0.0025
2022-02-28,USD_3M_LIBOR_PUBLIC_PROXY,2022-01,0.2540657143,previous_completed_calendar_month,-0.002459342857,0.01254065714,0.0025
2022-03-01,USD_3M_LIBOR_PUBLIC_PROXY,2022-02,0.4317575,previous_completed_calendar_month,-0.000682425,0.014317575,0.0025
2022-03-02,USD_3M_LIBOR_PUBLIC_PROXY,2022-02,0.4317575,previous_completed_calendar_month,-0.000682425,0.014317575,0.0025
2022-03-03,USD_3M_LIBOR_PUBLIC_PROXY,2022-02,0.4317575,previous_completed_calendar_month,-0.000682425,0.014317575,0.0025
2022-03-04,USD_3M_LIBOR_PUBLIC_PROXY,2022-02,0.4317575,previous_completed_calendar_month,-0.000682425,0.014317575,0.0025
2022-03-07,USD_3M_LIBOR_PUBLIC_PROXY,2022-02,0.4317575,previous_completed_calendar_month,-0.000682425,0.014317575,0.0025
2022-03-08,USD_3M_LIBOR_PUBLIC_PROXY,2022-02,0.4317575,previous_completed_calendar_month,-0.000682425,0.014317575,0.0025
2022-03-09,USD_3M_LIBOR_PUBLIC_PROXY,2022-02,0.4317575,previous_completed_calendar_month,-0.000682425,0.014317575,0.0025
2022-03-10,USD_3M_LIBOR_PUBLIC_PROXY,2022-02,0.4317575,previous_completed_calendar_month,-0.000682425,0.014317575,0.0025
2022-03-11,USD_3M_LIBOR_PUBLIC_PROXY,2022-02,0.4317575,previous_completed_calendar_month,-0.000682425,0.014317575,0.0025
2022-03-14,USD_3M_LIBOR_PUBLIC_PROXY,2022-02,0.4317575,previous_completed_calendar_month,-0.000682425,0.014317575,0.0025
2022-03-15,USD_3M_LIBOR_PUBLIC_PROXY,2022-02,0.4317575,previous_completed_calendar_month,-0.000682425,0.014317575,0.0025
2022-03-16,USD_3M_LIBOR_PUBLIC_PROXY,2022-02,0.4317575,previous_completed_calendar_month,-0.000682425,0.014317575,0.0025
2022-03-17,USD_3M_LIBOR_PUBLIC_PROXY,2022-02,0.4317575,previous_completed_calendar_month,-0.000682425,0.014317575,0.0025
2022-03-18,USD_3M_LIBOR_PUBLIC_PROXY,2022-02,0.4317575,previous_completed_calendar_month,-0.000682425,0.014317575,0.0025
2022-03-21,USD_3M_LIBOR_PUBLIC_PROXY,2022-02,0.4317575,previous_completed_calendar_month,-0.000682425,0.014317575,0.0025
2022-03-22,USD_3M_LIBOR_PUBLIC_PROXY,2022-02,0.4317575,previous_completed_calendar_month,-0.000682425,0.014317575,0.0025
2022-03-23,USD_3M_LIBOR_PUBLIC_PROXY,2022-02,0.4317575,previous_completed_calendar_month,-0.000682425,0.014317575,0.0025
2022-03-24,USD_3M_LIBOR_PUBLIC_PROXY,2022-02,0.4317575,previous_completed_calendar_month,-0.000682425,0.014317575,0.0025
2022-03-25,USD_3M_LIBOR_PUBLIC_PROXY,2022-02,0.4317575,previous_completed_calendar_month,-0.000682425,0.014317575,0.0025
2022-03-28,USD_3M_LIBOR_PUBLIC_PROXY,2022-02,0.4317575,previous_completed_calendar_month,-0.000682425,0.014317575,0.0025
2022-03-29,USD_3M_LIBOR_PUBLIC_PROXY,2022-02,0.4317575,previous_completed_calendar_month,-0.000682425,0.014317575,0.0025
2022-03-30,USD_3M_LIBOR_PUBLIC_PROXY,2022-02,0.4317575,previous_completed_calendar_month,-0.000682425,0.014317575,0.0025
2022-03-31,USD_3M_LIBOR_PUBLIC_PROXY,2022-02,0.4317575,previous_completed_calendar_month,-0.000682425,0.014317575,0.0025
2022-04-01,USD_3M_LIBOR_PUBLIC_PROXY,2022-03,0.8397078261,previous_completed_calendar_month,0.003397078261,0.01839707826,0.0025
2022-04-04,USD_3M_LIBOR_PUBLIC_PROXY,2022-03,0.8397078261,previous_completed_calendar_month,0.003397078261,0.01839707826,0.0025
2022-04-05,USD_3M_LIBOR_PUBLIC_PROXY,2022-03,0.8397078261,previous_completed_calendar_month,0.003397078261,0.01839707826,0.0025
2022-04-06,USD_3M_LIBOR_PUBLIC_PROXY,2022-03,0.8397078261,previous_completed_calendar_month,0.003397078261,0.01839707826,0.0025
2022-04-07,USD_3M_LIBOR_PUBLIC_PROXY,2022-03,0.8397078261,previous_completed_calendar_month,0.003397078261,0.01839707826,0.0025
2022-04-08,USD_3M_LIBOR_PUBLIC_PROXY,2022-03,0.8397078261,previous_completed_calendar_month,0.003397078261,0.01839707826,0.0025
2022-04-11,USD_3M_LIBOR_PUBLIC_PROXY,2022-03,0.8397078261,previous_completed_calendar_month,0.003397078261,0.01839707826,0.0025
2022-04-12,USD_3M_LIBOR_PUBLIC_PROXY,2022-03,0.8397078261,previous_completed_calendar_month,0.003397078261,0.01839707826,0.0025
2022-04-13,USD_3M_LIBOR_PUBLIC_PROXY,2022-03,0.8397078261,previous_completed_calendar_month,0.003397078261,0.01839707826,0.0025
2022-04-14,USD_3M_LIBOR_PUBLIC_PROXY,2022-03,0.8397078261,previous_completed_calendar_month,0.003397078261,0.01839707826,0.0025
2022-04-18,USD_3M_LIBOR_PUBLIC_PROXY,2022-03,0.8397078261,previous_completed_calendar_month,0.003397078261,0.01839707826,0.0025
2022-04-19,USD_3M_LIBOR_PUBLIC_PROXY,2022-03,0.8397078261,previous_completed_calendar_month,0.003397078261,0.01839707826,0.0025
2022-04-20,USD_3M_LIBOR_PUBLIC_PROXY,2022-03,0.8397078261,previous_completed_calendar_month,0.003397078261,0.01839707826,0.0025
2022-04-21,USD_3M_LIBOR_PUBLIC_PROXY,2022-03,0.8397078261,previous_completed_calendar_month,0.003397078261,0.01839707826,0.0025
2022-04-22,USD_3M_LIBOR_PUBLIC_PROXY,2022-03,0.8397078261,previous_completed_calendar_month,0.003397078261,0.01839707826,0.0025
2022-04-25,USD_3M_LIBOR_PUBLIC_PROXY,2022-03,0.8397078261,previous_completed_calendar_month,0.003397078261,0.01839707826,0.0025
2022-04-26,USD_3M_LIBOR_PUBLIC_PROXY,2022-03,0.8397078261,previous_completed_calendar_month,0.003397078261,0.01839707826,0.0025
2022-04-27,USD_3M_LIBOR_PUBLIC_PROXY,2022-03,0.8397078261,previous_completed_calendar_month,0.003397078261,0.01839707826,0.0025
2022-04-28,USD_3M_LIBOR_PUBLIC_PROXY,2022-03,0.8397078261,previous_completed_calendar_month,0.003397078261,0.01839707826,0.0025
2022-04-29,USD_3M_LIBOR_PUBLIC_PROXY,2022-03,0.8397078261,previous_completed_calendar_month,0.003397078261,0.01839707826,0.0025
2022-05-02,USD_3M_LIBOR_PUBLIC_PROXY,2022-04,1.099715238,previous_completed_calendar_month,0.005997152381,0.02099715238,0.0025
2022-05-03,USD_3M_LIBOR_PUBLIC_PROXY,2022-04,1.099715238,previous_completed_calendar_month,0.005997152381,0.02099715238,0.0025
2022-05-04,USD_3M_LIBOR_PUBLIC_PROXY,2022-04,1.099715238,previous_completed_calendar_month,0.005997152381,0.02099715238,0.0025
2022-05-05,USD_3M_LIBOR_PUBLIC_PROXY,2022-04,1.099715238,previous_completed_calendar_month,0.005997152381,0.02099715238,0.0025
2022-05-06,USD_3M_LIBOR_PUBLIC_PROXY,2022-04,1.099715238,previous_completed_calendar_month,0.005997152381,0.02099715238,0.0025
2022-05-09,USD_3M_LIBOR_PUBLIC_PROXY,2022-04,1.099715238,previous_completed_calendar_month,0.005997152381,0.02099715238,0.0025
2022-05-10,USD_3M_LIBOR_PUBLIC_PROXY,2022-04,1.099715238,previous_completed_calendar_month,0.005997152381,0.02099715238,0.0025
2022-05-11,USD_3M_LIBOR_PUBLIC_PROXY,2022-04,1.099715238,previous_completed_calendar_month,0.005997152381,0.02099715238,0.0025
2022-05-12,USD_3M_LIBOR_PUBLIC_PROXY,2022-04,1.099715238,previous_completed_calendar_month,0.005997152381,0.02099715238,0.0025
2022-05-13,USD_3M_LIBOR_PUBLIC_PROXY,2022-04,1.099715238,previous_completed_calendar_month,0.005997152381,0.02099715238,0.0025
2022-05-16,USD_3M_LIBOR_PUBLIC_PROXY,2022-04,1.099715238,previous_completed_calendar_month,0.005997152381,0.02099715238,0.0025
2022-05-17,USD_3M_LIBOR_PUBLIC_PROXY,2022-04,1.099715238,previous_completed_calendar_month,0.005997152381,0.02099715238,0.0025
2022-05-18,USD_3M_LIBOR_PUBLIC_PROXY,2022-04,1.099715238,previous_completed_calendar_month,0.005997152381,0.02099715238,0.0025
2022-05-19,USD_3M_LIBOR_PUBLIC_PROXY,2022-04,1.099715238,previous_completed_calendar_month,0.005997152381,0.02099715238,0.0025
2022-05-20,USD_3M_LIBOR_PUBLIC_PROXY,2022-04,1.099715238,previous_completed_calendar_month,0.005997152381,0.02099715238,0.0025
2022-05-23,USD_3M_LIBOR_PUBLIC_PROXY,2022-04,1.099715238,previous_completed_calendar_month,0.005997152381,0.02099715238,0.0025
2022-05-24,USD_3M_LIBOR_PUBLIC_PROXY,2022-04,1.099715238,previous_completed_calendar_month,0.005997152381,0.02099715238,0.0025
2022-05-25,USD_3M_LIBOR_PUBLIC_PROXY,2022-04,1.099715238,previous_completed_calendar_month,0.005997152381,0.02099715238,0.0025
2022-05-26,USD_3M_LIBOR_PUBLIC_PROXY,2022-04,1.099715238,previous_completed_calendar_month,0.005997152381,0.02099715238,0.0025
2022-05-27,USD_3M_LIBOR_PUBLIC_PROXY,2022-04,1.099715238,previous_completed_calendar_month,0.005997152381,0.02099715238,0.0025
2022-05-31,USD_3M_LIBOR_PUBLIC_PROXY,2022-04,1.099715238,previous_completed_calendar_month,0.005997152381,0.02099715238,0.0025
2022-06-01,USD_3M_LIBOR_PUBLIC_PROXY,2022-05,1.466669545,previous_completed_calendar_month,0.009666695455,0.02466669545,0.0025
2022-06-02,USD_3M_LIBOR_PUBLIC_PROXY,2022-05,1.466669545,previous_completed_calendar_month,0.009666695455,0.02466669545,0.0025
2022-06-03,USD_3M_LIBOR_PUBLIC_PROXY,2022-05,1.466669545,previous_completed_calendar_month,0.009666695455,0.02466669545,0.0025
2022-06-06,USD_3M_LIBOR_PUBLIC_PROXY,2022-05,1.466669545,previous_completed_calendar_month,0.009666695455,0.02466669545,0.0025
2022-06-07,USD_3M_LIBOR_PUBLIC_PROXY,2022-05,1.466669545,previous_completed_calendar_month,0.009666695455,0.02466669545,0.0025
2022-06-08,USD_3M_LIBOR_PUBLIC_PROXY,2022-05,1.466669545,previous_completed_calendar_month,0.009666695455,0.02466669545,0.0025
2022-06-09,USD_3M_LIBOR_PUBLIC_PROXY,2022-05,1.466669545,previous_completed_calendar_month,0.009666695455,0.02466669545,0.0025
2022-06-10,USD_3M_LIBOR_PUBLIC_PROXY,2022-05,1.466669545,previous_completed_calendar_month,0.009666695455,0.02466669545,0.0025
2022-06-13,USD_3M_LIBOR_PUBLIC_PROXY,2022-05,1.466669545,previous_completed_calendar_month,0.009666695455,0.02466669545,0.0025
2022-06-14,USD_3M_LIBOR_PUBLIC_PROXY,2022-05,1.466669545,previous_completed_calendar_month,0.009666695455,0.02466669545,0.0025
2022-06-15,USD_3M_LIBOR_PUBLIC_PROXY,2022-05,1.466669545,previous_completed_calendar_month,0.009666695455,0.02466669545,0.0025
2022-06-16,USD_3M_LIBOR_PUBLIC_PROXY,2022-05,1.466669545,previous_completed_calendar_month,0.009666695455,0.02466669545,0.0025
2022-06-17,USD_3M_LIBOR_PUBLIC_PROXY,2022-05,1.466669545,previous_completed_calendar_month,0.009666695455,0.02466669545,0.0025
2022-06-21,USD_3M_LIBOR_PUBLIC_PROXY,2022-05,1.466669545,previous_completed_calendar_month,0.009666695455,0.02466669545,0.0025
2022-06-22,USD_3M_LIBOR_PUBLIC_PROXY,2022-05,1.466669545,previous_completed_calendar_month,0.009666695455,0.02466669545,0.0025
2022-06-23,USD_3M_LIBOR_PUBLIC_PROXY,2022-05,1.466669545,previous_completed_calendar_month,0.009666695455,0.02466669545,0.0025
2022-06-24,USD_3M_LIBOR_PUBLIC_PROXY,2022-05,1.466669545,previous_completed_calendar_month,0.009666695455,0.02466669545,0.0025
2022-06-27,USD_3M_LIBOR_PUBLIC_PROXY,2022-05,1.466669545,previous_completed_calendar_month,0.009666695455,0.02466669545,0.0025
2022-06-28,USD_3M_LIBOR_PUBLIC_PROXY,2022-05,1.466669545,previous_completed_calendar_month,0.009666695455,0.02466669545,0.0025
2022-06-29,USD_3M_LIBOR_PUBLIC_PROXY,2022-05,1.466669545,previous_completed_calendar_month,0.009666695455,0.02466669545,0.0025
2022-06-30,USD_3M_LIBOR_PUBLIC_PROXY,2022-05,1.466669545,previous_completed_calendar_month,0.009666695455,0.02466669545,0.0025
2022-07-01,USD_3M_LIBOR_PUBLIC_PROXY,2022-06,1.968909091,previous_completed_calendar_month,0.01468909091,0.02968909091,0.0025
2022-07-05,USD_3M_LIBOR_PUBLIC_PROXY,2022-06,1.968909091,previous_completed_calendar_month,0.01468909091,0.02968909091,0.0025
2022-07-06,USD_3M_LIBOR_PUBLIC_PROXY,2022-06,1.968909091,previous_completed_calendar_month,0.01468909091,0.02968909091,0.0025
2022-07-07,USD_3M_LIBOR_PUBLIC_PROXY,2022-06,1.968909091,previous_completed_calendar_month,0.01468909091,0.02968909091,0.0025
2022-07-08,USD_3M_LIBOR_PUBLIC_PROXY,2022-06,1.968909091,previous_completed_calendar_month,0.01468909091,0.02968909091,0.0025
2022-07-11,USD_3M_LIBOR_PUBLIC_PROXY,2022-06,1.968909091,previous_completed_calendar_month,0.01468909091,0.02968909091,0.0025
2022-07-12,USD_3M_LIBOR_PUBLIC_PROXY,2022-06,1.968909091,previous_completed_calendar_month,0.01468909091,0.02968909091,0.0025
2022-07-13,USD_3M_LIBOR_PUBLIC_PROXY,2022-06,1.968909091,previous_completed_calendar_month,0.01468909091,0.02968909091,0.0025
2022-07-14,USD_3M_LIBOR_PUBLIC_PROXY,2022-06,1.968909091,previous_completed_calendar_month,0.01468909091,0.02968909091,0.0025
2022-07-15,USD_3M_LIBOR_PUBLIC_PROXY,2022-06,1.968909091,previous_completed_calendar_month,0.01468909091,0.02968909091,0.0025
2022-07-18,USD_3M_LIBOR_PUBLIC_PROXY,2022-06,1.968909091,previous_completed_calendar_month,0.01468909091,0.02968909091,0.0025
2022-07-19,USD_3M_LIBOR_PUBLIC_PROXY,2022-06,1.968909091,previous_completed_calendar_month,0.01468909091,0.02968909091,0.0025
2022-07-20,USD_3M_LIBOR_PUBLIC_PROXY,2022-06,1.968909091,previous_completed_calendar_month,0.01468909091,0.02968909091,0.0025
2022-07-21,USD_3M_LIBOR_PUBLIC_PROXY,2022-06,1.968909091,previous_completed_calendar_month,0.01468909091,0.02968909091,0.0025
2022-07-22,USD_3M_LIBOR_PUBLIC_PROXY,2022-06,1.968909091,previous_completed_calendar_month,0.01468909091,0.02968909091,0.0025
2022-07-25,USD_3M_LIBOR_PUBLIC_PROXY,2022-06,1.968909091,previous_completed_calendar_month,0.01468909091,0.02968909091,0.0025
2022-07-26,USD_3M_LIBOR_PUBLIC_PROXY,2022-06,1.968909091,previous_completed_calendar_month,0.01468909091,0.02968909091,0.0025
2022-07-27,USD_3M_LIBOR_PUBLIC_PROXY,2022-06,1.968909091,previous_completed_calendar_month,0.01468909091,0.02968909091,0.0025
2022-07-28,USD_3M_LIBOR_PUBLIC_PROXY,2022-06,1.968909091,previous_completed_calendar_month,0.01468909091,0.02968909091,0.0025
2022-07-29,USD_3M_LIBOR_PUBLIC_PROXY,2022-06,1.968909091,previous_completed_calendar_month,0.01468909091,0.02968909091,0.0025
2022-08-01,USD_3M_LIBOR_PUBLIC_PROXY,2022-07,2.610497619,previous_completed_calendar_month,0.02110497619,0.03610497619,0.0025
2022-08-02,USD_3M_LIBOR_PUBLIC_PROXY,2022-07,2.610497619,previous_completed_calendar_month,0.02110497619,0.03610497619,0.0025
2022-08-03,USD_3M_LIBOR_PUBLIC_PROXY,2022-07,2.610497619,previous_completed_calendar_month,0.02110497619,0.03610497619,0.0025
2022-08-04,USD_3M_LIBOR_PUBLIC_PROXY,2022-07,2.610497619,previous_completed_calendar_month,0.02110497619,0.03610497619,0.0025
2022-08-05,USD_3M_LIBOR_PUBLIC_PROXY,2022-07,2.610497619,previous_completed_calendar_month,0.02110497619,0.03610497619,0.0025
2022-08-08,USD_3M_LIBOR_PUBLIC_PROXY,2022-07,2.610497619,previous_completed_calendar_month,0.02110497619,0.03610497619,0.0025
2022-08-09,USD_3M_LIBOR_PUBLIC_PROXY,2022-07,2.610497619,previous_completed_calendar_month,0.02110497619,0.03610497619,0.0025
2022-08-10,USD_3M_LIBOR_PUBLIC_PROXY,2022-07,2.610497619,previous_completed_calendar_month,0.02110497619,0.03610497619,0.0025
2022-08-11,USD_3M_LIBOR_PUBLIC_PROXY,2022-07,2.610497619,previous_completed_calendar_month,0.02110497619,0.03610497619,0.0025
2022-08-12,USD_3M_LIBOR_PUBLIC_PROXY,2022-07,2.610497619,previous_completed_calendar_month,0.02110497619,0.03610497619,0.0025
2022-08-15,USD_3M_LIBOR_PUBLIC_PROXY,2022-07,2.610497619,previous_completed_calendar_month,0.02110497619,0.03610497619,0.0025
2022-08-16,USD_3M_LIBOR_PUBLIC_PROXY,2022-07,2.610497619,previous_completed_calendar_month,0.02110497619,0.03610497619,0.0025
2022-08-17,USD_3M_LIBOR_PUBLIC_PROXY,2022-07,2.610497619,previous_completed_calendar_month,0.02110497619,0.03610497619,0.0025
2022-08-18,USD_3M_LIBOR_PUBLIC_PROXY,2022-07,2.610497619,previous_completed_calendar_month,0.02110497619,0.03610497619,0.0025
2022-08-19,USD_3M_LIBOR_PUBLIC_PROXY,2022-07,2.610497619,previous_completed_calendar_month,0.02110497619,0.03610497619,0.0025
2022-08-22,USD_3M_LIBOR_PUBLIC_PROXY,2022-07,2.610497619,previous_completed_calendar_month,0.02110497619,0.03610497619,0.0025
2022-08-23,USD_3M_LIBOR_PUBLIC_PROXY,2022-07,2.610497619,previous_completed_calendar_month,0.02110497619,0.03610497619,0.0025
2022-08-24,USD_3M_LIBOR_PUBLIC_PROXY,2022-07,2.610497619,previous_completed_calendar_month,0.02110497619,0.03610497619,0.0025
2022-08-25,USD_3M_LIBOR_PUBLIC_PROXY,2022-07,2.610497619,previous_completed_calendar_month,0.02110497619,0.03610497619,0.0025
2022-08-26,USD_3M_LIBOR_PUBLIC_PROXY,2022-07,2.610497619,previous_completed_calendar_month,0.02110497619,0.03610497619,0.0025
2022-08-29,USD_3M_LIBOR_PUBLIC_PROXY,2022-07,2.610497619,previous_completed_calendar_month,0.02110497619,0.03610497619,0.0025
2022-08-30,USD_3M_LIBOR_PUBLIC_PROXY,2022-07,2.610497619,previous_completed_calendar_month,0.02110497619,0.03610497619,0.0025
2022-08-31,USD_3M_LIBOR_PUBLIC_PROXY,2022-07,2.610497619,previous_completed_calendar_month,0.02110497619,0.03610497619,0.0025
2022-09-01,USD_3M_LIBOR_PUBLIC_PROXY,2022-08,2.952104348,previous_completed_calendar_month,0.02452104348,0.03952104348,0.0025
2022-09-02,USD_3M_LIBOR_PUBLIC_PROXY,2022-08,2.952104348,previous_completed_calendar_month,0.02452104348,0.03952104348,0.0025
2022-09-06,USD_3M_LIBOR_PUBLIC_PROXY,2022-08,2.952104348,previous_completed_calendar_month,0.02452104348,0.03952104348,0.0025
2022-09-07,USD_3M_LIBOR_PUBLIC_PROXY,2022-08,2.952104348,previous_completed_calendar_month,0.02452104348,0.03952104348,0.0025
2022-09-08,USD_3M_LIBOR_PUBLIC_PROXY,2022-08,2.952104348,previous_completed_calendar_month,0.02452104348,0.03952104348,0.0025
2022-09-09,USD_3M_LIBOR_PUBLIC_PROXY,2022-08,2.952104348,previous_completed_calendar_month,0.02452104348,0.03952104348,0.0025
2022-09-12,USD_3M_LIBOR_PUBLIC_PROXY,2022-08,2.952104348,previous_completed_calendar_month,0.02452104348,0.03952104348,0.0025
2022-09-13,USD_3M_LIBOR_PUBLIC_PROXY,2022-08,2.952104348,previous_completed_calendar_month,0.02452104348,0.03952104348,0.0025
2022-09-14,USD_3M_LIBOR_PUBLIC_PROXY,2022-08,2.952104348,previous_completed_calendar_month,0.02452104348,0.03952104348,0.0025
2022-09-15,USD_3M_LIBOR_PUBLIC_PROXY,2022-08,2.952104348,previous_completed_calendar_month,0.02452104348,0.03952104348,0.0025
2022-09-16,USD_3M_LIBOR_PUBLIC_PROXY,2022-08,2.952104348,previous_completed_calendar_month,0.02452104348,0.03952104348,0.0025
2022-09-19,USD_3M_LIBOR_PUBLIC_PROXY,2022-08,2.952104348,previous_completed_calendar_month,0.02452104348,0.03952104348,0.0025
2022-09-20,USD_3M_LIBOR_PUBLIC_PROXY,2022-08,2.952104348,previous_completed_calendar_month,0.02452104348,0.03952104348,0.0025
2022-09-21,USD_3M_LIBOR_PUBLIC_PROXY,2022-08,2.952104348,previous_completed_calendar_month,0.02452104348,0.03952104348,0.0025
2022-09-22,USD_3M_LIBOR_PUBLIC_PROXY,2022-08,2.952104348,previous_completed_calendar_month,0.02452104348,0.03952104348,0.0025
2022-09-23,USD_3M_LIBOR_PUBLIC_PROXY,2022-08,2.952104348,previous_completed_calendar_month,0.02452104348,0.03952104348,0.0025
2022-09-26,USD_3M_LIBOR_PUBLIC_PROXY,2022-08,2.952104348,previous_completed_calendar_month,0.02452104348,0.03952104348,0.0025
2022-09-27,USD_3M_LIBOR_PUBLIC_PROXY,2022-08,2.952104348,previous_completed_calendar_month,0.02452104348,0.03952104348,0.0025
2022-09-28,USD_3M_LIBOR_PUBLIC_PROXY,2022-08,2.952104348,previous_completed_calendar_month,0.02452104348,0.03952104348,0.0025
2022-09-29,USD_3M_LIBOR_PUBLIC_PROXY,2022-08,2.952104348,previous_completed_calendar_month,0.02452104348,0.03952104348,0.0025
2022-09-30,USD_3M_LIBOR_PUBLIC_PROXY,2022-08,2.952104348,previous_completed_calendar_month,0.02452104348,0.03952104348,0.0025
2022-10-03,USD_3M_LIBOR_PUBLIC_PROXY,2022-09,3.449350455,previous_completed_calendar_month,0.02949350455,0.04449350455,0.0025
2022-10-04,USD_3M_LIBOR_PUBLIC_PROXY,2022-09,3.449350455,previous_completed_calendar_month,0.02949350455,0.04449350455,0.0025
2022-10-05,USD_3M_LIBOR_PUBLIC_PROXY,2022-09,3.449350455,previous_completed_calendar_month,0.02949350455,0.04449350455,0.0025
2022-10-06,USD_3M_LIBOR_PUBLIC_PROXY,2022-09,3.449350455,previous_completed_calendar_month,0.02949350455,0.04449350455,0.0025
2022-10-07,USD_3M_LIBOR_PUBLIC_PROXY,2022-09,3.449350455,previous_completed_calendar_month,0.02949350455,0.04449350455,0.0025
2022-10-10,USD_3M_LIBOR_PUBLIC_PROXY,2022-09,3.449350455,previous_completed_calendar_month,0.02949350455,0.04449350455,0.0025
2022-10-11,USD_3M_LIBOR_PUBLIC_PROXY,2022-09,3.449350455,previous_completed_calendar_month,0.02949350455,0.04449350455,0.0025
2022-10-12,USD_3M_LIBOR_PUBLIC_PROXY,2022-09,3.449350455,previous_completed_calendar_month,0.02949350455,0.04449350455,0.0025
2022-10-13,USD_3M_LIBOR_PUBLIC_PROXY,2022-09,3.449350455,previous_completed_calendar_month,0.02949350455,0.04449350455,0.0025
2022-10-14,USD_3M_LIBOR_PUBLIC_PROXY,2022-09,3.449350455,previous_completed_calendar_month,0.02949350455,0.04449350455,0.0025
2022-10-17,USD_3M_LIBOR_PUBLIC_PROXY,2022-09,3.449350455,previous_completed_calendar_month,0.02949350455,0.04449350455,0.0025
2022-10-18,USD_3M_LIBOR_PUBLIC_PROXY,2022-09,3.449350455,previous_completed_calendar_month,0.02949350455,0.04449350455,0.0025
2022-10-19,USD_3M_LIBOR_PUBLIC_PROXY,2022-09,3.449350455,previous_completed_calendar_month,0.02949350455,0.04449350455,0.0025
2022-10-20,USD_3M_LIBOR_PUBLIC_PROXY,2022-09,3.449350455,previous_completed_calendar_month,0.02949350455,0.04449350455,0.0025
2022-10-21,USD_3M_LIBOR_PUBLIC_PROXY,2022-09,3.449350455,previous_completed_calendar_month,0.02949350455,0.04449350455,0.0025
2022-10-24,USD_3M_LIBOR_PUBLIC_PROXY,2022-09,3.449350455,previous_completed_calendar_month,0.02949350455,0.04449350455,0.0025
2022-10-25,USD_3M_LIBOR_PUBLIC_PROXY,2022-09,3.449350455,previous_completed_calendar_month,0.02949350455,0.04449350455,0.0025
2022-10-26,USD_3M_LIBOR_PUBLIC_PROXY,2022-09,3.449350455,previous_completed_calendar_month,0.02949350455,0.04449350455,0.0025
2022-10-27,USD_3M_LIBOR_PUBLIC_PROXY,2022-09,3.449350455,previous_completed_calendar_month,0.02949350455,0.04449350455,0.0025
2022-10-28,USD_3M_LIBOR_PUBLIC_PROXY,2022-09,3.449350455,previous_completed_calendar_month,0.02949350455,0.04449350455,0.0025
2022-10-31,USD_3M_LIBOR_PUBLIC_PROXY,2022-09,3.449350455,previous_completed_calendar_month,0.02949350455,0.04449350455,0.0025
2022-11-01,USD_3M_LIBOR_PUBLIC_PROXY,2022-10,4.140665714,previous_completed_calendar_month,0.03640665714,0.05140665714,0.0025
2022-11-02,USD_3M_LIBOR_PUBLIC_PROXY,2022-10,4.140665714,previous_completed_calendar_month,0.03640665714,0.05140665714,0.0025
2022-11-03,USD_3M_LIBOR_PUBLIC_PROXY,2022-10,4.140665714,previous_completed_calendar_month,0.03640665714,0.05140665714,0.0025
2022-11-04,USD_3M_LIBOR_PUBLIC_PROXY,2022-10,4.140665714,previous_completed_calendar_month,0.03640665714,0.05140665714,0.0025
2022-11-07,USD_3M_LIBOR_PUBLIC_PROXY,2022-10,4.140665714,previous_completed_calendar_month,0.03640665714,0.05140665714,0.0025
2022-11-08,USD_3M_LIBOR_PUBLIC_PROXY,2022-10,4.140665714,previous_completed_calendar_month,0.03640665714,0.05140665714,0.0025
2022-11-09,USD_3M_LIBOR_PUBLIC_PROXY,2022-10,4.140665714,previous_completed_calendar_month,0.03640665714,0.05140665714,0.0025
2022-11-10,USD_3M_LIBOR_PUBLIC_PROXY,2022-10,4.140665714,previous_completed_calendar_month,0.03640665714,0.05140665714,0.0025
2022-11-11,USD_3M_LIBOR_PUBLIC_PROXY,2022-10,4.140665714,previous_completed_calendar_month,0.03640665714,0.05140665714,0.0025
2022-11-14,USD_3M_LIBOR_PUBLIC_PROXY,2022-10,4.140665714,previous_completed_calendar_month,0.03640665714,0.05140665714,0.0025
2022-11-15,USD_3M_LIBOR_PUBLIC_PROXY,2022-10,4.140665714,previous_completed_calendar_month,0.03640665714,0.05140665714,0.0025
2022-11-16,USD_3M_LIBOR_PUBLIC_PROXY,2022-10,4.140665714,previous_completed_calendar_month,0.03640665714,0.05140665714,0.0025
2022-11-17,USD_3M_LIBOR_PUBLIC_PROXY,2022-10,4.140665714,previous_completed_calendar_month,0.03640665714,0.05140665714,0.0025
2022-11-18,USD_3M_LIBOR_PUBLIC_PROXY,2022-10,4.140665714,previous_completed_calendar_month,0.03640665714,0.05140665714,0.0025
2022-11-21,USD_3M_LIBOR_PUBLIC_PROXY,2022-10,4.140665714,previous_completed_calendar_month,0.03640665714,0.05140665714,0.0025
2022-11-22,USD_3M_LIBOR_PUBLIC_PROXY,2022-10,4.140665714,previous_completed_calendar_month,0.03640665714,0.05140665714,0.0025
2022-11-23,USD_3M_LIBOR_PUBLIC_PROXY,2022-10,4.140665714,previous_completed_calendar_month,0.03640665714,0.05140665714,0.0025
2022-11-25,USD_3M_LIBOR_PUBLIC_PROXY,2022-10,4.140665714,previous_completed_calendar_month,0.03640665714,0.05140665714,0.0025
2022-11-28,USD_3M_LIBOR_PUBLIC_PROXY,2022-10,4.140665714,previous_completed_calendar_month,0.03640665714,0.05140665714,0.0025
2022-11-29,USD_3M_LIBOR_PUBLIC_PROXY,2022-10,4.140665714,previous_completed_calendar_month,0.03640665714,0.05140665714,0.0025
2022-11-30,USD_3M_LIBOR_PUBLIC_PROXY,2022-10,4.140665714,previous_completed_calendar_month,0.03640665714,0.05140665714,0.0025
2022-12-01,USD_3M_LIBOR_PUBLIC_PROXY,2022-11,4.649331818,previous_completed_calendar_month,0.04149331818,0.05649331818,0.0025
2022-12-02,USD_3M_LIBOR_PUBLIC_PROXY,2022-11,4.649331818,previous_completed_calendar_month,0.04149331818,0.05649331818,0.0025
2022-12-05,USD_3M_LIBOR_PUBLIC_PROXY,2022-11,4.649331818,previous_completed_calendar_month,0.04149331818,0.05649331818,0.0025
2022-12-06,USD_3M_LIBOR_PUBLIC_PROXY,2022-11,4.649331818,previous_completed_calendar_month,0.04149331818,0.05649331818,0.0025
2022-12-07,USD_3M_LIBOR_PUBLIC_PROXY,2022-11,4.649331818,previous_completed_calendar_month,0.04149331818,0.05649331818,0.0025
2022-12-08,USD_3M_LIBOR_PUBLIC_PROXY,2022-11,4.649331818,previous_completed_calendar_month,0.04149331818,0.05649331818,0.0025
2022-12-09,USD_3M_LIBOR_PUBLIC_PROXY,2022-11,4.649331818,previous_completed_calendar_month,0.04149331818,0.05649331818,0.0025
2022-12-12,USD_3M_LIBOR_PUBLIC_PROXY,2022-11,4.649331818,previous_completed_calendar_month,0.04149331818,0.05649331818,0.0025
2022-12-13,USD_3M_LIBOR_PUBLIC_PROXY,2022-11,4.649331818,previous_completed_calendar_month,0.04149331818,0.05649331818,0.0025
2022-12-14,USD_3M_LIBOR_PUBLIC_PROXY,2022-11,4.649331818,previous_completed_calendar_month,0.04149331818,0.05649331818,0.0025
2022-12-15,USD_3M_LIBOR_PUBLIC_PROXY,2022-11,4.649331818,previous_completed_calendar_month,0.04149331818,0.05649331818,0.0025
2022-12-16,USD_3M_LIBOR_PUBLIC_PROXY,2022-11,4.649331818,previous_completed_calendar_month,0.04149331818,0.05649331818,0.0025
2022-12-19,USD_3M_LIBOR_PUBLIC_PROXY,2022-11,4.649331818,previous_completed_calendar_month,0.04149331818,0.05649331818,0.0025
2022-12-20,USD_3M_LIBOR_PUBLIC_PROXY,2022-11,4.649331818,previous_completed_calendar_month,0.04149331818,0.05649331818,0.0025
2022-12-21,USD_3M_LIBOR_PUBLIC_PROXY,2022-11,4.649331818,previous_completed_calendar_month,0.04149331818,0.05649331818,0.0025
2022-12-22,USD_3M_LIBOR_PUBLIC_PROXY,2022-11,4.649331818,previous_completed_calendar_month,0.04149331818,0.05649331818,0.0025
2022-12-23,USD_3M_LIBOR_PUBLIC_PROXY,2022-11,4.649331818,previous_completed_calendar_month,0.04149331818,0.05649331818,0.0025
2022-12-27,USD_3M_LIBOR_PUBLIC_PROXY,2022-11,4.649331818,previous_completed_calendar_month,0.04149331818,0.05649331818,0.0025
2022-12-28,USD_3M_LIBOR_PUBLIC_PROXY,2022-11,4.649331818,previous_completed_calendar_month,0.04149331818,0.05649331818,0.0025
2022-12-29,USD_3M_LIBOR_PUBLIC_PROXY,2022-11,4.649331818,previous_completed_calendar_month,0.04149331818,0.05649331818,0.0025
2022-12-30,USD_3M_LIBOR_PUBLIC_PROXY,2022-11,4.649331818,previous_completed_calendar_month,0.04149331818,0.05649331818,0.0025
2023-01-03,USD_3M_LIBOR_PUBLIC_PROXY,2022-12,4.738987727,previous_completed_calendar_month,0.04238987727,0.05738987727,0.0025
2023-01-04,USD_3M_LIBOR_PUBLIC_PROXY,2022-12,4.738987727,previous_completed_calendar_month,0.04238987727,0.05738987727,0.0025
2023-01-05,USD_3M_LIBOR_PUBLIC_PROXY,2022-12,4.738987727,previous_completed_calendar_month,0.04238987727,0.05738987727,0.0025
2023-01-06,USD_3M_LIBOR_PUBLIC_PROXY,2022-12,4.738987727,previous_completed_calendar_month,0.04238987727,0.05738987727,0.0025
2023-01-09,USD_3M_LIBOR_PUBLIC_PROXY,2022-12,4.738987727,previous_completed_calendar_month,0.04238987727,0.05738987727,0.0025
2023-01-10,USD_3M_LIBOR_PUBLIC_PROXY,2022-12,4.738987727,previous_completed_calendar_month,0.04238987727,0.05738987727,0.0025
2023-01-11,USD_3M_LIBOR_PUBLIC_PROXY,2022-12,4.738987727,previous_completed_calendar_month,0.04238987727,0.05738987727,0.0025
2023-01-12,USD_3M_LIBOR_PUBLIC_PROXY,2022-12,4.738987727,previous_completed_calendar_month,0.04238987727,0.05738987727,0.0025
2023-01-13,USD_3M_LIBOR_PUBLIC_PROXY,2022-12,4.738987727,previous_completed_calendar_month,0.04238987727,0.05738987727,0.0025
2023-01-17,USD_3M_LIBOR_PUBLIC_PROXY,2022-12,4.738987727,previous_completed_calendar_month,0.04238987727,0.05738987727,0.0025
2023-01-18,USD_3M_LIBOR_PUBLIC_PROXY,2022-12,4.738987727,previous_completed_calendar_month,0.04238987727,0.05738987727,0.0025
2023-01-19,USD_3M_LIBOR_PUBLIC_PROXY,2022-12,4.738987727,previous_completed_calendar_month,0.04238987727,0.05738987727,0.0025
2023-01-20,USD_3M_LIBOR_PUBLIC_PROXY,2022-12,4.738987727,previous_completed_calendar_month,0.04238987727,0.05738987727,0.0025
2023-01-23,USD_3M_LIBOR_PUBLIC_PROXY,2022-12,4.738987727,previous_completed_calendar_month,0.04238987727,0.05738987727,0.0025
2023-01-24,USD_3M_LIBOR_PUBLIC_PROXY,2022-12,4.738987727,previous_completed_calendar_month,0.04238987727,0.05738987727,0.0025
2023-01-25,USD_3M_LIBOR_PUBLIC_PROXY,2022-12,4.738987727,previous_completed_calendar_month,0.04238987727,0.05738987727,0.0025
2023-01-26,USD_3M_LIBOR_PUBLIC_PROXY,2022-12,4.738987727,previous_completed_calendar_month,0.04238987727,0.05738987727,0.0025
2023-01-27,USD_3M_LIBOR_PUBLIC_PROXY,2022-12,4.738987727,previous_completed_calendar_month,0.04238987727,0.05738987727,0.0025
2023-01-30,USD_3M_LIBOR_PUBLIC_PROXY,2022-12,4.738987727,previous_completed_calendar_month,0.04238987727,0.05738987727,0.0025
2023-01-31,USD_3M_LIBOR_PUBLIC_PROXY,2022-12,4.738987727,previous_completed_calendar_month,0.04238987727,0.05738987727,0.0025
2023-02-01,USD_3M_LIBOR_PUBLIC_PROXY,2023-01,4.805051818,previous_completed_calendar_month,0.04305051818,0.05805051818,0.0025
2023-02-02,USD_3M_LIBOR_PUBLIC_PROXY,2023-01,4.805051818,previous_completed_calendar_month,0.04305051818,0.05805051818,0.0025
2023-02-03,USD_3M_LIBOR_PUBLIC_PROXY,2023-01,4.805051818,previous_completed_calendar_month,0.04305051818,0.05805051818,0.0025
2023-02-06,USD_3M_LIBOR_PUBLIC_PROXY,2023-01,4.805051818,previous_completed_calendar_month,0.04305051818,0.05805051818,0.0025
2023-02-07,USD_3M_LIBOR_PUBLIC_PROXY,2023-01,4.805051818,previous_completed_calendar_month,0.04305051818,0.05805051818,0.0025
2023-02-08,USD_3M_LIBOR_PUBLIC_PROXY,2023-01,4.805051818,previous_completed_calendar_month,0.04305051818,0.05805051818,0.0025
2023-02-09,USD_3M_LIBOR_PUBLIC_PROXY,2023-01,4.805051818,previous_completed_calendar_month,0.04305051818,0.05805051818,0.0025
2023-02-10,USD_3M_LIBOR_PUBLIC_PROXY,2023-01,4.805051818,previous_completed_calendar_month,0.04305051818,0.05805051818,0.0025
2023-02-13,USD_3M_LIBOR_PUBLIC_PROXY,2023-01,4.805051818,previous_completed_calendar_month,0.04305051818,0.05805051818,0.0025
2023-02-14,USD_3M_LIBOR_PUBLIC_PROXY,2023-01,4.805051818,previous_completed_calendar_month,0.04305051818,0.05805051818,0.0025
2023-02-15,USD_3M_LIBOR_PUBLIC_PROXY,2023-01,4.805051818,previous_completed_calendar_month,0.04305051818,0.05805051818,0.0025
2023-02-16,USD_3M_LIBOR_PUBLIC_PROXY,2023-01,4.805051818,previous_completed_calendar_month,0.04305051818,0.05805051818,0.0025
2023-02-17,USD_3M_LIBOR_PUBLIC_PROXY,2023-01,4.805051818,previous_completed_calendar_month,0.04305051818,0.05805051818,0.0025
2023-02-21,USD_3M_LIBOR_PUBLIC_PROXY,2023-01,4.805051818,previous_completed_calendar_month,0.04305051818,0.05805051818,0.0025
2023-02-22,USD_3M_LIBOR_PUBLIC_PROXY,2023-01,4.805051818,previous_completed_calendar_month,0.04305051818,0.05805051818,0.0025
2023-02-23,USD_3M_LIBOR_PUBLIC_PROXY,2023-01,4.805051818,previous_completed_calendar_month,0.04305051818,0.05805051818,0.0025
2023-02-24,USD_3M_LIBOR_PUBLIC_PROXY,2023-01,4.805051818,previous_completed_calendar_month,0.04305051818,0.05805051818,0.0025
2023-02-27,USD_3M_LIBOR_PUBLIC_PROXY,2023-01,4.805051818,previous_completed_calendar_month,0.04305051818,0.05805051818,0.0025
2023-02-28,USD_3M_LIBOR_PUBLIC_PROXY,2023-01,4.805051818,previous_completed_calendar_month,0.04305051818,0.05805051818,0.0025
2023-03-01,USD_3M_LIBOR_PUBLIC_PROXY,2023-02,4.8879145,previous_completed_calendar_month,0.043879145,0.058879145,0.0025
2023-03-02,USD_3M_LIBOR_PUBLIC_PROXY,2023-02,4.8879145,previous_completed_calendar_month,0.043879145,0.058879145,0.0025
2023-03-03,USD_3M_LIBOR_PUBLIC_PROXY,2023-02,4.8879145,previous_completed_calendar_month,0.043879145,0.058879145,0.0025
2023-03-06,USD_3M_LIBOR_PUBLIC_PROXY,2023-02,4.8879145,previous_completed_calendar_month,0.043879145,0.058879145,0.0025
2023-03-07,USD_3M_LIBOR_PUBLIC_PROXY,2023-02,4.8879145,previous_completed_calendar_month,0.043879145,0.058879145,0.0025
2023-03-08,USD_3M_LIBOR_PUBLIC_PROXY,2023-02,4.8879145,previous_completed_calendar_month,0.043879145,0.058879145,0.0025
2023-03-09,USD_3M_LIBOR_PUBLIC_PROXY,2023-02,4.8879145,previous_completed_calendar_month,0.043879145,0.058879145,0.0025
2023-03-10,USD_3M_LIBOR_PUBLIC_PROXY,2023-02,4.8879145,previous_completed_calendar_month,0.043879145,0.058879145,0.0025
2023-03-13,USD_3M_LIBOR_PUBLIC_PROXY,2023-02,4.8879145,previous_completed_calendar_month,0.043879145,0.058879145,0.0025
2023-03-14,USD_3M_LIBOR_PUBLIC_PROXY,2023-02,4.8879145,previous_completed_calendar_month,0.043879145,0.058879145,0.0025
2023-03-15,USD_3M_LIBOR_PUBLIC_PROXY,2023-02,4.8879145,previous_completed_calendar_month,0.043879145,0.058879145,0.0025
2023-03-16,USD_3M_LIBOR_PUBLIC_PROXY,2023-02,4.8879145,previous_completed_calendar_month,0.043879145,0.058879145,0.0025
2023-03-17,USD_3M_LIBOR_PUBLIC_PROXY,2023-02,4.8879145,previous_completed_calendar_month,0.043879145,0.058879145,0.0025
2023-03-20,USD_3M_LIBOR_PUBLIC_PROXY,2023-02,4.8879145,previous_completed_calendar_month,0.043879145,0.058879145,0.0025
2023-03-21,USD_3M_LIBOR_PUBLIC_PROXY,2023-02,4.8879145,previous_completed_calendar_month,0.043879145,0.058879145,0.0025
2023-03-22,USD_3M_LIBOR_PUBLIC_PROXY,2023-02,4.8879145,previous_completed_calendar_month,0.043879145,0.058879145,0.0025
2023-03-23,USD_3M_LIBOR_PUBLIC_PROXY,2023-02,4.8879145,previous_completed_calendar_month,0.043879145,0.058879145,0.0025
2023-03-24,USD_3M_LIBOR_PUBLIC_PROXY,2023-02,4.8879145,previous_completed_calendar_month,0.043879145,0.058879145,0.0025
2023-03-27,USD_3M_LIBOR_PUBLIC_PROXY,2023-02,4.8879145,previous_completed_calendar_month,0.043879145,0.058879145,0.0025
2023-03-28,USD_3M_LIBOR_PUBLIC_PROXY,2023-02,4.8879145,previous_completed_calendar_month,0.043879145,0.058879145,0.0025
2023-03-29,USD_3M_LIBOR_PUBLIC_PROXY,2023-02,4.8879145,previous_completed_calendar_month,0.043879145,0.058879145,0.0025
2023-03-30,USD_3M_LIBOR_PUBLIC_PROXY,2023-02,4.8879145,previous_completed_calendar_month,0.043879145,0.058879145,0.0025
2023-03-31,USD_3M_LIBOR_PUBLIC_PROXY,2023-02,4.8879145,previous_completed_calendar_month,0.043879145,0.058879145,0.0025
2023-04-03,USD_3M_LIBOR_PUBLIC_PROXY,2023-03,5.05178087,previous_completed_calendar_month,0.0455178087,0.0605178087,0.0025
2023-04-04,USD_3M_LIBOR_PUBLIC_PROXY,2023-03,5.05178087,previous_completed_calendar_month,0.0455178087,0.0605178087,0.0025
2023-04-05,USD_3M_LIBOR_PUBLIC_PROXY,2023-03,5.05178087,previous_completed_calendar_month,0.0455178087,0.0605178087,0.0025
2023-04-06,USD_3M_LIBOR_PUBLIC_PROXY,2023-03,5.05178087,previous_completed_calendar_month,0.0455178087,0.0605178087,0.0025
2023-04-10,USD_3M_LIBOR_PUBLIC_PROXY,2023-03,5.05178087,previous_completed_calendar_month,0.0455178087,0.0605178087,0.0025
2023-04-11,USD_3M_LIBOR_PUBLIC_PROXY,2023-03,5.05178087,previous_completed_calendar_month,0.0455178087,0.0605178087,0.0025
2023-04-12,USD_3M_LIBOR_PUBLIC_PROXY,2023-03,5.05178087,previous_completed_calendar_month,0.0455178087,0.0605178087,0.0025
2023-04-13,USD_3M_LIBOR_PUBLIC_PROXY,2023-03,5.05178087,previous_completed_calendar_month,0.0455178087,0.0605178087,0.0025
2023-04-14,USD_3M_LIBOR_PUBLIC_PROXY,2023-03,5.05178087,previous_completed_calendar_month,0.0455178087,0.0605178087,0.0025
2023-04-17,USD_3M_LIBOR_PUBLIC_PROXY,2023-03,5.05178087,previous_completed_calendar_month,0.0455178087,0.0605178087,0.0025
2023-04-18,USD_3M_LIBOR_PUBLIC_PROXY,2023-03,5.05178087,previous_completed_calendar_month,0.0455178087,0.0605178087,0.0025
2023-04-19,USD_3M_LIBOR_PUBLIC_PROXY,2023-03,5.05178087,previous_completed_calendar_month,0.0455178087,0.0605178087,0.0025
2023-04-20,USD_3M_LIBOR_PUBLIC_PROXY,2023-03,5.05178087,previous_completed_calendar_month,0.0455178087,0.0605178087,0.0025
2023-04-21,USD_3M_LIBOR_PUBLIC_PROXY,2023-03,5.05178087,previous_completed_calendar_month,0.0455178087,0.0605178087,0.0025
2023-04-24,USD_3M_LIBOR_PUBLIC_PROXY,2023-03,5.05178087,previous_completed_calendar_month,0.0455178087,0.0605178087,0.0025
2023-04-25,USD_3M_LIBOR_PUBLIC_PROXY,2023-03,5.05178087,previous_completed_calendar_month,0.0455178087,0.0605178087,0.0025
2023-04-26,USD_3M_LIBOR_PUBLIC_PROXY,2023-03,5.05178087,previous_completed_calendar_month,0.0455178087,0.0605178087,0.0025
2023-04-27,USD_3M_LIBOR_PUBLIC_PROXY,2023-03,5.05178087,previous_completed_calendar_month,0.0455178087,0.0605178087,0.0025
2023-04-28,USD_3M_LIBOR_PUBLIC_PROXY,2023-03,5.05178087,previous_completed_calendar_month,0.0455178087,0.0605178087,0.0025
2023-05-01,USD_3M_LIBOR_PUBLIC_PROXY,2023-04,5.2512925,previous_completed_calendar_month,0.047512925,0.062512925,0.0025
2023-05-02,USD_3M_LIBOR_PUBLIC_PROXY,2023-04,5.2512925,previous_completed_calendar_month,0.047512925,0.062512925,0.0025
2023-05-03,USD_3M_LIBOR_PUBLIC_PROXY,2023-04,5.2512925,previous_completed_calendar_month,0.047512925,0.062512925,0.0025
2023-05-04,USD_3M_LIBOR_PUBLIC_PROXY,2023-04,5.2512925,previous_completed_calendar_month,0.047512925,0.062512925,0.0025
2023-05-05,USD_3M_LIBOR_PUBLIC_PROXY,2023-04,5.2512925,previous_completed_calendar_month,0.047512925,0.062512925,0.0025
2023-05-08,USD_3M_LIBOR_PUBLIC_PROXY,2023-04,5.2512925,previous_completed_calendar_month,0.047512925,0.062512925,0.0025
2023-05-09,USD_3M_LIBOR_PUBLIC_PROXY,2023-04,5.2512925,previous_completed_calendar_month,0.047512925,0.062512925,0.0025
2023-05-10,USD_3M_LIBOR_PUBLIC_PROXY,2023-04,5.2512925,previous_completed_calendar_month,0.047512925,0.062512925,0.0025
2023-05-11,USD_3M_LIBOR_PUBLIC_PROXY,2023-04,5.2512925,previous_completed_calendar_month,0.047512925,0.062512925,0.0025
2023-05-12,USD_3M_LIBOR_PUBLIC_PROXY,2023-04,5.2512925,previous_completed_calendar_month,0.047512925,0.062512925,0.0025
2023-05-15,USD_3M_LIBOR_PUBLIC_PROXY,2023-04,5.2512925,previous_completed_calendar_month,0.047512925,0.062512925,0.0025
2023-05-16,USD_3M_LIBOR_PUBLIC_PROXY,2023-04,5.2512925,previous_completed_calendar_month,0.047512925,0.062512925,0.0025
2023-05-17,USD_3M_LIBOR_PUBLIC_PROXY,2023-04,5.2512925,previous_completed_calendar_month,0.047512925,0.062512925,0.0025
2023-05-18,USD_3M_LIBOR_PUBLIC_PROXY,2023-04,5.2512925,previous_completed_calendar_month,0.047512925,0.062512925,0.0025
2023-05-19,USD_3M_LIBOR_PUBLIC_PROXY,2023-04,5.2512925,previous_completed_calendar_month,0.047512925,0.062512925,0.0025
2023-05-22,USD_3M_LIBOR_PUBLIC_PROXY,2023-04,5.2512925,previous_completed_calendar_month,0.047512925,0.062512925,0.0025
2023-05-23,USD_3M_LIBOR_PUBLIC_PROXY,2023-04,5.2512925,previous_completed_calendar_month,0.047512925,0.062512925,0.0025
2023-05-24,USD_3M_LIBOR_PUBLIC_PROXY,2023-04,5.2512925,previous_completed_calendar_month,0.047512925,0.062512925,0.0025
2023-05-25,USD_3M_LIBOR_PUBLIC_PROXY,2023-04,5.2512925,previous_completed_calendar_month,0.047512925,0.062512925,0.0025
2023-05-26,USD_3M_LIBOR_PUBLIC_PROXY,2023-04,5.2512925,previous_completed_calendar_month,0.047512925,0.062512925,0.0025
2023-05-30,USD_3M_LIBOR_PUBLIC_PROXY,2023-04,5.2512925,previous_completed_calendar_month,0.047512925,0.062512925,0.0025
2023-05-31,USD_3M_LIBOR_PUBLIC_PROXY,2023-04,5.2512925,previous_completed_calendar_month,0.047512925,0.062512925,0.0025
2023-06-01,USD_3M_LIBOR_PUBLIC_PROXY,2023-05,5.377943043,previous_completed_calendar_month,0.04877943043,0.06377943043,0.0025
2023-06-02,USD_3M_LIBOR_PUBLIC_PROXY,2023-05,5.377943043,previous_completed_calendar_month,0.04877943043,0.06377943043,0.0025
2023-06-05,USD_3M_LIBOR_PUBLIC_PROXY,2023-05,5.377943043,previous_completed_calendar_month,0.04877943043,0.06377943043,0.0025
2023-06-06,USD_3M_LIBOR_PUBLIC_PROXY,2023-05,5.377943043,previous_completed_calendar_month,0.04877943043,0.06377943043,0.0025
2023-06-07,USD_3M_LIBOR_PUBLIC_PROXY,2023-05,5.377943043,previous_completed_calendar_month,0.04877943043,0.06377943043,0.0025
2023-06-08,USD_3M_LIBOR_PUBLIC_PROXY,2023-05,5.377943043,previous_completed_calendar_month,0.04877943043,0.06377943043,0.0025
2023-06-09,USD_3M_LIBOR_PUBLIC_PROXY,2023-05,5.377943043,previous_completed_calendar_month,0.04877943043,0.06377943043,0.0025
2023-06-12,USD_3M_LIBOR_PUBLIC_PROXY,2023-05,5.377943043,previous_completed_calendar_month,0.04877943043,0.06377943043,0.0025
2023-06-13,USD_3M_LIBOR_PUBLIC_PROXY,2023-05,5.377943043,previous_completed_calendar_month,0.04877943043,0.06377943043,0.0025
2023-06-14,USD_3M_LIBOR_PUBLIC_PROXY,2023-05,5.377943043,previous_completed_calendar_month,0.04877943043,0.06377943043,0.0025
2023-06-15,USD_3M_LIBOR_PUBLIC_PROXY,2023-05,5.377943043,previous_completed_calendar_month,0.04877943043,0.06377943043,0.0025
2023-06-16,USD_3M_LIBOR_PUBLIC_PROXY,2023-05,5.377943043,previous_completed_calendar_month,0.04877943043,0.06377943043,0.0025
2023-06-20,USD_3M_LIBOR_PUBLIC_PROXY,2023-05,5.377943043,previous_completed_calendar_month,0.04877943043,0.06377943043,0.0025
2023-06-21,USD_3M_LIBOR_PUBLIC_PROXY,2023-05,5.377943043,previous_completed_calendar_month,0.04877943043,0.06377943043,0.0025
2023-06-22,USD_3M_LIBOR_PUBLIC_PROXY,2023-05,5.377943043,previous_completed_calendar_month,0.04877943043,0.06377943043,0.0025
2023-06-23,USD_3M_LIBOR_PUBLIC_PROXY,2023-05,5.377943043,previous_completed_calendar_month,0.04877943043,0.06377943043,0.0025
2023-06-26,USD_3M_LIBOR_PUBLIC_PROXY,2023-05,5.377943043,previous_completed_calendar_month,0.04877943043,0.06377943043,0.0025
2023-06-27,USD_3M_LIBOR_PUBLIC_PROXY,2023-05,5.377943043,previous_completed_calendar_month,0.04877943043,0.06377943043,0.0025
2023-06-28,USD_3M_LIBOR_PUBLIC_PROXY,2023-05,5.377943043,previous_completed_calendar_month,0.04877943043,0.06377943043,0.0025
2023-06-29,USD_3M_LIBOR_PUBLIC_PROXY,2023-05,5.377943043,previous_completed_calendar_month,0.04877943043,0.06377943043,0.0025
2023-06-30,USD_3M_LIBOR_PUBLIC_PROXY,2023-05,5.377943043,previous_completed_calendar_month,0.04877943043,0.06377943043,0.0025
2023-07-03,SOFR,2023-06-30,5.09,latest_observation_strictly_before_session,0.0459,0.0609,0.0025
2023-07-05,SOFR,2023-07-03,5.06,latest_observation_strictly_before_session,0.0456,0.0606,0.0025
2023-07-06,SOFR,2023-07-05,5.06,latest_observation_strictly_before_session,0.0456,0.0606,0.0025
2023-07-07,SOFR,2023-07-06,5.06,latest_observation_strictly_before_session,0.0456,0.0606,0.0025
2023-07-10,SOFR,2023-07-07,5.06,latest_observation_strictly_before_session,0.0456,0.0606,0.0025
2023-07-11,SOFR,2023-07-10,5.06,latest_observation_strictly_before_session,0.0456,0.0606,0.0025
2023-07-12,SOFR,2023-07-11,5.06,latest_observation_strictly_before_session,0.0456,0.0606,0.0025
2023-07-13,SOFR,2023-07-12,5.05,latest_observation_strictly_before_session,0.0455,0.0605,0.0025
2023-07-14,SOFR,2023-07-13,5.06,latest_observation_strictly_before_session,0.0456,0.0606,0.0025
2023-07-17,SOFR,2023-07-14,5.05,latest_observation_strictly_before_session,0.0455,0.0605,0.0025
2023-07-18,SOFR,2023-07-17,5.06,latest_observation_strictly_before_session,0.0456,0.0606,0.0025
2023-07-19,SOFR,2023-07-18,5.06,latest_observation_strictly_before_session,0.0456,0.0606,0.0025
2023-07-20,SOFR,2023-07-19,5.05,latest_observation_strictly_before_session,0.0455,0.0605,0.0025
2023-07-21,SOFR,2023-07-20,5.06,latest_observation_strictly_before_session,0.0456,0.0606,0.0025
2023-07-24,SOFR,2023-07-21,5.05,latest_observation_strictly_before_session,0.0455,0.0605,0.0025
2023-07-25,SOFR,2023-07-24,5.05,latest_observation_strictly_before_session,0.0455,0.0605,0.0025
2023-07-26,SOFR,2023-07-25,5.06,latest_observation_strictly_before_session,0.0456,0.0606,0.0025
2023-07-27,SOFR,2023-07-26,5.06,latest_observation_strictly_before_session,0.0456,0.0606,0.0025
2023-07-28,SOFR,2023-07-27,5.31,latest_observation_strictly_before_session,0.0481,0.0631,0.0025
2023-07-31,SOFR,2023-07-28,5.3,latest_observation_strictly_before_session,0.048,0.063,0.0025
2023-08-01,SOFR,2023-07-31,5.31,latest_observation_strictly_before_session,0.0481,0.0631,0.0025
2023-08-02,SOFR,2023-08-01,5.31,latest_observation_strictly_before_session,0.0481,0.0631,0.0025
2023-08-03,SOFR,2023-08-02,5.3,latest_observation_strictly_before_session,0.048,0.063,0.0025
2023-08-04,SOFR,2023-08-03,5.3,latest_observation_strictly_before_session,0.048,0.063,0.0025
2023-08-07,SOFR,2023-08-04,5.3,latest_observation_strictly_before_session,0.048,0.063,0.0025
2023-08-08,SOFR,2023-08-07,5.3,latest_observation_strictly_before_session,0.048,0.063,0.0025
2023-08-09,SOFR,2023-08-08,5.3,latest_observation_strictly_before_session,0.048,0.063,0.0025
2023-08-10,SOFR,2023-08-09,5.3,latest_observation_strictly_before_session,0.048,0.063,0.0025
2023-08-11,SOFR,2023-08-10,5.3,latest_observation_strictly_before_session,0.048,0.063,0.0025
2023-08-14,SOFR,2023-08-11,5.3,latest_observation_strictly_before_session,0.048,0.063,0.0025
2023-08-15,SOFR,2023-08-14,5.3,latest_observation_strictly_before_session,0.048,0.063,0.0025
2023-08-16,SOFR,2023-08-15,5.3,latest_observation_strictly_before_session,0.048,0.063,0.0025
2023-08-17,SOFR,2023-08-16,5.3,latest_observation_strictly_before_session,0.048,0.063,0.0025
2023-08-18,SOFR,2023-08-17,5.3,latest_observation_strictly_before_session,0.048,0.063,0.0025
2023-08-21,SOFR,2023-08-18,5.3,latest_observation_strictly_before_session,0.048,0.063,0.0025
2023-08-22,SOFR,2023-08-21,5.3,latest_observation_strictly_before_session,0.048,0.063,0.0025
2023-08-23,SOFR,2023-08-22,5.3,latest_observation_strictly_before_session,0.048,0.063,0.0025
2023-08-24,SOFR,2023-08-23,5.3,latest_observation_strictly_before_session,0.048,0.063,0.0025
2023-08-25,SOFR,2023-08-24,5.3,latest_observation_strictly_before_session,0.048,0.063,0.0025
2023-08-28,SOFR,2023-08-25,5.3,latest_observation_strictly_before_session,0.048,0.063,0.0025
2023-08-29,SOFR,2023-08-28,5.3,latest_observation_strictly_before_session,0.048,0.063,0.0025
2023-08-30,SOFR,2023-08-29,5.3,latest_observation_strictly_before_session,0.048,0.063,0.0025
2023-08-31,SOFR,2023-08-30,5.3,latest_observation_strictly_before_session,0.048,0.063,0.0025
2023-09-01,SOFR,2023-08-31,5.31,latest_observation_strictly_before_session,0.0481,0.0631,0.0025
2023-09-05,SOFR,2023-09-01,5.31,latest_observation_strictly_before_session,0.0481,0.0631,0.0025
2023-09-06,SOFR,2023-09-05,5.31,latest_observation_strictly_before_session,0.0481,0.0631,0.0025
2023-09-07,SOFR,2023-09-06,5.3,latest_observation_strictly_before_session,0.048,0.063,0.0025
2023-09-08,SOFR,2023-09-07,5.31,latest_observation_strictly_before_session,0.0481,0.0631,0.0025
2023-09-11,SOFR,2023-09-08,5.3,latest_observation_strictly_before_session,0.048,0.063,0.0025
2023-09-12,SOFR,2023-09-11,5.3,latest_observation_strictly_before_session,0.048,0.063,0.0025
2023-09-13,SOFR,2023-09-12,5.3,latest_observation_strictly_before_session,0.048,0.063,0.0025
2023-09-14,SOFR,2023-09-13,5.3,latest_observation_strictly_before_session,0.048,0.063,0.0025
2023-09-15,SOFR,2023-09-14,5.3,latest_observation_strictly_before_session,0.048,0.063,0.0025
2023-09-18,SOFR,2023-09-15,5.31,latest_observation_strictly_before_session,0.0481,0.0631,0.0025
2023-09-19,SOFR,2023-09-18,5.31,latest_observation_strictly_before_session,0.0481,0.0631,0.0025
2023-09-20,SOFR,2023-09-19,5.31,latest_observation_strictly_before_session,0.0481,0.0631,0.0025
2023-09-21,SOFR,2023-09-20,5.3,latest_observation_strictly_before_session,0.048,0.063,0.0025
2023-09-22,SOFR,2023-09-21,5.3,latest_observation_strictly_before_session,0.048,0.063,0.0025
2023-09-25,SOFR,2023-09-22,5.3,latest_observation_strictly_before_session,0.048,0.063,0.0025
2023-09-26,SOFR,2023-09-25,5.31,latest_observation_strictly_before_session,0.0481,0.0631,0.0025
2023-09-27,SOFR,2023-09-26,5.31,latest_observation_strictly_before_session,0.0481,0.0631,0.0025
2023-09-28,SOFR,2023-09-27,5.32,latest_observation_strictly_before_session,0.0482,0.0632,0.0025
2023-09-29,SOFR,2023-09-28,5.31,latest_observation_strictly_before_session,0.0481,0.0631,0.0025
2023-10-02,SOFR,2023-09-29,5.31,latest_observation_strictly_before_session,0.0481,0.0631,0.0025
2023-10-03,SOFR,2023-10-02,5.32,latest_observation_strictly_before_session,0.0482,0.0632,0.0025
2023-10-04,SOFR,2023-10-03,5.33,latest_observation_strictly_before_session,0.0483,0.0633,0.0025
2023-10-05,SOFR,2023-10-04,5.32,latest_observation_strictly_before_session,0.0482,0.0632,0.0025
2023-10-06,SOFR,2023-10-05,5.32,latest_observation_strictly_before_session,0.0482,0.0632,0.0025
2023-10-09,SOFR,2023-10-06,5.31,latest_observation_strictly_before_session,0.0481,0.0631,0.0025
2023-10-10,SOFR,2023-10-06,5.31,latest_observation_strictly_before_session,0.0481,0.0631,0.0025
2023-10-11,SOFR,2023-10-10,5.31,latest_observation_strictly_before_session,0.0481,0.0631,0.0025
2023-10-12,SOFR,2023-10-11,5.31,latest_observation_strictly_before_session,0.0481,0.0631,0.0025
2023-10-13,SOFR,2023-10-12,5.31,latest_observation_strictly_before_session,0.0481,0.0631,0.0025
2023-10-16,SOFR,2023-10-13,5.31,latest_observation_strictly_before_session,0.0481,0.0631,0.0025
2023-10-17,SOFR,2023-10-16,5.31,latest_observation_strictly_before_session,0.0481,0.0631,0.0025
2023-10-18,SOFR,2023-10-17,5.31,latest_observation_strictly_before_session,0.0481,0.0631,0.0025
2023-10-19,SOFR,2023-10-18,5.3,latest_observation_strictly_before_session,0.048,0.063,0.0025
2023-10-20,SOFR,2023-10-19,5.3,latest_observation_strictly_before_session,0.048,0.063,0.0025
2023-10-23,SOFR,2023-10-20,5.3,latest_observation_strictly_before_session,0.048,0.063,0.0025
2023-10-24,SOFR,2023-10-23,5.3,latest_observation_strictly_before_session,0.048,0.063,0.0025
2023-10-25,SOFR,2023-10-24,5.3,latest_observation_strictly_before_session,0.048,0.063,0.0025
2023-10-26,SOFR,2023-10-25,5.3,latest_observation_strictly_before_session,0.048,0.063,0.0025
2023-10-27,SOFR,2023-10-26,5.31,latest_observation_strictly_before_session,0.0481,0.0631,0.0025
2023-10-30,SOFR,2023-10-27,5.31,latest_observation_strictly_before_session,0.0481,0.0631,0.0025
2023-10-31,SOFR,2023-10-30,5.31,latest_observation_strictly_before_session,0.0481,0.0631,0.0025
2023-11-01,SOFR,2023-10-31,5.35,latest_observation_strictly_before_session,0.0485,0.0635,0.0025
2023-11-02,SOFR,2023-11-01,5.32,latest_observation_strictly_before_session,0.0482,0.0632,0.0025
2023-11-03,SOFR,2023-11-02,5.33,latest_observation_strictly_before_session,0.0483,0.0633,0.0025
2023-11-06,SOFR,2023-11-03,5.32,latest_observation_strictly_before_session,0.0482,0.0632,0.0025
2023-11-07,SOFR,2023-11-06,5.32,latest_observation_strictly_before_session,0.0482,0.0632,0.0025
2023-11-08,SOFR,2023-11-07,5.32,latest_observation_strictly_before_session,0.0482,0.0632,0.0025
2023-11-09,SOFR,2023-11-08,5.32,latest_observation_strictly_before_session,0.0482,0.0632,0.0025
2023-11-10,SOFR,2023-11-09,5.32,latest_observation_strictly_before_session,0.0482,0.0632,0.0025
2023-11-13,SOFR,2023-11-10,5.32,latest_observation_strictly_before_session,0.0482,0.0632,0.0025
2023-11-14,SOFR,2023-11-13,5.32,latest_observation_strictly_before_session,0.0482,0.0632,0.0025
2023-11-15,SOFR,2023-11-14,5.32,latest_observation_strictly_before_session,0.0482,0.0632,0.0025
2023-11-16,SOFR,2023-11-15,5.32,latest_observation_strictly_before_session,0.0482,0.0632,0.0025
2023-11-17,SOFR,2023-11-16,5.32,latest_observation_strictly_before_session,0.0482,0.0632,0.0025
2023-11-20,SOFR,2023-11-17,5.32,latest_observation_strictly_before_session,0.0482,0.0632,0.0025
2023-11-21,SOFR,2023-11-20,5.31,latest_observation_strictly_before_session,0.0481,0.0631,0.0025
2023-11-22,SOFR,2023-11-21,5.31,latest_observation_strictly_before_session,0.0481,0.0631,0.0025
2023-11-24,SOFR,2023-11-22,5.31,latest_observation_strictly_before_session,0.0481,0.0631,0.0025
2023-11-27,SOFR,2023-11-24,5.32,latest_observation_strictly_before_session,0.0482,0.0632,0.0025
2023-11-28,SOFR,2023-11-27,5.32,latest_observation_strictly_before_session,0.0482,0.0632,0.0025
2023-11-29,SOFR,2023-11-28,5.32,latest_observation_strictly_before_session,0.0482,0.0632,0.0025
2023-11-30,SOFR,2023-11-29,5.31,latest_observation_strictly_before_session,0.0481,0.0631,0.0025
2023-12-01,SOFR,2023-11-30,5.33,latest_observation_strictly_before_session,0.0483,0.0633,0.0025
2023-12-04,SOFR,2023-12-01,5.39,latest_observation_strictly_before_session,0.0489,0.0639,0.0025
2023-12-05,SOFR,2023-12-04,5.37,latest_observation_strictly_before_session,0.0487,0.0637,0.0025
2023-12-06,SOFR,2023-12-05,5.33,latest_observation_strictly_before_session,0.0483,0.0633,0.0025
2023-12-07,SOFR,2023-12-06,5.32,latest_observation_strictly_before_session,0.0482,0.0632,0.0025
2023-12-08,SOFR,2023-12-07,5.32,latest_observation_strictly_before_session,0.0482,0.0632,0.0025
2023-12-11,SOFR,2023-12-08,5.32,latest_observation_strictly_before_session,0.0482,0.0632,0.0025
2023-12-12,SOFR,2023-12-11,5.32,latest_observation_strictly_before_session,0.0482,0.0632,0.0025
2023-12-13,SOFR,2023-12-12,5.31,latest_observation_strictly_before_session,0.0481,0.0631,0.0025
2023-12-14,SOFR,2023-12-13,5.31,latest_observation_strictly_before_session,0.0481,0.0631,0.0025
2023-12-15,SOFR,2023-12-14,5.31,latest_observation_strictly_before_session,0.0481,0.0631,0.0025
2023-12-18,SOFR,2023-12-15,5.32,latest_observation_strictly_before_session,0.0482,0.0632,0.0025
2023-12-19,SOFR,2023-12-18,5.32,latest_observation_strictly_before_session,0.0482,0.0632,0.0025
2023-12-20,SOFR,2023-12-19,5.31,latest_observation_strictly_before_session,0.0481,0.0631,0.0025
2023-12-21,SOFR,2023-12-20,5.31,latest_observation_strictly_before_session,0.0481,0.0631,0.0025
2023-12-22,SOFR,2023-12-21,5.31,latest_observation_strictly_before_session,0.0481,0.0631,0.0025
2023-12-26,SOFR,2023-12-22,5.32,latest_observation_strictly_before_session,0.0482,0.0632,0.0025
2023-12-27,SOFR,2023-12-26,5.35,latest_observation_strictly_before_session,0.0485,0.0635,0.0025
2023-12-28,SOFR,2023-12-27,5.39,latest_observation_strictly_before_session,0.0489,0.0639,0.0025
2023-12-29,SOFR,2023-12-28,5.4,latest_observation_strictly_before_session,0.049,0.064,0.0025
2024-01-02,SOFR,2023-12-29,5.38,latest_observation_strictly_before_session,0.0488,0.0638,0.0025
2024-01-03,SOFR,2024-01-02,5.4,latest_observation_strictly_before_session,0.049,0.064,0.0025
2024-01-04,SOFR,2024-01-03,5.39,latest_observation_strictly_before_session,0.0489,0.0639,0.0025
2024-01-05,SOFR,2024-01-04,5.32,latest_observation_strictly_before_session,0.0482,0.0632,0.0025
2024-01-08,SOFR,2024-01-05,5.31,latest_observation_strictly_before_session,0.0481,0.0631,0.0025
2024-01-09,SOFR,2024-01-08,5.31,latest_observation_strictly_before_session,0.0481,0.0631,0.0025
2024-01-10,SOFR,2024-01-09,5.31,latest_observation_strictly_before_session,0.0481,0.0631,0.0025
2024-01-11,SOFR,2024-01-10,5.31,latest_observation_strictly_before_session,0.0481,0.0631,0.0025
2024-01-12,SOFR,2024-01-11,5.31,latest_observation_strictly_before_session,0.0481,0.0631,0.0025
2024-01-16,SOFR,2024-01-12,5.31,latest_observation_strictly_before_session,0.0481,0.0631,0.0025
2024-01-17,SOFR,2024-01-16,5.32,latest_observation_strictly_before_session,0.0482,0.0632,0.0025
2024-01-18,SOFR,2024-01-17,5.32,latest_observation_strictly_before_session,0.0482,0.0632,0.0025
2024-01-19,SOFR,2024-01-18,5.31,latest_observation_strictly_before_session,0.0481,0.0631,0.0025
2024-01-22,SOFR,2024-01-19,5.31,latest_observation_strictly_before_session,0.0481,0.0631,0.0025
2024-01-23,SOFR,2024-01-22,5.31,latest_observation_strictly_before_session,0.0481,0.0631,0.0025
2024-01-24,SOFR,2024-01-23,5.31,latest_observation_strictly_before_session,0.0481,0.0631,0.0025
2024-01-25,SOFR,2024-01-24,5.31,latest_observation_strictly_before_session,0.0481,0.0631,0.0025
2024-01-26,SOFR,2024-01-25,5.32,latest_observation_strictly_before_session,0.0482,0.0632,0.0025
2024-01-29,SOFR,2024-01-26,5.32,latest_observation_strictly_before_session,0.0482,0.0632,0.0025
2024-01-30,SOFR,2024-01-29,5.31,latest_observation_strictly_before_session,0.0481,0.0631,0.0025
2024-01-31,SOFR,2024-01-30,5.31,latest_observation_strictly_before_session,0.0481,0.0631,0.0025
2024-02-01,SOFR,2024-01-31,5.32,latest_observation_strictly_before_session,0.0482,0.0632,0.0025
2024-02-02,SOFR,2024-02-01,5.32,latest_observation_strictly_before_session,0.0482,0.0632,0.0025
2024-02-05,SOFR,2024-02-02,5.32,latest_observation_strictly_before_session,0.0482,0.0632,0.0025
2024-02-06,SOFR,2024-02-05,5.31,latest_observation_strictly_before_session,0.0481,0.0631,0.0025
2024-02-07,SOFR,2024-02-06,5.31,latest_observation_strictly_before_session,0.0481,0.0631,0.0025
2024-02-08,SOFR,2024-02-07,5.31,latest_observation_strictly_before_session,0.0481,0.0631,0.0025
2024-02-09,SOFR,2024-02-08,5.31,latest_observation_strictly_before_session,0.0481,0.0631,0.0025
2024-02-12,SOFR,2024-02-09,5.31,latest_observation_strictly_before_session,0.0481,0.0631,0.0025
2024-02-13,SOFR,2024-02-12,5.31,latest_observation_strictly_before_session,0.0481,0.0631,0.0025
2024-02-14,SOFR,2024-02-13,5.31,latest_observation_strictly_before_session,0.0481,0.0631,0.0025
2024-02-15,SOFR,2024-02-14,5.3,latest_observation_strictly_before_session,0.048,0.063,0.0025
2024-02-16,SOFR,2024-02-15,5.31,latest_observation_strictly_before_session,0.0481,0.0631,0.0025
2024-02-20,SOFR,2024-02-16,5.3,latest_observation_strictly_before_session,0.048,0.063,0.0025
2024-02-21,SOFR,2024-02-20,5.3,latest_observation_strictly_before_session,0.048,0.063,0.0025
2024-02-22,SOFR,2024-02-21,5.3,latest_observation_strictly_before_session,0.048,0.063,0.0025
2024-02-23,SOFR,2024-02-22,5.3,latest_observation_strictly_before_session,0.048,0.063,0.0025
2024-02-26,SOFR,2024-02-23,5.31,latest_observation_strictly_before_session,0.0481,0.0631,0.0025
2024-02-27,SOFR,2024-02-26,5.31,latest_observation_strictly_before_session,0.0481,0.0631,0.0025
2024-02-28,SOFR,2024-02-27,5.31,latest_observation_strictly_before_session,0.0481,0.0631,0.0025
2024-02-29,SOFR,2024-02-28,5.31,latest_observation_strictly_before_session,0.0481,0.0631,0.0025
2024-03-01,SOFR,2024-02-29,5.32,latest_observation_strictly_before_session,0.0482,0.0632,0.0025
2024-03-04,SOFR,2024-03-01,5.31,latest_observation_strictly_before_session,0.0481,0.0631,0.0025
2024-03-05,SOFR,2024-03-04,5.31,latest_observation_strictly_before_session,0.0481,0.0631,0.0025
2024-03-06,SOFR,2024-03-05,5.31,latest_observation_strictly_before_session,0.0481,0.0631,0.0025
2024-03-07,SOFR,2024-03-06,5.31,latest_observation_strictly_before_session,0.0481,0.0631,0.0025
2024-03-08,SOFR,2024-03-07,5.31,latest_observation_strictly_before_session,0.0481,0.0631,0.0025
2024-03-11,SOFR,2024-03-08,5.31,latest_observation_strictly_before_session,0.0481,0.0631,0.0025
2024-03-12,SOFR,2024-03-11,5.31,latest_observation_strictly_before_session,0.0481,0.0631,0.0025
2024-03-13,SOFR,2024-03-12,5.31,latest_observation_strictly_before_session,0.0481,0.0631,0.0025
2024-03-14,SOFR,2024-03-13,5.31,latest_observation_strictly_before_session,0.0481,0.0631,0.0025
2024-03-15,SOFR,2024-03-14,5.31,latest_observation_strictly_before_session,0.0481,0.0631,0.0025
2024-03-18,SOFR,2024-03-15,5.31,latest_observation_strictly_before_session,0.0481,0.0631,0.0025
2024-03-19,SOFR,2024-03-18,5.31,latest_observation_strictly_before_session,0.0481,0.0631,0.0025
2024-03-20,SOFR,2024-03-19,5.31,latest_observation_strictly_before_session,0.0481,0.0631,0.0025
2024-03-21,SOFR,2024-03-20,5.31,latest_observation_strictly_before_session,0.0481,0.0631,0.0025
2024-03-22,SOFR,2024-03-21,5.31,latest_observation_strictly_before_session,0.0481,0.0631,0.0025
2024-03-25,SOFR,2024-03-22,5.31,latest_observation_strictly_before_session,0.0481,0.0631,0.0025
2024-03-26,SOFR,2024-03-25,5.31,latest_observation_strictly_before_session,0.0481,0.0631,0.0025
2024-03-27,SOFR,2024-03-26,5.32,latest_observation_strictly_before_session,0.0482,0.0632,0.0025
2024-03-28,SOFR,2024-03-27,5.33,latest_observation_strictly_before_session,0.0483,0.0633,0.0025
2024-04-01,SOFR,2024-03-28,5.34,latest_observation_strictly_before_session,0.0484,0.0634,0.0025
2024-04-02,SOFR,2024-04-01,5.35,latest_observation_strictly_before_session,0.0485,0.0635,0.0025
2024-04-03,SOFR,2024-04-02,5.34,latest_observation_strictly_before_session,0.0484,0.0634,0.0025
2024-04-04,SOFR,2024-04-03,5.32,latest_observation_strictly_before_session,0.0482,0.0632,0.0025
2024-04-05,SOFR,2024-04-04,5.32,latest_observation_strictly_before_session,0.0482,0.0632,0.0025
2024-04-08,SOFR,2024-04-05,5.32,latest_observation_strictly_before_session,0.0482,0.0632,0.0025
2024-04-09,SOFR,2024-04-08,5.31,latest_observation_strictly_before_session,0.0481,0.0631,0.0025
2024-04-10,SOFR,2024-04-09,5.31,latest_observation_strictly_before_session,0.0481,0.0631,0.0025
2024-04-11,SOFR,2024-04-10,5.31,latest_observation_strictly_before_session,0.0481,0.0631,0.0025
2024-04-12,SOFR,2024-04-11,5.31,latest_observation_strictly_before_session,0.0481,0.0631,0.0025
2024-04-15,SOFR,2024-04-12,5.31,latest_observation_strictly_before_session,0.0481,0.0631,0.0025
2024-04-16,SOFR,2024-04-15,5.32,latest_observation_strictly_before_session,0.0482,0.0632,0.0025
2024-04-17,SOFR,2024-04-16,5.31,latest_observation_strictly_before_session,0.0481,0.0631,0.0025
2024-04-18,SOFR,2024-04-17,5.31,latest_observation_strictly_before_session,0.0481,0.0631,0.0025
2024-04-19,SOFR,2024-04-18,5.3,latest_observation_strictly_before_session,0.048,0.063,0.0025
2024-04-22,SOFR,2024-04-19,5.31,latest_observation_strictly_before_session,0.0481,0.0631,0.0025
2024-04-23,SOFR,2024-04-22,5.31,latest_observation_strictly_before_session,0.0481,0.0631,0.0025
2024-04-24,SOFR,2024-04-23,5.31,latest_observation_strictly_before_session,0.0481,0.0631,0.0025
2024-04-25,SOFR,2024-04-24,5.31,latest_observation_strictly_before_session,0.0481,0.0631,0.0025
2024-04-26,SOFR,2024-04-25,5.31,latest_observation_strictly_before_session,0.0481,0.0631,0.0025
2024-04-29,SOFR,2024-04-26,5.32,latest_observation_strictly_before_session,0.0482,0.0632,0.0025
2024-04-30,SOFR,2024-04-29,5.32,latest_observation_strictly_before_session,0.0482,0.0632,0.0025
2024-05-01,SOFR,2024-04-30,5.34,latest_observation_strictly_before_session,0.0484,0.0634,0.0025
2024-05-02,SOFR,2024-05-01,5.32,latest_observation_strictly_before_session,0.0482,0.0632,0.0025
2024-05-03,SOFR,2024-05-02,5.31,latest_observation_strictly_before_session,0.0481,0.0631,0.0025
2024-05-06,SOFR,2024-05-03,5.31,latest_observation_strictly_before_session,0.0481,0.0631,0.0025
2024-05-07,SOFR,2024-05-06,5.31,latest_observation_strictly_before_session,0.0481,0.0631,0.0025
2024-05-08,SOFR,2024-05-07,5.31,latest_observation_strictly_before_session,0.0481,0.0631,0.0025
2024-05-09,SOFR,2024-05-08,5.31,latest_observation_strictly_before_session,0.0481,0.0631,0.0025
2024-05-10,SOFR,2024-05-09,5.31,latest_observation_strictly_before_session,0.0481,0.0631,0.0025
2024-05-13,SOFR,2024-05-10,5.31,latest_observation_strictly_before_session,0.0481,0.0631,0.0025
2024-05-14,SOFR,2024-05-13,5.31,latest_observation_strictly_before_session,0.0481,0.0631,0.0025
2024-05-15,SOFR,2024-05-14,5.31,latest_observation_strictly_before_session,0.0481,0.0631,0.0025
2024-05-16,SOFR,2024-05-15,5.31,latest_observation_strictly_before_session,0.0481,0.0631,0.0025
2024-05-17,SOFR,2024-05-16,5.31,latest_observation_strictly_before_session,0.0481,0.0631,0.0025
2024-05-20,SOFR,2024-05-17,5.31,latest_observation_strictly_before_session,0.0481,0.0631,0.0025
2024-05-21,SOFR,2024-05-20,5.31,latest_observation_strictly_before_session,0.0481,0.0631,0.0025
2024-05-22,SOFR,2024-05-21,5.31,latest_observation_strictly_before_session,0.0481,0.0631,0.0025
2024-05-23,SOFR,2024-05-22,5.31,latest_observation_strictly_before_session,0.0481,0.0631,0.0025
2024-05-24,SOFR,2024-05-23,5.31,latest_observation_strictly_before_session,0.0481,0.0631,0.0025
2024-05-28,SOFR,2024-05-24,5.32,latest_observation_strictly_before_session,0.0482,0.0632,0.0025
2024-05-29,SOFR,2024-05-28,5.32,latest_observation_strictly_before_session,0.0482,0.0632,0.0025
2024-05-30,SOFR,2024-05-29,5.33,latest_observation_strictly_before_session,0.0483,0.0633,0.0025
2024-05-31,SOFR,2024-05-30,5.33,latest_observation_strictly_before_session,0.0483,0.0633,0.0025
2024-06-03,SOFR,2024-05-31,5.34,latest_observation_strictly_before_session,0.0484,0.0634,0.0025
2024-06-04,SOFR,2024-06-03,5.35,latest_observation_strictly_before_session,0.0485,0.0635,0.0025
2024-06-05,SOFR,2024-06-04,5.33,latest_observation_strictly_before_session,0.0483,0.0633,0.0025
2024-06-06,SOFR,2024-06-05,5.33,latest_observation_strictly_before_session,0.0483,0.0633,0.0025
2024-06-07,SOFR,2024-06-06,5.33,latest_observation_strictly_before_session,0.0483,0.0633,0.0025
2024-06-10,SOFR,2024-06-07,5.33,latest_observation_strictly_before_session,0.0483,0.0633,0.0025
2024-06-11,SOFR,2024-06-10,5.32,latest_observation_strictly_before_session,0.0482,0.0632,0.0025
2024-06-12,SOFR,2024-06-11,5.32,latest_observation_strictly_before_session,0.0482,0.0632,0.0025
2024-06-13,SOFR,2024-06-12,5.31,latest_observation_strictly_before_session,0.0481,0.0631,0.0025
2024-06-14,SOFR,2024-06-13,5.31,latest_observation_strictly_before_session,0.0481,0.0631,0.0025
2024-06-17,SOFR,2024-06-14,5.31,latest_observation_strictly_before_session,0.0481,0.0631,0.0025
2024-06-18,SOFR,2024-06-17,5.33,latest_observation_strictly_before_session,0.0483,0.0633,0.0025
2024-06-20,SOFR,2024-06-18,5.33,latest_observation_strictly_before_session,0.0483,0.0633,0.0025
2024-06-21,SOFR,2024-06-20,5.32,latest_observation_strictly_before_session,0.0482,0.0632,0.0025
2024-06-24,SOFR,2024-06-21,5.31,latest_observation_strictly_before_session,0.0481,0.0631,0.0025
2024-06-25,SOFR,2024-06-24,5.31,latest_observation_strictly_before_session,0.0481,0.0631,0.0025
2024-06-26,SOFR,2024-06-25,5.33,latest_observation_strictly_before_session,0.0483,0.0633,0.0025
2024-06-27,SOFR,2024-06-26,5.34,latest_observation_strictly_before_session,0.0484,0.0634,0.0025
2024-06-28,SOFR,2024-06-27,5.34,latest_observation_strictly_before_session,0.0484,0.0634,0.0025
2024-07-01,SOFR,2024-06-28,5.33,latest_observation_strictly_before_session,0.0483,0.0633,0.0025
2024-07-02,SOFR,2024-07-01,5.4,latest_observation_strictly_before_session,0.049,0.064,0.0025
2024-07-03,SOFR,2024-07-02,5.35,latest_observation_strictly_before_session,0.0485,0.0635,0.0025
2024-07-05,SOFR,2024-07-03,5.33,latest_observation_strictly_before_session,0.0483,0.0633,0.0025
2024-07-08,SOFR,2024-07-05,5.32,latest_observation_strictly_before_session,0.0482,0.0632,0.0025
2024-07-09,SOFR,2024-07-08,5.32,latest_observation_strictly_before_session,0.0482,0.0632,0.0025
2024-07-10,SOFR,2024-07-09,5.34,latest_observation_strictly_before_session,0.0484,0.0634,0.0025
2024-07-11,SOFR,2024-07-10,5.34,latest_observation_strictly_before_session,0.0484,0.0634,0.0025
2024-07-12,SOFR,2024-07-11,5.34,latest_observation_strictly_before_session,0.0484,0.0634,0.0025
2024-07-15,SOFR,2024-07-12,5.34,latest_observation_strictly_before_session,0.0484,0.0634,0.0025
2024-07-16,SOFR,2024-07-15,5.34,latest_observation_strictly_before_session,0.0484,0.0634,0.0025
2024-07-17,SOFR,2024-07-16,5.35,latest_observation_strictly_before_session,0.0485,0.0635,0.0025
2024-07-18,SOFR,2024-07-17,5.35,latest_observation_strictly_before_session,0.0485,0.0635,0.0025
2024-07-19,SOFR,2024-07-18,5.34,latest_observation_strictly_before_session,0.0484,0.0634,0.0025
2024-07-22,SOFR,2024-07-19,5.34,latest_observation_strictly_before_session,0.0484,0.0634,0.0025
2024-07-23,SOFR,2024-07-22,5.33,latest_observation_strictly_before_session,0.0483,0.0633,0.0025
2024-07-24,SOFR,2024-07-23,5.34,latest_observation_strictly_before_session,0.0484,0.0634,0.0025
2024-07-25,SOFR,2024-07-24,5.34,latest_observation_strictly_before_session,0.0484,0.0634,0.0025
2024-07-26,SOFR,2024-07-25,5.35,latest_observation_strictly_before_session,0.0485,0.0635,0.0025
2024-07-29,SOFR,2024-07-26,5.35,latest_observation_strictly_before_session,0.0485,0.0635,0.0025
2024-07-30,SOFR,2024-07-29,5.33,latest_observation_strictly_before_session,0.0483,0.0633,0.0025
2024-07-31,SOFR,2024-07-30,5.33,latest_observation_strictly_before_session,0.0483,0.0633,0.0025
2024-08-01,SOFR,2024-07-31,5.38,latest_observation_strictly_before_session,0.0488,0.0638,0.0025
2024-08-02,SOFR,2024-08-01,5.35,latest_observation_strictly_before_session,0.0485,0.0635,0.0025
2024-08-05,SOFR,2024-08-02,5.35,latest_observation_strictly_before_session,0.0485,0.0635,0.0025
2024-08-06,SOFR,2024-08-05,5.32,latest_observation_strictly_before_session,0.0482,0.0632,0.0025
2024-08-07,SOFR,2024-08-06,5.33,latest_observation_strictly_before_session,0.0483,0.0633,0.0025
2024-08-08,SOFR,2024-08-07,5.33,latest_observation_strictly_before_session,0.0483,0.0633,0.0025
2024-08-09,SOFR,2024-08-08,5.34,latest_observation_strictly_before_session,0.0484,0.0634,0.0025
2024-08-12,SOFR,2024-08-09,5.34,latest_observation_strictly_before_session,0.0484,0.0634,0.0025
2024-08-13,SOFR,2024-08-12,5.34,latest_observation_strictly_before_session,0.0484,0.0634,0.0025
2024-08-14,SOFR,2024-08-13,5.34,latest_observation_strictly_before_session,0.0484,0.0634,0.0025
2024-08-15,SOFR,2024-08-14,5.33,latest_observation_strictly_before_session,0.0483,0.0633,0.0025
2024-08-16,SOFR,2024-08-15,5.35,latest_observation_strictly_before_session,0.0485,0.0635,0.0025
2024-08-19,SOFR,2024-08-16,5.32,latest_observation_strictly_before_session,0.0482,0.0632,0.0025
2024-08-20,SOFR,2024-08-19,5.32,latest_observation_strictly_before_session,0.0482,0.0632,0.0025
2024-08-21,SOFR,2024-08-20,5.32,latest_observation_strictly_before_session,0.0482,0.0632,0.0025
2024-08-22,SOFR,2024-08-21,5.31,latest_observation_strictly_before_session,0.0481,0.0631,0.0025
2024-08-23,SOFR,2024-08-22,5.31,latest_observation_strictly_before_session,0.0481,0.0631,0.0025
2024-08-26,SOFR,2024-08-23,5.33,latest_observation_strictly_before_session,0.0483,0.0633,0.0025
2024-08-27,SOFR,2024-08-26,5.34,latest_observation_strictly_before_session,0.0484,0.0634,0.0025
2024-08-28,SOFR,2024-08-27,5.35,latest_observation_strictly_before_session,0.0485,0.0635,0.0025
2024-08-29,SOFR,2024-08-28,5.35,latest_observation_strictly_before_session,0.0485,0.0635,0.0025
2024-08-30,SOFR,2024-08-29,5.33,latest_observation_strictly_before_session,0.0483,0.0633,0.0025
2024-09-03,SOFR,2024-08-30,5.32,latest_observation_strictly_before_session,0.0482,0.0632,0.0025
2024-09-04,SOFR,2024-09-03,5.34,latest_observation_strictly_before_session,0.0484,0.0634,0.0025
2024-09-05,SOFR,2024-09-04,5.35,latest_observation_strictly_before_session,0.0485,0.0635,0.0025
2024-09-06,SOFR,2024-09-05,5.35,latest_observation_strictly_before_session,0.0485,0.0635,0.0025
2024-09-09,SOFR,2024-09-06,5.34,latest_observation_strictly_before_session,0.0484,0.0634,0.0025
2024-09-10,SOFR,2024-09-09,5.34,latest_observation_strictly_before_session,0.0484,0.0634,0.0025
2024-09-11,SOFR,2024-09-10,5.33,latest_observation_strictly_before_session,0.0483,0.0633,0.0025
2024-09-12,SOFR,2024-09-11,5.32,latest_observation_strictly_before_session,0.0482,0.0632,0.0025
2024-09-13,SOFR,2024-09-12,5.33,latest_observation_strictly_before_session,0.0483,0.0633,0.0025
2024-09-16,SOFR,2024-09-13,5.33,latest_observation_strictly_before_session,0.0483,0.0633,0.0025
2024-09-17,SOFR,2024-09-16,5.38,latest_observation_strictly_before_session,0.0488,0.0638,0.0025
2024-09-18,SOFR,2024-09-17,5.38,latest_observation_strictly_before_session,0.0488,0.0638,0.0025
2024-09-19,SOFR,2024-09-18,5.33,latest_observation_strictly_before_session,0.0483,0.0633,0.0025
2024-09-20,SOFR,2024-09-19,4.82,latest_observation_strictly_before_session,0.0432,0.0582,0.0025
2024-09-23,SOFR,2024-09-20,4.83,latest_observation_strictly_before_session,0.0433,0.0583,0.0025
2024-09-24,SOFR,2024-09-23,4.83,latest_observation_strictly_before_session,0.0433,0.0583,0.0025
2024-09-25,SOFR,2024-09-24,4.84,latest_observation_strictly_before_session,0.0434,0.0584,0.0025
2024-09-26,SOFR,2024-09-25,4.84,latest_observation_strictly_before_session,0.0434,0.0584,0.0025
2024-09-27,SOFR,2024-09-26,4.83,latest_observation_strictly_before_session,0.0433,0.0583,0.0025
2024-09-30,SOFR,2024-09-27,4.84,latest_observation_strictly_before_session,0.0434,0.0584,0.0025
2024-10-01,SOFR,2024-09-30,4.96,latest_observation_strictly_before_session,0.0446,0.0596,0.0025
2024-10-02,SOFR,2024-10-01,5.05,latest_observation_strictly_before_session,0.0455,0.0605,0.0025
2024-10-03,SOFR,2024-10-02,4.92,latest_observation_strictly_before_session,0.0442,0.0592,0.0025
2024-10-04,SOFR,2024-10-03,4.85,latest_observation_strictly_before_session,0.0435,0.0585,0.0025
2024-10-07,SOFR,2024-10-04,4.83,latest_observation_strictly_before_session,0.0433,0.0583,0.0025
2024-10-08,SOFR,2024-10-07,4.83,latest_observation_strictly_before_session,0.0433,0.0583,0.0025
2024-10-09,SOFR,2024-10-08,4.84,latest_observation_strictly_before_session,0.0434,0.0584,0.0025
2024-10-10,SOFR,2024-10-09,4.83,latest_observation_strictly_before_session,0.0433,0.0583,0.0025
2024-10-11,SOFR,2024-10-10,4.82,latest_observation_strictly_before_session,0.0432,0.0582,0.0025
2024-10-14,SOFR,2024-10-11,4.81,latest_observation_strictly_before_session,0.0431,0.0581,0.0025
2024-10-15,SOFR,2024-10-11,4.81,latest_observation_strictly_before_session,0.0431,0.0581,0.0025
2024-10-16,SOFR,2024-10-15,4.86,latest_observation_strictly_before_session,0.0436,0.0586,0.0025
2024-10-17,SOFR,2024-10-16,4.86,latest_observation_strictly_before_session,0.0436,0.0586,0.0025
2024-10-18,SOFR,2024-10-17,4.85,latest_observation_strictly_before_session,0.0435,0.0585,0.0025
2024-10-21,SOFR,2024-10-18,4.84,latest_observation_strictly_before_session,0.0434,0.0584,0.0025
2024-10-22,SOFR,2024-10-21,4.82,latest_observation_strictly_before_session,0.0432,0.0582,0.0025
2024-10-23,SOFR,2024-10-22,4.83,latest_observation_strictly_before_session,0.0433,0.0583,0.0025
2024-10-24,SOFR,2024-10-23,4.83,latest_observation_strictly_before_session,0.0433,0.0583,0.0025
2024-10-25,SOFR,2024-10-24,4.83,latest_observation_strictly_before_session,0.0433,0.0583,0.0025
2024-10-28,SOFR,2024-10-25,4.83,latest_observation_strictly_before_session,0.0433,0.0583,0.0025
2024-10-29,SOFR,2024-10-28,4.82,latest_observation_strictly_before_session,0.0432,0.0582,0.0025
2024-10-30,SOFR,2024-10-29,4.82,latest_observation_strictly_before_session,0.0432,0.0582,0.0025
2024-10-31,SOFR,2024-10-30,4.81,latest_observation_strictly_before_session,0.0431,0.0581,0.0025
2024-11-01,SOFR,2024-10-31,4.9,latest_observation_strictly_before_session,0.044,0.059,0.0025
2024-11-04,SOFR,2024-11-01,4.86,latest_observation_strictly_before_session,0.0436,0.0586,0.0025
2024-11-05,SOFR,2024-11-04,4.82,latest_observation_strictly_before_session,0.0432,0.0582,0.0025
2024-11-06,SOFR,2024-11-05,4.82,latest_observation_strictly_before_session,0.0432,0.0582,0.0025
2024-11-07,SOFR,2024-11-06,4.81,latest_observation_strictly_before_session,0.0431,0.0581,0.0025
2024-11-08,SOFR,2024-11-07,4.82,latest_observation_strictly_before_session,0.0432,0.0582,0.0025
2024-11-11,SOFR,2024-11-08,4.6,latest_observation_strictly_before_session,0.041,0.056,0.0025
2024-11-12,SOFR,2024-11-08,4.6,latest_observation_strictly_before_session,0.041,0.056,0.0025
2024-11-13,SOFR,2024-11-12,4.6,latest_observation_strictly_before_session,0.041,0.056,0.0025
2024-11-14,SOFR,2024-11-13,4.59,latest_observation_strictly_before_session,0.0409,0.0559,0.0025
2024-11-15,SOFR,2024-11-14,4.58,latest_observation_strictly_before_session,0.0408,0.0558,0.0025
2024-11-18,SOFR,2024-11-15,4.57,latest_observation_strictly_before_session,0.0407,0.0557,0.0025
2024-11-19,SOFR,2024-11-18,4.57,latest_observation_strictly_before_session,0.0407,0.0557,0.0025
2024-11-20,SOFR,2024-11-19,4.57,latest_observation_strictly_before_session,0.0407,0.0557,0.0025
2024-11-21,SOFR,2024-11-20,4.56,latest_observation_strictly_before_session,0.0406,0.0556,0.0025
2024-11-22,SOFR,2024-11-21,4.57,latest_observation_strictly_before_session,0.0407,0.0557,0.0025
2024-11-25,SOFR,2024-11-22,4.57,latest_observation_strictly_before_session,0.0407,0.0557,0.0025
2024-11-26,SOFR,2024-11-25,4.58,latest_observation_strictly_before_session,0.0408,0.0558,0.0025
2024-11-27,SOFR,2024-11-26,4.58,latest_observation_strictly_before_session,0.0408,0.0558,0.0025
2024-11-29,SOFR,2024-11-27,4.57,latest_observation_strictly_before_session,0.0407,0.0557,0.0025
2024-12-02,SOFR,2024-11-29,4.59,latest_observation_strictly_before_session,0.0409,0.0559,0.0025
2024-12-03,SOFR,2024-12-02,4.64,latest_observation_strictly_before_session,0.0414,0.0564,0.0025
2024-12-04,SOFR,2024-12-03,4.64,latest_observation_strictly_before_session,0.0414,0.0564,0.0025
2024-12-05,SOFR,2024-12-04,4.59,latest_observation_strictly_before_session,0.0409,0.0559,0.0025
2024-12-06,SOFR,2024-12-05,4.59,latest_observation_strictly_before_session,0.0409,0.0559,0.0025
2024-12-09,SOFR,2024-12-06,4.6,latest_observation_strictly_before_session,0.041,0.056,0.0025
2024-12-10,SOFR,2024-12-09,4.63,latest_observation_strictly_before_session,0.0413,0.0563,0.0025
2024-12-11,SOFR,2024-12-10,4.64,latest_observation_strictly_before_session,0.0414,0.0564,0.0025
2024-12-12,SOFR,2024-12-11,4.62,latest_observation_strictly_before_session,0.0412,0.0562,0.0025
2024-12-13,SOFR,2024-12-12,4.62,latest_observation_strictly_before_session,0.0412,0.0562,0.0025
2024-12-16,SOFR,2024-12-13,4.6,latest_observation_strictly_before_session,0.041,0.056,0.0025
2024-12-17,SOFR,2024-12-16,4.65,latest_observation_strictly_before_session,0.0415,0.0565,0.0025
2024-12-18,SOFR,2024-12-17,4.62,latest_observation_strictly_before_session,0.0412,0.0562,0.0025
2024-12-19,SOFR,2024-12-18,4.57,latest_observation_strictly_before_session,0.0407,0.0557,0.0025
2024-12-20,SOFR,2024-12-19,4.3,latest_observation_strictly_before_session,0.038,0.053,0.0025
2024-12-23,SOFR,2024-12-20,4.3,latest_observation_strictly_before_session,0.038,0.053,0.0025
2024-12-24,SOFR,2024-12-23,4.31,latest_observation_strictly_before_session,0.0381,0.0531,0.0025
2024-12-26,SOFR,2024-12-24,4.4,latest_observation_strictly_before_session,0.039,0.054,0.0025
2024-12-27,SOFR,2024-12-26,4.53,latest_observation_strictly_before_session,0.0403,0.0553,0.0025
2024-12-30,SOFR,2024-12-27,4.46,latest_observation_strictly_before_session,0.0396,0.0546,0.0025
2024-12-31,SOFR,2024-12-30,4.37,latest_observation_strictly_before_session,0.0387,0.0537,0.0025
2025-01-02,SOFR,2024-12-31,4.49,latest_observation_strictly_before_session,0.0399,0.0549,0.0025
2025-01-03,SOFR,2025-01-02,4.4,latest_observation_strictly_before_session,0.039,0.054,0.0025
2025-01-06,SOFR,2025-01-03,4.31,latest_observation_strictly_before_session,0.0381,0.0531,0.0025
2025-01-07,SOFR,2025-01-06,4.27,latest_observation_strictly_before_session,0.0377,0.0527,0.0025
2025-01-08,SOFR,2025-01-07,4.27,latest_observation_strictly_before_session,0.0377,0.0527,0.0025
2025-01-10,SOFR,2025-01-09,4.3,latest_observation_strictly_before_session,0.038,0.053,0.0025
2025-01-13,SOFR,2025-01-10,4.3,latest_observation_strictly_before_session,0.038,0.053,0.0025
2025-01-14,SOFR,2025-01-13,4.29,latest_observation_strictly_before_session,0.0379,0.0529,0.0025
2025-01-15,SOFR,2025-01-14,4.28,latest_observation_strictly_before_session,0.0378,0.0528,0.0025
2025-01-16,SOFR,2025-01-15,4.28,latest_observation_strictly_before_session,0.0378,0.0528,0.0025
2025-01-17,SOFR,2025-01-16,4.29,latest_observation_strictly_before_session,0.0379,0.0529,0.0025
2025-01-21,SOFR,2025-01-17,4.29,latest_observation_strictly_before_session,0.0379,0.0529,0.0025
2025-01-22,SOFR,2025-01-21,4.29,latest_observation_strictly_before_session,0.0379,0.0529,0.0025
2025-01-23,SOFR,2025-01-22,4.3,latest_observation_strictly_before_session,0.038,0.053,0.0025
2025-01-24,SOFR,2025-01-23,4.35,latest_observation_strictly_before_session,0.0385,0.0535,0.0025
2025-01-27,SOFR,2025-01-24,4.34,latest_observation_strictly_before_session,0.0384,0.0534,0.0025
2025-01-28,SOFR,2025-01-27,4.34,latest_observation_strictly_before_session,0.0384,0.0534,0.0025
2025-01-29,SOFR,2025-01-28,4.35,latest_observation_strictly_before_session,0.0385,0.0535,0.0025
2025-01-30,SOFR,2025-01-29,4.35,latest_observation_strictly_before_session,0.0385,0.0535,0.0025
2025-01-31,SOFR,2025-01-30,4.36,latest_observation_strictly_before_session,0.0386,0.0536,0.0025
2025-02-03,SOFR,2025-01-31,4.38,latest_observation_strictly_before_session,0.0388,0.0538,0.0025
2025-02-04,SOFR,2025-02-03,4.35,latest_observation_strictly_before_session,0.0385,0.0535,0.0025
2025-02-05,SOFR,2025-02-04,4.33,latest_observation_strictly_before_session,0.0383,0.0533,0.0025
2025-02-06,SOFR,2025-02-05,4.33,latest_observation_strictly_before_session,0.0383,0.0533,0.0025
2025-02-07,SOFR,2025-02-06,4.36,latest_observation_strictly_before_session,0.0386,0.0536,0.0025
2025-02-10,SOFR,2025-02-07,4.35,latest_observation_strictly_before_session,0.0385,0.0535,0.0025
2025-02-11,SOFR,2025-02-10,4.35,latest_observation_strictly_before_session,0.0385,0.0535,0.0025
2025-02-12,SOFR,2025-02-11,4.34,latest_observation_strictly_before_session,0.0384,0.0534,0.0025
2025-02-13,SOFR,2025-02-12,4.32,latest_observation_strictly_before_session,0.0382,0.0532,0.0025
2025-02-14,SOFR,2025-02-13,4.33,latest_observation_strictly_before_session,0.0383,0.0533,0.0025
2025-02-18,SOFR,2025-02-14,4.33,latest_observation_strictly_before_session,0.0383,0.0533,0.0025
2025-02-19,SOFR,2025-02-18,4.37,latest_observation_strictly_before_session,0.0387,0.0537,0.0025
2025-02-20,SOFR,2025-02-19,4.35,latest_observation_strictly_before_session,0.0385,0.0535,0.0025
2025-02-21,SOFR,2025-02-20,4.33,latest_observation_strictly_before_session,0.0383,0.0533,0.0025
2025-02-24,SOFR,2025-02-21,4.34,latest_observation_strictly_before_session,0.0384,0.0534,0.0025
2025-02-25,SOFR,2025-02-24,4.34,latest_observation_strictly_before_session,0.0384,0.0534,0.0025
2025-02-26,SOFR,2025-02-25,4.33,latest_observation_strictly_before_session,0.0383,0.0533,0.0025
2025-02-27,SOFR,2025-02-26,4.33,latest_observation_strictly_before_session,0.0383,0.0533,0.0025
2025-02-28,SOFR,2025-02-27,4.36,latest_observation_strictly_before_session,0.0386,0.0536,0.0025
2025-03-03,SOFR,2025-02-28,4.39,latest_observation_strictly_before_session,0.0389,0.0539,0.0025
2025-03-04,SOFR,2025-03-03,4.33,latest_observation_strictly_before_session,0.0383,0.0533,0.0025
2025-03-05,SOFR,2025-03-04,4.33,latest_observation_strictly_before_session,0.0383,0.0533,0.0025
2025-03-06,SOFR,2025-03-05,4.34,latest_observation_strictly_before_session,0.0384,0.0534,0.0025
2025-03-07,SOFR,2025-03-06,4.35,latest_observation_strictly_before_session,0.0385,0.0535,0.0025
2025-03-10,SOFR,2025-03-07,4.34,latest_observation_strictly_before_session,0.0384,0.0534,0.0025
2025-03-11,SOFR,2025-03-10,4.33,latest_observation_strictly_before_session,0.0383,0.0533,0.0025
2025-03-12,SOFR,2025-03-11,4.32,latest_observation_strictly_before_session,0.0382,0.0532,0.0025
2025-03-13,SOFR,2025-03-12,4.31,latest_observation_strictly_before_session,0.0381,0.0531,0.0025
2025-03-14,SOFR,2025-03-13,4.3,latest_observation_strictly_before_session,0.038,0.053,0.0025
2025-03-17,SOFR,2025-03-14,4.3,latest_observation_strictly_before_session,0.038,0.053,0.0025
2025-03-18,SOFR,2025-03-17,4.32,latest_observation_strictly_before_session,0.0382,0.0532,0.0025
2025-03-19,SOFR,2025-03-18,4.31,latest_observation_strictly_before_session,0.0381,0.0531,0.0025
2025-03-20,SOFR,2025-03-19,4.29,latest_observation_strictly_before_session,0.0379,0.0529,0.0025
2025-03-21,SOFR,2025-03-20,4.29,latest_observation_strictly_before_session,0.0379,0.0529,0.0025
2025-03-24,SOFR,2025-03-21,4.3,latest_observation_strictly_before_session,0.038,0.053,0.0025
2025-03-25,SOFR,2025-03-24,4.31,latest_observation_strictly_before_session,0.0381,0.0531,0.0025
2025-03-26,SOFR,2025-03-25,4.33,latest_observation_strictly_before_session,0.0383,0.0533,0.0025
2025-03-27,SOFR,2025-03-26,4.35,latest_observation_strictly_before_session,0.0385,0.0535,0.0025
2025-03-28,SOFR,2025-03-27,4.36,latest_observation_strictly_before_session,0.0386,0.0536,0.0025
2025-03-31,SOFR,2025-03-28,4.34,latest_observation_strictly_before_session,0.0384,0.0534,0.0025
2025-04-01,SOFR,2025-03-31,4.41,latest_observation_strictly_before_session,0.0391,0.0541,0.0025
2025-04-02,SOFR,2025-04-01,4.39,latest_observation_strictly_before_session,0.0389,0.0539,0.0025
2025-04-03,SOFR,2025-04-02,4.37,latest_observation_strictly_before_session,0.0387,0.0537,0.0025
2025-04-04,SOFR,2025-04-03,4.39,latest_observation_strictly_before_session,0.0389,0.0539,0.0025
2025-04-07,SOFR,2025-04-04,4.35,latest_observation_strictly_before_session,0.0385,0.0535,0.0025
2025-04-08,SOFR,2025-04-07,4.33,latest_observation_strictly_before_session,0.0383,0.0533,0.0025
2025-04-09,SOFR,2025-04-08,4.4,latest_observation_strictly_before_session,0.039,0.054,0.0025
2025-04-10,SOFR,2025-04-09,4.42,latest_observation_strictly_before_session,0.0392,0.0542,0.0025
2025-04-11,SOFR,2025-04-10,4.37,latest_observation_strictly_before_session,0.0387,0.0537,0.0025
2025-04-14,SOFR,2025-04-11,4.33,latest_observation_strictly_before_session,0.0383,0.0533,0.0025
2025-04-15,SOFR,2025-04-14,4.33,latest_observation_strictly_before_session,0.0383,0.0533,0.0025
2025-04-16,SOFR,2025-04-15,4.36,latest_observation_strictly_before_session,0.0386,0.0536,0.0025
2025-04-17,SOFR,2025-04-16,4.31,latest_observation_strictly_before_session,0.0381,0.0531,0.0025
2025-04-21,SOFR,2025-04-17,4.32,latest_observation_strictly_before_session,0.0382,0.0532,0.0025
2025-04-22,SOFR,2025-04-21,4.32,latest_observation_strictly_before_session,0.0382,0.0532,0.0025
2025-04-23,SOFR,2025-04-22,4.3,latest_observation_strictly_before_session,0.038,0.053,0.0025
2025-04-24,SOFR,2025-04-23,4.28,latest_observation_strictly_before_session,0.0378,0.0528,0.0025
2025-04-25,SOFR,2025-04-24,4.29,latest_observation_strictly_before_session,0.0379,0.0529,0.0025
2025-04-28,SOFR,2025-04-25,4.33,latest_observation_strictly_before_session,0.0383,0.0533,0.0025
2025-04-29,SOFR,2025-04-28,4.36,latest_observation_strictly_before_session,0.0386,0.0536,0.0025
2025-04-30,SOFR,2025-04-29,4.36,latest_observation_strictly_before_session,0.0386,0.0536,0.0025
2025-05-01,SOFR,2025-04-30,4.41,latest_observation_strictly_before_session,0.0391,0.0541,0.0025
2025-05-02,SOFR,2025-05-01,4.39,latest_observation_strictly_before_session,0.0389,0.0539,0.0025
2025-05-05,SOFR,2025-05-02,4.36,latest_observation_strictly_before_session,0.0386,0.0536,0.0025
2025-05-06,SOFR,2025-05-05,4.33,latest_observation_strictly_before_session,0.0383,0.0533,0.0025
2025-05-07,SOFR,2025-05-06,4.32,latest_observation_strictly_before_session,0.0382,0.0532,0.0025
2025-05-08,SOFR,2025-05-07,4.3,latest_observation_strictly_before_session,0.038,0.053,0.0025
2025-05-09,SOFR,2025-05-08,4.29,latest_observation_strictly_before_session,0.0379,0.0529,0.0025
2025-05-12,SOFR,2025-05-09,4.28,latest_observation_strictly_before_session,0.0378,0.0528,0.0025
2025-05-13,SOFR,2025-05-12,4.28,latest_observation_strictly_before_session,0.0378,0.0528,0.0025
2025-05-14,SOFR,2025-05-13,4.3,latest_observation_strictly_before_session,0.038,0.053,0.0025
2025-05-15,SOFR,2025-05-14,4.29,latest_observation_strictly_before_session,0.0379,0.0529,0.0025
2025-05-16,SOFR,2025-05-15,4.31,latest_observation_strictly_before_session,0.0381,0.0531,0.0025
2025-05-19,SOFR,2025-05-16,4.3,latest_observation_strictly_before_session,0.038,0.053,0.0025
2025-05-20,SOFR,2025-05-19,4.29,latest_observation_strictly_before_session,0.0379,0.0529,0.0025
2025-05-21,SOFR,2025-05-20,4.27,latest_observation_strictly_before_session,0.0377,0.0527,0.0025
2025-05-22,SOFR,2025-05-21,4.26,latest_observation_strictly_before_session,0.0376,0.0526,0.0025
2025-05-23,SOFR,2025-05-22,4.26,latest_observation_strictly_before_session,0.0376,0.0526,0.0025
2025-05-27,SOFR,2025-05-23,4.26,latest_observation_strictly_before_session,0.0376,0.0526,0.0025
2025-05-28,SOFR,2025-05-27,4.31,latest_observation_strictly_before_session,0.0381,0.0531,0.0025
2025-05-29,SOFR,2025-05-28,4.33,latest_observation_strictly_before_session,0.0383,0.0533,0.0025
2025-05-30,SOFR,2025-05-29,4.33,latest_observation_strictly_before_session,0.0383,0.0533,0.0025
2025-06-02,SOFR,2025-05-30,4.35,latest_observation_strictly_before_session,0.0385,0.0535,0.0025
2025-06-03,SOFR,2025-06-02,4.35,latest_observation_strictly_before_session,0.0385,0.0535,0.0025
2025-06-04,SOFR,2025-06-03,4.32,latest_observation_strictly_before_session,0.0382,0.0532,0.0025
2025-06-05,SOFR,2025-06-04,4.28,latest_observation_strictly_before_session,0.0378,0.0528,0.0025
2025-06-06,SOFR,2025-06-05,4.29,latest_observation_strictly_before_session,0.0379,0.0529,0.0025
2025-06-09,SOFR,2025-06-06,4.29,latest_observation_strictly_before_session,0.0379,0.0529,0.0025
2025-06-10,SOFR,2025-06-09,4.29,latest_observation_strictly_before_session,0.0379,0.0529,0.0025
2025-06-11,SOFR,2025-06-10,4.28,latest_observation_strictly_before_session,0.0378,0.0528,0.0025
2025-06-12,SOFR,2025-06-11,4.28,latest_observation_strictly_before_session,0.0378,0.0528,0.0025
2025-06-13,SOFR,2025-06-12,4.28,latest_observation_strictly_before_session,0.0378,0.0528,0.0025
2025-06-16,SOFR,2025-06-13,4.28,latest_observation_strictly_before_session,0.0378,0.0528,0.0025
2025-06-17,SOFR,2025-06-16,4.32,latest_observation_strictly_before_session,0.0382,0.0532,0.0025
2025-06-18,SOFR,2025-06-17,4.31,latest_observation_strictly_before_session,0.0381,0.0531,0.0025
2025-06-20,SOFR,2025-06-18,4.28,latest_observation_strictly_before_session,0.0378,0.0528,0.0025
2025-06-23,SOFR,2025-06-20,4.29,latest_observation_strictly_before_session,0.0379,0.0529,0.0025
2025-06-24,SOFR,2025-06-23,4.29,latest_observation_strictly_before_session,0.0379,0.0529,0.0025
2025-06-25,SOFR,2025-06-24,4.3,latest_observation_strictly_before_session,0.038,0.053,0.0025
2025-06-26,SOFR,2025-06-25,4.36,latest_observation_strictly_before_session,0.0386,0.0536,0.0025
2025-06-27,SOFR,2025-06-26,4.4,latest_observation_strictly_before_session,0.039,0.054,0.0025
2025-06-30,SOFR,2025-06-27,4.39,latest_observation_strictly_before_session,0.0389,0.0539,0.0025
2025-07-01,SOFR,2025-06-30,4.45,latest_observation_strictly_before_session,0.0395,0.0545,0.0025
2025-07-02,SOFR,2025-07-01,4.44,latest_observation_strictly_before_session,0.0394,0.0544,0.0025
2025-07-03,SOFR,2025-07-02,4.4,latest_observation_strictly_before_session,0.039,0.054,0.0025
2025-07-07,SOFR,2025-07-03,4.35,latest_observation_strictly_before_session,0.0385,0.0535,0.0025
2025-07-08,SOFR,2025-07-07,4.33,latest_observation_strictly_before_session,0.0383,0.0533,0.0025
2025-07-09,SOFR,2025-07-08,4.34,latest_observation_strictly_before_session,0.0384,0.0534,0.0025
2025-07-10,SOFR,2025-07-09,4.32,latest_observation_strictly_before_session,0.0382,0.0532,0.0025
2025-07-11,SOFR,2025-07-10,4.31,latest_observation_strictly_before_session,0.0381,0.0531,0.0025
2025-07-14,SOFR,2025-07-11,4.31,latest_observation_strictly_before_session,0.0381,0.0531,0.0025
2025-07-15,SOFR,2025-07-14,4.33,latest_observation_strictly_before_session,0.0383,0.0533,0.0025
2025-07-16,SOFR,2025-07-15,4.37,latest_observation_strictly_before_session,0.0387,0.0537,0.0025
2025-07-17,SOFR,2025-07-16,4.34,latest_observation_strictly_before_session,0.0384,0.0534,0.0025
2025-07-18,SOFR,2025-07-17,4.34,latest_observation_strictly_before_session,0.0384,0.0534,0.0025
2025-07-21,SOFR,2025-07-18,4.3,latest_observation_strictly_before_session,0.038,0.053,0.0025
2025-07-22,SOFR,2025-07-21,4.28,latest_observation_strictly_before_session,0.0378,0.0528,0.0025
2025-07-23,SOFR,2025-07-22,4.28,latest_observation_strictly_before_session,0.0378,0.0528,0.0025
2025-07-24,SOFR,2025-07-23,4.28,latest_observation_strictly_before_session,0.0378,0.0528,0.0025
2025-07-25,SOFR,2025-07-24,4.3,latest_observation_strictly_before_session,0.038,0.053,0.0025
2025-07-28,SOFR,2025-07-25,4.36,latest_observation_strictly_before_session,0.0386,0.0536,0.0025
2025-07-29,SOFR,2025-07-28,4.36,latest_observation_strictly_before_session,0.0386,0.0536,0.0025
2025-07-30,SOFR,2025-07-29,4.36,latest_observation_strictly_before_session,0.0386,0.0536,0.0025
2025-07-31,SOFR,2025-07-30,4.32,latest_observation_strictly_before_session,0.0382,0.0532,0.0025
2025-08-01,SOFR,2025-07-31,4.39,latest_observation_strictly_before_session,0.0389,0.0539,0.0025
2025-08-04,SOFR,2025-08-01,4.34,latest_observation_strictly_before_session,0.0384,0.0534,0.0025
2025-08-05,SOFR,2025-08-04,4.33,latest_observation_strictly_before_session,0.0383,0.0533,0.0025
2025-08-06,SOFR,2025-08-05,4.34,latest_observation_strictly_before_session,0.0384,0.0534,0.0025
2025-08-07,SOFR,2025-08-06,4.34,latest_observation_strictly_before_session,0.0384,0.0534,0.0025
2025-08-08,SOFR,2025-08-07,4.35,latest_observation_strictly_before_session,0.0385,0.0535,0.0025
2025-08-11,SOFR,2025-08-08,4.35,latest_observation_strictly_before_session,0.0385,0.0535,0.0025
2025-08-12,SOFR,2025-08-11,4.34,latest_observation_strictly_before_session,0.0384,0.0534,0.0025
2025-08-13,SOFR,2025-08-12,4.36,latest_observation_strictly_before_session,0.0386,0.0536,0.0025
2025-08-14,SOFR,2025-08-13,4.33,latest_observation_strictly_before_session,0.0383,0.0533,0.0025
2025-08-15,SOFR,2025-08-14,4.34,latest_observation_strictly_before_session,0.0384,0.0534,0.0025
2025-08-18,SOFR,2025-08-15,4.36,latest_observation_strictly_before_session,0.0386,0.0536,0.0025
2025-08-19,SOFR,2025-08-18,4.34,latest_observation_strictly_before_session,0.0384,0.0534,0.0025
2025-08-20,SOFR,2025-08-19,4.33,latest_observation_strictly_before_session,0.0383,0.0533,0.0025
2025-08-21,SOFR,2025-08-20,4.31,latest_observation_strictly_before_session,0.0381,0.0531,0.0025
2025-08-22,SOFR,2025-08-21,4.32,latest_observation_strictly_before_session,0.0382,0.0532,0.0025
2025-08-25,SOFR,2025-08-22,4.36,latest_observation_strictly_before_session,0.0386,0.0536,0.0025
2025-08-26,SOFR,2025-08-25,4.37,latest_observation_strictly_before_session,0.0387,0.0537,0.0025
2025-08-27,SOFR,2025-08-26,4.38,latest_observation_strictly_before_session,0.0388,0.0538,0.0025
2025-08-28,SOFR,2025-08-27,4.36,latest_observation_strictly_before_session,0.0386,0.0536,0.0025
2025-08-29,SOFR,2025-08-28,4.34,latest_observation_strictly_before_session,0.0384,0.0534,0.0025
2025-09-02,SOFR,2025-08-29,4.34,latest_observation_strictly_before_session,0.0384,0.0534,0.0025
2025-09-03,SOFR,2025-09-02,4.39,latest_observation_strictly_before_session,0.0389,0.0539,0.0025
2025-09-04,SOFR,2025-09-03,4.39,latest_observation_strictly_before_session,0.0389,0.0539,0.0025
2025-09-05,SOFR,2025-09-04,4.41,latest_observation_strictly_before_session,0.0391,0.0541,0.0025
2025-09-08,SOFR,2025-09-05,4.42,latest_observation_strictly_before_session,0.0392,0.0542,0.0025
2025-09-09,SOFR,2025-09-08,4.4,latest_observation_strictly_before_session,0.039,0.054,0.0025
2025-09-10,SOFR,2025-09-09,4.4,latest_observation_strictly_before_session,0.039,0.054,0.0025
2025-09-11,SOFR,2025-09-10,4.39,latest_observation_strictly_before_session,0.0389,0.0539,0.0025
2025-09-12,SOFR,2025-09-11,4.41,latest_observation_strictly_before_session,0.0391,0.0541,0.0025
2025-09-15,SOFR,2025-09-12,4.42,latest_observation_strictly_before_session,0.0392,0.0542,0.0025
2025-09-16,SOFR,2025-09-15,4.51,latest_observation_strictly_before_session,0.0401,0.0551,0.0025
2025-09-17,SOFR,2025-09-16,4.39,latest_observation_strictly_before_session,0.0389,0.0539,0.0025
2025-09-18,SOFR,2025-09-17,4.38,latest_observation_strictly_before_session,0.0388,0.0538,0.0025
2025-09-19,SOFR,2025-09-18,4.14,latest_observation_strictly_before_session,0.0364,0.0514,0.0025
2025-09-22,SOFR,2025-09-19,4.14,latest_observation_strictly_before_session,0.0364,0.0514,0.0025
2025-09-23,SOFR,2025-09-22,4.14,latest_observation_strictly_before_session,0.0364,0.0514,0.0025
2025-09-24,SOFR,2025-09-23,4.12,latest_observation_strictly_before_session,0.0362,0.0512,0.0025
2025-09-25,SOFR,2025-09-24,4.13,latest_observation_strictly_before_session,0.0363,0.0513,0.0025
2025-09-26,SOFR,2025-09-25,4.18,latest_observation_strictly_before_session,0.0368,0.0518,0.0025
2025-09-29,SOFR,2025-09-26,4.16,latest_observation_strictly_before_session,0.0366,0.0516,0.0025
2025-09-30,SOFR,2025-09-29,4.13,latest_observation_strictly_before_session,0.0363,0.0513,0.0025
2025-10-01,SOFR,2025-09-30,4.24,latest_observation_strictly_before_session,0.0374,0.0524,0.0025
2025-10-02,SOFR,2025-10-01,4.2,latest_observation_strictly_before_session,0.037,0.052,0.0025
2025-10-03,SOFR,2025-10-02,4.2,latest_observation_strictly_before_session,0.037,0.052,0.0025
2025-10-06,SOFR,2025-10-03,4.18,latest_observation_strictly_before_session,0.0368,0.0518,0.0025
2025-10-07,SOFR,2025-10-06,4.15,latest_observation_strictly_before_session,0.0365,0.0515,0.0025
2025-10-08,SOFR,2025-10-07,4.14,latest_observation_strictly_before_session,0.0364,0.0514,0.0025
2025-10-09,SOFR,2025-10-08,4.12,latest_observation_strictly_before_session,0.0362,0.0512,0.0025
2025-10-10,SOFR,2025-10-09,4.13,latest_observation_strictly_before_session,0.0363,0.0513,0.0025
2025-10-13,SOFR,2025-10-10,4.15,latest_observation_strictly_before_session,0.0365,0.0515,0.0025
2025-10-14,SOFR,2025-10-10,4.15,latest_observation_strictly_before_session,0.0365,0.0515,0.0025
2025-10-15,SOFR,2025-10-14,4.19,latest_observation_strictly_before_session,0.0369,0.0519,0.0025
2025-10-16,SOFR,2025-10-15,4.29,latest_observation_strictly_before_session,0.0379,0.0529,0.0025
2025-10-17,SOFR,2025-10-16,4.3,latest_observation_strictly_before_session,0.038,0.053,0.0025
2025-10-20,SOFR,2025-10-17,4.18,latest_observation_strictly_before_session,0.0368,0.0518,0.0025
2025-10-21,SOFR,2025-10-20,4.16,latest_observation_strictly_before_session,0.0366,0.0516,0.0025
2025-10-22,SOFR,2025-10-21,4.23,latest_observation_strictly_before_session,0.0373,0.0523,0.0025
2025-10-23,SOFR,2025-10-22,4.21,latest_observation_strictly_before_session,0.0371,0.0521,0.0025
2025-10-24,SOFR,2025-10-23,4.24,latest_observation_strictly_before_session,0.0374,0.0524,0.0025
2025-10-27,SOFR,2025-10-24,4.24,latest_observation_strictly_before_session,0.0374,0.0524,0.0025
2025-10-28,SOFR,2025-10-27,4.27,latest_observation_strictly_before_session,0.0377,0.0527,0.0025
2025-10-29,SOFR,2025-10-28,4.31,latest_observation_strictly_before_session,0.0381,0.0531,0.0025
2025-10-30,SOFR,2025-10-29,4.27,latest_observation_strictly_before_session,0.0377,0.0527,0.0025
2025-10-31,SOFR,2025-10-30,4.04,latest_observation_strictly_before_session,0.0354,0.0504,0.0025
2025-11-03,SOFR,2025-10-31,4.22,latest_observation_strictly_before_session,0.0372,0.0522,0.0025
2025-11-04,SOFR,2025-11-03,4.13,latest_observation_strictly_before_session,0.0363,0.0513,0.0025
2025-11-05,SOFR,2025-11-04,4,latest_observation_strictly_before_session,0.035,0.05,0.0025
2025-11-06,SOFR,2025-11-05,3.91,latest_observation_strictly_before_session,0.0341,0.0491,0.0025
2025-11-07,SOFR,2025-11-06,3.92,latest_observation_strictly_before_session,0.0342,0.0492,0.0025
2025-11-10,SOFR,2025-11-07,3.93,latest_observation_strictly_before_session,0.0343,0.0493,0.0025
2025-11-11,SOFR,2025-11-10,3.95,latest_observation_strictly_before_session,0.0345,0.0495,0.0025
2025-11-12,SOFR,2025-11-10,3.95,latest_observation_strictly_before_session,0.0345,0.0495,0.0025
2025-11-13,SOFR,2025-11-12,3.98,latest_observation_strictly_before_session,0.0348,0.0498,0.0025
2025-11-14,SOFR,2025-11-13,4,latest_observation_strictly_before_session,0.035,0.05,0.0025
2025-11-17,SOFR,2025-11-14,3.95,latest_observation_strictly_before_session,0.0345,0.0495,0.0025
2025-11-18,SOFR,2025-11-17,4,latest_observation_strictly_before_session,0.035,0.05,0.0025
2025-11-19,SOFR,2025-11-18,3.94,latest_observation_strictly_before_session,0.0344,0.0494,0.0025
2025-11-20,SOFR,2025-11-19,3.91,latest_observation_strictly_before_session,0.0341,0.0491,0.0025
2025-11-21,SOFR,2025-11-20,3.91,latest_observation_strictly_before_session,0.0341,0.0491,0.0025
2025-11-24,SOFR,2025-11-21,3.93,latest_observation_strictly_before_session,0.0343,0.0493,0.0025
2025-11-25,SOFR,2025-11-24,3.96,latest_observation_strictly_before_session,0.0346,0.0496,0.0025
2025-11-26,SOFR,2025-11-25,4.01,latest_observation_strictly_before_session,0.0351,0.0501,0.0025
2025-11-28,SOFR,2025-11-26,4.05,latest_observation_strictly_before_session,0.0355,0.0505,0.0025
2025-12-01,SOFR,2025-11-28,4.12,latest_observation_strictly_before_session,0.0362,0.0512,0.0025
2025-12-02,SOFR,2025-12-01,4.12,latest_observation_strictly_before_session,0.0362,0.0512,0.0025
2025-12-03,SOFR,2025-12-02,4.01,latest_observation_strictly_before_session,0.0351,0.0501,0.0025
2025-12-04,SOFR,2025-12-03,3.95,latest_observation_strictly_before_session,0.0345,0.0495,0.0025
2025-12-05,SOFR,2025-12-04,3.92,latest_observation_strictly_before_session,0.0342,0.0492,0.0025
2025-12-08,SOFR,2025-12-05,3.93,latest_observation_strictly_before_session,0.0343,0.0493,0.0025
2025-12-09,SOFR,2025-12-08,3.95,latest_observation_strictly_before_session,0.0345,0.0495,0.0025
2025-12-10,SOFR,2025-12-09,3.93,latest_observation_strictly_before_session,0.0343,0.0493,0.0025
2025-12-11,SOFR,2025-12-10,3.9,latest_observation_strictly_before_session,0.034,0.049,0.0025
2025-12-12,SOFR,2025-12-11,3.66,latest_observation_strictly_before_session,0.0316,0.0466,0.0025
2025-12-15,SOFR,2025-12-12,3.67,latest_observation_strictly_before_session,0.0317,0.0467,0.0025
2025-12-16,SOFR,2025-12-15,3.75,latest_observation_strictly_before_session,0.0325,0.0475,0.0025
2025-12-17,SOFR,2025-12-16,3.69,latest_observation_strictly_before_session,0.0319,0.0469,0.0025
2025-12-18,SOFR,2025-12-17,3.69,latest_observation_strictly_before_session,0.0319,0.0469,0.0025
2025-12-19,SOFR,2025-12-18,3.66,latest_observation_strictly_before_session,0.0316,0.0466,0.0025
2025-12-22,SOFR,2025-12-19,3.66,latest_observation_strictly_before_session,0.0316,0.0466,0.0025
2025-12-23,SOFR,2025-12-22,3.68,latest_observation_strictly_before_session,0.0318,0.0468,0.0025
2025-12-24,SOFR,2025-12-23,3.66,latest_observation_strictly_before_session,0.0316,0.0466,0.0025
2025-12-26,SOFR,2025-12-24,3.66,latest_observation_strictly_before_session,0.0316,0.0466,0.0025
2025-12-29,SOFR,2025-12-26,3.76,latest_observation_strictly_before_session,0.0326,0.0476,0.0025
2025-12-30,SOFR,2025-12-29,3.77,latest_observation_strictly_before_session,0.0327,0.0477,0.0025
2025-12-31,SOFR,2025-12-30,3.71,latest_observation_strictly_before_session,0.0321,0.0471,0.0025
2026-01-02,SOFR,2025-12-31,3.87,latest_observation_strictly_before_session,0.0337,0.0487,0.0025
2026-01-05,SOFR,2026-01-02,3.75,latest_observation_strictly_before_session,0.0325,0.0475,0.0025
2026-01-06,SOFR,2026-01-05,3.7,latest_observation_strictly_before_session,0.032,0.047,0.0025
2026-01-07,SOFR,2026-01-06,3.66,latest_observation_strictly_before_session,0.0316,0.0466,0.0025
2026-01-08,SOFR,2026-01-07,3.65,latest_observation_strictly_before_session,0.0315,0.0465,0.0025
2026-01-09,SOFR,2026-01-08,3.64,latest_observation_strictly_before_session,0.0314,0.0464,0.0025
2026-01-12,SOFR,2026-01-09,3.64,latest_observation_strictly_before_session,0.0314,0.0464,0.0025
2026-01-13,SOFR,2026-01-12,3.64,latest_observation_strictly_before_session,0.0314,0.0464,0.0025
2026-01-14,SOFR,2026-01-13,3.65,latest_observation_strictly_before_session,0.0315,0.0465,0.0025
2026-01-15,SOFR,2026-01-14,3.64,latest_observation_strictly_before_session,0.0314,0.0464,0.0025
2026-01-16,SOFR,2026-01-15,3.66,latest_observation_strictly_before_session,0.0316,0.0466,0.0025
2026-01-20,SOFR,2026-01-16,3.65,latest_observation_strictly_before_session,0.0315,0.0465,0.0025
2026-01-21,SOFR,2026-01-20,3.64,latest_observation_strictly_before_session,0.0314,0.0464,0.0025
2026-01-22,SOFR,2026-01-21,3.63,latest_observation_strictly_before_session,0.0313,0.0463,0.0025
2026-01-23,SOFR,2026-01-22,3.64,latest_observation_strictly_before_session,0.0314,0.0464,0.0025
2026-01-26,SOFR,2026-01-23,3.65,latest_observation_strictly_before_session,0.0315,0.0465,0.0025
2026-01-27,SOFR,2026-01-26,3.66,latest_observation_strictly_before_session,0.0316,0.0466,0.0025
2026-01-28,SOFR,2026-01-27,3.66,latest_observation_strictly_before_session,0.0316,0.0466,0.0025
2026-01-29,SOFR,2026-01-28,3.64,latest_observation_strictly_before_session,0.0314,0.0464,0.0025
2026-01-30,SOFR,2026-01-29,3.65,latest_observation_strictly_before_session,0.0315,0.0465,0.0025
2026-02-02,SOFR,2026-01-30,3.68,latest_observation_strictly_before_session,0.0318,0.0468,0.0025
2026-02-03,SOFR,2026-02-02,3.69,latest_observation_strictly_before_session,0.0319,0.0469,0.0025
2026-02-04,SOFR,2026-02-03,3.69,latest_observation_strictly_before_session,0.0319,0.0469,0.0025
2026-02-05,SOFR,2026-02-04,3.65,latest_observation_strictly_before_session,0.0315,0.0465,0.0025
2026-02-06,SOFR,2026-02-05,3.65,latest_observation_strictly_before_session,0.0315,0.0465,0.0025
2026-02-09,SOFR,2026-02-06,3.64,latest_observation_strictly_before_session,0.0314,0.0464,0.0025
2026-02-10,SOFR,2026-02-09,3.63,latest_observation_strictly_before_session,0.0313,0.0463,0.0025
2026-02-11,SOFR,2026-02-10,3.65,latest_observation_strictly_before_session,0.0315,0.0465,0.0025
2026-02-12,SOFR,2026-02-11,3.65,latest_observation_strictly_before_session,0.0315,0.0465,0.0025
2026-02-13,SOFR,2026-02-12,3.65,latest_observation_strictly_before_session,0.0315,0.0465,0.0025
2026-02-17,SOFR,2026-02-13,3.66,latest_observation_strictly_before_session,0.0316,0.0466,0.0025
2026-02-18,SOFR,2026-02-17,3.71,latest_observation_strictly_before_session,0.0321,0.0471,0.0025
2026-02-19,SOFR,2026-02-18,3.73,latest_observation_strictly_before_session,0.0323,0.0473,0.0025
2026-02-20,SOFR,2026-02-19,3.67,latest_observation_strictly_before_session,0.0317,0.0467,0.0025
2026-02-23,SOFR,2026-02-20,3.66,latest_observation_strictly_before_session,0.0316,0.0466,0.0025
2026-02-24,SOFR,2026-02-23,3.66,latest_observation_strictly_before_session,0.0316,0.0466,0.0025
2026-02-25,SOFR,2026-02-24,3.67,latest_observation_strictly_before_session,0.0317,0.0467,0.0025
2026-02-26,SOFR,2026-02-25,3.67,latest_observation_strictly_before_session,0.0317,0.0467,0.0025
2026-02-27,SOFR,2026-02-26,3.67,latest_observation_strictly_before_session,0.0317,0.0467,0.0025
2026-03-02,SOFR,2026-02-27,3.68,latest_observation_strictly_before_session,0.0318,0.0468,0.0025
2026-03-03,SOFR,2026-03-02,3.71,latest_observation_strictly_before_session,0.0321,0.0471,0.0025
2026-03-04,SOFR,2026-03-03,3.7,latest_observation_strictly_before_session,0.032,0.047,0.0025
2026-03-05,SOFR,2026-03-04,3.67,latest_observation_strictly_before_session,0.0317,0.0467,0.0025
2026-03-06,SOFR,2026-03-05,3.66,latest_observation_strictly_before_session,0.0316,0.0466,0.0025
2026-03-09,SOFR,2026-03-06,3.65,latest_observation_strictly_before_session,0.0315,0.0465,0.0025
2026-03-10,SOFR,2026-03-09,3.65,latest_observation_strictly_before_session,0.0315,0.0465,0.0025
2026-03-11,SOFR,2026-03-10,3.64,latest_observation_strictly_before_session,0.0314,0.0464,0.0025
2026-03-12,SOFR,2026-03-11,3.64,latest_observation_strictly_before_session,0.0314,0.0464,0.0025
2026-03-13,SOFR,2026-03-12,3.65,latest_observation_strictly_before_session,0.0315,0.0465,0.0025
2026-03-16,SOFR,2026-03-13,3.65,latest_observation_strictly_before_session,0.0315,0.0465,0.0025
2026-03-17,SOFR,2026-03-16,3.7,latest_observation_strictly_before_session,0.032,0.047,0.0025
2026-03-18,SOFR,2026-03-17,3.65,latest_observation_strictly_before_session,0.0315,0.0465,0.0025
2026-03-19,SOFR,2026-03-18,3.62,latest_observation_strictly_before_session,0.0312,0.0462,0.0025
2026-03-20,SOFR,2026-03-19,3.62,latest_observation_strictly_before_session,0.0312,0.0462,0.0025
2026-03-23,SOFR,2026-03-20,3.62,latest_observation_strictly_before_session,0.0312,0.0462,0.0025
2026-03-24,SOFR,2026-03-23,3.62,latest_observation_strictly_before_session,0.0312,0.0462,0.0025
2026-03-25,SOFR,2026-03-24,3.63,latest_observation_strictly_before_session,0.0313,0.0463,0.0025
2026-03-26,SOFR,2026-03-25,3.64,latest_observation_strictly_before_session,0.0314,0.0464,0.0025
2026-03-27,SOFR,2026-03-26,3.65,latest_observation_strictly_before_session,0.0315,0.0465,0.0025
2026-03-30,SOFR,2026-03-27,3.63,latest_observation_strictly_before_session,0.0313,0.0463,0.0025
2026-03-31,SOFR,2026-03-30,3.63,latest_observation_strictly_before_session,0.0313,0.0463,0.0025
2026-04-01,SOFR,2026-03-31,3.68,latest_observation_strictly_before_session,0.0318,0.0468,0.0025
2026-04-02,SOFR,2026-04-01,3.65,latest_observation_strictly_before_session,0.0315,0.0465,0.0025
2026-04-06,SOFR,2026-04-02,3.66,latest_observation_strictly_before_session,0.0316,0.0466,0.0025
2026-04-07,SOFR,2026-04-06,3.65,latest_observation_strictly_before_session,0.0315,0.0465,0.0025
2026-04-08,SOFR,2026-04-07,3.62,latest_observation_strictly_before_session,0.0312,0.0462,0.0025
2026-04-09,SOFR,2026-04-08,3.59,latest_observation_strictly_before_session,0.0309,0.0459,0.0025
2026-04-10,SOFR,2026-04-09,3.57,latest_observation_strictly_before_session,0.0307,0.0457,0.0025
2026-04-13,SOFR,2026-04-10,3.61,latest_observation_strictly_before_session,0.0311,0.0461,0.0025
2026-04-14,SOFR,2026-04-13,3.63,latest_observation_strictly_before_session,0.0313,0.0463,0.0025
2026-04-15,SOFR,2026-04-14,3.66,latest_observation_strictly_before_session,0.0316,0.0466,0.0025
2026-04-16,SOFR,2026-04-15,3.72,latest_observation_strictly_before_session,0.0322,0.0472,0.0025
2026-04-17,SOFR,2026-04-16,3.67,latest_observation_strictly_before_session,0.0317,0.0467,0.0025
2026-04-20,SOFR,2026-04-17,3.65,latest_observation_strictly_before_session,0.0315,0.0465,0.0025
2026-04-21,SOFR,2026-04-20,3.63,latest_observation_strictly_before_session,0.0313,0.0463,0.0025
2026-04-22,SOFR,2026-04-21,3.63,latest_observation_strictly_before_session,0.0313,0.0463,0.0025
2026-04-23,SOFR,2026-04-22,3.64,latest_observation_strictly_before_session,0.0314,0.0464,0.0025
2026-04-24,SOFR,2026-04-23,3.65,latest_observation_strictly_before_session,0.0315,0.0465,0.0025
2026-04-27,SOFR,2026-04-24,3.66,latest_observation_strictly_before_session,0.0316,0.0466,0.0025
2026-04-28,SOFR,2026-04-27,3.66,latest_observation_strictly_before_session,0.0316,0.0466,0.0025
2026-04-29,SOFR,2026-04-28,3.64,latest_observation_strictly_before_session,0.0314,0.0464,0.0025
2026-04-30,SOFR,2026-04-29,3.63,latest_observation_strictly_before_session,0.0313,0.0463,0.0025
2026-05-01,SOFR,2026-04-30,3.66,latest_observation_strictly_before_session,0.0316,0.0466,0.0025
2026-05-04,SOFR,2026-05-01,3.64,latest_observation_strictly_before_session,0.0314,0.0464,0.0025
2026-05-05,SOFR,2026-05-04,3.63,latest_observation_strictly_before_session,0.0313,0.0463,0.0025
2026-05-06,SOFR,2026-05-05,3.62,latest_observation_strictly_before_session,0.0312,0.0462,0.0025
2026-05-07,SOFR,2026-05-06,3.61,latest_observation_strictly_before_session,0.0311,0.0461,0.0025
2026-05-08,SOFR,2026-05-07,3.6,latest_observation_strictly_before_session,0.031,0.046,0.0025
2026-05-11,SOFR,2026-05-08,3.6,latest_observation_strictly_before_session,0.031,0.046,0.0025
2026-05-12,SOFR,2026-05-11,3.6,latest_observation_strictly_before_session,0.031,0.046,0.0025
2026-05-13,SOFR,2026-05-12,3.6,latest_observation_strictly_before_session,0.031,0.046,0.0025
2026-05-14,SOFR,2026-05-13,3.59,latest_observation_strictly_before_session,0.0309,0.0459,0.0025
2026-05-15,SOFR,2026-05-14,3.56,latest_observation_strictly_before_session,0.0306,0.0456,0.0025
2026-05-18,SOFR,2026-05-15,3.55,latest_observation_strictly_before_session,0.0305,0.0455,0.0025
2026-05-19,SOFR,2026-05-18,3.53,latest_observation_strictly_before_session,0.0303,0.0453,0.0025
2026-05-20,SOFR,2026-05-19,3.51,latest_observation_strictly_before_session,0.0301,0.0451,0.0025
2026-05-21,SOFR,2026-05-20,3.5,latest_observation_strictly_before_session,0.03,0.045,0.0025
2026-05-22,SOFR,2026-05-21,3.51,latest_observation_strictly_before_session,0.0301,0.0451,0.0025
2026-05-26,SOFR,2026-05-22,3.55,latest_observation_strictly_before_session,0.0305,0.0455,0.0025
2026-05-27,SOFR,2026-05-26,3.63,latest_observation_strictly_before_session,0.0313,0.0463,0.0025
2026-05-28,SOFR,2026-05-27,3.63,latest_observation_strictly_before_session,0.0313,0.0463,0.0025
2026-05-29,SOFR,2026-05-28,3.62,latest_observation_strictly_before_session,0.0312,0.0462,0.0025
2026-06-01,SOFR,2026-05-29,3.63,latest_observation_strictly_before_session,0.0313,0.0463,0.0025
2026-06-02,SOFR,2026-06-01,3.65,latest_observation_strictly_before_session,0.0315,0.0465,0.0025
2026-06-03,SOFR,2026-06-02,3.63,latest_observation_strictly_before_session,0.0313,0.0463,0.0025
2026-06-04,SOFR,2026-06-03,3.61,latest_observation_strictly_before_session,0.0311,0.0461,0.0025
2026-06-05,SOFR,2026-06-04,3.62,latest_observation_strictly_before_session,0.0312,0.0462,0.0025
2026-06-08,SOFR,2026-06-05,3.63,latest_observation_strictly_before_session,0.0313,0.0463,0.0025
2026-06-09,SOFR,2026-06-08,3.63,latest_observation_strictly_before_session,0.0313,0.0463,0.0025
2026-06-10,SOFR,2026-06-09,3.6,latest_observation_strictly_before_session,0.031,0.046,0.0025
2026-06-11,SOFR,2026-06-10,3.59,latest_observation_strictly_before_session,0.0309,0.0459,0.0025
2026-06-12,SOFR,2026-06-11,3.6,latest_observation_strictly_before_session,0.031,0.046,0.0025
2026-06-15,SOFR,2026-06-12,3.65,latest_observation_strictly_before_session,0.0315,0.0465,0.0025
2026-06-16,SOFR,2026-06-15,3.69,latest_observation_strictly_before_session,0.0319,0.0469,0.0025
2026-06-17,SOFR,2026-06-16,3.63,latest_observation_strictly_before_session,0.0313,0.0463,0.0025
2026-06-18,SOFR,2026-06-17,3.63,latest_observation_strictly_before_session,0.0313,0.0463,0.0025
2026-06-22,SOFR,2026-06-18,3.62,latest_observation_strictly_before_session,0.0312,0.0462,0.0025
2026-06-23,SOFR,2026-06-22,3.61,latest_observation_strictly_before_session,0.0311,0.0461,0.0025
2026-06-24,SOFR,2026-06-23,3.62,latest_observation_strictly_before_session,0.0312,0.0462,0.0025
2026-06-25,SOFR,2026-06-24,3.62,latest_observation_strictly_before_session,0.0312,0.0462,0.0025
2026-06-26,SOFR,2026-06-25,3.64,latest_observation_strictly_before_session,0.0314,0.0464,0.0025
2026-06-29,SOFR,2026-06-26,3.62,latest_observation_strictly_before_session,0.0312,0.0462,0.0025
2026-06-30,SOFR,2026-06-29,3.62,latest_observation_strictly_before_session,0.0312,0.0462,0.0025
2026-07-01,SOFR,2026-06-30,3.68,latest_observation_strictly_before_session,0.0318,0.0468,0.0025
2026-07-02,SOFR,2026-07-01,3.66,latest_observation_strictly_before_session,0.0316,0.0466,0.0025
2026-07-06,SOFR,2026-07-02,3.64,latest_observation_strictly_before_session,0.0314,0.0464,0.0025
2026-07-07,SOFR,2026-07-06,3.63,latest_observation_strictly_before_session,0.0313,0.0463,0.0025
2026-07-08,SOFR,2026-07-07,3.62,latest_observation_strictly_before_session,0.0312,0.0462,0.0025
2026-07-09,SOFR,2026-07-08,3.58,latest_observation_strictly_before_session,0.0308,0.0458,0.0025
2026-07-10,SOFR,2026-07-09,3.53,latest_observation_strictly_before_session,0.0303,0.0453,0.0025
2026-07-13,SOFR,2026-07-10,3.55,latest_observation_strictly_before_session,0.0305,0.0455,0.0025
2026-07-14,SOFR,2026-07-13,3.6,latest_observation_strictly_before_session,0.031,0.046,0.0025
2026-07-15,SOFR,2026-07-14,3.63,latest_observation_strictly_before_session,0.0313,0.0463,0.0025
2026-07-16,SOFR,2026-07-15,3.64,latest_observation_strictly_before_session,0.0314,0.0464,0.0025
2026-07-17,SOFR,2026-07-16,3.62,latest_observation_strictly_before_session,0.0312,0.0462,0.0025
2026-07-20,SOFR,2026-07-17,3.59,latest_observation_strictly_before_session,0.0309,0.0459,0.0025
2026-07-21,SOFR,2026-07-20,3.57,latest_observation_strictly_before_session,0.0307,0.0457,0.0025
2026-07-22,SOFR,2026-07-21,3.61,latest_observation_strictly_before_session,0.0311,0.0461,0.0025
2026-07-23,SOFR,2026-07-22,3.62,latest_observation_strictly_before_session,0.0312,0.0462,0.0025
2026-07-24,SOFR,2026-07-23,3.64,latest_observation_strictly_before_session,0.0314,0.0464,0.0025
2026-07-27,SOFR,2026-07-24,3.64,latest_observation_strictly_before_session,0.0314,0.0464,0.0025
2026-07-28,SOFR,2026-07-27,3.64,latest_observation_strictly_before_session,0.0314,0.0464,0.0025
2026-07-29,SOFR,2026-07-28,3.65,latest_observation_strictly_before_session,0.0315,0.0465,0.0025
2026-07-30,SOFR,2026-07-29,3.65,latest_observation_strictly_before_session,0.0315,0.0465,0.0025
2026-07-31,SOFR,2026-07-30,3.65,latest_observation_strictly_before_session,0.0315,0.0465,0.0025
