session_date,market_open,market_close,calendar_bars,scheduled_minutes,halt_minutes,required_minutes,observed_minutes,missing_required,present_during_halt,unexpected_minutes,leading_missing,interior_missing,trailing_missing,invalid_ohlc_rows,total_volume,open_valid,close_valid,quality,is_paper_ready,is_halt_usable,is_exploratory
2008-01-22,2008-01-22 14:30:00+00:00,2008-01-22 21:00:00+00:00,390,390,0,390,390,0,0,0,0,0,0,0,3430318.0,True,True,complete,True,True,True
2008-01-23,2008-01-23 14:30:00+00:00,2008-01-23 21:00:00+00:00,390,390,0,390,390,0,0,0,0,0,0,0,4012066.0,True,True,complete,True,True,True
2008-01-24,2008-01-24 14:30:00+00:00,2008-01-24 21:00:00+00:00,390,390,0,390,390,0,0,0,0,0,0,0,2223083.0,True,True,complete,True,True,True
2008-01-25,2008-01-25 14:30:00+00:00,2008-01-25 21:00:00+00:00,390,390,0,390,390,0,0,0,0,0,0,0,2283766.0,True,True,complete,True,True,True
2008-01-28,2008-01-28 14:30:00+00:00,2008-01-28 21:00:00+00:00,390,390,0,390,390,0,0,0,0,0,0,0,1862421.0,True,True,complete,True,True,True
2008-01-29,2008-01-29 14:30:00+00:00,2008-01-29 21:00:00+00:00,390,390,0,390,390,0,0,0,0,0,0,0,1369940.0,True,True,complete,True,True,True
2008-01-30,2008-01-30 14:30:00+00:00,2008-01-30 21:00:00+00:00,390,390,0,390,390,0,0,0,0,0,0,0,2886707.0,True,True,complete,True,True,True
2008-01-31,2008-01-31 14:30:00+00:00,2008-01-31 21:00:00+00:00,390,390,0,390,390,0,0,0,0,0,0,0,2615070.0,True,True,complete,True,True,True
2008-02-01,2008-02-01 14:30:00+00:00,2008-02-01 21:00:00+00:00,390,390,0,390,390,0,0,0,0,0,0,0,1672420.0,True,True,complete,True,True,True
2008-02-04,2008-02-04 14:30:00+00:00,2008-02-04 21:00:00+00:00,390,390,0,390,390,0,0,0,0,0,0,0,1043318.0,True,True,complete,True,True,True
2008-02-05,2008-02-05 14:30:00+00:00,2008-02-05 21:00:00+00:00,390,390,0,390,390,0,0,0,0,0,0,0,2333110.0,True,True,complete,True,True,True
2008-02-06,2008-02-06 14:30:00+00:00,2008-02-06 21:00:00+00:00,390,390,0,390,390,0,0,0,0,0,0,0,2071485.0,True,True,complete,True,True,True
2008-02-07,2008-02-07 14:30:00+00:00,2008-02-07 21:00:00+00:00,390,390,0,390,390,0,0,0,0,0,0,0,2560557.0,True,True,complete,True,True,True
2008-02-08,2008-02-08 14:30:00+00:00,2008-02-08 21:00:00+00:00,390,390,0,390,390,0,0,0,0,0,0,0,1782824.0,True,True,complete,True,True,True
2008-02-11,2008-02-11 14:30:00+00:00,2008-02-11 21:00:00+00:00,390,390,0,390,390,0,0,0,0,0,0,0,1675555.0,True,True,complete,True,True,True
2008-02-12,2008-02-12 14:30:00+00:00,2008-02-12 21:00:00+00:00,390,390,0,390,390,0,0,0,0,0,0,0,2170163.0,True,True,complete,True,True,True
2008-02-13,2008-02-13 14:30:00+00:00,2008-02-13 21:00:00+00:00,390,390,0,390,390,0,0,0,0,0,0,0,1532055.0,True,True,complete,True,True,True
2008-02-14,2008-02-14 14:30:00+00:00,2008-02-14 21:00:00+00:00,390,390,0,390,390,0,0,0,0,0,0,0,1794420.0,True,True,complete,True,True,True
2008-02-15,2008-02-15 14:30:00+00:00,2008-02-15 21:00:00+00:00,390,390,0,390,390,0,0,0,0,0,0,0,1245445.0,True,True,complete,True,True,True
2008-02-19,2008-02-19 14:30:00+00:00,2008-02-19 21:00:00+00:00,390,390,0,390,390,0,0,0,0,0,0,0,1279204.0,True,True,complete,True,True,True
2008-02-20,2008-02-20 14:30:00+00:00,2008-02-20 21:00:00+00:00,390,390,0,390,390,0,0,0,0,0,0,0,1983616.0,True,True,complete,True,True,True
2008-02-21,2008-02-21 14:30:00+00:00,2008-02-21 21:00:00+00:00,390,390,0,390,390,0,0,0,0,0,0,0,1756984.0,True,True,complete,True,True,True
2008-02-22,2008-02-22 14:30:00+00:00,2008-02-22 21:00:00+00:00,390,390,0,390,390,0,0,0,0,0,0,0,1831069.0,True,True,complete,True,True,True
2008-02-25,2008-02-25 14:30:00+00:00,2008-02-25 21:00:00+00:00,390,390,0,390,390,0,0,0,0,0,0,0,1696793.0,True,True,complete,True,True,True
2008-02-26,2008-02-26 14:30:00+00:00,2008-02-26 21:00:00+00:00,390,390,0,390,390,0,0,0,0,0,0,0,1687325.0,True,True,complete,True,True,True
2008-02-27,2008-02-27 14:30:00+00:00,2008-02-27 21:00:00+00:00,390,390,0,390,390,0,0,0,0,0,0,0,1497426.0,True,True,complete,True,True,True
2008-02-28,2008-02-28 14:30:00+00:00,2008-02-28 21:00:00+00:00,390,390,0,390,390,0,0,0,0,0,0,0,1404704.0,True,True,complete,True,True,True
2008-02-29,2008-02-29 14:30:00+00:00,2008-02-29 21:00:00+00:00,390,390,0,390,390,0,0,0,0,0,0,0,1938824.0,True,True,complete,True,True,True
2008-03-03,2008-03-03 14:30:00+00:00,2008-03-03 21:00:00+00:00,390,390,0,390,390,0,0,0,0,0,0,0,1684025.0,True,True,complete,True,True,True
2008-03-04,2008-03-04 14:30:00+00:00,2008-03-04 21:00:00+00:00,390,390,0,390,390,0,0,0,0,0,0,0,2595681.0,True,True,complete,True,True,True
2008-03-05,2008-03-05 14:30:00+00:00,2008-03-05 21:00:00+00:00,390,390,0,390,390,0,0,0,0,0,0,0,2385838.0,True,True,complete,True,True,True
2008-03-06,2008-03-06 14:30:00+00:00,2008-03-06 21:00:00+00:00,390,390,0,390,390,0,0,0,0,0,0,0,2142145.0,True,True,complete,True,True,True
2008-03-07,2008-03-07 14:30:00+00:00,2008-03-07 21:00:00+00:00,390,390,0,390,390,0,0,0,0,0,0,0,2766913.0,True,True,complete,True,True,True
2008-03-10,2008-03-10 13:30:00+00:00,2008-03-10 20:00:00+00:00,390,390,0,390,390,0,0,0,0,0,0,0,2136877.0,True,True,complete,True,True,True
2008-03-11,2008-03-11 13:30:00+00:00,2008-03-11 20:00:00+00:00,390,390,0,390,390,0,0,0,0,0,0,0,2661270.0,True,True,complete,True,True,True
2008-03-12,2008-03-12 13:30:00+00:00,2008-03-12 20:00:00+00:00,390,390,0,390,390,0,0,0,0,0,0,0,1964507.0,True,True,complete,True,True,True
2008-03-13,2008-03-13 13:30:00+00:00,2008-03-13 20:00:00+00:00,390,390,0,390,390,0,0,0,0,0,0,0,3095443.0,True,True,complete,True,True,True
2008-03-14,2008-03-14 13:30:00+00:00,2008-03-14 20:00:00+00:00,390,390,0,390,390,0,0,0,0,0,0,0,4027146.0,True,True,complete,True,True,True
2008-03-17,2008-03-17 13:30:00+00:00,2008-03-17 20:00:00+00:00,390,390,0,390,390,0,0,0,0,0,0,0,3319397.0,True,True,complete,True,True,True
2008-03-18,2008-03-18 13:30:00+00:00,2008-03-18 20:00:00+00:00,390,390,0,390,390,0,0,0,0,0,0,0,2816014.0,True,True,complete,True,True,True
2008-03-19,2008-03-19 13:30:00+00:00,2008-03-19 20:00:00+00:00,390,390,0,390,390,0,0,0,0,0,0,0,2874446.0,True,True,complete,True,True,True
2008-03-20,2008-03-20 13:30:00+00:00,2008-03-20 20:00:00+00:00,390,390,0,390,390,0,0,0,0,0,0,0,2063293.0,True,True,complete,True,True,True
2008-03-24,2008-03-24 13:30:00+00:00,2008-03-24 20:00:00+00:00,390,390,0,390,390,0,0,0,0,0,0,0,1824490.0,True,True,complete,True,True,True
2008-03-25,2008-03-25 13:30:00+00:00,2008-03-25 20:00:00+00:00,390,390,0,390,390,0,0,0,0,0,0,0,1573336.0,True,True,complete,True,True,True
2008-03-26,2008-03-26 13:30:00+00:00,2008-03-26 20:00:00+00:00,390,390,0,390,390,0,0,0,0,0,0,0,1641144.0,True,True,complete,True,True,True
2008-03-27,2008-03-27 13:30:00+00:00,2008-03-27 20:00:00+00:00,390,390,0,390,390,0,0,0,0,0,0,0,1901622.0,True,True,complete,True,True,True
2008-03-28,2008-03-28 13:30:00+00:00,2008-03-28 20:00:00+00:00,390,390,0,390,390,0,0,0,0,0,0,0,1491960.0,True,True,complete,True,True,True
2008-03-31,2008-03-31 13:30:00+00:00,2008-03-31 20:00:00+00:00,390,390,0,390,390,0,0,0,0,0,0,0,1334098.0,True,True,complete,True,True,True
2008-04-01,2008-04-01 13:30:00+00:00,2008-04-01 20:00:00+00:00,390,390,0,390,390,0,0,0,0,0,0,0,2108241.0,True,True,complete,True,True,True
2008-04-02,2008-04-02 13:30:00+00:00,2008-04-02 20:00:00+00:00,390,390,0,390,390,0,0,0,0,0,0,0,1896682.0,True,True,complete,True,True,True
2008-04-03,2008-04-03 13:30:00+00:00,2008-04-03 20:00:00+00:00,390,390,0,390,390,0,0,0,0,0,0,0,1479506.0,True,True,complete,True,True,True
2008-04-04,2008-04-04 13:30:00+00:00,2008-04-04 20:00:00+00:00,390,390,0,390,390,0,0,0,0,0,0,0,1570997.0,True,True,complete,True,True,True
2008-04-07,2008-04-07 13:30:00+00:00,2008-04-07 20:00:00+00:00,390,390,0,390,390,0,0,0,0,0,0,0,1367834.0,True,True,complete,True,True,True
2008-04-08,2008-04-08 13:30:00+00:00,2008-04-08 20:00:00+00:00,390,390,0,390,390,0,0,0,0,0,0,0,1323351.0,True,True,complete,True,True,True
2008-04-09,2008-04-09 13:30:00+00:00,2008-04-09 20:00:00+00:00,390,390,0,390,390,0,0,0,0,0,0,0,1694415.0,True,True,complete,True,True,True
2008-04-10,2008-04-10 13:30:00+00:00,2008-04-10 20:00:00+00:00,390,390,0,390,390,0,0,0,0,0,0,0,1676136.0,True,True,complete,True,True,True
2008-04-11,2008-04-11 13:30:00+00:00,2008-04-11 20:00:00+00:00,390,390,0,390,390,0,0,0,0,0,0,0,1813670.0,True,True,complete,True,True,True
2008-04-14,2008-04-14 13:30:00+00:00,2008-04-14 20:00:00+00:00,390,390,0,390,390,0,0,0,0,0,0,0,1404342.0,True,True,complete,True,True,True
2008-04-15,2008-04-15 13:30:00+00:00,2008-04-15 20:00:00+00:00,390,390,0,390,390,0,0,0,0,0,0,0,1422510.0,True,True,complete,True,True,True
2008-04-16,2008-04-16 13:30:00+00:00,2008-04-16 20:00:00+00:00,390,390,0,390,390,0,0,0,0,0,0,0,1530687.0,True,True,complete,True,True,True
2008-04-17,2008-04-17 13:30:00+00:00,2008-04-17 20:00:00+00:00,390,390,0,390,390,0,0,0,0,0,0,0,1451022.0,True,True,complete,True,True,True
2008-04-18,2008-04-18 13:30:00+00:00,2008-04-18 20:00:00+00:00,390,390,0,390,390,0,0,0,0,0,0,0,1734946.0,True,True,complete,True,True,True
2008-04-21,2008-04-21 13:30:00+00:00,2008-04-21 20:00:00+00:00,390,390,0,390,390,0,0,0,0,0,0,0,1008308.0,True,True,complete,True,True,True
2008-04-22,2008-04-22 13:30:00+00:00,2008-04-22 20:00:00+00:00,390,390,0,390,390,0,0,0,0,0,0,0,1383476.0,True,True,complete,True,True,True
2008-04-23,2008-04-23 13:30:00+00:00,2008-04-23 20:00:00+00:00,390,390,0,390,390,0,0,0,0,0,0,0,1628356.0,True,True,complete,True,True,True
2008-04-24,2008-04-24 13:30:00+00:00,2008-04-24 20:00:00+00:00,390,390,0,390,390,0,0,0,0,0,0,0,1981520.0,True,True,complete,True,True,True
2008-04-25,2008-04-25 13:30:00+00:00,2008-04-25 20:00:00+00:00,390,390,0,390,390,0,0,0,0,0,0,0,1691602.0,True,True,complete,True,True,True
2008-04-28,2008-04-28 13:30:00+00:00,2008-04-28 20:00:00+00:00,390,390,0,390,390,0,0,0,0,0,0,0,947938.0,True,True,complete,True,True,True
2008-04-29,2008-04-29 13:30:00+00:00,2008-04-29 20:00:00+00:00,390,390,0,390,390,0,0,0,0,0,0,0,1143059.0,True,True,complete,True,True,True
2008-04-30,2008-04-30 13:30:00+00:00,2008-04-30 20:00:00+00:00,390,390,0,390,390,0,0,0,0,0,0,0,1751599.0,True,True,complete,True,True,True
2008-05-01,2008-05-01 13:30:00+00:00,2008-05-01 20:00:00+00:00,390,390,0,390,390,0,0,0,0,0,0,0,1646428.0,True,True,complete,True,True,True
2008-05-02,2008-05-02 13:30:00+00:00,2008-05-02 20:00:00+00:00,390,390,0,390,390,0,0,0,0,0,0,0,1510600.0,True,True,complete,True,True,True
2008-05-05,2008-05-05 13:30:00+00:00,2008-05-05 20:00:00+00:00,390,390,0,390,390,0,0,0,0,0,0,0,1078570.0,True,True,complete,True,True,True
2008-05-06,2008-05-06 13:30:00+00:00,2008-05-06 20:00:00+00:00,390,390,0,390,390,0,0,0,0,0,0,0,1545124.0,True,True,complete,True,True,True
2008-05-07,2008-05-07 13:30:00+00:00,2008-05-07 20:00:00+00:00,390,390,0,390,390,0,0,0,0,0,0,0,1687852.0,True,True,complete,True,True,True
2008-05-08,2008-05-08 13:30:00+00:00,2008-05-08 20:00:00+00:00,390,390,0,390,390,0,0,0,0,0,0,0,1501759.0,True,True,complete,True,True,True
2008-05-09,2008-05-09 13:30:00+00:00,2008-05-09 20:00:00+00:00,390,390,0,390,390,0,0,0,0,0,0,0,1294671.0,True,True,complete,True,True,True
2008-05-12,2008-05-12 13:30:00+00:00,2008-05-12 20:00:00+00:00,390,390,0,390,390,0,0,0,0,0,0,0,1304132.0,True,True,complete,True,True,True
2008-05-13,2008-05-13 13:30:00+00:00,2008-05-13 20:00:00+00:00,390,390,0,390,390,0,0,0,0,0,0,0,1336588.0,True,True,complete,True,True,True
2008-05-14,2008-05-14 13:30:00+00:00,2008-05-14 20:00:00+00:00,390,390,0,390,390,0,0,0,0,0,0,0,1537931.0,True,True,complete,True,True,True
2008-05-15,2008-05-15 13:30:00+00:00,2008-05-15 20:00:00+00:00,390,390,0,390,390,0,0,0,0,0,0,0,1447270.0,True,True,complete,True,True,True
2008-05-16,2008-05-16 13:30:00+00:00,2008-05-16 20:00:00+00:00,390,390,0,390,390,0,0,0,0,0,0,0,1782582.0,True,True,complete,True,True,True
2008-05-19,2008-05-19 13:30:00+00:00,2008-05-19 20:00:00+00:00,390,390,0,390,390,0,0,0,0,0,0,0,1516369.0,True,True,complete,True,True,True
2008-05-20,2008-05-20 13:30:00+00:00,2008-05-20 20:00:00+00:00,390,390,0,390,390,0,0,0,0,0,0,0,1486601.0,True,True,complete,True,True,True
2008-05-21,2008-05-21 13:30:00+00:00,2008-05-21 20:00:00+00:00,390,390,0,390,390,0,0,0,0,0,0,0,2220966.0,True,True,complete,True,True,True
2008-05-22,2008-05-22 13:30:00+00:00,2008-05-22 20:00:00+00:00,390,390,0,390,390,0,0,0,0,0,0,0,1543521.0,True,True,complete,True,True,True
2008-05-23,2008-05-23 13:30:00+00:00,2008-05-23 20:00:00+00:00,390,390,0,390,390,0,0,0,0,0,0,0,1504327.0,True,True,complete,True,True,True
2008-05-27,2008-05-27 13:30:00+00:00,2008-05-27 20:00:00+00:00,390,390,0,390,390,0,0,0,0,0,0,0,1387328.0,True,True,complete,True,True,True
2008-05-28,2008-05-28 13:30:00+00:00,2008-05-28 20:00:00+00:00,390,390,0,390,390,0,0,0,0,0,0,0,1454496.0,True,True,complete,True,True,True
2008-05-29,2008-05-29 13:30:00+00:00,2008-05-29 20:00:00+00:00,390,390,0,390,390,0,0,0,0,0,0,0,1546249.0,True,True,complete,True,True,True
2008-05-30,2008-05-30 13:30:00+00:00,2008-05-30 20:00:00+00:00,390,390,0,390,390,0,0,0,0,0,0,0,928504.0,True,True,complete,True,True,True
2008-06-02,2008-06-02 13:30:00+00:00,2008-06-02 20:00:00+00:00,390,390,0,390,390,0,0,0,0,0,0,0,1550753.0,True,True,complete,True,True,True
2008-06-03,2008-06-03 13:30:00+00:00,2008-06-03 20:00:00+00:00,390,390,0,390,390,0,0,0,0,0,0,0,2410639.0,True,True,complete,True,True,True
2008-06-04,2008-06-04 13:30:00+00:00,2008-06-04 20:00:00+00:00,390,390,0,390,390,0,0,0,0,0,0,0,2216392.0,True,True,complete,True,True,True
2008-06-05,2008-06-05 13:30:00+00:00,2008-06-05 20:00:00+00:00,390,390,0,390,390,0,0,0,0,0,0,0,1983391.0,True,True,complete,True,True,True
2008-06-06,2008-06-06 13:30:00+00:00,2008-06-06 20:00:00+00:00,390,390,0,390,390,0,0,0,0,0,0,0,3067372.0,True,True,complete,True,True,True
2008-06-09,2008-06-09 13:30:00+00:00,2008-06-09 20:00:00+00:00,390,390,0,390,390,0,0,0,0,0,0,0,2059143.0,True,True,complete,True,True,True
2008-06-10,2008-06-10 13:30:00+00:00,2008-06-10 20:00:00+00:00,390,390,0,390,390,0,0,0,0,0,0,0,2232860.0,True,True,complete,True,True,True
2008-06-11,2008-06-11 13:30:00+00:00,2008-06-11 20:00:00+00:00,390,390,0,390,390,0,0,0,0,0,0,0,2418541.0,True,True,complete,True,True,True
2008-06-12,2008-06-12 13:30:00+00:00,2008-06-12 20:00:00+00:00,390,390,0,390,390,0,0,0,0,0,0,0,2106632.0,True,True,complete,True,True,True
2008-06-13,2008-06-13 13:30:00+00:00,2008-06-13 20:00:00+00:00,390,390,0,390,390,0,0,0,0,0,0,0,2090616.0,True,True,complete,True,True,True
2008-06-16,2008-06-16 13:30:00+00:00,2008-06-16 20:00:00+00:00,390,390,0,390,390,0,0,0,0,0,0,0,1567063.0,True,True,complete,True,True,True
2008-06-17,2008-06-17 13:30:00+00:00,2008-06-17 20:00:00+00:00,390,390,0,390,390,0,0,0,0,0,0,0,1626731.0,True,True,complete,True,True,True
2008-06-18,2008-06-18 13:30:00+00:00,2008-06-18 20:00:00+00:00,390,390,0,390,390,0,0,0,0,0,0,0,2346215.0,True,True,complete,True,True,True
2008-06-19,2008-06-19 13:30:00+00:00,2008-06-19 20:00:00+00:00,390,390,0,390,390,0,0,0,0,0,0,0,2694409.0,True,True,complete,True,True,True
2008-06-20,2008-06-20 13:30:00+00:00,2008-06-20 20:00:00+00:00,390,390,0,390,390,0,0,0,0,0,0,0,2443405.0,True,True,complete,True,True,True
2008-06-23,2008-06-23 13:30:00+00:00,2008-06-23 20:00:00+00:00,390,390,0,390,390,0,0,0,0,0,0,0,1335717.0,True,True,complete,True,True,True
2008-06-24,2008-06-24 13:30:00+00:00,2008-06-24 20:00:00+00:00,390,390,0,390,390,0,0,0,0,0,0,0,2351256.0,True,True,complete,True,True,True
2008-06-25,2008-06-25 13:30:00+00:00,2008-06-25 20:00:00+00:00,390,390,0,390,390,0,0,0,0,0,0,0,2433316.0,True,True,complete,True,True,True
2008-06-26,2008-06-26 13:30:00+00:00,2008-06-26 20:00:00+00:00,390,390,0,390,390,0,0,0,0,0,0,0,2648241.0,True,True,complete,True,True,True
2008-06-27,2008-06-27 13:30:00+00:00,2008-06-27 20:00:00+00:00,390,390,0,390,390,0,0,0,0,0,0,0,2630347.0,True,True,complete,True,True,True
2008-06-30,2008-06-30 13:30:00+00:00,2008-06-30 20:00:00+00:00,390,390,0,390,390,0,0,0,0,0,0,0,2254832.0,True,True,complete,True,True,True
2008-07-01,2008-07-01 13:30:00+00:00,2008-07-01 20:00:00+00:00,390,390,0,390,390,0,0,0,0,0,0,0,3330578.0,True,True,complete,True,True,True
2008-07-02,2008-07-02 13:30:00+00:00,2008-07-02 20:00:00+00:00,390,390,0,390,390,0,0,0,0,0,0,0,2637786.0,True,True,complete,True,True,True
2008-07-03,2008-07-03 13:30:00+00:00,2008-07-03 17:00:00+00:00,210,210,0,210,210,0,0,0,0,0,0,0,1892307.0,True,True,complete,True,True,True
2008-07-07,2008-07-07 13:30:00+00:00,2008-07-07 20:00:00+00:00,390,390,0,390,390,0,0,0,0,0,0,0,3263405.0,True,True,complete,True,True,True
2008-07-08,2008-07-08 13:30:00+00:00,2008-07-08 20:00:00+00:00,390,390,0,390,390,0,0,0,0,0,0,0,3289708.0,True,True,complete,True,True,True
2008-07-09,2008-07-09 13:30:00+00:00,2008-07-09 20:00:00+00:00,390,390,0,390,390,0,0,0,0,0,0,0,2975939.0,True,True,complete,True,True,True
2008-07-10,2008-07-10 13:30:00+00:00,2008-07-10 20:00:00+00:00,390,390,0,390,390,0,0,0,0,0,0,0,3793631.0,True,True,complete,True,True,True
2008-07-11,2008-07-11 13:30:00+00:00,2008-07-11 20:00:00+00:00,390,390,0,390,390,0,0,0,0,0,0,0,4273222.0,True,True,complete,True,True,True
2008-07-14,2008-07-14 13:30:00+00:00,2008-07-14 20:00:00+00:00,390,390,0,390,390,0,0,0,0,0,0,0,2926299.0,True,True,complete,True,True,True
2008-07-15,2008-07-15 13:30:00+00:00,2008-07-15 20:00:00+00:00,390,390,0,390,390,0,0,0,0,0,0,0,4416927.0,True,True,complete,True,True,True
2008-07-16,2008-07-16 13:30:00+00:00,2008-07-16 20:00:00+00:00,390,390,0,390,390,0,0,0,0,0,0,0,3095454.0,True,True,complete,True,True,True
2008-07-17,2008-07-17 13:30:00+00:00,2008-07-17 20:00:00+00:00,390,390,0,390,390,0,0,0,0,0,0,0,3068028.0,True,True,complete,True,True,True
2008-07-18,2008-07-18 13:30:00+00:00,2008-07-18 20:00:00+00:00,390,390,0,390,390,0,0,0,0,0,0,0,1985387.0,True,True,complete,True,True,True
2008-07-21,2008-07-21 13:30:00+00:00,2008-07-21 20:00:00+00:00,390,390,0,390,390,0,0,0,0,0,0,0,1811386.0,True,True,complete,True,True,True
2008-07-22,2008-07-22 13:30:00+00:00,2008-07-22 20:00:00+00:00,390,390,0,390,390,0,0,0,0,0,0,0,2645521.0,True,True,complete,True,True,True
2008-07-23,2008-07-23 13:30:00+00:00,2008-07-23 20:00:00+00:00,390,390,0,390,390,0,0,0,0,0,0,0,2764525.0,True,True,complete,True,True,True
2008-07-24,2008-07-24 13:30:00+00:00,2008-07-24 20:00:00+00:00,390,390,0,390,390,0,0,0,0,0,0,0,2269575.0,True,True,complete,True,True,True
2008-07-25,2008-07-25 13:30:00+00:00,2008-07-25 20:00:00+00:00,390,390,0,390,390,0,0,0,0,0,0,0,1829944.0,True,True,complete,True,True,True
2008-07-28,2008-07-28 13:30:00+00:00,2008-07-28 20:00:00+00:00,390,390,0,390,390,0,0,0,0,0,0,0,1769353.0,True,True,complete,True,True,True
2008-07-29,2008-07-29 13:30:00+00:00,2008-07-29 20:00:00+00:00,390,390,0,390,390,0,0,0,0,0,0,0,2328776.0,True,True,complete,True,True,True
2008-07-30,2008-07-30 13:30:00+00:00,2008-07-30 20:00:00+00:00,390,390,0,390,390,0,0,0,0,0,0,0,3151643.0,True,True,complete,True,True,True
2008-07-31,2008-07-31 13:30:00+00:00,2008-07-31 20:00:00+00:00,390,390,0,390,390,0,0,0,0,0,0,0,2402876.0,True,True,complete,True,True,True
2008-08-01,2008-08-01 13:30:00+00:00,2008-08-01 20:00:00+00:00,390,390,0,390,390,0,0,0,0,0,0,0,2149914.0,True,True,complete,True,True,True
2008-08-04,2008-08-04 13:30:00+00:00,2008-08-04 20:00:00+00:00,390,390,0,390,390,0,0,0,0,0,0,0,1748073.0,True,True,complete,True,True,True
2008-08-05,2008-08-05 13:30:00+00:00,2008-08-05 20:00:00+00:00,390,390,0,390,390,0,0,0,0,0,0,0,2211315.0,True,True,complete,True,True,True
2008-08-06,2008-08-06 13:30:00+00:00,2008-08-06 20:00:00+00:00,390,390,0,390,390,0,0,0,0,0,0,0,1884903.0,True,True,complete,True,True,True
2008-08-07,2008-08-07 13:30:00+00:00,2008-08-07 20:00:00+00:00,390,390,0,390,390,0,0,0,0,0,0,0,2116374.0,True,True,complete,True,True,True
2008-08-08,2008-08-08 13:30:00+00:00,2008-08-08 20:00:00+00:00,390,390,0,390,390,0,0,0,0,0,0,0,2316988.0,True,True,complete,True,True,True
2008-08-11,2008-08-11 13:30:00+00:00,2008-08-11 20:00:00+00:00,390,390,0,390,390,0,0,0,0,0,0,0,2240266.0,True,True,complete,True,True,True
2008-08-12,2008-08-12 13:30:00+00:00,2008-08-12 20:00:00+00:00,390,390,0,390,390,0,0,0,0,0,0,0,1956842.0,True,True,complete,True,True,True
2008-08-13,2008-08-13 13:30:00+00:00,2008-08-13 20:00:00+00:00,390,390,0,390,390,0,0,0,0,0,0,0,2404254.0,True,True,complete,True,True,True
2008-08-14,2008-08-14 13:30:00+00:00,2008-08-14 20:00:00+00:00,390,390,0,390,390,0,0,0,0,0,0,0,2023952.0,True,True,complete,True,True,True
2008-08-15,2008-08-15 13:30:00+00:00,2008-08-15 20:00:00+00:00,390,390,0,390,390,0,0,0,0,0,0,0,1612836.0,True,True,complete,True,True,True
2008-08-18,2008-08-18 13:30:00+00:00,2008-08-18 20:00:00+00:00,390,390,0,390,390,0,0,0,0,0,0,0,1555418.0,True,True,complete,True,True,True
2008-08-19,2008-08-19 13:30:00+00:00,2008-08-19 20:00:00+00:00,390,390,0,390,390,0,0,0,0,0,0,0,1617845.0,True,True,complete,True,True,True
2008-08-20,2008-08-20 13:30:00+00:00,2008-08-20 20:00:00+00:00,390,390,0,390,390,0,0,0,0,0,0,0,2040561.0,True,True,complete,True,True,True
2008-08-21,2008-08-21 13:30:00+00:00,2008-08-21 20:00:00+00:00,390,390,0,390,390,0,0,0,0,0,0,0,1646505.0,True,True,complete,True,True,True
2008-08-22,2008-08-22 13:30:00+00:00,2008-08-22 20:00:00+00:00,390,390,0,390,390,0,0,0,0,0,0,0,1393529.0,True,True,complete,True,True,True
2008-08-25,2008-08-25 13:30:00+00:00,2008-08-25 20:00:00+00:00,390,390,0,390,390,0,0,0,0,0,0,0,1524291.0,True,True,complete,True,True,True
2008-08-26,2008-08-26 13:30:00+00:00,2008-08-26 20:00:00+00:00,390,390,0,390,390,0,0,0,0,0,0,0,1484768.0,True,True,complete,True,True,True
2008-08-27,2008-08-27 13:30:00+00:00,2008-08-27 20:00:00+00:00,390,390,0,390,390,0,0,0,0,0,0,0,1470348.0,True,True,complete,True,True,True
2008-08-28,2008-08-28 13:30:00+00:00,2008-08-28 20:00:00+00:00,390,390,0,390,390,0,0,0,0,0,0,0,1396783.0,True,True,complete,True,True,True
2008-08-29,2008-08-29 13:30:00+00:00,2008-08-29 20:00:00+00:00,390,390,0,390,390,0,0,0,0,0,0,0,1585699.0,True,True,complete,True,True,True
2008-09-02,2008-09-02 13:30:00+00:00,2008-09-02 20:00:00+00:00,390,390,0,390,390,0,0,0,0,0,0,0,2213690.0,True,True,complete,True,True,True
2008-09-03,2008-09-03 13:30:00+00:00,2008-09-03 20:00:00+00:00,390,390,0,390,390,0,0,0,0,0,0,0,2357731.0,True,True,complete,True,True,True
2008-09-04,2008-09-04 13:30:00+00:00,2008-09-04 20:00:00+00:00,390,390,0,390,390,0,0,0,0,0,0,0,3003368.0,True,True,complete,True,True,True
2008-09-05,2008-09-05 13:30:00+00:00,2008-09-05 20:00:00+00:00,390,390,0,390,390,0,0,0,0,0,0,0,2464216.0,True,True,complete,True,True,True
2008-09-08,2008-09-08 13:30:00+00:00,2008-09-08 20:00:00+00:00,390,390,0,390,390,0,0,0,0,0,0,0,3233709.0,True,True,complete,True,True,True
2008-09-09,2008-09-09 13:30:00+00:00,2008-09-09 20:00:00+00:00,390,390,0,390,390,0,0,0,0,0,0,0,3271928.0,True,True,complete,True,True,True
2008-09-10,2008-09-10 13:30:00+00:00,2008-09-10 20:00:00+00:00,390,390,0,390,390,0,0,0,0,0,0,0,2542326.0,True,True,complete,True,True,True
2008-09-11,2008-09-11 13:30:00+00:00,2008-09-11 20:00:00+00:00,390,390,0,390,390,0,0,0,0,0,0,0,3227071.0,True,True,complete,True,True,True
2008-09-12,2008-09-12 13:30:00+00:00,2008-09-12 20:00:00+00:00,390,390,0,390,390,0,0,0,0,0,0,0,2517103.0,True,True,complete,True,True,True
2008-09-15,2008-09-15 13:30:00+00:00,2008-09-15 20:00:00+00:00,390,390,0,390,390,0,0,0,0,0,0,0,3790600.0,True,True,complete,True,True,True
2008-09-16,2008-09-16 13:30:00+00:00,2008-09-16 20:00:00+00:00,390,390,0,390,390,0,0,0,0,0,0,0,4599599.0,True,True,complete,True,True,True
2008-09-17,2008-09-17 13:30:00+00:00,2008-09-17 20:00:00+00:00,390,390,0,390,390,0,0,0,0,0,0,0,5025349.0,True,True,complete,True,True,True
2008-09-18,2008-09-18 13:30:00+00:00,2008-09-18 20:00:00+00:00,390,390,0,390,390,0,0,0,0,0,0,0,6468979.0,True,True,complete,True,True,True
2008-09-19,2008-09-19 13:30:00+00:00,2008-09-19 20:00:00+00:00,390,390,0,390,390,0,0,0,0,0,0,0,3400706.0,True,True,complete,True,True,True
2008-09-22,2008-09-22 13:30:00+00:00,2008-09-22 20:00:00+00:00,390,390,0,390,390,0,0,0,0,0,0,0,2083138.0,True,True,complete,True,True,True
2008-09-23,2008-09-23 13:30:00+00:00,2008-09-23 20:00:00+00:00,390,390,0,390,390,0,0,0,0,0,0,0,2820777.0,True,True,complete,True,True,True
2008-09-24,2008-09-24 13:30:00+00:00,2008-09-24 20:00:00+00:00,390,390,0,390,390,0,0,0,0,0,0,0,2419296.0,True,True,complete,True,True,True
2008-09-25,2008-09-25 13:30:00+00:00,2008-09-25 20:00:00+00:00,390,390,0,390,390,0,0,0,0,0,0,0,2513990.0,True,True,complete,True,True,True
2008-09-26,2008-09-26 13:30:00+00:00,2008-09-26 20:00:00+00:00,390,390,0,390,390,0,0,0,0,0,0,0,2396929.0,True,True,complete,True,True,True
2008-09-29,2008-09-29 13:30:00+00:00,2008-09-29 20:00:00+00:00,390,390,0,390,390,0,0,0,0,0,0,0,3912707.0,True,True,complete,True,True,True
2008-09-30,2008-09-30 13:30:00+00:00,2008-09-30 20:00:00+00:00,390,390,0,390,390,0,0,0,0,0,0,0,2544616.0,True,True,complete,True,True,True
2008-10-01,2008-10-01 13:30:00+00:00,2008-10-01 20:00:00+00:00,390,390,0,390,390,0,0,0,0,0,0,0,2894232.0,True,True,complete,True,True,True
2008-10-02,2008-10-02 13:30:00+00:00,2008-10-02 20:00:00+00:00,390,390,0,390,390,0,0,0,0,0,0,0,2986077.0,True,True,complete,True,True,True
2008-10-03,2008-10-03 13:30:00+00:00,2008-10-03 20:00:00+00:00,390,390,0,390,390,0,0,0,0,0,0,0,3897647.0,True,True,complete,True,True,True
2008-10-06,2008-10-06 13:30:00+00:00,2008-10-06 20:00:00+00:00,390,390,0,390,390,0,0,0,0,0,0,0,5151946.0,True,True,complete,True,True,True
2008-10-07,2008-10-07 13:30:00+00:00,2008-10-07 20:00:00+00:00,390,390,0,390,390,0,0,0,0,0,0,0,4575765.0,True,True,complete,True,True,True
2008-10-08,2008-10-08 13:30:00+00:00,2008-10-08 20:00:00+00:00,390,390,0,390,390,0,0,0,0,0,0,0,5877878.0,True,True,complete,True,True,True
2008-10-09,2008-10-09 13:30:00+00:00,2008-10-09 20:00:00+00:00,390,390,0,390,390,0,0,0,0,0,0,0,4661400.0,True,True,complete,True,True,True
2008-10-10,2008-10-10 13:30:00+00:00,2008-10-10 20:00:00+00:00,390,390,0,390,390,0,0,0,0,0,0,0,7472115.0,True,True,complete,True,True,True
2008-10-13,2008-10-13 13:30:00+00:00,2008-10-13 20:00:00+00:00,390,390,0,390,390,0,0,0,0,0,0,0,3833078.0,True,True,complete,True,True,True
2008-10-14,2008-10-14 13:30:00+00:00,2008-10-14 20:00:00+00:00,390,390,0,390,390,0,0,0,0,0,0,0,4665527.0,True,True,complete,True,True,True
2008-10-15,2008-10-15 13:30:00+00:00,2008-10-15 20:00:00+00:00,390,390,0,390,390,0,0,0,0,0,0,0,4236488.0,True,True,complete,True,True,True
2008-10-16,2008-10-16 13:30:00+00:00,2008-10-16 20:00:00+00:00,390,390,0,390,390,0,0,0,0,0,0,0,6171475.0,True,True,complete,True,True,True
2008-10-17,2008-10-17 13:30:00+00:00,2008-10-17 20:00:00+00:00,390,390,0,390,390,0,0,0,0,0,0,0,4108835.0,True,True,complete,True,True,True
2008-10-20,2008-10-20 13:30:00+00:00,2008-10-20 20:00:00+00:00,390,390,0,390,390,0,0,0,0,0,0,0,2765636.0,True,True,complete,True,True,True
2008-10-21,2008-10-21 13:30:00+00:00,2008-10-21 20:00:00+00:00,390,390,0,390,390,0,0,0,0,0,0,0,3116531.0,True,True,complete,True,True,True
2008-10-22,2008-10-22 13:30:00+00:00,2008-10-22 20:00:00+00:00,390,390,0,390,390,0,0,0,0,0,0,0,4128116.0,True,True,complete,True,True,True
2008-10-23,2008-10-23 13:30:00+00:00,2008-10-23 20:00:00+00:00,390,390,0,390,390,0,0,0,0,0,0,0,5599582.0,True,True,complete,True,True,True
2008-10-24,2008-10-24 13:30:00+00:00,2008-10-24 20:00:00+00:00,390,390,0,390,390,0,0,0,0,0,0,0,4887761.0,True,True,complete,True,True,True
2008-10-27,2008-10-27 13:30:00+00:00,2008-10-27 20:00:00+00:00,390,390,0,390,390,0,0,0,0,0,0,0,3444023.0,True,True,complete,True,True,True
2008-10-28,2008-10-28 13:30:00+00:00,2008-10-28 20:00:00+00:00,390,390,0,390,390,0,0,0,0,0,0,0,4846706.0,True,True,complete,True,True,True
2008-10-29,2008-10-29 13:30:00+00:00,2008-10-29 20:00:00+00:00,390,390,0,390,390,0,0,0,0,0,0,0,4737000.0,True,True,complete,True,True,True
2008-10-30,2008-10-30 13:30:00+00:00,2008-10-30 20:00:00+00:00,390,390,0,390,390,0,0,0,0,0,0,0,3655190.0,True,True,complete,True,True,True
2008-10-31,2008-10-31 13:30:00+00:00,2008-10-31 20:00:00+00:00,390,390,0,390,390,0,0,0,0,0,0,0,3516445.0,True,True,complete,True,True,True
2008-11-03,2008-11-03 14:30:00+00:00,2008-11-03 21:00:00+00:00,390,390,0,390,390,0,0,0,0,0,0,0,1738675.0,True,True,complete,True,True,True
2008-11-04,2008-11-04 14:30:00+00:00,2008-11-04 21:00:00+00:00,390,390,0,390,390,0,0,0,0,0,0,0,3027461.0,True,True,complete,True,True,True
2008-11-05,2008-11-05 14:30:00+00:00,2008-11-05 21:00:00+00:00,390,390,0,390,390,0,0,0,0,0,0,0,3410926.0,True,True,complete,True,True,True
2008-11-06,2008-11-06 14:30:00+00:00,2008-11-06 21:00:00+00:00,390,390,0,390,390,0,0,0,0,0,0,0,4246672.0,True,True,complete,True,True,True
2008-11-07,2008-11-07 14:30:00+00:00,2008-11-07 21:00:00+00:00,390,390,0,390,390,0,0,0,0,0,0,0,3210185.0,True,True,complete,True,True,True
2008-11-10,2008-11-10 14:30:00+00:00,2008-11-10 21:00:00+00:00,390,390,0,390,390,0,0,0,0,0,0,0,2571849.0,True,True,complete,True,True,True
2008-11-11,2008-11-11 14:30:00+00:00,2008-11-11 21:00:00+00:00,390,390,0,390,390,0,0,0,0,0,0,0,3785582.0,True,True,complete,True,True,True
2008-11-12,2008-11-12 14:30:00+00:00,2008-11-12 21:00:00+00:00,390,390,0,390,390,0,0,0,0,0,0,0,3795337.0,True,True,complete,True,True,True
2008-11-13,2008-11-13 14:30:00+00:00,2008-11-13 21:00:00+00:00,390,390,0,390,390,0,0,0,0,0,0,0,6680010.0,True,True,complete,True,True,True
2008-11-14,2008-11-14 14:30:00+00:00,2008-11-14 21:00:00+00:00,390,390,0,390,390,0,0,0,0,0,0,0,4730475.0,True,True,complete,True,True,True
2008-11-17,2008-11-17 14:30:00+00:00,2008-11-17 21:00:00+00:00,390,390,0,390,390,0,0,0,0,0,0,0,3677521.0,True,True,complete,True,True,True
2008-11-18,2008-11-18 14:30:00+00:00,2008-11-18 21:00:00+00:00,390,390,0,390,390,0,0,0,0,0,0,0,4664454.0,True,True,complete,True,True,True
2008-11-19,2008-11-19 14:30:00+00:00,2008-11-19 21:00:00+00:00,390,390,0,390,390,0,0,0,0,0,0,0,4862801.0,True,True,complete,True,True,True
2008-11-20,2008-11-20 14:30:00+00:00,2008-11-20 21:00:00+00:00,390,390,0,390,390,0,0,0,0,0,0,0,7301299.0,True,True,complete,True,True,True
2008-11-21,2008-11-21 14:30:00+00:00,2008-11-21 21:00:00+00:00,390,390,0,390,390,0,0,0,0,0,0,0,6272301.0,True,True,complete,True,True,True
2008-11-24,2008-11-24 14:30:00+00:00,2008-11-24 21:00:00+00:00,390,390,0,390,390,0,0,0,0,0,0,0,4510727.0,True,True,complete,True,True,True
2008-11-25,2008-11-25 14:30:00+00:00,2008-11-25 21:00:00+00:00,390,390,0,390,390,0,0,0,0,0,0,0,3934020.0,True,True,complete,True,True,True
2008-11-26,2008-11-26 14:30:00+00:00,2008-11-26 21:00:00+00:00,390,390,0,390,390,0,0,0,0,0,0,0,3098712.0,True,True,complete,True,True,True
2008-11-28,2008-11-28 14:30:00+00:00,2008-11-28 18:00:00+00:00,210,210,0,210,210,0,0,0,0,0,0,0,975514.0,True,True,complete,True,True,True
2008-12-01,2008-12-01 14:30:00+00:00,2008-12-01 21:00:00+00:00,390,390,0,390,390,0,0,0,0,0,0,0,3173327.0,True,True,complete,True,True,True
2008-12-02,2008-12-02 14:30:00+00:00,2008-12-02 21:00:00+00:00,390,390,0,390,390,0,0,0,0,0,0,0,4166864.0,True,True,complete,True,True,True
2008-12-03,2008-12-03 14:30:00+00:00,2008-12-03 21:00:00+00:00,390,390,0,390,390,0,0,0,0,0,0,0,4458355.0,True,True,complete,True,True,True
2008-12-04,2008-12-04 14:30:00+00:00,2008-12-04 21:00:00+00:00,390,390,0,390,390,0,0,0,0,0,0,0,3765510.0,True,True,complete,True,True,True
2008-12-05,2008-12-05 14:30:00+00:00,2008-12-05 21:00:00+00:00,390,390,0,390,390,0,0,0,0,0,0,0,4050380.0,True,True,complete,True,True,True
2008-12-08,2008-12-08 14:30:00+00:00,2008-12-08 21:00:00+00:00,390,390,0,390,390,0,0,0,0,0,0,0,3677828.0,True,True,complete,True,True,True
2008-12-09,2008-12-09 14:30:00+00:00,2008-12-09 21:00:00+00:00,390,390,0,390,390,0,0,0,0,0,0,0,3180339.0,True,True,complete,True,True,True
2008-12-10,2008-12-10 14:30:00+00:00,2008-12-10 21:00:00+00:00,390,390,0,390,390,0,0,0,0,0,0,0,3086494.0,True,True,complete,True,True,True
2008-12-11,2008-12-11 14:30:00+00:00,2008-12-11 21:00:00+00:00,390,390,0,390,390,0,0,0,0,0,0,0,3090882.0,True,True,complete,True,True,True
2008-12-12,2008-12-12 14:30:00+00:00,2008-12-12 21:00:00+00:00,390,390,0,390,390,0,0,0,0,0,0,0,3391496.0,True,True,complete,True,True,True
2008-12-15,2008-12-15 14:30:00+00:00,2008-12-15 21:00:00+00:00,390,390,0,390,390,0,0,0,0,0,0,0,2220156.0,True,True,complete,True,True,True
2008-12-16,2008-12-16 14:30:00+00:00,2008-12-16 21:00:00+00:00,390,390,0,390,390,0,0,0,0,0,0,0,3105952.0,True,True,complete,True,True,True
2008-12-17,2008-12-17 14:30:00+00:00,2008-12-17 21:00:00+00:00,390,390,0,390,390,0,0,0,0,0,0,0,2258406.0,True,True,complete,True,True,True
2008-12-18,2008-12-18 14:30:00+00:00,2008-12-18 21:00:00+00:00,390,390,0,390,390,0,0,0,0,0,0,0,2893323.0,True,True,complete,True,True,True
2008-12-19,2008-12-19 14:30:00+00:00,2008-12-19 21:00:00+00:00,390,390,0,390,390,0,0,0,0,0,0,0,2437426.0,True,True,complete,True,True,True
2008-12-22,2008-12-22 14:30:00+00:00,2008-12-22 21:00:00+00:00,390,390,0,390,390,0,0,0,0,0,0,0,1983285.0,True,True,complete,True,True,True
2008-12-23,2008-12-23 14:30:00+00:00,2008-12-23 21:00:00+00:00,390,390,0,390,390,0,0,0,0,0,0,0,1870028.0,True,True,complete,True,True,True
2008-12-24,2008-12-24 14:30:00+00:00,2008-12-24 18:00:00+00:00,210,210,0,210,210,0,0,0,0,0,0,0,525845.0,True,True,complete,True,True,True
2008-12-26,2008-12-26 14:30:00+00:00,2008-12-26 21:00:00+00:00,390,390,0,390,390,0,0,0,0,0,0,0,674051.0,True,True,complete,True,True,True
2008-12-29,2008-12-29 14:30:00+00:00,2008-12-29 21:00:00+00:00,390,390,0,390,390,0,0,0,0,0,0,0,1064239.0,True,True,complete,True,True,True
2008-12-30,2008-12-30 14:30:00+00:00,2008-12-30 21:00:00+00:00,390,390,0,390,390,0,0,0,0,0,0,0,1453341.0,True,True,complete,True,True,True
2008-12-31,2008-12-31 14:30:00+00:00,2008-12-31 21:00:00+00:00,390,390,0,390,390,0,0,0,0,0,0,0,1620389.0,True,True,complete,True,True,True
2009-01-02,2009-01-02 14:30:00+00:00,2009-01-02 21:00:00+00:00,390,390,0,390,390,0,0,0,0,0,0,0,1986349.0,True,True,complete,True,True,True
2009-01-05,2009-01-05 14:30:00+00:00,2009-01-05 21:00:00+00:00,390,390,0,390,390,0,0,0,0,0,0,0,1982374.0,True,True,complete,True,True,True
2009-01-06,2009-01-06 14:30:00+00:00,2009-01-06 21:00:00+00:00,390,390,0,390,390,0,0,0,0,0,0,0,2747139.0,True,True,complete,True,True,True
2009-01-07,2009-01-07 14:30:00+00:00,2009-01-07 21:00:00+00:00,390,390,0,390,390,0,0,0,0,0,0,0,2337709.0,True,True,complete,True,True,True
2009-01-08,2009-01-08 14:30:00+00:00,2009-01-08 21:00:00+00:00,390,390,0,390,390,0,0,0,0,0,0,0,2236184.0,True,True,complete,True,True,True
2009-01-09,2009-01-09 14:30:00+00:00,2009-01-09 21:00:00+00:00,390,390,0,390,390,0,0,0,0,0,0,0,2789906.0,True,True,complete,True,True,True
2009-01-12,2009-01-12 14:30:00+00:00,2009-01-12 21:00:00+00:00,390,390,0,390,390,0,0,0,0,0,0,0,2156383.0,True,True,complete,True,True,True
2009-01-13,2009-01-13 14:30:00+00:00,2009-01-13 21:00:00+00:00,390,390,0,390,390,0,0,0,0,0,0,0,3142966.0,True,True,complete,True,True,True
2009-01-14,2009-01-14 14:30:00+00:00,2009-01-14 21:00:00+00:00,390,390,0,390,390,0,0,0,0,0,0,0,3555328.0,True,True,complete,True,True,True
2009-01-15,2009-01-15 14:30:00+00:00,2009-01-15 21:00:00+00:00,390,390,0,390,390,0,0,0,0,0,0,0,4384539.0,True,True,complete,True,True,True
2009-01-16,2009-01-16 14:30:00+00:00,2009-01-16 21:00:00+00:00,390,390,0,390,390,0,0,0,0,0,0,0,3542422.0,True,True,complete,True,True,True
2009-01-20,2009-01-20 14:30:00+00:00,2009-01-20 21:00:00+00:00,390,390,0,390,390,0,0,0,0,0,0,0,3377391.0,True,True,complete,True,True,True
2009-01-21,2009-01-21 14:30:00+00:00,2009-01-21 21:00:00+00:00,390,390,0,390,390,0,0,0,0,0,0,0,3217155.0,True,True,complete,True,True,True
2009-01-22,2009-01-22 14:30:00+00:00,2009-01-22 21:00:00+00:00,390,390,0,390,390,0,0,0,0,0,0,0,3743800.0,True,True,complete,True,True,True
2009-01-23,2009-01-23 14:30:00+00:00,2009-01-23 21:00:00+00:00,390,390,0,390,390,0,0,0,0,0,0,0,3448413.0,True,True,complete,True,True,True
2009-01-26,2009-01-26 14:30:00+00:00,2009-01-26 21:00:00+00:00,390,390,0,390,390,0,0,0,0,0,0,0,2882808.0,True,True,complete,True,True,True
2009-01-27,2009-01-27 14:30:00+00:00,2009-01-27 21:00:00+00:00,390,390,0,390,390,0,0,0,0,0,0,0,2406312.0,True,True,complete,True,True,True
2009-01-28,2009-01-28 14:30:00+00:00,2009-01-28 21:00:00+00:00,390,390,0,390,390,0,0,0,0,0,0,0,2865834.0,True,True,complete,True,True,True
2009-01-29,2009-01-29 14:30:00+00:00,2009-01-29 21:00:00+00:00,390,390,0,390,390,0,0,0,0,0,0,0,2528431.0,True,True,complete,True,True,True
2009-01-30,2009-01-30 14:30:00+00:00,2009-01-30 21:00:00+00:00,390,390,0,390,390,0,0,0,0,0,0,0,3120838.0,True,True,complete,True,True,True
2009-02-02,2009-02-02 14:30:00+00:00,2009-02-02 21:00:00+00:00,390,390,0,390,390,0,0,0,0,0,0,0,2497734.0,True,True,complete,True,True,True
2009-02-03,2009-02-03 14:30:00+00:00,2009-02-03 21:00:00+00:00,390,390,0,390,390,0,0,0,0,0,0,0,2494561.0,True,True,complete,True,True,True
2009-02-04,2009-02-04 14:30:00+00:00,2009-02-04 21:00:00+00:00,390,390,0,390,390,0,0,0,0,0,0,0,2839818.0,True,True,complete,True,True,True
2009-02-05,2009-02-05 14:30:00+00:00,2009-02-05 21:00:00+00:00,390,390,0,390,390,0,0,0,0,0,0,0,3418640.0,True,True,complete,True,True,True
2009-02-06,2009-02-06 14:30:00+00:00,2009-02-06 21:00:00+00:00,390,390,0,390,390,0,0,0,0,0,0,0,3035718.0,True,True,complete,True,True,True
2009-02-09,2009-02-09 14:30:00+00:00,2009-02-09 21:00:00+00:00,390,390,0,390,390,0,0,0,0,0,0,0,2051595.0,True,True,complete,True,True,True
2009-02-10,2009-02-10 14:30:00+00:00,2009-02-10 21:00:00+00:00,390,390,0,390,390,0,0,0,0,0,0,0,4355610.0,True,True,complete,True,True,True
2009-02-11,2009-02-11 14:30:00+00:00,2009-02-11 21:00:00+00:00,390,390,0,390,390,0,0,0,0,0,0,0,2854961.0,True,True,complete,True,True,True
2009-02-12,2009-02-12 14:30:00+00:00,2009-02-12 21:00:00+00:00,390,390,0,390,390,0,0,0,0,0,0,0,4061693.0,True,True,complete,True,True,True
2009-02-13,2009-02-13 14:30:00+00:00,2009-02-13 21:00:00+00:00,390,390,0,390,390,0,0,0,0,0,0,0,2556114.0,True,True,complete,True,True,True
2009-02-17,2009-02-17 14:30:00+00:00,2009-02-17 21:00:00+00:00,390,390,0,390,390,0,0,0,0,0,0,0,3913539.0,True,True,complete,True,True,True
2009-02-18,2009-02-18 14:30:00+00:00,2009-02-18 21:00:00+00:00,390,390,0,390,390,0,0,0,0,0,0,0,3239658.0,True,True,complete,True,True,True
2009-02-19,2009-02-19 14:30:00+00:00,2009-02-19 21:00:00+00:00,390,390,0,390,390,0,0,0,0,0,0,0,2752517.0,True,True,complete,True,True,True
2009-02-20,2009-02-20 14:30:00+00:00,2009-02-20 21:00:00+00:00,390,390,0,390,390,0,0,0,0,0,0,0,4202658.0,True,True,complete,True,True,True
2009-02-23,2009-02-23 14:30:00+00:00,2009-02-23 21:00:00+00:00,390,390,0,390,390,0,0,0,0,0,0,0,3379122.0,True,True,complete,True,True,True
2009-02-24,2009-02-24 14:30:00+00:00,2009-02-24 21:00:00+00:00,390,390,0,390,390,0,0,0,0,0,0,0,3729337.0,True,True,complete,True,True,True
2009-02-25,2009-02-25 14:30:00+00:00,2009-02-25 21:00:00+00:00,390,390,0,390,390,0,0,0,0,0,0,0,4162777.0,True,True,complete,True,True,True
2009-02-26,2009-02-26 14:30:00+00:00,2009-02-26 21:00:00+00:00,390,390,0,390,390,0,0,0,0,0,0,0,3198172.0,True,True,complete,True,True,True
2009-02-27,2009-02-27 14:30:00+00:00,2009-02-27 21:00:00+00:00,390,390,0,390,390,0,0,0,0,0,0,0,3860828.0,True,True,complete,True,True,True
2009-03-02,2009-03-02 14:30:00+00:00,2009-03-02 21:00:00+00:00,390,390,0,390,390,0,0,0,0,0,0,0,3683700.0,True,True,complete,True,True,True
2009-03-03,2009-03-03 14:30:00+00:00,2009-03-03 21:00:00+00:00,390,390,0,390,390,0,0,0,0,0,0,0,4031205.0,True,True,complete,True,True,True
2009-03-04,2009-03-04 14:30:00+00:00,2009-03-04 21:00:00+00:00,390,390,0,390,390,0,0,0,0,0,0,0,4030753.0,True,True,complete,True,True,True
2009-03-05,2009-03-05 14:30:00+00:00,2009-03-05 21:00:00+00:00,390,390,0,390,390,0,0,0,0,0,0,0,4055926.0,True,True,complete,True,True,True
2009-03-06,2009-03-06 14:30:00+00:00,2009-03-06 21:00:00+00:00,390,390,0,390,390,0,0,0,0,0,0,0,4050815.0,True,True,complete,True,True,True
2009-03-09,2009-03-09 13:30:00+00:00,2009-03-09 20:00:00+00:00,390,390,0,390,390,0,0,0,0,0,0,0,3104937.0,True,True,complete,True,True,True
2009-03-10,2009-03-10 13:30:00+00:00,2009-03-10 20:00:00+00:00,390,390,0,390,390,0,0,0,0,0,0,0,3539737.0,True,True,complete,True,True,True
2009-03-11,2009-03-11 13:30:00+00:00,2009-03-11 20:00:00+00:00,390,390,0,390,390,0,0,0,0,0,0,0,3244395.0,True,True,complete,True,True,True
2009-03-12,2009-03-12 13:30:00+00:00,2009-03-12 20:00:00+00:00,390,390,0,390,390,0,0,0,0,0,0,0,3355347.0,True,True,complete,True,True,True
2009-03-13,2009-03-13 13:30:00+00:00,2009-03-13 20:00:00+00:00,390,390,0,390,390,0,0,0,0,0,0,0,2916034.0,True,True,complete,True,True,True
2009-03-16,2009-03-16 13:30:00+00:00,2009-03-16 20:00:00+00:00,390,390,0,390,390,0,0,0,0,0,0,0,2932339.0,True,True,complete,True,True,True
2009-03-17,2009-03-17 13:30:00+00:00,2009-03-17 20:00:00+00:00,390,390,0,390,390,0,0,0,0,0,0,0,2948428.0,True,True,complete,True,True,True
2009-03-18,2009-03-18 13:30:00+00:00,2009-03-18 20:00:00+00:00,390,390,0,390,390,0,0,0,0,0,0,0,4165643.0,True,True,complete,True,True,True
2009-03-19,2009-03-19 13:30:00+00:00,2009-03-19 20:00:00+00:00,390,390,0,390,390,0,0,0,0,0,0,0,3436061.0,True,True,complete,True,True,True
2009-03-20,2009-03-20 13:30:00+00:00,2009-03-20 20:00:00+00:00,390,390,0,390,390,0,0,0,0,0,0,0,2983795.0,True,True,complete,True,True,True
2009-03-23,2009-03-23 13:30:00+00:00,2009-03-23 20:00:00+00:00,390,390,0,390,390,0,0,0,0,0,0,0,3481495.0,True,True,complete,True,True,True
2009-03-24,2009-03-24 13:30:00+00:00,2009-03-24 20:00:00+00:00,390,390,0,390,390,0,0,0,0,0,0,0,2927922.0,True,True,complete,True,True,True
2009-03-25,2009-03-25 13:30:00+00:00,2009-03-25 20:00:00+00:00,390,390,0,390,390,0,0,0,0,0,0,0,3987638.0,True,True,complete,True,True,True
2009-03-26,2009-03-26 13:30:00+00:00,2009-03-26 20:00:00+00:00,390,390,0,390,390,0,0,0,0,0,0,0,3626935.0,True,True,complete,True,True,True
2009-03-27,2009-03-27 13:30:00+00:00,2009-03-27 20:00:00+00:00,390,390,0,390,390,0,0,0,0,0,0,0,2819381.0,True,True,complete,True,True,True
2009-03-30,2009-03-30 13:30:00+00:00,2009-03-30 20:00:00+00:00,390,390,0,390,390,0,0,0,0,0,0,0,2970634.0,True,True,complete,True,True,True
2009-03-31,2009-03-31 13:30:00+00:00,2009-03-31 20:00:00+00:00,390,390,0,390,390,0,0,0,0,0,0,0,3127240.0,True,True,complete,True,True,True
2009-04-01,2009-04-01 13:30:00+00:00,2009-04-01 20:00:00+00:00,390,390,0,390,390,0,0,0,0,0,0,0,3206300.0,True,True,complete,True,True,True
2009-04-02,2009-04-02 13:30:00+00:00,2009-04-02 20:00:00+00:00,390,390,0,390,390,0,0,0,0,0,0,0,3797753.0,True,True,complete,True,True,True
2009-04-03,2009-04-03 13:30:00+00:00,2009-04-03 20:00:00+00:00,390,390,0,390,390,0,0,0,0,0,0,0,2442459.0,True,True,complete,True,True,True
2009-04-06,2009-04-06 13:30:00+00:00,2009-04-06 20:00:00+00:00,390,390,0,390,390,0,0,0,0,0,0,0,2321766.0,True,True,complete,True,True,True
2009-04-07,2009-04-07 13:30:00+00:00,2009-04-07 20:00:00+00:00,390,390,0,390,390,0,0,0,0,0,0,0,2260017.0,True,True,complete,True,True,True
2009-04-08,2009-04-08 13:30:00+00:00,2009-04-08 20:00:00+00:00,390,390,0,390,390,0,0,0,0,0,0,0,2029319.0,True,True,complete,True,True,True
2009-04-09,2009-04-09 13:30:00+00:00,2009-04-09 20:00:00+00:00,390,390,0,390,390,0,0,0,0,0,0,0,2326199.0,True,True,complete,True,True,True
2009-04-13,2009-04-13 13:30:00+00:00,2009-04-13 20:00:00+00:00,390,390,0,390,390,0,0,0,0,0,0,0,1864966.0,True,True,complete,True,True,True
2009-04-14,2009-04-14 13:30:00+00:00,2009-04-14 20:00:00+00:00,390,390,0,390,390,0,0,0,0,0,0,0,2220284.0,True,True,complete,True,True,True
2009-04-15,2009-04-15 13:30:00+00:00,2009-04-15 20:00:00+00:00,390,390,0,390,390,0,0,0,0,0,0,0,2157318.0,True,True,complete,True,True,True
2009-04-16,2009-04-16 13:30:00+00:00,2009-04-16 20:00:00+00:00,390,390,0,390,390,0,0,0,0,0,0,0,2460236.0,True,True,complete,True,True,True
2009-04-17,2009-04-17 13:30:00+00:00,2009-04-17 20:00:00+00:00,390,390,0,390,390,0,0,0,0,0,0,0,2126875.0,True,True,complete,True,True,True
2009-04-20,2009-04-20 13:30:00+00:00,2009-04-20 20:00:00+00:00,390,390,0,390,390,0,0,0,0,0,0,0,2229141.0,True,True,complete,True,True,True
2009-04-21,2009-04-21 13:30:00+00:00,2009-04-21 20:00:00+00:00,390,390,0,390,390,0,0,0,0,0,0,0,2520508.0,True,True,complete,True,True,True
2009-04-22,2009-04-22 13:30:00+00:00,2009-04-22 20:00:00+00:00,390,390,0,390,390,0,0,0,0,0,0,0,2972642.0,True,True,complete,True,True,True
2009-04-23,2009-04-23 13:30:00+00:00,2009-04-23 20:00:00+00:00,390,390,0,390,390,0,0,0,0,0,0,0,2591201.0,True,True,complete,True,True,True
2009-04-24,2009-04-24 13:30:00+00:00,2009-04-24 20:00:00+00:00,390,390,0,390,390,0,0,0,0,0,0,0,2479497.0,True,True,complete,True,True,True
2009-04-27,2009-04-27 13:30:00+00:00,2009-04-27 20:00:00+00:00,390,390,0,390,390,0,0,0,0,0,0,0,2536089.0,True,True,complete,True,True,True
2009-04-28,2009-04-28 13:30:00+00:00,2009-04-28 20:00:00+00:00,390,390,0,390,390,0,0,0,0,0,0,0,2206334.0,True,True,complete,True,True,True
2009-04-29,2009-04-29 13:30:00+00:00,2009-04-29 20:00:00+00:00,390,390,0,390,390,0,0,0,0,0,0,0,2556152.0,True,True,complete,True,True,True
2009-04-30,2009-04-30 13:30:00+00:00,2009-04-30 20:00:00+00:00,390,390,0,390,390,0,0,0,0,0,0,0,2637737.0,True,True,complete,True,True,True
2009-05-01,2009-05-01 13:30:00+00:00,2009-05-01 20:00:00+00:00,390,390,0,390,390,0,0,0,0,0,0,0,1916598.0,True,True,complete,True,True,True
2009-05-04,2009-05-04 13:30:00+00:00,2009-05-04 20:00:00+00:00,390,390,0,390,390,0,0,0,0,0,0,0,2451412.0,True,True,complete,True,True,True
2009-05-05,2009-05-05 13:30:00+00:00,2009-05-05 20:00:00+00:00,390,390,0,390,390,0,0,0,0,0,0,0,2080165.0,True,True,complete,True,True,True
2009-05-06,2009-05-06 13:30:00+00:00,2009-05-06 20:00:00+00:00,390,390,0,390,390,0,0,0,0,0,0,0,2559049.0,True,True,complete,True,True,True
2009-05-07,2009-05-07 13:30:00+00:00,2009-05-07 20:00:00+00:00,390,390,0,390,390,0,0,0,0,0,0,0,2734911.0,True,True,complete,True,True,True
2009-05-08,2009-05-08 13:30:00+00:00,2009-05-08 20:00:00+00:00,390,390,0,390,390,0,0,0,0,0,0,0,2550228.0,True,True,complete,True,True,True
2009-05-11,2009-05-11 13:30:00+00:00,2009-05-11 20:00:00+00:00,390,390,0,390,390,0,0,0,0,0,0,0,2135059.0,True,True,complete,True,True,True
2009-05-12,2009-05-12 13:30:00+00:00,2009-05-12 20:00:00+00:00,390,390,0,390,390,0,0,0,0,0,0,0,2532255.0,True,True,complete,True,True,True
2009-05-13,2009-05-13 13:30:00+00:00,2009-05-13 20:00:00+00:00,390,390,0,390,390,0,0,0,0,0,0,0,2377778.0,True,True,complete,True,True,True
2009-05-14,2009-05-14 13:30:00+00:00,2009-05-14 20:00:00+00:00,390,390,0,390,390,0,0,0,0,0,0,0,2128847.0,True,True,complete,True,True,True
2009-05-15,2009-05-15 13:30:00+00:00,2009-05-15 20:00:00+00:00,390,390,0,390,390,0,0,0,0,0,0,0,2080038.0,True,True,complete,True,True,True
2009-05-18,2009-05-18 13:30:00+00:00,2009-05-18 20:00:00+00:00,390,390,0,390,390,0,0,0,0,0,0,0,1859752.0,True,True,complete,True,True,True
2009-05-19,2009-05-19 13:30:00+00:00,2009-05-19 20:00:00+00:00,390,390,0,390,390,0,0,0,0,0,0,0,1770530.0,True,True,complete,True,True,True
2009-05-20,2009-05-20 13:30:00+00:00,2009-05-20 20:00:00+00:00,390,390,0,390,390,0,0,0,0,0,0,0,2518946.0,True,True,complete,True,True,True
2009-05-21,2009-05-21 13:30:00+00:00,2009-05-21 20:00:00+00:00,390,390,0,390,390,0,0,0,0,0,0,0,2284698.0,True,True,complete,True,True,True
2009-05-22,2009-05-22 13:30:00+00:00,2009-05-22 20:00:00+00:00,390,390,0,390,390,0,0,0,0,0,0,0,1479552.0,True,True,complete,True,True,True
2009-05-26,2009-05-26 13:30:00+00:00,2009-05-26 20:00:00+00:00,390,390,0,390,390,0,0,0,0,0,0,0,2111900.0,True,True,complete,True,True,True
2009-05-27,2009-05-27 13:30:00+00:00,2009-05-27 20:00:00+00:00,390,390,0,390,390,0,0,0,0,0,0,0,2155169.0,True,True,complete,True,True,True
2009-05-28,2009-05-28 13:30:00+00:00,2009-05-28 20:00:00+00:00,390,390,0,390,390,0,0,0,0,0,0,0,2548138.0,True,True,complete,True,True,True
2009-05-29,2009-05-29 13:30:00+00:00,2009-05-29 20:00:00+00:00,390,390,0,390,390,0,0,0,0,0,0,0,2026808.0,True,True,complete,True,True,True
2009-06-01,2009-06-01 13:30:00+00:00,2009-06-01 20:00:00+00:00,390,390,0,390,390,0,0,0,0,0,0,0,2311091.0,True,True,complete,True,True,True
2009-06-02,2009-06-02 13:30:00+00:00,2009-06-02 20:00:00+00:00,390,390,0,390,390,0,0,0,0,0,0,0,1998368.0,True,True,complete,True,True,True
2009-06-03,2009-06-03 13:30:00+00:00,2009-06-03 20:00:00+00:00,390,390,0,390,390,0,0,0,0,0,0,0,2039555.0,True,True,complete,True,True,True
2009-06-04,2009-06-04 13:30:00+00:00,2009-06-04 20:00:00+00:00,390,390,0,390,390,0,0,0,0,0,0,0,1856728.0,True,True,complete,True,True,True
2009-06-05,2009-06-05 13:30:00+00:00,2009-06-05 20:00:00+00:00,390,390,0,390,390,0,0,0,0,0,0,0,2344796.0,True,True,complete,True,True,True
2009-06-08,2009-06-08 13:30:00+00:00,2009-06-08 20:00:00+00:00,390,390,0,390,390,0,0,0,0,0,0,0,1968456.0,True,True,complete,True,True,True
2009-06-09,2009-06-09 13:30:00+00:00,2009-06-09 20:00:00+00:00,390,390,0,390,390,0,0,0,0,0,0,0,1796580.0,True,True,complete,True,True,True
2009-06-10,2009-06-10 13:30:00+00:00,2009-06-10 20:00:00+00:00,390,390,0,390,390,0,0,0,0,0,0,0,2487034.0,True,True,complete,True,True,True
2009-06-11,2009-06-11 13:30:00+00:00,2009-06-11 20:00:00+00:00,390,390,0,390,390,0,0,0,0,0,0,0,2244899.0,True,True,complete,True,True,True
2009-06-12,2009-06-12 13:30:00+00:00,2009-06-12 20:00:00+00:00,390,390,0,390,390,0,0,0,0,0,0,0,1573068.0,True,True,complete,True,True,True
2009-06-15,2009-06-15 13:30:00+00:00,2009-06-15 20:00:00+00:00,390,390,0,390,390,0,0,0,0,0,0,0,1853037.0,True,True,complete,True,True,True
2009-06-16,2009-06-16 13:30:00+00:00,2009-06-16 20:00:00+00:00,390,390,0,390,390,0,0,0,0,0,0,0,1919426.0,True,True,complete,True,True,True
2009-06-17,2009-06-17 13:30:00+00:00,2009-06-17 20:00:00+00:00,390,390,0,390,390,0,0,0,0,0,0,0,1965587.0,True,True,complete,True,True,True
2009-06-18,2009-06-18 13:30:00+00:00,2009-06-18 20:00:00+00:00,390,390,0,390,390,0,0,0,0,0,0,0,1691932.0,True,True,complete,True,True,True
2009-06-19,2009-06-19 13:30:00+00:00,2009-06-19 20:00:00+00:00,390,390,0,390,390,0,0,0,0,0,0,0,1635930.0,True,True,complete,True,True,True
2009-06-22,2009-06-22 13:30:00+00:00,2009-06-22 20:00:00+00:00,390,390,0,390,390,0,0,0,0,0,0,0,1939535.0,True,True,complete,True,True,True
2009-06-23,2009-06-23 13:30:00+00:00,2009-06-23 20:00:00+00:00,390,390,0,390,390,0,0,0,0,0,0,0,1659097.0,True,True,complete,True,True,True
2009-06-24,2009-06-24 13:30:00+00:00,2009-06-24 20:00:00+00:00,390,390,0,390,390,0,0,0,0,0,0,0,1851731.0,True,True,complete,True,True,True
2009-06-25,2009-06-25 13:30:00+00:00,2009-06-25 20:00:00+00:00,390,390,0,390,390,0,0,0,0,0,0,0,2242207.0,True,True,complete,True,True,True
2009-06-26,2009-06-26 13:30:00+00:00,2009-06-26 20:00:00+00:00,390,390,0,390,390,0,0,0,0,0,0,0,1381463.0,True,True,complete,True,True,True
2009-06-29,2009-06-29 13:30:00+00:00,2009-06-29 20:00:00+00:00,390,390,0,390,390,0,0,0,0,0,0,0,1313613.0,True,True,complete,True,True,True
2009-06-30,2009-06-30 13:30:00+00:00,2009-06-30 20:00:00+00:00,390,390,0,390,390,0,0,0,0,0,0,0,1838723.0,True,True,complete,True,True,True
2009-07-01,2009-07-01 13:30:00+00:00,2009-07-01 20:00:00+00:00,390,390,0,390,390,0,0,0,0,0,0,0,1420287.0,True,True,complete,True,True,True
2009-07-02,2009-07-02 13:30:00+00:00,2009-07-02 20:00:00+00:00,390,390,0,390,390,0,0,0,0,0,0,0,1459177.0,True,True,complete,True,True,True
2009-07-06,2009-07-06 13:30:00+00:00,2009-07-06 20:00:00+00:00,390,390,0,390,390,0,0,0,0,0,0,0,1502442.0,True,True,complete,True,True,True
2009-07-07,2009-07-07 13:30:00+00:00,2009-07-07 20:00:00+00:00,390,390,0,390,390,0,0,0,0,0,0,0,1687914.0,True,True,complete,True,True,True
2009-07-08,2009-07-08 13:30:00+00:00,2009-07-08 20:00:00+00:00,390,390,0,390,390,0,0,0,0,0,0,0,2114676.0,True,True,complete,True,True,True
2009-07-09,2009-07-09 13:30:00+00:00,2009-07-09 20:00:00+00:00,390,390,0,390,390,0,0,0,0,0,0,0,1383154.0,True,True,complete,True,True,True
2009-07-10,2009-07-10 13:30:00+00:00,2009-07-10 20:00:00+00:00,390,390,0,390,390,0,0,0,0,0,0,0,1465930.0,True,True,complete,True,True,True
2009-07-13,2009-07-13 13:30:00+00:00,2009-07-13 20:00:00+00:00,390,390,0,390,390,0,0,0,0,0,0,0,1832216.0,True,True,complete,True,True,True
2009-07-14,2009-07-14 13:30:00+00:00,2009-07-14 20:00:00+00:00,390,390,0,390,390,0,0,0,0,0,0,0,1521647.0,True,True,complete,True,True,True
2009-07-15,2009-07-15 13:30:00+00:00,2009-07-15 20:00:00+00:00,390,390,0,390,390,0,0,0,0,0,0,0,1774761.0,True,True,complete,True,True,True
2009-07-16,2009-07-16 13:30:00+00:00,2009-07-16 20:00:00+00:00,390,390,0,390,390,0,0,0,0,0,0,0,1744518.0,True,True,complete,True,True,True
2009-07-17,2009-07-17 13:30:00+00:00,2009-07-17 20:00:00+00:00,390,390,0,390,390,0,0,0,0,0,0,0,1157850.0,True,True,complete,True,True,True
2009-07-20,2009-07-20 13:30:00+00:00,2009-07-20 20:00:00+00:00,390,390,0,390,390,0,0,0,0,0,0,0,1350152.0,True,True,complete,True,True,True
2009-07-21,2009-07-21 13:30:00+00:00,2009-07-21 20:00:00+00:00,390,390,0,390,390,0,0,0,0,0,0,0,1821093.0,True,True,complete,True,True,True
2009-07-22,2009-07-22 13:30:00+00:00,2009-07-22 20:00:00+00:00,390,390,0,390,390,0,0,0,0,0,0,0,1692410.0,True,True,complete,True,True,True
2009-07-23,2009-07-23 13:30:00+00:00,2009-07-23 20:00:00+00:00,390,390,0,390,390,0,0,0,0,0,0,0,2132509.0,True,True,complete,True,True,True
2009-07-24,2009-07-24 13:30:00+00:00,2009-07-24 20:00:00+00:00,390,390,0,390,390,0,0,0,0,0,0,0,1331400.0,True,True,complete,True,True,True
2009-07-27,2009-07-27 13:30:00+00:00,2009-07-27 20:00:00+00:00,390,390,0,390,285,105,0,0,105,0,0,0,740139.0,False,True,truncated,False,False,True
2009-07-28,2009-07-28 13:30:00+00:00,2009-07-28 20:00:00+00:00,390,390,0,390,390,0,0,0,0,0,0,0,1630555.0,True,True,complete,True,True,True
2009-07-29,2009-07-29 13:30:00+00:00,2009-07-29 20:00:00+00:00,390,390,0,390,390,0,0,0,0,0,0,0,1608723.0,True,True,complete,True,True,True
2009-07-30,2009-07-30 13:30:00+00:00,2009-07-30 20:00:00+00:00,390,390,0,390,390,0,0,0,0,0,0,0,1826527.0,True,True,complete,True,True,True
2009-07-31,2009-07-31 13:30:00+00:00,2009-07-31 20:00:00+00:00,390,390,0,390,390,0,0,0,0,0,0,0,1675602.0,True,True,complete,True,True,True
2009-08-03,2009-08-03 13:30:00+00:00,2009-08-03 20:00:00+00:00,390,390,0,390,390,0,0,0,0,0,0,0,1476848.0,True,True,complete,True,True,True
2009-08-04,2009-08-04 13:30:00+00:00,2009-08-04 20:00:00+00:00,390,390,0,390,390,0,0,0,0,0,0,0,1469083.0,True,True,complete,True,True,True
2009-08-05,2009-08-05 13:30:00+00:00,2009-08-05 20:00:00+00:00,390,390,0,390,390,0,0,0,0,0,0,0,1613646.0,True,True,complete,True,True,True
2009-08-06,2009-08-06 13:30:00+00:00,2009-08-06 20:00:00+00:00,390,390,0,390,390,0,0,0,0,0,0,0,1644689.0,True,True,complete,True,True,True
2009-08-07,2009-08-07 13:30:00+00:00,2009-08-07 20:00:00+00:00,390,390,0,390,390,0,0,0,0,0,0,0,1757808.0,True,True,complete,True,True,True
2009-08-10,2009-08-10 13:30:00+00:00,2009-08-10 20:00:00+00:00,390,390,0,390,390,0,0,0,0,0,0,0,1114137.0,True,True,complete,True,True,True
2009-08-11,2009-08-11 13:30:00+00:00,2009-08-11 20:00:00+00:00,390,390,0,390,390,0,0,0,0,0,0,0,1343087.0,True,True,complete,True,True,True
2009-08-12,2009-08-12 13:30:00+00:00,2009-08-12 20:00:00+00:00,390,390,0,390,390,0,0,0,0,0,0,0,1876180.0,True,True,complete,True,True,True
2009-08-13,2009-08-13 13:30:00+00:00,2009-08-13 20:00:00+00:00,390,390,0,390,390,0,0,0,0,0,0,0,1488694.0,True,True,complete,True,True,True
2009-08-14,2009-08-14 13:30:00+00:00,2009-08-14 20:00:00+00:00,390,390,0,390,390,0,0,0,0,0,0,0,1628045.0,True,True,complete,True,True,True
2009-08-17,2009-08-17 13:30:00+00:00,2009-08-17 20:00:00+00:00,390,390,0,390,390,0,0,0,0,0,0,0,1870787.0,True,True,complete,True,True,True
2009-08-18,2009-08-18 13:30:00+00:00,2009-08-18 20:00:00+00:00,390,390,0,390,390,0,0,0,0,0,0,0,1483181.0,True,True,complete,True,True,True
2009-08-19,2009-08-19 13:30:00+00:00,2009-08-19 20:00:00+00:00,390,390,0,390,390,0,0,0,0,0,0,0,1654596.0,True,True,complete,True,True,True
2009-08-20,2009-08-20 13:30:00+00:00,2009-08-20 20:00:00+00:00,390,390,0,390,390,0,0,0,0,0,0,0,1450329.0,True,True,complete,True,True,True
2009-08-21,2009-08-21 13:30:00+00:00,2009-08-21 20:00:00+00:00,390,390,0,390,390,0,0,0,0,0,0,0,1815877.0,True,True,complete,True,True,True
2009-08-24,2009-08-24 13:30:00+00:00,2009-08-24 20:00:00+00:00,390,390,0,390,390,0,0,0,0,0,0,0,1581889.0,True,True,complete,True,True,True
2009-08-25,2009-08-25 13:30:00+00:00,2009-08-25 20:00:00+00:00,390,390,0,390,390,0,0,0,0,0,0,0,1759425.0,True,True,complete,True,True,True
2009-08-26,2009-08-26 13:30:00+00:00,2009-08-26 20:00:00+00:00,390,390,0,390,390,0,0,0,0,0,0,0,1618928.0,True,True,complete,True,True,True
2009-08-27,2009-08-27 13:30:00+00:00,2009-08-27 20:00:00+00:00,390,390,0,390,390,0,0,0,0,0,0,0,1666409.0,True,True,complete,True,True,True
2009-08-28,2009-08-28 13:30:00+00:00,2009-08-28 20:00:00+00:00,390,390,0,390,390,0,0,0,0,0,0,0,1267688.0,True,True,complete,True,True,True
2009-08-31,2009-08-31 13:30:00+00:00,2009-08-31 20:00:00+00:00,390,390,0,390,390,0,0,0,0,0,0,0,1428726.0,True,True,complete,True,True,True
2009-09-01,2009-09-01 13:30:00+00:00,2009-09-01 20:00:00+00:00,390,390,0,390,390,0,0,0,0,0,0,0,2815713.0,True,True,complete,True,True,True
2009-09-02,2009-09-02 13:30:00+00:00,2009-09-02 20:00:00+00:00,390,390,0,390,390,0,0,0,0,0,0,0,1446125.0,True,True,complete,True,True,True
2009-09-03,2009-09-03 13:30:00+00:00,2009-09-03 20:00:00+00:00,390,390,0,390,390,0,0,0,0,0,0,0,1146188.0,True,True,complete,True,True,True
2009-09-04,2009-09-04 13:30:00+00:00,2009-09-04 20:00:00+00:00,390,390,0,390,390,0,0,0,0,0,0,0,1113512.0,True,True,complete,True,True,True
2009-09-08,2009-09-08 13:30:00+00:00,2009-09-08 20:00:00+00:00,390,390,0,390,390,0,0,0,0,0,0,0,1117986.0,True,True,complete,True,True,True
2009-09-09,2009-09-09 13:30:00+00:00,2009-09-09 20:00:00+00:00,390,390,0,390,390,0,0,0,0,0,0,0,1379483.0,True,True,complete,True,True,True
2009-09-10,2009-09-10 13:30:00+00:00,2009-09-10 20:00:00+00:00,390,390,0,390,390,0,0,0,0,0,0,0,1388484.0,True,True,complete,True,True,True
2009-09-11,2009-09-11 13:30:00+00:00,2009-09-11 20:00:00+00:00,390,390,0,390,390,0,0,0,0,0,0,0,1301804.0,True,True,complete,True,True,True
2009-09-14,2009-09-14 13:30:00+00:00,2009-09-14 20:00:00+00:00,390,390,0,390,390,0,0,0,0,0,0,0,1218965.0,True,True,complete,True,True,True
2009-09-15,2009-09-15 13:30:00+00:00,2009-09-15 20:00:00+00:00,390,390,0,390,390,0,0,0,0,0,0,0,1593136.0,True,True,complete,True,True,True
2009-09-16,2009-09-16 13:30:00+00:00,2009-09-16 20:00:00+00:00,390,390,0,390,390,0,0,0,0,0,0,0,1750390.0,True,True,complete,True,True,True
2009-09-17,2009-09-17 13:30:00+00:00,2009-09-17 20:00:00+00:00,390,390,0,390,390,0,0,0,0,0,0,0,1770524.0,True,True,complete,True,True,True
2009-09-18,2009-09-18 13:30:00+00:00,2009-09-18 20:00:00+00:00,390,390,0,390,390,0,0,0,0,0,0,0,1292654.0,True,True,complete,True,True,True
2009-09-21,2009-09-21 13:30:00+00:00,2009-09-21 20:00:00+00:00,390,390,0,390,390,0,0,0,0,0,0,0,1144081.0,True,True,complete,True,True,True
2009-09-22,2009-09-22 13:30:00+00:00,2009-09-22 20:00:00+00:00,390,390,0,390,390,0,0,0,0,0,0,0,1129569.0,True,True,complete,True,True,True
2009-09-23,2009-09-23 13:30:00+00:00,2009-09-23 20:00:00+00:00,390,390,0,390,390,0,0,0,0,0,0,0,1987878.0,True,True,complete,True,True,True
2009-09-24,2009-09-24 13:30:00+00:00,2009-09-24 20:00:00+00:00,390,390,0,390,390,0,0,0,0,0,0,0,1887383.0,True,True,complete,True,True,True
2009-09-25,2009-09-25 13:30:00+00:00,2009-09-25 20:00:00+00:00,390,390,0,390,390,0,0,0,0,0,0,0,1665647.0,True,True,complete,True,True,True
2009-09-28,2009-09-28 13:30:00+00:00,2009-09-28 20:00:00+00:00,390,390,0,390,390,0,0,0,0,0,0,0,1041985.0,True,True,complete,True,True,True
2009-09-29,2009-09-29 13:30:00+00:00,2009-09-29 20:00:00+00:00,390,390,0,390,390,0,0,0,0,0,0,0,1196100.0,True,True,complete,True,True,True
2009-09-30,2009-09-30 13:30:00+00:00,2009-09-30 20:00:00+00:00,390,390,0,390,390,0,0,0,0,0,0,0,2031186.0,True,True,complete,True,True,True
2009-10-01,2009-10-01 13:30:00+00:00,2009-10-01 20:00:00+00:00,390,390,0,390,390,0,0,0,0,0,0,0,2161968.0,True,True,complete,True,True,True
2009-10-02,2009-10-02 13:30:00+00:00,2009-10-02 20:00:00+00:00,390,390,0,390,390,0,0,0,0,0,0,0,1800739.0,True,True,complete,True,True,True
2009-10-05,2009-10-05 13:30:00+00:00,2009-10-05 20:00:00+00:00,390,390,0,390,390,0,0,0,0,0,0,0,1328103.0,True,True,complete,True,True,True
2009-10-06,2009-10-06 13:30:00+00:00,2009-10-06 20:00:00+00:00,390,390,0,390,390,0,0,0,0,0,0,0,1856787.0,True,True,complete,True,True,True
2009-10-07,2009-10-07 13:30:00+00:00,2009-10-07 20:00:00+00:00,390,390,0,390,390,0,0,0,0,0,0,0,1400104.0,True,True,complete,True,True,True
2009-10-08,2009-10-08 13:30:00+00:00,2009-10-08 20:00:00+00:00,390,390,0,390,390,0,0,0,0,0,0,0,1555901.0,True,True,complete,True,True,True
2009-10-09,2009-10-09 13:30:00+00:00,2009-10-09 20:00:00+00:00,390,390,0,390,390,0,0,0,0,0,0,0,1123279.0,True,True,complete,True,True,True
2009-10-12,2009-10-12 13:30:00+00:00,2009-10-12 20:00:00+00:00,390,390,0,390,390,0,0,0,0,0,0,0,1038243.0,True,True,complete,True,True,True
2009-10-13,2009-10-13 13:30:00+00:00,2009-10-13 20:00:00+00:00,390,390,0,390,390,0,0,0,0,0,0,0,1354914.0,True,True,complete,True,True,True
2009-10-14,2009-10-14 13:30:00+00:00,2009-10-14 20:00:00+00:00,390,390,0,390,390,0,0,0,0,0,0,0,1576594.0,True,True,complete,True,True,True
2009-10-15,2009-10-15 13:30:00+00:00,2009-10-15 20:00:00+00:00,390,390,0,390,390,0,0,0,0,0,0,0,1325035.0,True,True,complete,True,True,True
2009-10-16,2009-10-16 13:30:00+00:00,2009-10-16 20:00:00+00:00,390,390,0,390,390,0,0,0,0,0,0,0,1571844.0,True,True,complete,True,True,True
2009-10-19,2009-10-19 13:30:00+00:00,2009-10-19 20:00:00+00:00,390,390,0,390,390,0,0,0,0,0,0,0,1251014.0,True,True,complete,True,True,True
2009-10-20,2009-10-20 13:30:00+00:00,2009-10-20 20:00:00+00:00,390,390,0,390,390,0,0,0,0,0,0,0,1579828.0,True,True,complete,True,True,True
2009-10-21,2009-10-21 13:30:00+00:00,2009-10-21 20:00:00+00:00,390,390,0,390,390,0,0,0,0,0,0,0,1972003.0,True,True,complete,True,True,True
2009-10-22,2009-10-22 13:30:00+00:00,2009-10-22 20:00:00+00:00,390,390,0,390,390,0,0,0,0,0,0,0,1946188.0,True,True,complete,True,True,True
2009-10-23,2009-10-23 13:30:00+00:00,2009-10-23 20:00:00+00:00,390,390,0,390,390,0,0,0,0,0,0,0,2042889.0,True,True,complete,True,True,True
2009-10-26,2009-10-26 13:30:00+00:00,2009-10-26 20:00:00+00:00,390,390,0,390,390,0,0,0,0,0,0,0,2160077.0,True,True,complete,True,True,True
2009-10-27,2009-10-27 13:30:00+00:00,2009-10-27 20:00:00+00:00,390,390,0,390,390,0,0,0,0,0,0,0,2096860.0,True,True,complete,True,True,True
2009-10-28,2009-10-28 13:30:00+00:00,2009-10-28 20:00:00+00:00,390,390,0,390,390,0,0,0,0,0,0,0,2192438.0,True,True,complete,True,True,True
2009-10-29,2009-10-29 13:30:00+00:00,2009-10-29 20:00:00+00:00,390,390,0,390,390,0,0,0,0,0,0,0,1645960.0,True,True,complete,True,True,True
2009-10-30,2009-10-30 13:30:00+00:00,2009-10-30 20:00:00+00:00,390,390,0,390,390,0,0,0,0,0,0,0,2898609.0,True,True,complete,True,True,True
2009-11-02,2009-11-02 14:30:00+00:00,2009-11-02 21:00:00+00:00,390,390,0,390,390,0,0,0,0,0,0,0,2350495.0,True,True,complete,True,True,True
2009-11-03,2009-11-03 14:30:00+00:00,2009-11-03 21:00:00+00:00,390,390,0,390,390,0,0,0,0,0,0,0,1940387.0,True,True,complete,True,True,True
2009-11-04,2009-11-04 14:30:00+00:00,2009-11-04 21:00:00+00:00,390,390,0,390,390,0,0,0,0,0,0,0,2157157.0,True,True,complete,True,True,True
2009-11-05,2009-11-05 14:30:00+00:00,2009-11-05 21:00:00+00:00,390,390,0,390,390,0,0,0,0,0,0,0,1509871.0,True,True,complete,True,True,True
2009-11-06,2009-11-06 14:30:00+00:00,2009-11-06 21:00:00+00:00,390,390,0,390,390,0,0,0,0,0,0,0,1431106.0,True,True,complete,True,True,True
2009-11-09,2009-11-09 14:30:00+00:00,2009-11-09 21:00:00+00:00,390,390,0,390,390,0,0,0,0,0,0,0,1322234.0,True,True,complete,True,True,True
2009-11-10,2009-11-10 14:30:00+00:00,2009-11-10 21:00:00+00:00,390,390,0,390,390,0,0,0,0,0,0,0,1434060.0,True,True,complete,True,True,True
2009-11-11,2009-11-11 14:30:00+00:00,2009-11-11 21:00:00+00:00,390,390,0,390,390,0,0,0,0,0,0,0,1552756.0,True,True,complete,True,True,True
2009-11-12,2009-11-12 14:30:00+00:00,2009-11-12 21:00:00+00:00,390,390,0,390,390,0,0,0,0,0,0,0,1386824.0,True,True,complete,True,True,True
2009-11-13,2009-11-13 14:30:00+00:00,2009-11-13 21:00:00+00:00,390,390,0,390,390,0,0,0,0,0,0,0,1286494.0,True,True,complete,True,True,True
2009-11-16,2009-11-16 14:30:00+00:00,2009-11-16 21:00:00+00:00,390,390,0,390,390,0,0,0,0,0,0,0,1687183.0,True,True,complete,True,True,True
2009-11-17,2009-11-17 14:30:00+00:00,2009-11-17 21:00:00+00:00,390,390,0,390,390,0,0,0,0,0,0,0,1226972.0,True,True,complete,True,True,True
2009-11-18,2009-11-18 14:30:00+00:00,2009-11-18 21:00:00+00:00,390,390,0,390,390,0,0,0,0,0,0,0,1235426.0,True,True,complete,True,True,True
2009-11-19,2009-11-19 14:30:00+00:00,2009-11-19 21:00:00+00:00,390,390,0,390,390,0,0,0,0,0,0,0,1685177.0,True,True,complete,True,True,True
2009-11-20,2009-11-20 14:30:00+00:00,2009-11-20 21:00:00+00:00,390,390,0,390,390,0,0,0,0,0,0,0,1121234.0,True,True,complete,True,True,True
2009-11-23,2009-11-23 14:30:00+00:00,2009-11-23 21:00:00+00:00,390,390,0,390,390,0,0,0,0,0,0,0,1249415.0,True,True,complete,True,True,True
2009-11-24,2009-11-24 14:30:00+00:00,2009-11-24 21:00:00+00:00,390,390,0,390,390,0,0,0,0,0,0,0,1176131.0,True,True,complete,True,True,True
2009-11-25,2009-11-25 14:30:00+00:00,2009-11-25 21:00:00+00:00,390,390,0,390,390,0,0,0,0,0,0,0,839035.0,True,True,complete,True,True,True
2009-11-27,2009-11-27 14:30:00+00:00,2009-11-27 18:00:00+00:00,210,210,0,210,210,0,0,0,0,0,0,0,973177.0,True,True,complete,True,True,True
2009-11-30,2009-11-30 14:30:00+00:00,2009-11-30 21:00:00+00:00,390,390,0,390,390,0,0,0,0,0,0,0,1339060.0,True,True,complete,True,True,True
2009-12-01,2009-12-01 14:30:00+00:00,2009-12-01 21:00:00+00:00,390,390,0,390,390,0,0,0,0,0,0,0,1331086.0,True,True,complete,True,True,True
2009-12-02,2009-12-02 14:30:00+00:00,2009-12-02 21:00:00+00:00,390,390,0,390,390,0,0,0,0,0,0,0,1104181.0,True,True,complete,True,True,True
2009-12-03,2009-12-03 14:30:00+00:00,2009-12-03 21:00:00+00:00,390,390,0,390,390,0,0,0,0,0,0,0,1434132.0,True,True,complete,True,True,True
2009-12-04,2009-12-04 14:30:00+00:00,2009-12-04 21:00:00+00:00,390,390,0,390,390,0,0,0,0,0,0,0,2256408.0,True,True,complete,True,True,True
2009-12-07,2009-12-07 14:30:00+00:00,2009-12-07 21:00:00+00:00,390,390,0,390,390,0,0,0,0,0,0,0,1112732.0,True,True,complete,True,True,True
2009-12-08,2009-12-08 14:30:00+00:00,2009-12-08 21:00:00+00:00,390,390,0,390,390,0,0,0,0,0,0,0,1344074.0,True,True,complete,True,True,True
2009-12-09,2009-12-09 14:30:00+00:00,2009-12-09 21:00:00+00:00,390,390,0,390,390,0,0,0,0,0,0,0,1256496.0,True,True,complete,True,True,True
2009-12-10,2009-12-10 14:30:00+00:00,2009-12-10 21:00:00+00:00,390,390,0,390,390,0,0,0,0,0,0,0,1051774.0,True,True,complete,True,True,True
2009-12-11,2009-12-11 14:30:00+00:00,2009-12-11 21:00:00+00:00,390,390,0,390,390,0,0,0,0,0,0,0,1008701.0,True,True,complete,True,True,True
2009-12-14,2009-12-14 14:30:00+00:00,2009-12-14 21:00:00+00:00,390,390,0,390,390,0,0,0,0,0,0,0,846152.0,True,True,complete,True,True,True
2009-12-15,2009-12-15 14:30:00+00:00,2009-12-15 21:00:00+00:00,390,390,0,390,390,0,0,0,0,0,0,0,991841.0,True,True,complete,True,True,True
2009-12-16,2009-12-16 14:30:00+00:00,2009-12-16 21:00:00+00:00,390,390,0,390,390,0,0,0,0,0,0,0,1075374.0,True,True,complete,True,True,True
2009-12-17,2009-12-17 14:30:00+00:00,2009-12-17 21:00:00+00:00,390,390,0,390,390,0,0,0,0,0,0,0,1426597.0,True,True,complete,True,True,True
2009-12-18,2009-12-18 14:30:00+00:00,2009-12-18 21:00:00+00:00,390,390,0,390,390,0,0,0,0,0,0,0,1338769.0,True,True,complete,True,True,True
2009-12-21,2009-12-21 14:30:00+00:00,2009-12-21 21:00:00+00:00,390,390,0,390,390,0,0,0,0,0,0,0,933574.0,True,True,complete,True,True,True
2009-12-22,2009-12-22 14:30:00+00:00,2009-12-22 21:00:00+00:00,390,390,0,390,390,0,0,0,0,0,0,0,789174.0,True,True,complete,True,True,True
2009-12-23,2009-12-23 14:30:00+00:00,2009-12-23 21:00:00+00:00,390,390,0,390,390,0,0,0,0,0,0,0,801591.0,True,True,complete,True,True,True
2009-12-24,2009-12-24 14:30:00+00:00,2009-12-24 18:00:00+00:00,210,210,0,210,210,0,0,0,0,0,0,0,255817.0,True,True,complete,True,True,True
2009-12-28,2009-12-28 14:30:00+00:00,2009-12-28 21:00:00+00:00,390,390,0,390,390,0,0,0,0,0,0,0,513641.0,True,True,complete,True,True,True
2009-12-29,2009-12-29 14:30:00+00:00,2009-12-29 21:00:00+00:00,390,390,0,390,390,0,0,0,0,0,0,0,619877.0,True,True,complete,True,True,True
2009-12-30,2009-12-30 14:30:00+00:00,2009-12-30 21:00:00+00:00,390,390,0,390,390,0,0,0,0,0,0,0,586434.0,True,True,complete,True,True,True
2009-12-31,2009-12-31 14:30:00+00:00,2009-12-31 21:00:00+00:00,390,390,0,390,390,0,0,0,0,0,0,0,642962.0,True,True,complete,True,True,True
2010-01-04,2010-01-04 14:30:00+00:00,2010-01-04 21:00:00+00:00,390,390,0,390,390,0,0,0,0,0,0,0,934297.0,True,True,complete,True,True,True
2010-01-05,2010-01-05 14:30:00+00:00,2010-01-05 21:00:00+00:00,390,390,0,390,390,0,0,0,0,0,0,0,960357.0,True,True,complete,True,True,True
2010-01-06,2010-01-06 14:30:00+00:00,2010-01-06 21:00:00+00:00,390,390,0,390,390,0,0,0,0,0,0,0,943601.0,True,True,complete,True,True,True
2010-01-07,2010-01-07 14:30:00+00:00,2010-01-07 21:00:00+00:00,390,390,0,390,390,0,0,0,0,0,0,0,1054393.0,True,True,complete,True,True,True
2010-01-08,2010-01-08 14:30:00+00:00,2010-01-08 21:00:00+00:00,390,390,0,390,390,0,0,0,0,0,0,0,943934.0,True,True,complete,True,True,True
2010-01-11,2010-01-11 14:30:00+00:00,2010-01-11 21:00:00+00:00,390,390,0,390,390,0,0,0,0,0,0,0,883880.0,True,True,complete,True,True,True
2010-01-12,2010-01-12 14:30:00+00:00,2010-01-12 21:00:00+00:00,390,390,0,390,390,0,0,0,0,0,0,0,1351704.0,True,True,complete,True,True,True
2010-01-13,2010-01-13 14:30:00+00:00,2010-01-13 21:00:00+00:00,390,390,0,390,390,0,0,0,0,0,0,0,1415031.0,True,True,complete,True,True,True
2010-01-14,2010-01-14 14:30:00+00:00,2010-01-14 21:00:00+00:00,390,390,0,390,390,0,0,0,0,0,0,0,983936.0,True,True,complete,True,True,True
2010-01-15,2010-01-15 14:30:00+00:00,2010-01-15 21:00:00+00:00,390,390,0,390,390,0,0,0,0,0,0,0,1679481.0,True,True,complete,True,True,True
2010-01-19,2010-01-19 14:30:00+00:00,2010-01-19 21:00:00+00:00,390,390,0,390,390,0,0,0,0,0,0,0,1148260.0,True,True,complete,True,True,True
2010-01-20,2010-01-20 14:30:00+00:00,2010-01-20 21:00:00+00:00,390,390,0,390,390,0,0,0,0,0,0,0,1775518.0,True,True,complete,True,True,True
2010-01-21,2010-01-21 14:30:00+00:00,2010-01-21 21:00:00+00:00,390,390,0,390,390,0,0,0,0,0,0,0,2882835.0,True,True,complete,True,True,True
2010-01-22,2010-01-22 14:30:00+00:00,2010-01-22 21:00:00+00:00,390,390,0,390,390,0,0,0,0,0,0,0,2820801.0,True,True,complete,True,True,True
2010-01-25,2010-01-25 14:30:00+00:00,2010-01-25 21:00:00+00:00,390,390,0,390,390,0,0,0,0,0,0,0,1552461.0,True,True,complete,True,True,True
2010-01-26,2010-01-26 14:30:00+00:00,2010-01-26 21:00:00+00:00,390,390,0,390,390,0,0,0,0,0,0,0,1843480.0,True,True,complete,True,True,True
2010-01-27,2010-01-27 14:30:00+00:00,2010-01-27 21:00:00+00:00,390,390,0,390,390,0,0,0,0,0,0,0,2305346.0,True,True,complete,True,True,True
2010-01-28,2010-01-28 14:30:00+00:00,2010-01-28 21:00:00+00:00,390,390,0,390,390,0,0,0,0,0,0,0,2646124.0,True,True,complete,True,True,True
2010-01-29,2010-01-29 14:30:00+00:00,2010-01-29 21:00:00+00:00,390,390,0,390,390,0,0,0,0,0,0,0,2636851.0,True,True,complete,True,True,True
2010-02-01,2010-02-01 14:30:00+00:00,2010-02-01 21:00:00+00:00,390,390,0,390,390,0,0,0,0,0,0,0,1569532.0,True,True,complete,True,True,True
2010-02-02,2010-02-02 14:30:00+00:00,2010-02-02 21:00:00+00:00,390,390,0,390,390,0,0,0,0,0,0,0,1852914.0,True,True,complete,True,True,True
2010-02-03,2010-02-03 14:30:00+00:00,2010-02-03 21:00:00+00:00,390,390,0,390,390,0,0,0,0,0,0,0,1420604.0,True,True,complete,True,True,True
2010-02-04,2010-02-04 14:30:00+00:00,2010-02-04 21:00:00+00:00,390,390,0,390,390,0,0,0,0,0,0,0,2881753.0,True,True,complete,True,True,True
2010-02-05,2010-02-05 14:30:00+00:00,2010-02-05 21:00:00+00:00,390,390,0,390,390,0,0,0,0,0,0,0,3858814.0,True,True,complete,True,True,True
2010-02-08,2010-02-08 14:30:00+00:00,2010-02-08 21:00:00+00:00,390,390,0,390,390,0,0,0,0,0,0,0,1798583.0,True,True,complete,True,True,True
2010-02-09,2010-02-09 14:30:00+00:00,2010-02-09 21:00:00+00:00,390,390,0,390,390,0,0,0,0,0,0,0,3023990.0,True,True,complete,True,True,True
2010-02-10,2010-02-10 14:30:00+00:00,2010-02-10 21:00:00+00:00,390,390,0,390,390,0,0,0,0,0,0,0,2039119.0,True,True,complete,True,True,True
2010-02-11,2010-02-11 14:30:00+00:00,2010-02-11 21:00:00+00:00,390,390,0,390,390,0,0,0,0,0,0,0,1795126.0,True,True,complete,True,True,True
2010-02-12,2010-02-12 14:30:00+00:00,2010-02-12 21:00:00+00:00,390,390,0,390,390,0,0,0,0,0,0,0,2442264.0,True,True,complete,True,True,True
2010-02-16,2010-02-16 14:30:00+00:00,2010-02-16 21:00:00+00:00,390,390,0,390,390,0,0,0,0,0,0,0,1363816.0,True,True,complete,True,True,True
2010-02-17,2010-02-17 14:30:00+00:00,2010-02-17 21:00:00+00:00,390,390,0,390,390,0,0,0,0,0,0,0,1463643.0,True,True,complete,True,True,True
2010-02-18,2010-02-18 14:30:00+00:00,2010-02-18 21:00:00+00:00,390,390,0,390,390,0,0,0,0,0,0,0,1504713.0,True,True,complete,True,True,True
2010-02-19,2010-02-19 14:30:00+00:00,2010-02-19 21:00:00+00:00,390,390,0,390,390,0,0,0,0,0,0,0,1697219.0,True,True,complete,True,True,True
2010-02-22,2010-02-22 14:30:00+00:00,2010-02-22 21:00:00+00:00,390,390,0,390,390,0,0,0,0,0,0,0,1132041.0,True,True,complete,True,True,True
2010-02-23,2010-02-23 14:30:00+00:00,2010-02-23 21:00:00+00:00,390,390,0,390,390,0,0,0,0,0,0,0,1756930.0,True,True,complete,True,True,True
2010-02-24,2010-02-24 14:30:00+00:00,2010-02-24 21:00:00+00:00,390,390,0,390,390,0,0,0,0,0,0,0,1559687.0,True,True,complete,True,True,True
2010-02-25,2010-02-25 14:30:00+00:00,2010-02-25 21:00:00+00:00,390,390,0,390,390,0,0,0,0,0,0,0,2210886.0,True,True,complete,True,True,True
2010-02-26,2010-02-26 14:30:00+00:00,2010-02-26 21:00:00+00:00,390,390,0,390,390,0,0,0,0,0,0,0,1490252.0,True,True,complete,True,True,True
2010-03-01,2010-03-01 14:30:00+00:00,2010-03-01 21:00:00+00:00,390,390,0,390,390,0,0,0,0,0,0,0,1307166.0,True,True,complete,True,True,True
2010-03-02,2010-03-02 14:30:00+00:00,2010-03-02 21:00:00+00:00,390,390,0,390,390,0,0,0,0,0,0,0,1420632.0,True,True,complete,True,True,True
2010-03-03,2010-03-03 14:30:00+00:00,2010-03-03 21:00:00+00:00,390,390,0,390,390,0,0,0,0,0,0,0,1287770.0,True,True,complete,True,True,True
2010-03-04,2010-03-04 14:30:00+00:00,2010-03-04 21:00:00+00:00,390,390,0,390,390,0,0,0,0,0,0,0,1156608.0,True,True,complete,True,True,True
2010-03-05,2010-03-05 14:30:00+00:00,2010-03-05 21:00:00+00:00,390,390,0,390,390,0,0,0,0,0,0,0,1528397.0,True,True,complete,True,True,True
2010-03-08,2010-03-08 14:30:00+00:00,2010-03-08 21:00:00+00:00,390,390,0,390,390,0,0,0,0,0,0,0,1022578.0,True,True,complete,True,True,True
2010-03-09,2010-03-09 14:30:00+00:00,2010-03-09 21:00:00+00:00,390,390,0,390,390,0,0,0,0,0,0,0,1367994.0,True,True,complete,True,True,True
2010-03-10,2010-03-10 14:30:00+00:00,2010-03-10 21:00:00+00:00,390,390,0,390,390,0,0,0,0,0,0,0,1577873.0,True,True,complete,True,True,True
2010-03-11,2010-03-11 14:30:00+00:00,2010-03-11 21:00:00+00:00,390,390,0,390,390,0,0,0,0,0,0,0,1235388.0,True,True,complete,True,True,True
2010-03-12,2010-03-12 14:30:00+00:00,2010-03-12 21:00:00+00:00,390,390,0,390,390,0,0,0,0,0,0,0,1367044.0,True,True,complete,True,True,True
2010-03-15,2010-03-15 13:30:00+00:00,2010-03-15 20:00:00+00:00,390,390,0,390,390,0,0,0,0,0,0,0,1259757.0,True,True,complete,True,True,True
2010-03-16,2010-03-16 13:30:00+00:00,2010-03-16 20:00:00+00:00,390,390,0,390,390,0,0,0,0,0,0,0,1503284.0,True,True,complete,True,True,True
2010-03-17,2010-03-17 13:30:00+00:00,2010-03-17 20:00:00+00:00,390,390,0,390,390,0,0,0,0,0,0,0,1467510.0,True,True,complete,True,True,True
2010-03-18,2010-03-18 13:30:00+00:00,2010-03-18 20:00:00+00:00,390,390,0,390,390,0,0,0,0,0,0,0,1536759.0,True,True,complete,True,True,True
2010-03-19,2010-03-19 13:30:00+00:00,2010-03-19 20:00:00+00:00,390,390,0,390,390,0,0,0,0,0,0,0,1866816.0,True,True,complete,True,True,True
2010-03-22,2010-03-22 13:30:00+00:00,2010-03-22 20:00:00+00:00,390,390,0,390,390,0,0,0,0,0,0,0,1635130.0,True,True,complete,True,True,True
2010-03-23,2010-03-23 13:30:00+00:00,2010-03-23 20:00:00+00:00,390,390,0,390,390,0,0,0,0,0,0,0,1606442.0,True,True,complete,True,True,True
2010-03-24,2010-03-24 13:30:00+00:00,2010-03-24 20:00:00+00:00,390,390,0,390,390,0,0,0,0,0,0,0,1525679.0,True,True,complete,True,True,True
2010-03-25,2010-03-25 13:30:00+00:00,2010-03-25 20:00:00+00:00,390,390,0,390,390,0,0,0,0,0,0,0,1961069.0,True,True,complete,True,True,True
2010-03-26,2010-03-26 13:30:00+00:00,2010-03-26 20:00:00+00:00,390,390,0,390,390,0,0,0,0,0,0,0,1733866.0,True,True,complete,True,True,True
2010-03-29,2010-03-29 13:30:00+00:00,2010-03-29 20:00:00+00:00,390,390,0,390,390,0,0,0,0,0,0,0,1046226.0,True,True,complete,True,True,True
2010-03-30,2010-03-30 13:30:00+00:00,2010-03-30 20:00:00+00:00,390,390,0,390,390,0,0,0,0,0,0,0,1263185.0,True,True,complete,True,True,True
2010-03-31,2010-03-31 13:30:00+00:00,2010-03-31 20:00:00+00:00,390,390,0,390,390,0,0,0,0,0,0,0,1386832.0,True,True,complete,True,True,True
2010-04-01,2010-04-01 13:30:00+00:00,2010-04-01 20:00:00+00:00,390,390,0,390,390,0,0,0,0,0,0,0,1284414.0,True,True,complete,True,True,True
2010-04-05,2010-04-05 13:30:00+00:00,2010-04-05 20:00:00+00:00,390,390,0,390,390,0,0,0,0,0,0,0,891308.0,True,True,complete,True,True,True
2010-04-06,2010-04-06 13:30:00+00:00,2010-04-06 20:00:00+00:00,390,390,0,390,390,0,0,0,0,0,0,0,976281.0,True,True,complete,True,True,True
2010-04-07,2010-04-07 13:30:00+00:00,2010-04-07 20:00:00+00:00,390,390,0,390,390,0,0,0,0,0,0,0,1591452.0,True,True,complete,True,True,True
2010-04-08,2010-04-08 13:30:00+00:00,2010-04-08 20:00:00+00:00,390,390,0,390,390,0,0,0,0,0,0,0,1298114.0,True,True,complete,True,True,True
2010-04-09,2010-04-09 13:30:00+00:00,2010-04-09 20:00:00+00:00,390,390,0,390,390,0,0,0,0,0,0,0,1121105.0,True,True,complete,True,True,True
2010-04-12,2010-04-12 13:30:00+00:00,2010-04-12 20:00:00+00:00,390,390,0,390,390,0,0,0,0,0,0,0,924620.0,True,True,complete,True,True,True
2010-04-13,2010-04-13 13:30:00+00:00,2010-04-13 20:00:00+00:00,390,390,0,390,390,0,0,0,0,0,0,0,1118584.0,True,True,complete,True,True,True
2010-04-14,2010-04-14 13:30:00+00:00,2010-04-14 20:00:00+00:00,390,390,0,390,390,0,0,0,0,0,0,0,1303324.0,True,True,complete,True,True,True
2010-04-15,2010-04-15 13:30:00+00:00,2010-04-15 20:00:00+00:00,390,390,0,390,390,0,0,0,0,0,0,0,1241820.0,True,True,complete,True,True,True
2010-04-16,2010-04-16 13:30:00+00:00,2010-04-16 20:00:00+00:00,390,390,0,390,390,0,0,0,0,0,0,0,3284370.0,True,True,complete,True,True,True
2010-04-19,2010-04-19 13:30:00+00:00,2010-04-19 20:00:00+00:00,390,390,0,390,390,0,0,0,0,0,0,0,1914100.0,True,True,complete,True,True,True
2010-04-20,2010-04-20 13:30:00+00:00,2010-04-20 20:00:00+00:00,390,390,0,390,390,0,0,0,0,0,0,0,1332239.0,True,True,complete,True,True,True
2010-04-21,2010-04-21 13:30:00+00:00,2010-04-21 20:00:00+00:00,390,390,0,390,390,0,0,0,0,0,0,0,1734170.0,True,True,complete,True,True,True
2010-04-22,2010-04-22 13:30:00+00:00,2010-04-22 20:00:00+00:00,390,390,0,390,390,0,0,0,0,0,0,0,2085320.0,True,True,complete,True,True,True
2010-04-23,2010-04-23 13:30:00+00:00,2010-04-23 20:00:00+00:00,390,390,0,390,390,0,0,0,0,0,0,0,1532910.0,True,True,complete,True,True,True
2010-04-26,2010-04-26 13:30:00+00:00,2010-04-26 20:00:00+00:00,390,390,0,390,390,0,0,0,0,0,0,0,1267039.0,True,True,complete,True,True,True
2010-04-27,2010-04-27 13:30:00+00:00,2010-04-27 20:00:00+00:00,390,390,0,390,390,0,0,0,0,0,0,0,3117044.0,True,True,complete,True,True,True
2010-04-28,2010-04-28 13:30:00+00:00,2010-04-28 20:00:00+00:00,390,390,0,390,390,0,0,0,0,0,0,0,2534465.0,True,True,complete,True,True,True
2010-04-29,2010-04-29 13:30:00+00:00,2010-04-29 20:00:00+00:00,390,390,0,390,390,0,0,0,0,0,0,0,1688198.0,True,True,complete,True,True,True
2010-04-30,2010-04-30 13:30:00+00:00,2010-04-30 20:00:00+00:00,390,390,0,390,390,0,0,0,0,0,0,0,2401348.0,True,True,complete,True,True,True
2010-05-03,2010-05-03 13:30:00+00:00,2010-05-03 20:00:00+00:00,390,390,0,390,390,0,0,0,0,0,0,0,1626916.0,True,True,complete,True,True,True
2010-05-04,2010-05-04 13:30:00+00:00,2010-05-04 20:00:00+00:00,390,390,0,390,390,0,0,0,0,0,0,0,3094540.0,True,True,complete,True,True,True
2010-05-05,2010-05-05 13:30:00+00:00,2010-05-05 20:00:00+00:00,390,390,0,390,390,0,0,0,0,0,0,0,2717808.0,True,True,complete,True,True,True
2010-05-06,2010-05-06 13:30:00+00:00,2010-05-06 20:00:00+00:00,390,390,0,390,390,0,0,0,0,0,0,0,5539084.0,True,True,complete,True,True,True
2010-05-07,2010-05-07 13:30:00+00:00,2010-05-07 20:00:00+00:00,390,390,0,390,390,0,0,0,0,0,0,0,5555027.0,True,True,complete,True,True,True
2010-05-10,2010-05-10 13:30:00+00:00,2010-05-10 20:00:00+00:00,390,390,0,390,390,0,0,0,0,0,0,0,3272371.0,True,True,complete,True,True,True
2010-05-11,2010-05-11 13:30:00+00:00,2010-05-11 20:00:00+00:00,390,390,0,390,390,0,0,0,0,0,0,0,2626033.0,True,True,complete,True,True,True
2010-05-12,2010-05-12 13:30:00+00:00,2010-05-12 20:00:00+00:00,390,390,0,390,390,0,0,0,0,0,0,0,1964538.0,True,True,complete,True,True,True
2010-05-13,2010-05-13 13:30:00+00:00,2010-05-13 20:00:00+00:00,390,390,0,390,390,0,0,0,0,0,0,0,2030389.0,True,True,complete,True,True,True
2010-05-14,2010-05-14 13:30:00+00:00,2010-05-14 20:00:00+00:00,390,390,0,390,390,0,0,0,0,0,0,0,3000803.0,True,True,complete,True,True,True
2010-05-17,2010-05-17 13:30:00+00:00,2010-05-17 20:00:00+00:00,390,390,0,390,390,0,0,0,0,0,0,0,2813279.0,True,True,complete,True,True,True
2010-05-18,2010-05-18 13:30:00+00:00,2010-05-18 20:00:00+00:00,390,390,0,390,390,0,0,0,0,0,0,0,3172367.0,True,True,complete,True,True,True
2010-05-19,2010-05-19 13:30:00+00:00,2010-05-19 20:00:00+00:00,390,390,0,390,390,0,0,0,0,0,0,0,3501949.0,True,True,complete,True,True,True
2010-05-20,2010-05-20 13:30:00+00:00,2010-05-20 20:00:00+00:00,390,390,0,390,390,0,0,0,0,0,0,0,4463905.0,True,True,complete,True,True,True
2010-05-21,2010-05-21 13:30:00+00:00,2010-05-21 20:00:00+00:00,390,390,0,390,390,0,0,0,0,0,0,0,4272302.0,True,True,complete,True,True,True
2010-05-24,2010-05-24 13:30:00+00:00,2010-05-24 20:00:00+00:00,390,390,0,390,390,0,0,0,0,0,0,0,2231500.0,True,True,complete,True,True,True
2010-05-25,2010-05-25 13:30:00+00:00,2010-05-25 20:00:00+00:00,390,390,0,390,390,0,0,0,0,0,0,0,3337977.0,True,True,complete,True,True,True
2010-05-26,2010-05-26 13:30:00+00:00,2010-05-26 20:00:00+00:00,390,390,0,390,390,0,0,0,0,0,0,0,3002903.0,True,True,complete,True,True,True
2010-05-27,2010-05-27 13:30:00+00:00,2010-05-27 20:00:00+00:00,390,390,0,390,390,0,0,0,0,0,0,0,2435559.0,True,True,complete,True,True,True
2010-05-28,2010-05-28 13:30:00+00:00,2010-05-28 20:00:00+00:00,390,390,0,390,390,0,0,0,0,0,0,0,2515673.0,True,True,complete,True,True,True
2010-06-01,2010-06-01 13:30:00+00:00,2010-06-01 20:00:00+00:00,390,390,0,390,390,0,0,0,0,0,0,0,2430919.0,True,True,complete,True,True,True
2010-06-02,2010-06-02 13:30:00+00:00,2010-06-02 20:00:00+00:00,390,390,0,390,390,0,0,0,0,0,0,0,1966392.0,True,True,complete,True,True,True
2010-06-03,2010-06-03 13:30:00+00:00,2010-06-03 20:00:00+00:00,390,390,0,390,390,0,0,0,0,0,0,0,2002760.0,True,True,complete,True,True,True
2010-06-04,2010-06-04 13:30:00+00:00,2010-06-04 20:00:00+00:00,390,390,0,390,390,0,0,0,0,0,0,0,2986537.0,True,True,complete,True,True,True
2010-06-07,2010-06-07 13:30:00+00:00,2010-06-07 20:00:00+00:00,390,390,0,390,390,0,0,0,0,0,0,0,2202496.0,True,True,complete,True,True,True
2010-06-08,2010-06-08 13:30:00+00:00,2010-06-08 20:00:00+00:00,390,390,0,390,390,0,0,0,0,0,0,0,3194032.0,True,True,complete,True,True,True
2010-06-09,2010-06-09 13:30:00+00:00,2010-06-09 20:00:00+00:00,390,390,0,390,390,0,0,0,0,0,0,0,2254354.0,True,True,complete,True,True,True
2010-06-10,2010-06-10 13:30:00+00:00,2010-06-10 20:00:00+00:00,390,390,0,390,390,0,0,0,0,0,0,0,2424048.0,True,True,complete,True,True,True
2010-06-11,2010-06-11 13:30:00+00:00,2010-06-11 20:00:00+00:00,390,390,0,390,390,0,0,0,0,0,0,0,1741079.0,True,True,complete,True,True,True
2010-06-14,2010-06-14 13:30:00+00:00,2010-06-14 20:00:00+00:00,390,390,0,390,390,0,0,0,0,0,0,0,1830855.0,True,True,complete,True,True,True
2010-06-15,2010-06-15 13:30:00+00:00,2010-06-15 20:00:00+00:00,390,390,0,390,390,0,0,0,0,0,0,0,1820068.0,True,True,complete,True,True,True
2010-06-16,2010-06-16 13:30:00+00:00,2010-06-16 20:00:00+00:00,390,390,0,390,390,0,0,0,0,0,0,0,1747553.0,True,True,complete,True,True,True
2010-06-17,2010-06-17 13:30:00+00:00,2010-06-17 20:00:00+00:00,390,390,0,390,390,0,0,0,0,0,0,0,2090613.0,True,True,complete,True,True,True
2010-06-18,2010-06-18 13:30:00+00:00,2010-06-18 20:00:00+00:00,390,390,0,390,390,0,0,0,0,0,0,0,1433977.0,True,True,complete,True,True,True
2010-06-21,2010-06-21 13:30:00+00:00,2010-06-21 20:00:00+00:00,390,390,0,390,390,0,0,0,0,0,0,0,1839894.0,True,True,complete,True,True,True
2010-06-22,2010-06-22 13:30:00+00:00,2010-06-22 20:00:00+00:00,390,390,0,390,390,0,0,0,0,0,0,0,2000780.0,True,True,complete,True,True,True
2010-06-23,2010-06-23 13:30:00+00:00,2010-06-23 20:00:00+00:00,390,390,0,390,390,0,0,0,0,0,0,0,2306019.0,True,True,complete,True,True,True
2010-06-24,2010-06-24 13:30:00+00:00,2010-06-24 20:00:00+00:00,390,390,0,390,390,0,0,0,0,0,0,0,2317649.0,True,True,complete,True,True,True
2010-06-25,2010-06-25 13:30:00+00:00,2010-06-25 20:00:00+00:00,390,390,0,390,390,0,0,0,0,0,0,0,1958488.0,True,True,complete,True,True,True
2010-06-28,2010-06-28 13:30:00+00:00,2010-06-28 20:00:00+00:00,390,390,0,390,390,0,0,0,0,0,0,0,1432028.0,True,True,complete,True,True,True
2010-06-29,2010-06-29 13:30:00+00:00,2010-06-29 20:00:00+00:00,390,390,0,390,390,0,0,0,0,0,0,0,3170667.0,True,True,complete,True,True,True
2010-06-30,2010-06-30 13:30:00+00:00,2010-06-30 20:00:00+00:00,390,390,0,390,390,0,0,0,0,0,0,0,2251405.0,True,True,complete,True,True,True
2010-07-01,2010-07-01 13:30:00+00:00,2010-07-01 20:00:00+00:00,390,390,0,390,390,0,0,0,0,0,0,0,3217857.0,True,True,complete,True,True,True
2010-07-02,2010-07-02 13:30:00+00:00,2010-07-02 20:00:00+00:00,390,390,0,390,390,0,0,0,0,0,0,0,1657401.0,True,True,complete,True,True,True
2010-07-06,2010-07-06 13:30:00+00:00,2010-07-06 20:00:00+00:00,390,390,0,390,390,0,0,0,0,0,0,0,2143583.0,True,True,complete,True,True,True
2010-07-07,2010-07-07 13:30:00+00:00,2010-07-07 20:00:00+00:00,390,390,0,390,390,0,0,0,0,0,0,0,2163967.0,True,True,complete,True,True,True
2010-07-08,2010-07-08 13:30:00+00:00,2010-07-08 20:00:00+00:00,390,390,0,390,390,0,0,0,0,0,0,0,1834784.0,True,True,complete,True,True,True
2010-07-09,2010-07-09 13:30:00+00:00,2010-07-09 20:00:00+00:00,390,390,0,390,390,0,0,0,0,0,0,0,1243436.0,True,True,complete,True,True,True
2010-07-12,2010-07-12 13:30:00+00:00,2010-07-12 20:00:00+00:00,390,390,0,390,390,0,0,0,0,0,0,0,1155017.0,True,True,complete,True,True,True
2010-07-13,2010-07-13 13:30:00+00:00,2010-07-13 20:00:00+00:00,390,390,0,390,390,0,0,0,0,0,0,0,1751951.0,True,True,complete,True,True,True
2010-07-14,2010-07-14 13:30:00+00:00,2010-07-14 20:00:00+00:00,390,390,0,390,390,0,0,0,0,0,0,0,1619162.0,True,True,complete,True,True,True
2010-07-15,2010-07-15 13:30:00+00:00,2010-07-15 20:00:00+00:00,390,390,0,390,390,0,0,0,0,0,0,0,1972736.0,True,True,complete,True,True,True
2010-07-16,2010-07-16 13:30:00+00:00,2010-07-16 20:00:00+00:00,390,390,0,390,390,0,0,0,0,0,0,0,2274208.0,True,True,complete,True,True,True
2010-07-19,2010-07-19 13:30:00+00:00,2010-07-19 20:00:00+00:00,390,390,0,390,390,0,0,0,0,0,0,0,1583592.0,True,True,complete,True,True,True
2010-07-20,2010-07-20 13:30:00+00:00,2010-07-20 20:00:00+00:00,390,390,0,390,390,0,0,0,0,0,0,0,2050481.0,True,True,complete,True,True,True
2010-07-21,2010-07-21 13:30:00+00:00,2010-07-21 20:00:00+00:00,390,390,0,390,390,0,0,0,0,0,0,0,2235203.0,True,True,complete,True,True,True
2010-07-22,2010-07-22 13:30:00+00:00,2010-07-22 20:00:00+00:00,390,390,0,390,390,0,0,0,0,0,0,0,2077066.0,True,True,complete,True,True,True
2010-07-23,2010-07-23 13:30:00+00:00,2010-07-23 20:00:00+00:00,390,390,0,390,390,0,0,0,0,0,0,0,1902008.0,True,True,complete,True,True,True
2010-07-26,2010-07-26 13:30:00+00:00,2010-07-26 20:00:00+00:00,390,390,0,390,390,0,0,0,0,0,0,0,1412735.0,True,True,complete,True,True,True
2010-07-27,2010-07-27 13:30:00+00:00,2010-07-27 20:00:00+00:00,390,390,0,390,390,0,0,0,0,0,0,0,1755594.0,True,True,complete,True,True,True
2010-07-28,2010-07-28 13:30:00+00:00,2010-07-28 20:00:00+00:00,390,390,0,390,390,0,0,0,0,0,0,0,1376535.0,True,True,complete,True,True,True
2010-07-29,2010-07-29 13:30:00+00:00,2010-07-29 20:00:00+00:00,390,390,0,390,390,0,0,0,0,0,0,0,1897165.0,True,True,complete,True,True,True
2010-07-30,2010-07-30 13:30:00+00:00,2010-07-30 20:00:00+00:00,390,390,0,390,390,0,0,0,0,0,0,0,1830982.0,True,True,complete,True,True,True
2010-08-02,2010-08-02 13:30:00+00:00,2010-08-02 20:00:00+00:00,390,390,0,390,390,0,0,0,0,0,0,0,1378247.0,True,True,complete,True,True,True
2010-08-03,2010-08-03 13:30:00+00:00,2010-08-03 20:00:00+00:00,390,390,0,390,390,0,0,0,0,0,0,0,1289431.0,True,True,complete,True,True,True
2010-08-04,2010-08-04 13:30:00+00:00,2010-08-04 20:00:00+00:00,390,390,0,390,390,0,0,0,0,0,0,0,1330849.0,True,True,complete,True,True,True
2010-08-05,2010-08-05 13:30:00+00:00,2010-08-05 20:00:00+00:00,390,390,0,390,390,0,0,0,0,0,0,0,1140822.0,True,True,complete,True,True,True
2010-08-06,2010-08-06 13:30:00+00:00,2010-08-06 20:00:00+00:00,390,390,0,390,390,0,0,0,0,0,0,0,1966705.0,True,True,complete,True,True,True
2010-08-09,2010-08-09 13:30:00+00:00,2010-08-09 20:00:00+00:00,390,390,0,390,390,0,0,0,0,0,0,0,885030.0,True,True,complete,True,True,True
2010-08-10,2010-08-10 13:30:00+00:00,2010-08-10 20:00:00+00:00,390,390,0,390,390,0,0,0,0,0,0,0,2004799.0,True,True,complete,True,True,True
2010-08-11,2010-08-11 13:30:00+00:00,2010-08-11 20:00:00+00:00,390,390,0,390,390,0,0,0,0,0,0,0,2218198.0,True,True,complete,True,True,True
2010-08-12,2010-08-12 13:30:00+00:00,2010-08-12 20:00:00+00:00,390,390,0,390,390,0,0,0,0,0,0,0,1890653.0,True,True,complete,True,True,True
2010-08-13,2010-08-13 13:30:00+00:00,2010-08-13 20:00:00+00:00,390,390,0,390,390,0,0,0,0,0,0,0,1296822.0,True,True,complete,True,True,True
2010-08-16,2010-08-16 13:30:00+00:00,2010-08-16 20:00:00+00:00,390,390,0,390,390,0,0,0,0,0,0,0,1267085.0,True,True,complete,True,True,True
2010-08-17,2010-08-17 13:30:00+00:00,2010-08-17 20:00:00+00:00,390,390,0,390,390,0,0,0,0,0,0,0,1480615.0,True,True,complete,True,True,True
2010-08-18,2010-08-18 13:30:00+00:00,2010-08-18 20:00:00+00:00,390,390,0,390,390,0,0,0,0,0,0,0,1572066.0,True,True,complete,True,True,True
2010-08-19,2010-08-19 13:30:00+00:00,2010-08-19 20:00:00+00:00,390,390,0,390,390,0,0,0,0,0,0,0,2001560.0,True,True,complete,True,True,True
2010-08-20,2010-08-20 13:30:00+00:00,2010-08-20 20:00:00+00:00,390,390,0,390,390,0,0,0,0,0,0,0,1572145.0,True,True,complete,True,True,True
2010-08-23,2010-08-23 13:30:00+00:00,2010-08-23 20:00:00+00:00,390,390,0,390,390,0,0,0,0,0,0,0,1255840.0,True,True,complete,True,True,True
2010-08-24,2010-08-24 13:30:00+00:00,2010-08-24 20:00:00+00:00,390,390,0,390,390,0,0,0,0,0,0,0,2287731.0,True,True,complete,True,True,True
2010-08-25,2010-08-25 13:30:00+00:00,2010-08-25 20:00:00+00:00,390,390,0,390,390,0,0,0,0,0,0,0,2024163.0,True,True,complete,True,True,True
2010-08-26,2010-08-26 13:30:00+00:00,2010-08-26 20:00:00+00:00,390,390,0,390,390,0,0,0,0,0,0,0,1874513.0,True,True,complete,True,True,True
2010-08-27,2010-08-27 13:30:00+00:00,2010-08-27 20:00:00+00:00,390,390,0,390,390,0,0,0,0,0,0,0,2259381.0,True,True,complete,True,True,True
2010-08-30,2010-08-30 13:30:00+00:00,2010-08-30 20:00:00+00:00,390,390,0,390,390,0,0,0,0,0,0,0,1330593.0,True,True,complete,True,True,True
2010-08-31,2010-08-31 13:30:00+00:00,2010-08-31 20:00:00+00:00,390,390,0,390,390,0,0,0,0,0,0,0,2252085.0,True,True,complete,True,True,True
2010-09-01,2010-09-01 13:30:00+00:00,2010-09-01 20:00:00+00:00,390,390,0,390,390,0,0,0,0,0,0,0,2096794.0,True,True,complete,True,True,True
2010-09-02,2010-09-02 13:30:00+00:00,2010-09-02 20:00:00+00:00,390,390,0,390,390,0,0,0,0,0,0,0,1327858.0,True,True,complete,True,True,True
2010-09-03,2010-09-03 13:30:00+00:00,2010-09-03 20:00:00+00:00,390,390,0,390,390,0,0,0,0,0,0,0,1643959.0,True,True,complete,True,True,True
2010-09-07,2010-09-07 13:30:00+00:00,2010-09-07 20:00:00+00:00,390,390,0,390,390,0,0,0,0,0,0,0,1141208.0,True,True,complete,True,True,True
2010-09-08,2010-09-08 13:30:00+00:00,2010-09-08 20:00:00+00:00,390,390,0,390,390,0,0,0,0,0,0,0,1259085.0,True,True,complete,True,True,True
2010-09-09,2010-09-09 13:30:00+00:00,2010-09-09 20:00:00+00:00,390,390,0,390,390,0,0,0,0,0,0,0,1224746.0,True,True,complete,True,True,True
2010-09-10,2010-09-10 13:30:00+00:00,2010-09-10 20:00:00+00:00,390,390,0,390,390,0,0,0,0,0,0,0,1001683.0,True,True,complete,True,True,True
2010-09-13,2010-09-13 13:30:00+00:00,2010-09-13 20:00:00+00:00,390,390,0,390,390,0,0,0,0,0,0,0,1255698.0,True,True,complete,True,True,True
2010-09-14,2010-09-14 13:30:00+00:00,2010-09-14 20:00:00+00:00,390,390,0,390,390,0,0,0,0,0,0,0,1601257.0,True,True,complete,True,True,True
2010-09-15,2010-09-15 13:30:00+00:00,2010-09-15 20:00:00+00:00,390,390,0,390,390,0,0,0,0,0,0,0,1387476.0,True,True,complete,True,True,True
2010-09-16,2010-09-16 13:30:00+00:00,2010-09-16 20:00:00+00:00,390,390,0,390,390,0,0,0,0,0,0,0,1353893.0,True,True,complete,True,True,True
2010-09-17,2010-09-17 13:30:00+00:00,2010-09-17 20:00:00+00:00,390,390,0,390,390,0,0,0,0,0,0,0,1499205.0,True,True,complete,True,True,True
2010-09-20,2010-09-20 13:30:00+00:00,2010-09-20 20:00:00+00:00,390,390,0,390,390,0,0,0,0,0,0,0,1650313.0,True,True,complete,True,True,True
2010-09-21,2010-09-21 13:30:00+00:00,2010-09-21 20:00:00+00:00,390,390,0,390,390,0,0,0,0,0,0,0,2154327.0,True,True,complete,True,True,True
2010-09-22,2010-09-22 13:30:00+00:00,2010-09-22 20:00:00+00:00,390,390,0,390,390,0,0,0,0,0,0,0,1636739.0,True,True,complete,True,True,True
2010-09-23,2010-09-23 13:30:00+00:00,2010-09-23 20:00:00+00:00,390,390,0,390,390,0,0,0,0,0,0,0,1725351.0,True,True,complete,True,True,True
2010-09-24,2010-09-24 13:30:00+00:00,2010-09-24 20:00:00+00:00,390,390,0,390,390,0,0,0,0,0,0,0,1512790.0,True,True,complete,True,True,True
2010-09-27,2010-09-27 13:30:00+00:00,2010-09-27 20:00:00+00:00,390,390,0,390,390,0,0,0,0,0,0,0,1065749.0,True,True,complete,True,True,True
2010-09-28,2010-09-28 13:30:00+00:00,2010-09-28 20:00:00+00:00,390,390,0,390,390,0,0,0,0,0,0,0,1781806.0,True,True,complete,True,True,True
2010-09-29,2010-09-29 13:30:00+00:00,2010-09-29 20:00:00+00:00,390,390,0,390,390,0,0,0,0,0,0,0,1526343.0,True,True,complete,True,True,True
2010-09-30,2010-09-30 13:30:00+00:00,2010-09-30 20:00:00+00:00,390,390,0,390,390,0,0,0,0,0,0,0,2413146.0,True,True,complete,True,True,True
2010-10-01,2010-10-01 13:30:00+00:00,2010-10-01 20:00:00+00:00,390,390,0,390,390,0,0,0,0,0,0,0,1527940.0,True,True,complete,True,True,True
2010-10-04,2010-10-04 13:30:00+00:00,2010-10-04 20:00:00+00:00,390,390,0,390,390,0,0,0,0,0,0,0,1463897.0,True,True,complete,True,True,True
2010-10-05,2010-10-05 13:30:00+00:00,2010-10-05 20:00:00+00:00,390,390,0,390,390,0,0,0,0,0,0,0,1758367.0,True,True,complete,True,True,True
2010-10-06,2010-10-06 13:30:00+00:00,2010-10-06 20:00:00+00:00,390,390,0,390,390,0,0,0,0,0,0,0,1218594.0,True,True,complete,True,True,True
2010-10-07,2010-10-07 13:30:00+00:00,2010-10-07 20:00:00+00:00,390,390,0,390,390,0,0,0,0,0,0,0,1391167.0,True,True,complete,True,True,True
2010-10-08,2010-10-08 13:30:00+00:00,2010-10-08 20:00:00+00:00,390,390,0,390,390,0,0,0,0,0,0,0,1356167.0,True,True,complete,True,True,True
2010-10-11,2010-10-11 13:30:00+00:00,2010-10-11 20:00:00+00:00,390,390,0,390,390,0,0,0,0,0,0,0,852075.0,True,True,complete,True,True,True
2010-10-12,2010-10-12 13:30:00+00:00,2010-10-12 20:00:00+00:00,390,390,0,390,390,0,0,0,0,0,0,0,1433361.0,True,True,complete,True,True,True
2010-10-13,2010-10-13 13:30:00+00:00,2010-10-13 20:00:00+00:00,390,390,0,390,390,0,0,0,0,0,0,0,1551040.0,True,True,complete,True,True,True
2010-10-14,2010-10-14 13:30:00+00:00,2010-10-14 20:00:00+00:00,390,390,0,390,390,0,0,0,0,0,0,0,1737840.0,True,True,complete,True,True,True
2010-10-15,2010-10-15 13:30:00+00:00,2010-10-15 20:00:00+00:00,390,390,0,390,390,0,0,0,0,0,0,0,2032550.0,True,True,complete,True,True,True
2010-10-18,2010-10-18 13:30:00+00:00,2010-10-18 20:00:00+00:00,390,390,0,390,390,0,0,0,0,0,0,0,1050240.0,True,True,complete,True,True,True
2010-10-19,2010-10-19 13:30:00+00:00,2010-10-19 20:00:00+00:00,390,390,0,390,390,0,0,0,0,0,0,0,2180978.0,True,True,complete,True,True,True
2010-10-20,2010-10-20 13:30:00+00:00,2010-10-20 20:00:00+00:00,390,390,0,390,390,0,0,0,0,0,0,0,1671174.0,True,True,complete,True,True,True
2010-10-21,2010-10-21 13:30:00+00:00,2010-10-21 20:00:00+00:00,390,390,0,390,390,0,0,0,0,0,0,0,1962408.0,True,True,complete,True,True,True
2010-10-22,2010-10-22 13:30:00+00:00,2010-10-22 20:00:00+00:00,390,390,0,390,390,0,0,0,0,0,0,0,928178.0,True,True,complete,True,True,True
2010-10-25,2010-10-25 13:30:00+00:00,2010-10-25 20:00:00+00:00,390,390,0,390,390,0,0,0,0,0,0,0,1264369.0,True,True,complete,True,True,True
2010-10-26,2010-10-26 13:30:00+00:00,2010-10-26 20:00:00+00:00,390,390,0,390,390,0,0,0,0,0,0,0,1247373.0,True,True,complete,True,True,True
2010-10-27,2010-10-27 13:30:00+00:00,2010-10-27 20:00:00+00:00,390,390,0,390,390,0,0,0,0,0,0,0,1561304.0,True,True,complete,True,True,True
2010-10-28,2010-10-28 13:30:00+00:00,2010-10-28 20:00:00+00:00,390,390,0,390,390,0,0,0,0,0,0,0,1415729.0,True,True,complete,True,True,True
2010-10-29,2010-10-29 13:30:00+00:00,2010-10-29 20:00:00+00:00,390,390,0,390,390,0,0,0,0,0,0,0,1239265.0,True,True,complete,True,True,True
2010-11-01,2010-11-01 13:30:00+00:00,2010-11-01 20:00:00+00:00,390,390,0,390,390,0,0,0,0,0,0,0,1435963.0,True,True,complete,True,True,True
2010-11-02,2010-11-02 13:30:00+00:00,2010-11-02 20:00:00+00:00,390,390,0,390,390,0,0,0,0,0,0,0,1203256.0,True,True,complete,True,True,True
2010-11-03,2010-11-03 13:30:00+00:00,2010-11-03 20:00:00+00:00,390,390,0,390,390,0,0,0,0,0,0,0,2000488.0,True,True,complete,True,True,True
2010-11-04,2010-11-04 13:30:00+00:00,2010-11-04 20:00:00+00:00,390,390,0,390,390,0,0,0,0,0,0,0,1834277.0,True,True,complete,True,True,True
2010-11-05,2010-11-05 13:30:00+00:00,2010-11-05 20:00:00+00:00,390,390,0,390,390,0,0,0,0,0,0,0,1509305.0,True,True,complete,True,True,True
2010-11-08,2010-11-08 14:30:00+00:00,2010-11-08 21:00:00+00:00,390,390,0,390,390,0,0,0,0,0,0,0,1189847.0,True,True,complete,True,True,True
2010-11-09,2010-11-09 14:30:00+00:00,2010-11-09 21:00:00+00:00,390,390,0,390,390,0,0,0,0,0,0,0,1656434.0,True,True,complete,True,True,True
2010-11-10,2010-11-10 14:30:00+00:00,2010-11-10 21:00:00+00:00,390,390,0,390,390,0,0,0,0,0,0,0,1900158.0,True,True,complete,True,True,True
2010-11-11,2010-11-11 14:30:00+00:00,2010-11-11 21:00:00+00:00,390,390,0,390,390,0,0,0,0,0,0,0,1364569.0,True,True,complete,True,True,True
2010-11-12,2010-11-12 14:30:00+00:00,2010-11-12 21:00:00+00:00,390,390,0,390,390,0,0,0,0,0,0,0,2167225.0,True,True,complete,True,True,True
2010-11-15,2010-11-15 14:30:00+00:00,2010-11-15 21:00:00+00:00,390,390,0,390,390,0,0,0,0,0,0,0,1384202.0,True,True,complete,True,True,True
2010-11-16,2010-11-16 14:30:00+00:00,2010-11-16 21:00:00+00:00,390,390,0,390,390,0,0,0,0,0,0,0,2552620.0,True,True,complete,True,True,True
2010-11-17,2010-11-17 14:30:00+00:00,2010-11-17 21:00:00+00:00,390,390,0,390,390,0,0,0,0,0,0,0,1409137.0,True,True,complete,True,True,True
2010-11-18,2010-11-18 14:30:00+00:00,2010-11-18 21:00:00+00:00,390,390,0,390,390,0,0,0,0,0,0,0,1412391.0,True,True,complete,True,True,True
2010-11-19,2010-11-19 14:30:00+00:00,2010-11-19 21:00:00+00:00,390,390,0,390,390,0,0,0,0,0,0,0,1139946.0,True,True,complete,True,True,True
2010-11-22,2010-11-22 14:30:00+00:00,2010-11-22 21:00:00+00:00,390,390,0,390,390,0,0,0,0,0,0,0,1526476.0,True,True,complete,True,True,True
2010-11-23,2010-11-23 14:30:00+00:00,2010-11-23 21:00:00+00:00,390,390,0,390,390,0,0,0,0,0,0,0,1718334.0,True,True,complete,True,True,True
2010-11-24,2010-11-24 14:30:00+00:00,2010-11-24 21:00:00+00:00,390,390,0,390,390,0,0,0,0,0,0,0,1096027.0,True,True,complete,True,True,True
2010-11-26,2010-11-26 14:30:00+00:00,2010-11-26 18:00:00+00:00,210,210,0,210,210,0,0,0,0,0,0,0,513009.0,True,True,complete,True,True,True
2010-11-29,2010-11-29 14:30:00+00:00,2010-11-29 21:00:00+00:00,390,390,0,390,390,0,0,0,0,0,0,0,1776822.0,True,True,complete,True,True,True
2010-11-30,2010-11-30 14:30:00+00:00,2010-11-30 21:00:00+00:00,390,390,0,390,390,0,0,0,0,0,0,0,1842085.0,True,True,complete,True,True,True
2010-12-01,2010-12-01 14:30:00+00:00,2010-12-01 21:00:00+00:00,390,390,0,390,390,0,0,0,0,0,0,0,1610029.0,True,True,complete,True,True,True
2010-12-02,2010-12-02 14:30:00+00:00,2010-12-02 21:00:00+00:00,390,390,0,390,390,0,0,0,0,0,0,0,1449629.0,True,True,complete,True,True,True
2010-12-03,2010-12-03 14:30:00+00:00,2010-12-03 21:00:00+00:00,390,390,0,390,390,0,0,0,0,0,0,0,1134533.0,True,True,complete,True,True,True
2010-12-06,2010-12-06 14:30:00+00:00,2010-12-06 21:00:00+00:00,390,390,0,390,390,0,0,0,0,0,0,0,881697.0,True,True,complete,True,True,True
2010-12-07,2010-12-07 14:30:00+00:00,2010-12-07 21:00:00+00:00,390,390,0,390,390,0,0,0,0,0,0,0,1682455.0,True,True,complete,True,True,True
2010-12-08,2010-12-08 14:30:00+00:00,2010-12-08 21:00:00+00:00,390,390,0,390,390,0,0,0,0,0,0,0,1164027.0,True,True,complete,True,True,True
2010-12-09,2010-12-09 14:30:00+00:00,2010-12-09 21:00:00+00:00,390,390,0,390,390,0,0,0,0,0,0,0,968817.0,True,True,complete,True,True,True
2010-12-10,2010-12-10 14:30:00+00:00,2010-12-10 21:00:00+00:00,390,390,0,390,390,0,0,0,0,0,0,0,971677.0,True,True,complete,True,True,True
2010-12-13,2010-12-13 14:30:00+00:00,2010-12-13 21:00:00+00:00,390,390,0,390,390,0,0,0,0,0,0,0,1004118.0,True,True,complete,True,True,True
2010-12-14,2010-12-14 14:30:00+00:00,2010-12-14 21:00:00+00:00,390,390,0,390,390,0,0,0,0,0,0,0,1167238.0,True,True,complete,True,True,True
2010-12-15,2010-12-15 14:30:00+00:00,2010-12-15 21:00:00+00:00,390,390,0,390,390,0,0,0,0,0,0,0,1249482.0,True,True,complete,True,True,True
2010-12-16,2010-12-16 14:30:00+00:00,2010-12-16 21:00:00+00:00,390,390,0,390,390,0,0,0,0,0,0,0,1292574.0,True,True,complete,True,True,True
2010-12-17,2010-12-17 14:30:00+00:00,2010-12-17 21:00:00+00:00,390,390,0,390,390,0,0,0,0,0,0,0,993221.0,True,True,complete,True,True,True
2010-12-20,2010-12-20 14:30:00+00:00,2010-12-20 21:00:00+00:00,390,390,0,390,390,0,0,0,0,0,0,0,877575.0,True,True,complete,True,True,True
2010-12-21,2010-12-21 14:30:00+00:00,2010-12-21 21:00:00+00:00,390,390,0,390,390,0,0,0,0,0,0,0,716499.0,True,True,complete,True,True,True
2010-12-22,2010-12-22 14:30:00+00:00,2010-12-22 21:00:00+00:00,390,390,0,390,390,0,0,0,0,0,0,0,623880.0,True,True,complete,True,True,True
2010-12-23,2010-12-23 14:30:00+00:00,2010-12-23 21:00:00+00:00,390,390,0,390,390,0,0,0,0,0,0,0,578292.0,True,True,complete,True,True,True
2010-12-27,2010-12-27 14:30:00+00:00,2010-12-27 21:00:00+00:00,390,390,0,390,390,0,0,0,0,0,0,0,480087.0,True,True,complete,True,True,True
2010-12-28,2010-12-28 14:30:00+00:00,2010-12-28 21:00:00+00:00,390,390,0,390,390,0,0,0,0,0,0,0,472611.0,True,True,complete,True,True,True
2010-12-29,2010-12-29 14:30:00+00:00,2010-12-29 21:00:00+00:00,390,390,0,390,390,0,0,0,0,0,0,0,453021.0,True,True,complete,True,True,True
2010-12-30,2010-12-30 14:30:00+00:00,2010-12-30 21:00:00+00:00,390,390,0,390,390,0,0,0,0,0,0,0,585927.0,True,True,complete,True,True,True
2010-12-31,2010-12-31 14:30:00+00:00,2010-12-31 21:00:00+00:00,390,390,0,390,390,0,0,0,0,0,0,0,683051.0,True,True,complete,True,True,True
2011-01-03,2011-01-03 14:30:00+00:00,2011-01-03 21:00:00+00:00,390,390,0,390,390,0,0,0,0,0,0,0,1114930.0,True,True,complete,True,True,True
2011-01-04,2011-01-04 14:30:00+00:00,2011-01-04 21:00:00+00:00,390,390,0,390,390,0,0,0,0,0,0,0,1175833.0,True,True,complete,True,True,True
2011-01-05,2011-01-05 14:30:00+00:00,2011-01-05 21:00:00+00:00,390,390,0,390,390,0,0,0,0,0,0,0,984893.0,True,True,complete,True,True,True
2011-01-06,2011-01-06 14:30:00+00:00,2011-01-06 21:00:00+00:00,390,390,0,390,390,0,0,0,0,0,0,0,971226.0,True,True,complete,True,True,True
2011-01-07,2011-01-07 14:30:00+00:00,2011-01-07 21:00:00+00:00,390,390,0,390,390,0,0,0,0,0,0,0,1290206.0,True,True,complete,True,True,True
2011-01-10,2011-01-10 14:30:00+00:00,2011-01-10 21:00:00+00:00,390,390,0,390,390,0,0,0,0,0,0,0,1035956.0,True,True,complete,True,True,True
2011-01-11,2011-01-11 14:30:00+00:00,2011-01-11 21:00:00+00:00,390,390,0,390,390,0,0,0,0,0,0,0,975232.0,True,True,complete,True,True,True
2011-01-12,2011-01-12 14:30:00+00:00,2011-01-12 21:00:00+00:00,390,390,0,390,390,0,0,0,0,0,0,0,827912.0,True,True,complete,True,True,True
2011-01-13,2011-01-13 14:30:00+00:00,2011-01-13 21:00:00+00:00,390,390,0,390,390,0,0,0,0,0,0,0,1007897.0,True,True,complete,True,True,True
2011-01-14,2011-01-14 14:30:00+00:00,2011-01-14 21:00:00+00:00,390,390,0,390,390,0,0,0,0,0,0,0,966686.0,True,True,complete,True,True,True
2011-01-18,2011-01-18 14:30:00+00:00,2011-01-18 21:00:00+00:00,390,390,0,390,390,0,0,0,0,0,0,0,871498.0,True,True,complete,True,True,True
2011-01-19,2011-01-19 14:30:00+00:00,2011-01-19 21:00:00+00:00,390,390,0,390,390,0,0,0,0,0,0,0,1276885.0,True,True,complete,True,True,True
2011-01-20,2011-01-20 14:30:00+00:00,2011-01-20 21:00:00+00:00,390,390,0,390,390,0,0,0,0,0,0,0,1494861.0,True,True,complete,True,True,True
2011-01-21,2011-01-21 14:30:00+00:00,2011-01-21 21:00:00+00:00,390,390,0,390,390,0,0,0,0,0,0,0,1195066.0,True,True,complete,True,True,True
2011-01-24,2011-01-24 14:30:00+00:00,2011-01-24 21:00:00+00:00,390,390,0,390,390,0,0,0,0,0,0,0,902315.0,True,True,complete,True,True,True
2011-01-25,2011-01-25 14:30:00+00:00,2011-01-25 21:00:00+00:00,390,390,0,390,390,0,0,0,0,0,0,0,1433468.0,True,True,complete,True,True,True
2011-01-26,2011-01-26 14:30:00+00:00,2011-01-26 21:00:00+00:00,390,390,0,390,390,0,0,0,0,0,0,0,1149900.0,True,True,complete,True,True,True
2011-01-27,2011-01-27 14:30:00+00:00,2011-01-27 21:00:00+00:00,390,390,0,390,390,0,0,0,0,0,0,0,995343.0,True,True,complete,True,True,True
2011-01-28,2011-01-28 14:30:00+00:00,2011-01-28 21:00:00+00:00,390,390,0,390,390,0,0,0,0,0,0,0,2334322.0,True,True,complete,True,True,True
2011-01-31,2011-01-31 14:30:00+00:00,2011-01-31 21:00:00+00:00,390,390,0,390,390,0,0,0,0,0,0,0,1241049.0,True,True,complete,True,True,True
2011-02-01,2011-02-01 14:30:00+00:00,2011-02-01 21:00:00+00:00,390,390,0,390,390,0,0,0,0,0,0,0,1337700.0,True,True,complete,True,True,True
2011-02-02,2011-02-02 14:30:00+00:00,2011-02-02 21:00:00+00:00,390,390,0,390,390,0,0,0,0,0,0,0,970492.0,True,True,complete,True,True,True
2011-02-03,2011-02-03 14:30:00+00:00,2011-02-03 21:00:00+00:00,390,390,0,390,390,0,0,0,0,0,0,0,1212000.0,True,True,complete,True,True,True
2011-02-04,2011-02-04 14:30:00+00:00,2011-02-04 21:00:00+00:00,390,390,0,390,390,0,0,0,0,0,0,0,1024679.0,True,True,complete,True,True,True
2011-02-07,2011-02-07 14:30:00+00:00,2011-02-07 21:00:00+00:00,390,390,0,390,390,0,0,0,0,0,0,0,897083.0,True,True,complete,True,True,True
2011-02-08,2011-02-08 14:30:00+00:00,2011-02-08 21:00:00+00:00,390,390,0,390,390,0,0,0,0,0,0,0,851480.0,True,True,complete,True,True,True
2011-02-09,2011-02-09 14:30:00+00:00,2011-02-09 21:00:00+00:00,390,390,0,390,390,0,0,0,0,0,0,0,1207676.0,True,True,complete,True,True,True
2011-02-10,2011-02-10 14:30:00+00:00,2011-02-10 21:00:00+00:00,390,390,0,390,390,0,0,0,0,0,0,0,1395263.0,True,True,complete,True,True,True
2011-02-11,2011-02-11 14:30:00+00:00,2011-02-11 21:00:00+00:00,390,390,0,390,390,0,0,0,0,0,0,0,1123398.0,True,True,complete,True,True,True
2011-02-14,2011-02-14 14:30:00+00:00,2011-02-14 21:00:00+00:00,390,390,0,390,390,0,0,0,0,0,0,0,755586.0,True,True,complete,True,True,True
2011-02-15,2011-02-15 14:30:00+00:00,2011-02-15 21:00:00+00:00,390,390,0,390,390,0,0,0,0,0,0,0,875920.0,True,True,complete,True,True,True
2011-02-16,2011-02-16 14:30:00+00:00,2011-02-16 21:00:00+00:00,390,390,0,390,390,0,0,0,0,0,0,0,1121364.0,True,True,complete,True,True,True
2011-02-17,2011-02-17 14:30:00+00:00,2011-02-17 21:00:00+00:00,390,390,0,390,390,0,0,0,0,0,0,0,931077.0,True,True,complete,True,True,True
2011-02-18,2011-02-18 14:30:00+00:00,2011-02-18 21:00:00+00:00,390,390,0,390,390,0,0,0,0,0,0,0,991906.0,True,True,complete,True,True,True
2011-02-22,2011-02-22 14:30:00+00:00,2011-02-22 21:00:00+00:00,390,390,0,390,390,0,0,0,0,0,0,0,1906202.0,True,True,complete,True,True,True
2011-02-23,2011-02-23 14:30:00+00:00,2011-02-23 21:00:00+00:00,390,390,0,390,390,0,0,0,0,0,0,0,1983343.0,True,True,complete,True,True,True
2011-02-24,2011-02-24 14:30:00+00:00,2011-02-24 21:00:00+00:00,390,390,0,390,390,0,0,0,0,0,0,0,1967687.0,True,True,complete,True,True,True
2011-02-25,2011-02-25 14:30:00+00:00,2011-02-25 21:00:00+00:00,390,390,0,390,390,0,0,0,0,0,0,0,1170575.0,True,True,complete,True,True,True
2011-02-28,2011-02-28 14:30:00+00:00,2011-02-28 21:00:00+00:00,390,390,0,390,390,0,0,0,0,0,0,0,1078041.0,True,True,complete,True,True,True
2011-03-01,2011-03-01 14:30:00+00:00,2011-03-01 21:00:00+00:00,390,390,0,390,390,0,0,0,0,0,0,0,1810276.0,True,True,complete,True,True,True
2011-03-02,2011-03-02 14:30:00+00:00,2011-03-02 21:00:00+00:00,390,390,0,390,390,0,0,0,0,0,0,0,1658005.0,True,True,complete,True,True,True
2011-03-03,2011-03-03 14:30:00+00:00,2011-03-03 21:00:00+00:00,390,390,0,390,390,0,0,0,0,0,0,0,1334632.0,True,True,complete,True,True,True
2011-03-04,2011-03-04 14:30:00+00:00,2011-03-04 21:00:00+00:00,390,390,0,390,390,0,0,0,0,0,0,0,2045467.0,True,True,complete,True,True,True
2011-03-07,2011-03-07 14:30:00+00:00,2011-03-07 21:00:00+00:00,390,390,0,390,390,0,0,0,0,0,0,0,1777372.0,True,True,complete,True,True,True
2011-03-08,2011-03-08 14:30:00+00:00,2011-03-08 21:00:00+00:00,390,390,0,390,390,0,0,0,0,0,0,0,1311387.0,True,True,complete,True,True,True
2011-03-09,2011-03-09 14:30:00+00:00,2011-03-09 21:00:00+00:00,390,390,0,390,390,0,0,0,0,0,0,0,1362757.0,True,True,complete,True,True,True
2011-03-10,2011-03-10 14:30:00+00:00,2011-03-10 21:00:00+00:00,390,390,0,390,390,0,0,0,0,0,0,0,2322579.0,True,True,complete,True,True,True
2011-03-11,2011-03-11 14:30:00+00:00,2011-03-11 21:00:00+00:00,390,390,0,390,390,0,0,0,0,0,0,0,1629719.0,True,True,complete,True,True,True
2011-03-14,2011-03-14 13:30:00+00:00,2011-03-14 20:00:00+00:00,390,390,0,390,390,0,0,0,0,0,0,0,1792676.0,True,True,complete,True,True,True
2011-03-15,2011-03-15 13:30:00+00:00,2011-03-15 20:00:00+00:00,390,390,0,390,390,0,0,0,0,0,0,0,2544000.0,True,True,complete,True,True,True
2011-03-16,2011-03-16 13:30:00+00:00,2011-03-16 20:00:00+00:00,390,390,0,390,390,0,0,0,0,0,0,0,3771398.0,True,True,complete,True,True,True
2011-03-17,2011-03-17 13:30:00+00:00,2011-03-17 20:00:00+00:00,390,390,0,390,390,0,0,0,0,0,0,0,1767392.0,True,True,complete,True,True,True
2011-03-18,2011-03-18 13:30:00+00:00,2011-03-18 20:00:00+00:00,390,390,0,390,390,0,0,0,0,0,0,0,1604910.0,True,True,complete,True,True,True
2011-03-21,2011-03-21 13:30:00+00:00,2011-03-21 20:00:00+00:00,390,390,0,390,390,0,0,0,0,0,0,0,1195027.0,True,True,complete,True,True,True
2011-03-22,2011-03-22 13:30:00+00:00,2011-03-22 20:00:00+00:00,390,390,0,390,390,0,0,0,0,0,0,0,1009836.0,True,True,complete,True,True,True
2011-03-23,2011-03-23 13:30:00+00:00,2011-03-23 20:00:00+00:00,390,390,0,390,390,0,0,0,0,0,0,0,1272535.0,True,True,complete,True,True,True
2011-03-24,2011-03-24 13:30:00+00:00,2011-03-24 20:00:00+00:00,390,390,0,390,390,0,0,0,0,0,0,0,1274850.0,True,True,complete,True,True,True
2011-03-25,2011-03-25 13:30:00+00:00,2011-03-25 20:00:00+00:00,390,390,0,390,390,0,0,0,0,0,0,0,1161451.0,True,True,complete,True,True,True
2011-03-28,2011-03-28 13:30:00+00:00,2011-03-28 20:00:00+00:00,390,390,0,390,390,0,0,0,0,0,0,0,866332.0,True,True,complete,True,True,True
2011-03-29,2011-03-29 13:30:00+00:00,2011-03-29 20:00:00+00:00,390,390,0,390,390,0,0,0,0,0,0,0,1005861.0,True,True,complete,True,True,True
2011-03-30,2011-03-30 13:30:00+00:00,2011-03-30 20:00:00+00:00,390,390,0,390,390,0,0,0,0,0,0,0,997406.0,True,True,complete,True,True,True
2011-03-31,2011-03-31 13:30:00+00:00,2011-03-31 20:00:00+00:00,390,390,0,390,390,0,0,0,0,0,0,0,1039163.0,True,True,complete,True,True,True
2011-04-01,2011-04-01 13:30:00+00:00,2011-04-01 20:00:00+00:00,390,390,0,390,390,0,0,0,0,0,0,0,1190386.0,True,True,complete,True,True,True
2011-04-04,2011-04-04 13:30:00+00:00,2011-04-04 20:00:00+00:00,390,390,0,390,390,0,0,0,0,0,0,0,831549.0,True,True,complete,True,True,True
2011-04-05,2011-04-05 13:30:00+00:00,2011-04-05 20:00:00+00:00,390,390,0,390,390,0,0,0,0,0,0,0,1051580.0,True,True,complete,True,True,True
2011-04-06,2011-04-06 13:30:00+00:00,2011-04-06 20:00:00+00:00,390,390,0,390,390,0,0,0,0,0,0,0,1001672.0,True,True,complete,True,True,True
2011-04-07,2011-04-07 13:30:00+00:00,2011-04-07 20:00:00+00:00,390,390,0,390,390,0,0,0,0,0,0,0,1562891.0,True,True,complete,True,True,True
2011-04-08,2011-04-08 13:30:00+00:00,2011-04-08 20:00:00+00:00,390,390,0,390,390,0,0,0,0,0,0,0,1220420.0,True,True,complete,True,True,True
2011-04-11,2011-04-11 13:30:00+00:00,2011-04-11 20:00:00+00:00,390,390,0,390,390,0,0,0,0,0,0,0,1072717.0,True,True,complete,True,True,True
2011-04-12,2011-04-12 13:30:00+00:00,2011-04-12 20:00:00+00:00,390,390,0,390,390,0,0,0,0,0,0,0,1455113.0,True,True,complete,True,True,True
2011-04-13,2011-04-13 13:30:00+00:00,2011-04-13 20:00:00+00:00,390,390,0,390,390,0,0,0,0,0,0,0,1299619.0,True,True,complete,True,True,True
2011-04-14,2011-04-14 13:30:00+00:00,2011-04-14 20:00:00+00:00,390,390,0,390,390,0,0,0,0,0,0,0,1289384.0,True,True,complete,True,True,True
2011-04-15,2011-04-15 13:30:00+00:00,2011-04-15 20:00:00+00:00,390,390,0,390,390,0,0,0,0,0,0,0,1183798.0,True,True,complete,True,True,True
2011-04-18,2011-04-18 13:30:00+00:00,2011-04-18 20:00:00+00:00,390,390,0,390,390,0,0,0,0,0,0,0,1612014.0,True,True,complete,True,True,True
2011-04-19,2011-04-19 13:30:00+00:00,2011-04-19 20:00:00+00:00,390,390,0,390,390,0,0,0,0,0,0,0,1030164.0,True,True,complete,True,True,True
2011-04-20,2011-04-20 13:30:00+00:00,2011-04-20 20:00:00+00:00,390,390,0,390,390,0,0,0,0,0,0,0,1186396.0,True,True,complete,True,True,True
2011-04-21,2011-04-21 13:30:00+00:00,2011-04-21 20:00:00+00:00,390,390,0,390,390,0,0,0,0,0,0,0,906511.0,True,True,complete,True,True,True
2011-04-25,2011-04-25 13:30:00+00:00,2011-04-25 20:00:00+00:00,390,390,0,390,390,0,0,0,0,0,0,0,509477.0,True,True,complete,True,True,True
2011-04-26,2011-04-26 13:30:00+00:00,2011-04-26 20:00:00+00:00,390,390,0,390,390,0,0,0,0,0,0,0,1006987.0,True,True,complete,True,True,True
2011-04-27,2011-04-27 13:30:00+00:00,2011-04-27 20:00:00+00:00,390,390,0,390,390,0,0,0,0,0,0,0,1143124.0,True,True,complete,True,True,True
2011-04-28,2011-04-28 13:30:00+00:00,2011-04-28 20:00:00+00:00,390,390,0,390,390,0,0,0,0,0,0,0,1036389.0,True,True,complete,True,True,True
2011-04-29,2011-04-29 13:30:00+00:00,2011-04-29 20:00:00+00:00,390,390,0,390,390,0,0,0,0,0,0,0,836184.0,True,True,complete,True,True,True
2011-05-02,2011-05-02 13:30:00+00:00,2011-05-02 20:00:00+00:00,390,390,0,390,390,0,0,0,0,0,0,0,1119729.0,True,True,complete,True,True,True
2011-05-03,2011-05-03 13:30:00+00:00,2011-05-03 20:00:00+00:00,390,390,0,390,390,0,0,0,0,0,0,0,1193870.0,True,True,complete,True,True,True
2011-05-04,2011-05-04 13:30:00+00:00,2011-05-04 20:00:00+00:00,390,390,0,390,390,0,0,0,0,0,0,0,1581425.0,True,True,complete,True,True,True
2011-05-05,2011-05-05 13:30:00+00:00,2011-05-05 20:00:00+00:00,390,390,0,390,390,0,0,0,0,0,0,0,1819188.0,True,True,complete,True,True,True
2011-05-06,2011-05-06 13:30:00+00:00,2011-05-06 20:00:00+00:00,390,390,0,390,390,0,0,0,0,0,0,0,1854114.0,True,True,complete,True,True,True
2011-05-09,2011-05-09 13:30:00+00:00,2011-05-09 20:00:00+00:00,390,390,0,390,390,0,0,0,0,0,0,0,983822.0,True,True,complete,True,True,True
2011-05-10,2011-05-10 13:30:00+00:00,2011-05-10 20:00:00+00:00,390,390,0,390,390,0,0,0,0,0,0,0,939182.0,True,True,complete,True,True,True
2011-05-11,2011-05-11 13:30:00+00:00,2011-05-11 20:00:00+00:00,390,390,0,390,390,0,0,0,0,0,0,0,1554111.0,True,True,complete,True,True,True
2011-05-12,2011-05-12 13:30:00+00:00,2011-05-12 20:00:00+00:00,390,390,0,390,390,0,0,0,0,0,0,0,1426023.0,True,True,complete,True,True,True
2011-05-13,2011-05-13 13:30:00+00:00,2011-05-13 20:00:00+00:00,390,390,0,390,390,0,0,0,0,0,0,0,1325279.0,True,True,complete,True,True,True
2011-05-16,2011-05-16 13:30:00+00:00,2011-05-16 20:00:00+00:00,390,390,0,390,390,0,0,0,0,0,0,0,1200272.0,True,True,complete,True,True,True
2011-05-17,2011-05-17 13:30:00+00:00,2011-05-17 20:00:00+00:00,390,390,0,390,390,0,0,0,0,0,0,0,1608551.0,True,True,complete,True,True,True
2011-05-18,2011-05-18 13:30:00+00:00,2011-05-18 20:00:00+00:00,390,390,0,390,390,0,0,0,0,0,0,0,1061094.0,True,True,complete,True,True,True
2011-05-19,2011-05-19 13:30:00+00:00,2011-05-19 20:00:00+00:00,390,390,0,390,390,0,0,0,0,0,0,0,1040977.0,True,True,complete,True,True,True
2011-05-20,2011-05-20 13:30:00+00:00,2011-05-20 20:00:00+00:00,390,390,0,390,390,0,0,0,0,0,0,0,1351331.0,True,True,complete,True,True,True
2011-05-23,2011-05-23 13:30:00+00:00,2011-05-23 20:00:00+00:00,390,390,0,390,390,0,0,0,0,0,0,0,1422268.0,True,True,complete,True,True,True
2011-05-24,2011-05-24 13:30:00+00:00,2011-05-24 20:00:00+00:00,390,390,0,390,390,0,0,0,0,0,0,0,1171614.0,True,True,complete,True,True,True
2011-05-25,2011-05-25 13:30:00+00:00,2011-05-25 20:00:00+00:00,390,390,0,390,390,0,0,0,0,0,0,0,1237558.0,True,True,complete,True,True,True
2011-05-26,2011-05-26 13:30:00+00:00,2011-05-26 20:00:00+00:00,390,390,0,390,390,0,0,0,0,0,0,0,1378574.0,True,True,complete,True,True,True
2011-05-27,2011-05-27 13:30:00+00:00,2011-05-27 20:00:00+00:00,390,390,0,390,390,0,0,0,0,0,0,0,978580.0,True,True,complete,True,True,True
2011-05-31,2011-05-31 13:30:00+00:00,2011-05-31 20:00:00+00:00,390,390,0,390,390,0,0,0,0,0,0,0,1310947.0,True,True,complete,True,True,True
2011-06-01,2011-06-01 13:30:00+00:00,2011-06-01 20:00:00+00:00,390,390,0,390,390,0,0,0,0,0,0,0,1831196.0,True,True,complete,True,True,True
2011-06-02,2011-06-02 13:30:00+00:00,2011-06-02 20:00:00+00:00,390,390,0,390,390,0,0,0,0,0,0,0,1664777.0,True,True,complete,True,True,True
2011-06-03,2011-06-03 13:30:00+00:00,2011-06-03 20:00:00+00:00,390,390,0,390,390,0,0,0,0,0,0,0,1699199.0,True,True,complete,True,True,True
2011-06-06,2011-06-06 13:30:00+00:00,2011-06-06 20:00:00+00:00,390,390,0,390,390,0,0,0,0,0,0,0,1504505.0,True,True,complete,True,True,True
2011-06-07,2011-06-07 13:30:00+00:00,2011-06-07 20:00:00+00:00,390,390,0,390,390,0,0,0,0,0,0,0,1355710.0,True,True,complete,True,True,True
2011-06-08,2011-06-08 13:30:00+00:00,2011-06-08 20:00:00+00:00,390,390,0,390,390,0,0,0,0,0,0,0,1696307.0,True,True,complete,True,True,True
2011-06-09,2011-06-09 13:30:00+00:00,2011-06-09 20:00:00+00:00,390,390,0,390,390,0,0,0,0,0,0,0,1213243.0,True,True,complete,True,True,True
2011-06-10,2011-06-10 13:30:00+00:00,2011-06-10 20:00:00+00:00,390,390,0,390,390,0,0,0,0,0,0,0,1927381.0,True,True,complete,True,True,True
2011-06-13,2011-06-13 13:30:00+00:00,2011-06-13 20:00:00+00:00,390,390,0,390,390,0,0,0,0,0,0,0,1558824.0,True,True,complete,True,True,True
2011-06-14,2011-06-14 13:30:00+00:00,2011-06-14 20:00:00+00:00,390,390,0,390,390,0,0,0,0,0,0,0,1269828.0,True,True,complete,True,True,True
2011-06-15,2011-06-15 13:30:00+00:00,2011-06-15 20:00:00+00:00,390,390,0,390,390,0,0,0,0,0,0,0,2421015.0,True,True,complete,True,True,True
2011-06-16,2011-06-16 13:30:00+00:00,2011-06-16 20:00:00+00:00,390,390,0,390,390,0,0,0,0,0,0,0,2306050.0,True,True,complete,True,True,True
2011-06-17,2011-06-17 13:30:00+00:00,2011-06-17 20:00:00+00:00,390,390,0,390,390,0,0,0,0,0,0,0,1936806.0,True,True,complete,True,True,True
2011-06-20,2011-06-20 13:30:00+00:00,2011-06-20 20:00:00+00:00,390,390,0,390,390,0,0,0,0,0,0,0,1279333.0,True,True,complete,True,True,True
2011-06-21,2011-06-21 13:30:00+00:00,2011-06-21 20:00:00+00:00,390,390,0,390,390,0,0,0,0,0,0,0,1572965.0,True,True,complete,True,True,True
2011-06-22,2011-06-22 13:30:00+00:00,2011-06-22 20:00:00+00:00,390,390,0,390,390,0,0,0,0,0,0,0,1508552.0,True,True,complete,True,True,True
2011-06-23,2011-06-23 13:30:00+00:00,2011-06-23 20:00:00+00:00,390,390,0,390,390,0,0,0,0,0,0,0,2727646.0,True,True,complete,True,True,True
2011-06-24,2011-06-24 13:30:00+00:00,2011-06-24 20:00:00+00:00,390,390,0,390,390,0,0,0,0,0,0,0,1866764.0,True,True,complete,True,True,True
2011-06-27,2011-06-27 13:30:00+00:00,2011-06-27 20:00:00+00:00,390,390,0,390,390,0,0,0,0,0,0,0,1406513.0,True,True,complete,True,True,True
2011-06-28,2011-06-28 13:30:00+00:00,2011-06-28 20:00:00+00:00,390,390,0,390,390,0,0,0,0,0,0,0,1323755.0,True,True,complete,True,True,True
2011-06-29,2011-06-29 13:30:00+00:00,2011-06-29 20:00:00+00:00,390,390,0,390,390,0,0,0,0,0,0,0,1902405.0,True,True,complete,True,True,True
2011-06-30,2011-06-30 13:30:00+00:00,2011-06-30 20:00:00+00:00,390,390,0,390,390,0,0,0,0,0,0,0,1644356.0,True,True,complete,True,True,True
2011-07-01,2011-07-01 13:30:00+00:00,2011-07-01 20:00:00+00:00,390,390,0,390,390,0,0,0,0,0,0,0,1707044.0,True,True,complete,True,True,True
2011-07-05,2011-07-05 13:30:00+00:00,2011-07-05 20:00:00+00:00,390,390,0,390,390,0,0,0,0,0,0,0,1398707.0,True,True,complete,True,True,True
2011-07-06,2011-07-06 13:30:00+00:00,2011-07-06 20:00:00+00:00,390,390,0,390,390,0,0,0,0,0,0,0,1169958.0,True,True,complete,True,True,True
2011-07-07,2011-07-07 13:30:00+00:00,2011-07-07 20:00:00+00:00,390,390,0,390,390,0,0,0,0,0,0,0,1245090.0,True,True,complete,True,True,True
2011-07-08,2011-07-08 13:30:00+00:00,2011-07-08 20:00:00+00:00,390,390,0,390,390,0,0,0,0,0,0,0,1382576.0,True,True,complete,True,True,True
2011-07-11,2011-07-11 13:30:00+00:00,2011-07-11 20:00:00+00:00,390,390,0,390,390,0,0,0,0,0,0,0,1517325.0,True,True,complete,True,True,True
2011-07-12,2011-07-12 13:30:00+00:00,2011-07-12 20:00:00+00:00,390,390,0,390,390,0,0,0,0,0,0,0,1778833.0,True,True,complete,True,True,True
2011-07-13,2011-07-13 13:30:00+00:00,2011-07-13 20:00:00+00:00,390,390,0,390,390,0,0,0,0,0,0,0,1632369.0,True,True,complete,True,True,True
2011-07-14,2011-07-14 13:30:00+00:00,2011-07-14 20:00:00+00:00,390,390,0,390,390,0,0,0,0,0,0,0,1946748.0,True,True,complete,True,True,True
2011-07-15,2011-07-15 13:30:00+00:00,2011-07-15 20:00:00+00:00,390,390,0,390,390,0,0,0,0,0,0,0,1661523.0,True,True,complete,True,True,True
2011-07-18,2011-07-18 13:30:00+00:00,2011-07-18 20:00:00+00:00,390,390,0,390,390,0,0,0,0,0,0,0,1509902.0,True,True,complete,True,True,True
2011-07-19,2011-07-19 13:30:00+00:00,2011-07-19 20:00:00+00:00,390,390,0,390,390,0,0,0,0,0,0,0,1401474.0,True,True,complete,True,True,True
2011-07-20,2011-07-20 13:30:00+00:00,2011-07-20 20:00:00+00:00,390,390,0,390,390,0,0,0,0,0,0,0,1082896.0,True,True,complete,True,True,True
2011-07-21,2011-07-21 13:30:00+00:00,2011-07-21 20:00:00+00:00,390,390,0,390,390,0,0,0,0,0,0,0,1915308.0,True,True,complete,True,True,True
2011-07-22,2011-07-22 13:30:00+00:00,2011-07-22 20:00:00+00:00,390,390,0,390,390,0,0,0,0,0,0,0,967374.0,True,True,complete,True,True,True
2011-07-25,2011-07-25 13:30:00+00:00,2011-07-25 20:00:00+00:00,390,390,0,390,390,0,0,0,0,0,0,0,1172017.0,True,True,complete,True,True,True
2011-07-26,2011-07-26 13:30:00+00:00,2011-07-26 20:00:00+00:00,390,390,0,390,390,0,0,0,0,0,0,0,1102537.0,True,True,complete,True,True,True
2011-07-27,2011-07-27 13:30:00+00:00,2011-07-27 20:00:00+00:00,390,390,0,390,390,0,0,0,0,0,0,0,2101128.0,True,True,complete,True,True,True
2011-07-28,2011-07-28 13:30:00+00:00,2011-07-28 20:00:00+00:00,390,390,0,390,390,0,0,0,0,0,0,0,1689874.0,True,True,complete,True,True,True
2011-07-29,2011-07-29 13:30:00+00:00,2011-07-29 20:00:00+00:00,390,390,0,390,390,0,0,0,0,0,0,0,2395275.0,True,True,complete,True,True,True
2011-08-01,2011-08-01 13:30:00+00:00,2011-08-01 20:00:00+00:00,390,390,0,390,390,0,0,0,0,0,0,0,2541215.0,True,True,complete,True,True,True
2011-08-02,2011-08-02 13:30:00+00:00,2011-08-02 20:00:00+00:00,390,390,0,390,390,0,0,0,0,0,0,0,2642203.0,True,True,complete,True,True,True
2011-08-03,2011-08-03 13:30:00+00:00,2011-08-03 20:00:00+00:00,390,390,0,390,390,0,0,0,0,0,0,0,3250110.0,True,True,complete,True,True,True
2011-08-04,2011-08-04 13:30:00+00:00,2011-08-04 20:00:00+00:00,390,390,0,390,390,0,0,0,0,0,0,0,4303438.0,True,True,complete,True,True,True
2011-08-05,2011-08-05 13:30:00+00:00,2011-08-05 20:00:00+00:00,390,390,0,390,390,0,0,0,0,0,0,0,5613883.0,True,True,complete,True,True,True
2011-08-08,2011-08-08 13:30:00+00:00,2011-08-08 20:00:00+00:00,390,390,0,390,390,0,0,0,0,0,0,0,5728627.0,True,True,complete,True,True,True
2011-08-09,2011-08-09 13:30:00+00:00,2011-08-09 20:00:00+00:00,390,390,0,390,390,0,0,0,0,0,0,0,5841992.0,True,True,complete,True,True,True
2011-08-10,2011-08-10 13:30:00+00:00,2011-08-10 20:00:00+00:00,390,390,0,390,390,0,0,0,0,0,0,0,4909216.0,True,True,complete,True,True,True
2011-08-11,2011-08-11 13:30:00+00:00,2011-08-11 20:00:00+00:00,390,390,0,390,390,0,0,0,0,0,0,0,3790039.0,True,True,complete,True,True,True
2011-08-12,2011-08-12 13:30:00+00:00,2011-08-12 20:00:00+00:00,390,390,0,390,390,0,0,0,0,0,0,0,2555681.0,True,True,complete,True,True,True
2011-08-15,2011-08-15 13:30:00+00:00,2011-08-15 20:00:00+00:00,390,390,0,390,390,0,0,0,0,0,0,0,2052586.0,True,True,complete,True,True,True
2011-08-16,2011-08-16 13:30:00+00:00,2011-08-16 20:00:00+00:00,390,390,0,390,390,0,0,0,0,0,0,0,2354549.0,True,True,complete,True,True,True
2011-08-17,2011-08-17 13:30:00+00:00,2011-08-17 20:00:00+00:00,390,390,0,390,390,0,0,0,0,0,0,0,1856404.0,True,True,complete,True,True,True
2011-08-18,2011-08-18 13:30:00+00:00,2011-08-18 20:00:00+00:00,390,390,0,390,390,0,0,0,0,0,0,0,3898333.0,True,True,complete,True,True,True
2011-08-19,2011-08-19 13:30:00+00:00,2011-08-19 20:00:00+00:00,390,390,0,390,390,0,0,0,0,0,0,0,3366525.0,True,True,complete,True,True,True
2011-08-22,2011-08-22 13:30:00+00:00,2011-08-22 20:00:00+00:00,390,390,0,390,390,0,0,0,0,0,0,0,2345818.0,True,True,complete,True,True,True
2011-08-23,2011-08-23 13:30:00+00:00,2011-08-23 20:00:00+00:00,390,390,0,390,390,0,0,0,0,0,0,0,2810891.0,True,True,complete,True,True,True
2011-08-24,2011-08-24 13:30:00+00:00,2011-08-24 20:00:00+00:00,390,390,0,390,390,0,0,0,0,0,0,0,2079481.0,True,True,complete,True,True,True
2011-08-25,2011-08-25 13:30:00+00:00,2011-08-25 20:00:00+00:00,390,390,0,390,390,0,0,0,0,0,0,0,2531534.0,True,True,complete,True,True,True
2011-08-26,2011-08-26 13:30:00+00:00,2011-08-26 20:00:00+00:00,390,390,0,390,390,0,0,0,0,0,0,0,2657591.0,True,True,complete,True,True,True
2011-08-29,2011-08-29 13:30:00+00:00,2011-08-29 20:00:00+00:00,390,390,0,390,390,0,0,0,0,0,0,0,1442232.0,True,True,complete,True,True,True
2011-08-30,2011-08-30 13:30:00+00:00,2011-08-30 20:00:00+00:00,390,390,0,390,390,0,0,0,0,0,0,0,2122020.0,True,True,complete,True,True,True
2011-08-31,2011-08-31 13:30:00+00:00,2011-08-31 20:00:00+00:00,390,390,0,390,390,0,0,0,0,0,0,0,2466095.0,True,True,complete,True,True,True
2011-09-01,2011-09-01 13:30:00+00:00,2011-09-01 20:00:00+00:00,390,390,0,390,390,0,0,0,0,0,0,0,2269552.0,True,True,complete,True,True,True
2011-09-02,2011-09-02 13:30:00+00:00,2011-09-02 20:00:00+00:00,390,390,0,390,390,0,0,0,0,0,0,0,1936750.0,True,True,complete,True,True,True
2011-09-06,2011-09-06 13:30:00+00:00,2011-09-06 20:00:00+00:00,390,390,0,390,390,0,0,0,0,0,0,0,2359522.0,True,True,complete,True,True,True
2011-09-07,2011-09-07 13:30:00+00:00,2011-09-07 20:00:00+00:00,390,390,0,390,390,0,0,0,0,0,0,0,1753809.0,True,True,complete,True,True,True
2011-09-08,2011-09-08 13:30:00+00:00,2011-09-08 20:00:00+00:00,390,390,0,390,390,0,0,0,0,0,0,0,2053901.0,True,True,complete,True,True,True
2011-09-09,2011-09-09 13:30:00+00:00,2011-09-09 20:00:00+00:00,390,390,0,390,390,0,0,0,0,0,0,0,3112880.0,True,True,complete,True,True,True
2011-09-12,2011-09-12 13:30:00+00:00,2011-09-12 20:00:00+00:00,390,390,0,390,390,0,0,0,0,0,0,0,2604077.0,True,True,complete,True,True,True
2011-09-13,2011-09-13 13:30:00+00:00,2011-09-13 20:00:00+00:00,390,390,0,390,390,0,0,0,0,0,0,0,2291108.0,True,True,complete,True,True,True
2011-09-14,2011-09-14 13:30:00+00:00,2011-09-14 20:00:00+00:00,390,390,0,390,390,0,0,0,0,0,0,0,2506578.0,True,True,complete,True,True,True
2011-09-15,2011-09-15 13:30:00+00:00,2011-09-15 20:00:00+00:00,390,390,0,390,390,0,0,0,0,0,0,0,2212350.0,True,True,complete,True,True,True
2011-09-16,2011-09-16 13:30:00+00:00,2011-09-16 20:00:00+00:00,390,390,0,390,390,0,0,0,0,0,0,0,2249223.0,True,True,complete,True,True,True
2011-09-19,2011-09-19 13:30:00+00:00,2011-09-19 20:00:00+00:00,390,390,0,390,390,0,0,0,0,0,0,0,1999771.0,True,True,complete,True,True,True
2011-09-20,2011-09-20 13:30:00+00:00,2011-09-20 20:00:00+00:00,390,390,0,390,390,0,0,0,0,0,0,0,1867125.0,True,True,complete,True,True,True
2011-09-21,2011-09-21 13:30:00+00:00,2011-09-21 20:00:00+00:00,390,390,0,390,390,0,0,0,0,0,0,0,2653337.0,True,True,complete,True,True,True
2011-09-22,2011-09-22 13:30:00+00:00,2011-09-22 20:00:00+00:00,390,390,0,390,390,0,0,0,0,0,0,0,4010895.0,True,True,complete,True,True,True
2011-09-23,2011-09-23 13:30:00+00:00,2011-09-23 20:00:00+00:00,390,390,0,390,390,0,0,0,0,0,0,0,2477836.0,True,True,complete,True,True,True
2011-09-26,2011-09-26 13:30:00+00:00,2011-09-26 20:00:00+00:00,390,390,0,390,390,0,0,0,0,0,0,0,2217643.0,True,True,complete,True,True,True
2011-09-27,2011-09-27 13:30:00+00:00,2011-09-27 20:00:00+00:00,390,390,0,390,390,0,0,0,0,0,0,0,2513977.0,True,True,complete,True,True,True
2011-09-28,2011-09-28 13:30:00+00:00,2011-09-28 20:00:00+00:00,390,390,0,390,390,0,0,0,0,0,0,0,2459635.0,True,True,complete,True,True,True
2011-09-29,2011-09-29 13:30:00+00:00,2011-09-29 20:00:00+00:00,390,390,0,390,390,0,0,0,0,0,0,0,2614176.0,True,True,complete,True,True,True
2011-09-30,2011-09-30 13:30:00+00:00,2011-09-30 20:00:00+00:00,390,390,0,390,390,0,0,0,0,0,0,0,2363037.0,True,True,complete,True,True,True
2011-10-03,2011-10-03 13:30:00+00:00,2011-10-03 20:00:00+00:00,390,390,0,390,390,0,0,0,0,0,0,0,3038984.0,True,True,complete,True,True,True
2011-10-04,2011-10-04 13:30:00+00:00,2011-10-04 20:00:00+00:00,390,390,0,390,390,0,0,0,0,0,0,0,3966161.0,True,True,complete,True,True,True
2011-10-05,2011-10-05 13:30:00+00:00,2011-10-05 20:00:00+00:00,390,390,0,390,390,0,0,0,0,0,0,0,2476677.0,True,True,complete,True,True,True
2011-10-06,2011-10-06 13:30:00+00:00,2011-10-06 20:00:00+00:00,390,390,0,390,390,0,0,0,0,0,0,0,2186884.0,True,True,complete,True,True,True
2011-10-07,2011-10-07 13:30:00+00:00,2011-10-07 20:00:00+00:00,390,390,0,390,390,0,0,0,0,0,0,0,2439822.0,True,True,complete,True,True,True
2011-10-10,2011-10-10 13:30:00+00:00,2011-10-10 20:00:00+00:00,390,390,0,390,390,0,0,0,0,0,0,0,1827560.0,True,True,complete,True,True,True
2011-10-11,2011-10-11 13:30:00+00:00,2011-10-11 20:00:00+00:00,390,390,0,390,390,0,0,0,0,0,0,0,1789066.0,True,True,complete,True,True,True
2011-10-12,2011-10-12 13:30:00+00:00,2011-10-12 20:00:00+00:00,390,390,0,390,390,0,0,0,0,0,0,0,2325850.0,True,True,complete,True,True,True
2011-10-13,2011-10-13 13:30:00+00:00,2011-10-13 20:00:00+00:00,390,390,0,390,390,0,0,0,0,0,0,0,1921941.0,True,True,complete,True,True,True
2011-10-14,2011-10-14 13:30:00+00:00,2011-10-14 20:00:00+00:00,390,390,0,390,390,0,0,0,0,0,0,0,1647412.0,True,True,complete,True,True,True
2011-10-17,2011-10-17 13:30:00+00:00,2011-10-17 20:00:00+00:00,390,390,0,390,390,0,0,0,0,0,0,0,1607228.0,True,True,complete,True,True,True
2011-10-18,2011-10-18 13:30:00+00:00,2011-10-18 20:00:00+00:00,390,390,0,390,390,0,0,0,0,0,0,0,2641121.0,True,True,complete,True,True,True
2011-10-19,2011-10-19 13:30:00+00:00,2011-10-19 20:00:00+00:00,390,390,0,390,390,0,0,0,0,0,0,0,1960183.0,True,True,complete,True,True,True
2011-10-20,2011-10-20 13:30:00+00:00,2011-10-20 20:00:00+00:00,390,390,0,390,390,0,0,0,0,0,0,0,2311915.0,True,True,complete,True,True,True
2011-10-21,2011-10-21 13:30:00+00:00,2011-10-21 20:00:00+00:00,390,390,0,390,390,0,0,0,0,0,0,0,2029698.0,True,True,complete,True,True,True
2011-10-24,2011-10-24 13:30:00+00:00,2011-10-24 20:00:00+00:00,390,390,0,390,390,0,0,0,0,0,0,0,1665768.0,True,True,complete,True,True,True
2011-10-25,2011-10-25 13:30:00+00:00,2011-10-25 20:00:00+00:00,390,390,0,390,390,0,0,0,0,0,0,0,2309295.0,True,True,complete,True,True,True
2011-10-26,2011-10-26 13:30:00+00:00,2011-10-26 20:00:00+00:00,390,390,0,390,390,0,0,0,0,0,0,0,2413186.0,True,True,complete,True,True,True
2011-10-27,2011-10-27 13:30:00+00:00,2011-10-27 20:00:00+00:00,390,390,0,390,390,0,0,0,0,0,0,0,2824459.0,True,True,complete,True,True,True
2011-10-28,2011-10-28 13:30:00+00:00,2011-10-28 20:00:00+00:00,390,390,0,390,390,0,0,0,0,0,0,0,1675657.0,True,True,complete,True,True,True
2011-10-31,2011-10-31 13:30:00+00:00,2011-10-31 20:00:00+00:00,390,390,0,390,390,0,0,0,0,0,0,0,1796131.0,True,True,complete,True,True,True
2011-11-01,2011-11-01 13:30:00+00:00,2011-11-01 20:00:00+00:00,390,390,0,390,390,0,0,0,0,0,0,0,3448125.0,True,True,complete,True,True,True
2011-11-02,2011-11-02 13:30:00+00:00,2011-11-02 20:00:00+00:00,390,390,0,390,390,0,0,0,0,0,0,0,2087078.0,True,True,complete,True,True,True
2011-11-03,2011-11-03 13:30:00+00:00,2011-11-03 20:00:00+00:00,390,390,0,390,390,0,0,0,0,0,0,0,2301392.0,True,True,complete,True,True,True
2011-11-04,2011-11-04 13:30:00+00:00,2011-11-04 20:00:00+00:00,390,390,0,390,390,0,0,0,0,0,0,0,1822149.0,True,True,complete,True,True,True
2011-11-07,2011-11-07 14:30:00+00:00,2011-11-07 21:00:00+00:00,390,390,0,390,390,0,0,0,0,0,0,0,1731895.0,True,True,complete,True,True,True
2011-11-08,2011-11-08 14:30:00+00:00,2011-11-08 21:00:00+00:00,390,390,0,390,390,0,0,0,0,0,0,0,1935314.0,True,True,complete,True,True,True
2011-11-09,2011-11-09 14:30:00+00:00,2011-11-09 21:00:00+00:00,390,390,0,390,390,0,0,0,0,0,0,0,2639455.0,True,True,complete,True,True,True
2011-11-10,2011-11-10 14:30:00+00:00,2011-11-10 21:00:00+00:00,390,390,0,390,390,0,0,0,0,0,0,0,1971544.0,True,True,complete,True,True,True
2011-11-11,2011-11-11 14:30:00+00:00,2011-11-11 21:00:00+00:00,390,390,0,390,390,0,0,0,0,0,0,0,1438458.0,True,True,complete,True,True,True
2011-11-14,2011-11-14 14:30:00+00:00,2011-11-14 21:00:00+00:00,390,390,0,390,390,0,0,0,0,0,0,0,1253204.0,True,True,complete,True,True,True
2011-11-15,2011-11-15 14:30:00+00:00,2011-11-15 21:00:00+00:00,390,390,0,390,390,0,0,0,0,0,0,0,1502527.0,True,True,complete,True,True,True
2011-11-16,2011-11-16 14:30:00+00:00,2011-11-16 21:00:00+00:00,390,390,0,390,390,0,0,0,0,0,0,0,1888693.0,True,True,complete,True,True,True
2011-11-17,2011-11-17 14:30:00+00:00,2011-11-17 21:00:00+00:00,390,390,0,390,390,0,0,0,0,0,0,0,2611987.0,True,True,complete,True,True,True
2011-11-18,2011-11-18 14:30:00+00:00,2011-11-18 21:00:00+00:00,390,390,0,390,390,0,0,0,0,0,0,0,1746775.0,True,True,complete,True,True,True
2011-11-21,2011-11-21 14:30:00+00:00,2011-11-21 21:00:00+00:00,390,390,0,390,390,0,0,0,0,0,0,0,1930797.0,True,True,complete,True,True,True
2011-11-22,2011-11-22 14:30:00+00:00,2011-11-22 21:00:00+00:00,390,390,0,390,390,0,0,0,0,0,0,0,1906816.0,True,True,complete,True,True,True
2011-11-23,2011-11-23 14:30:00+00:00,2011-11-23 21:00:00+00:00,390,390,0,390,390,0,0,0,0,0,0,0,1809065.0,True,True,complete,True,True,True
2011-11-25,2011-11-25 14:30:00+00:00,2011-11-25 18:00:00+00:00,210,210,0,210,210,0,0,0,0,0,0,0,831393.0,True,True,complete,True,True,True
2011-11-28,2011-11-28 14:30:00+00:00,2011-11-28 21:00:00+00:00,390,390,0,390,390,0,0,0,0,0,0,0,1700405.0,True,True,complete,True,True,True
2011-11-29,2011-11-29 14:30:00+00:00,2011-11-29 21:00:00+00:00,390,390,0,390,390,0,0,0,0,0,0,0,1614545.0,True,True,complete,True,True,True
2011-11-30,2011-11-30 14:30:00+00:00,2011-11-30 21:00:00+00:00,390,390,0,390,390,0,0,0,0,0,0,0,2267959.0,True,True,complete,True,True,True
2011-12-01,2011-12-01 14:30:00+00:00,2011-12-01 21:00:00+00:00,390,390,0,390,390,0,0,0,0,0,0,0,1506967.0,True,True,complete,True,True,True
2011-12-02,2011-12-02 14:30:00+00:00,2011-12-02 21:00:00+00:00,390,390,0,390,390,0,0,0,0,0,0,0,1579692.0,True,True,complete,True,True,True
2011-12-05,2011-12-05 14:30:00+00:00,2011-12-05 21:00:00+00:00,390,390,0,390,390,0,0,0,0,0,0,0,1797566.0,True,True,complete,True,True,True
2011-12-06,2011-12-06 14:30:00+00:00,2011-12-06 21:00:00+00:00,390,390,0,390,390,0,0,0,0,0,0,0,1326047.0,True,True,complete,True,True,True
2011-12-07,2011-12-07 14:30:00+00:00,2011-12-07 21:00:00+00:00,390,390,0,390,390,0,0,0,0,0,0,0,1730151.0,True,True,complete,True,True,True
2011-12-08,2011-12-08 14:30:00+00:00,2011-12-08 21:00:00+00:00,390,390,0,390,390,0,0,0,0,0,0,0,1935522.0,True,True,complete,True,True,True
2011-12-09,2011-12-09 14:30:00+00:00,2011-12-09 21:00:00+00:00,390,390,0,390,390,0,0,0,0,0,0,0,1621949.0,True,True,complete,True,True,True
2011-12-12,2011-12-12 14:30:00+00:00,2011-12-12 21:00:00+00:00,390,390,0,390,390,0,0,0,0,0,0,0,1660195.0,True,True,complete,True,True,True
2011-12-13,2011-12-13 14:30:00+00:00,2011-12-13 21:00:00+00:00,390,390,0,390,390,0,0,0,0,0,0,0,2041618.0,True,True,complete,True,True,True
2011-12-14,2011-12-14 14:30:00+00:00,2011-12-14 21:00:00+00:00,390,390,0,390,390,0,0,0,0,0,0,0,1929073.0,True,True,complete,True,True,True
2011-12-15,2011-12-15 14:30:00+00:00,2011-12-15 21:00:00+00:00,390,390,0,390,390,0,0,0,0,0,0,0,1436032.0,True,True,complete,True,True,True
2011-12-16,2011-12-16 14:30:00+00:00,2011-12-16 21:00:00+00:00,390,390,0,390,390,0,0,0,0,0,0,0,1728690.0,True,True,complete,True,True,True
2011-12-19,2011-12-19 14:30:00+00:00,2011-12-19 21:00:00+00:00,390,390,0,390,390,0,0,0,0,0,0,0,1457860.0,True,True,complete,True,True,True
2011-12-20,2011-12-20 14:30:00+00:00,2011-12-20 21:00:00+00:00,390,390,0,390,390,0,0,0,0,0,0,0,1608435.0,True,True,complete,True,True,True
2011-12-21,2011-12-21 14:30:00+00:00,2011-12-21 21:00:00+00:00,390,390,0,390,390,0,0,0,0,0,0,0,1524859.0,True,True,complete,True,True,True
2011-12-22,2011-12-22 14:30:00+00:00,2011-12-22 21:00:00+00:00,390,390,0,390,390,0,0,0,0,0,0,0,1001896.0,True,True,complete,True,True,True
2011-12-23,2011-12-23 14:30:00+00:00,2011-12-23 21:00:00+00:00,390,390,0,390,390,0,0,0,0,0,0,0,637142.0,True,True,complete,True,True,True
2011-12-27,2011-12-27 14:30:00+00:00,2011-12-27 21:00:00+00:00,390,390,0,390,390,0,0,0,0,0,0,0,622639.0,True,True,complete,True,True,True
2011-12-28,2011-12-28 14:30:00+00:00,2011-12-28 21:00:00+00:00,390,390,0,390,390,0,0,0,0,0,0,0,1020586.0,True,True,complete,True,True,True
2011-12-29,2011-12-29 14:30:00+00:00,2011-12-29 21:00:00+00:00,390,390,0,390,390,0,0,0,0,0,0,0,855950.0,True,True,complete,True,True,True
2011-12-30,2011-12-30 14:30:00+00:00,2011-12-30 21:00:00+00:00,390,390,0,390,390,0,0,0,0,0,0,0,677274.0,True,True,complete,True,True,True
2012-01-03,2012-01-03 14:30:00+00:00,2012-01-03 21:00:00+00:00,390,390,0,390,390,0,0,0,0,0,0,0,1401329.0,True,True,complete,True,True,True
2012-01-04,2012-01-04 14:30:00+00:00,2012-01-04 21:00:00+00:00,390,390,0,390,390,0,0,0,0,0,0,0,991094.0,True,True,complete,True,True,True
2012-01-05,2012-01-05 14:30:00+00:00,2012-01-05 21:00:00+00:00,390,390,0,390,390,0,0,0,0,0,0,0,1398095.0,True,True,complete,True,True,True
2012-01-06,2012-01-06 14:30:00+00:00,2012-01-06 21:00:00+00:00,390,390,0,390,390,0,0,0,0,0,0,0,1181933.0,True,True,complete,True,True,True
2012-01-09,2012-01-09 14:30:00+00:00,2012-01-09 21:00:00+00:00,390,390,0,390,390,0,0,0,0,0,0,0,832409.0,True,True,complete,True,True,True
2012-01-10,2012-01-10 14:30:00+00:00,2012-01-10 21:00:00+00:00,390,390,0,390,390,0,0,0,0,0,0,0,1008487.0,True,True,complete,True,True,True
2012-01-11,2012-01-11 14:30:00+00:00,2012-01-11 21:00:00+00:00,390,390,0,390,390,0,0,0,0,0,0,0,949638.0,True,True,complete,True,True,True
2012-01-12,2012-01-12 14:30:00+00:00,2012-01-12 21:00:00+00:00,390,390,0,390,390,0,0,0,0,0,0,0,1006451.0,True,True,complete,True,True,True
2012-01-13,2012-01-13 14:30:00+00:00,2012-01-13 21:00:00+00:00,390,390,0,390,390,0,0,0,0,0,0,0,1528594.0,True,True,complete,True,True,True
2012-01-17,2012-01-17 14:30:00+00:00,2012-01-17 21:00:00+00:00,390,390,0,390,390,0,0,0,0,0,0,0,1064900.0,True,True,complete,True,True,True
2012-01-18,2012-01-18 14:30:00+00:00,2012-01-18 21:00:00+00:00,390,390,0,390,390,0,0,0,0,0,0,0,1169789.0,True,True,complete,True,True,True
2012-01-19,2012-01-19 14:30:00+00:00,2012-01-19 21:00:00+00:00,390,390,0,390,390,0,0,0,0,0,0,0,997559.0,True,True,complete,True,True,True
2012-01-20,2012-01-20 14:30:00+00:00,2012-01-20 21:00:00+00:00,390,390,0,390,390,0,0,0,0,0,0,0,953114.0,True,True,complete,True,True,True
2012-01-23,2012-01-23 14:30:00+00:00,2012-01-23 21:00:00+00:00,390,390,0,390,390,0,0,0,0,0,0,0,1076158.0,True,True,complete,True,True,True
2012-01-24,2012-01-24 14:30:00+00:00,2012-01-24 21:00:00+00:00,390,390,0,390,390,0,0,0,0,0,0,0,847410.0,True,True,complete,True,True,True
2012-01-25,2012-01-25 14:30:00+00:00,2012-01-25 21:00:00+00:00,390,390,0,390,390,0,0,0,0,0,0,0,1592612.0,True,True,complete,True,True,True
2012-01-26,2012-01-26 14:30:00+00:00,2012-01-26 21:00:00+00:00,390,390,0,390,390,0,0,0,0,0,0,0,1476061.0,True,True,complete,True,True,True
2012-01-27,2012-01-27 14:30:00+00:00,2012-01-27 21:00:00+00:00,390,390,0,390,390,0,0,0,0,0,0,0,1147783.0,True,True,complete,True,True,True
2012-01-30,2012-01-30 14:30:00+00:00,2012-01-30 21:00:00+00:00,390,390,0,390,390,0,0,0,0,0,0,0,1221794.0,True,True,complete,True,True,True
2012-01-31,2012-01-31 14:30:00+00:00,2012-01-31 21:00:00+00:00,390,390,0,390,390,0,0,0,0,0,0,0,1319656.0,True,True,complete,True,True,True
2012-02-01,2012-02-01 14:30:00+00:00,2012-02-01 21:00:00+00:00,390,390,0,390,390,0,0,0,0,0,0,0,1342120.0,True,True,complete,True,True,True
2012-02-02,2012-02-02 14:30:00+00:00,2012-02-02 21:00:00+00:00,390,390,0,390,390,0,0,0,0,0,0,0,945280.0,True,True,complete,True,True,True
2012-02-03,2012-02-03 14:30:00+00:00,2012-02-03 21:00:00+00:00,390,390,0,390,390,0,0,0,0,0,0,0,1173383.0,True,True,complete,True,True,True
2012-02-06,2012-02-06 14:30:00+00:00,2012-02-06 21:00:00+00:00,390,390,0,390,390,0,0,0,0,0,0,0,838570.0,True,True,complete,True,True,True
2012-02-07,2012-02-07 14:30:00+00:00,2012-02-07 21:00:00+00:00,390,390,0,390,390,0,0,0,0,0,0,0,1136967.0,True,True,complete,True,True,True
2012-02-08,2012-02-08 14:30:00+00:00,2012-02-08 21:00:00+00:00,390,390,0,390,390,0,0,0,0,0,0,0,1131034.0,True,True,complete,True,True,True
2012-02-09,2012-02-09 14:30:00+00:00,2012-02-09 21:00:00+00:00,390,390,0,390,390,0,0,0,0,0,0,0,1231780.0,True,True,complete,True,True,True
2012-02-10,2012-02-10 14:30:00+00:00,2012-02-10 21:00:00+00:00,390,390,0,390,390,0,0,0,0,0,0,0,1340647.0,True,True,complete,True,True,True
2012-02-13,2012-02-13 14:30:00+00:00,2012-02-13 21:00:00+00:00,390,390,0,390,390,0,0,0,0,0,0,0,981857.0,True,True,complete,True,True,True
2012-02-14,2012-02-14 14:30:00+00:00,2012-02-14 21:00:00+00:00,390,390,0,390,390,0,0,0,0,0,0,0,1395799.0,True,True,complete,True,True,True
2012-02-15,2012-02-15 14:30:00+00:00,2012-02-15 21:00:00+00:00,390,390,0,390,390,0,0,0,0,0,0,0,1698308.0,True,True,complete,True,True,True
2012-02-16,2012-02-16 14:30:00+00:00,2012-02-16 21:00:00+00:00,390,390,0,390,390,0,0,0,0,0,0,0,1467991.0,True,True,complete,True,True,True
2012-02-17,2012-02-17 14:30:00+00:00,2012-02-17 21:00:00+00:00,390,390,0,390,390,0,0,0,0,0,0,0,1011526.0,True,True,complete,True,True,True
2012-02-21,2012-02-21 14:30:00+00:00,2012-02-21 21:00:00+00:00,390,390,0,390,390,0,0,0,0,0,0,0,1062606.0,True,True,complete,True,True,True
2012-02-22,2012-02-22 14:30:00+00:00,2012-02-22 21:00:00+00:00,390,390,0,390,390,0,0,0,0,0,0,0,1084230.0,True,True,complete,True,True,True
2012-02-23,2012-02-23 14:30:00+00:00,2012-02-23 21:00:00+00:00,390,390,0,390,390,0,0,0,0,0,0,0,1126512.0,True,True,complete,True,True,True
2012-02-24,2012-02-24 14:30:00+00:00,2012-02-24 21:00:00+00:00,390,390,0,390,390,0,0,0,0,0,0,0,929206.0,True,True,complete,True,True,True
2012-02-27,2012-02-27 14:30:00+00:00,2012-02-27 21:00:00+00:00,390,390,0,390,390,0,0,0,0,0,0,0,1235473.0,True,True,complete,True,True,True
2012-02-28,2012-02-28 14:30:00+00:00,2012-02-28 21:00:00+00:00,390,390,0,390,390,0,0,0,0,0,0,0,1129890.0,True,True,complete,True,True,True
2012-02-29,2012-02-29 14:30:00+00:00,2012-02-29 21:00:00+00:00,390,390,0,390,390,0,0,0,0,0,0,0,1527890.0,True,True,complete,True,True,True
2012-03-01,2012-03-01 14:30:00+00:00,2012-03-01 21:00:00+00:00,390,390,0,390,390,0,0,0,0,0,0,0,1219475.0,True,True,complete,True,True,True
2012-03-02,2012-03-02 14:30:00+00:00,2012-03-02 21:00:00+00:00,390,390,0,390,390,0,0,0,0,0,0,0,959271.0,True,True,complete,True,True,True
2012-03-05,2012-03-05 14:30:00+00:00,2012-03-05 21:00:00+00:00,390,390,0,390,390,0,0,0,0,0,0,0,1127123.0,True,True,complete,True,True,True
2012-03-06,2012-03-06 14:30:00+00:00,2012-03-06 21:00:00+00:00,390,390,0,390,390,0,0,0,0,0,0,0,1644024.0,True,True,complete,True,True,True
2012-03-07,2012-03-07 14:30:00+00:00,2012-03-07 21:00:00+00:00,390,390,0,390,390,0,0,0,0,0,0,0,1154228.0,True,True,complete,True,True,True
2012-03-08,2012-03-08 14:30:00+00:00,2012-03-08 21:00:00+00:00,390,390,0,390,390,0,0,0,0,0,0,0,940868.0,True,True,complete,True,True,True
2012-03-09,2012-03-09 14:30:00+00:00,2012-03-09 21:00:00+00:00,390,390,0,390,390,0,0,0,0,0,0,0,999146.0,True,True,complete,True,True,True
2012-03-12,2012-03-12 13:30:00+00:00,2012-03-12 20:00:00+00:00,390,390,0,390,390,0,0,0,0,0,0,0,830634.0,True,True,complete,True,True,True
2012-03-13,2012-03-13 13:30:00+00:00,2012-03-13 20:00:00+00:00,390,390,0,390,390,0,0,0,0,0,0,0,1490443.0,True,True,complete,True,True,True
2012-03-14,2012-03-14 13:30:00+00:00,2012-03-14 20:00:00+00:00,390,390,0,390,390,0,0,0,0,0,0,0,1182961.0,True,True,complete,True,True,True
2012-03-15,2012-03-15 13:30:00+00:00,2012-03-15 20:00:00+00:00,390,390,0,390,390,0,0,0,0,0,0,0,1265408.0,True,True,complete,True,True,True
2012-03-16,2012-03-16 13:30:00+00:00,2012-03-16 20:00:00+00:00,390,390,0,390,390,0,0,0,0,0,0,0,1061682.0,True,True,complete,True,True,True
2012-03-19,2012-03-19 13:30:00+00:00,2012-03-19 20:00:00+00:00,390,390,0,390,390,0,0,0,0,0,0,0,960619.0,True,True,complete,True,True,True
2012-03-20,2012-03-20 13:30:00+00:00,2012-03-20 20:00:00+00:00,390,390,0,390,390,0,0,0,0,0,0,0,1027386.0,True,True,complete,True,True,True
2012-03-21,2012-03-21 13:30:00+00:00,2012-03-21 20:00:00+00:00,390,390,0,390,390,0,0,0,0,0,0,0,995618.0,True,True,complete,True,True,True
2012-03-22,2012-03-22 13:30:00+00:00,2012-03-22 20:00:00+00:00,390,390,0,390,390,0,0,0,0,0,0,0,1181037.0,True,True,complete,True,True,True
2012-03-23,2012-03-23 13:30:00+00:00,2012-03-23 20:00:00+00:00,390,390,0,390,390,0,0,0,0,0,0,0,964739.0,True,True,complete,True,True,True
2012-03-26,2012-03-26 13:30:00+00:00,2012-03-26 20:00:00+00:00,390,390,0,390,390,0,0,0,0,0,0,0,923278.0,True,True,complete,True,True,True
2012-03-27,2012-03-27 13:30:00+00:00,2012-03-27 20:00:00+00:00,390,390,0,390,390,0,0,0,0,0,0,0,855147.0,True,True,complete,True,True,True
2012-03-28,2012-03-28 13:30:00+00:00,2012-03-28 20:00:00+00:00,390,390,0,390,390,0,0,0,0,0,0,0,1239924.0,True,True,complete,True,True,True
2012-03-29,2012-03-29 13:30:00+00:00,2012-03-29 20:00:00+00:00,390,390,0,390,390,0,0,0,0,0,0,0,1344337.0,True,True,complete,True,True,True
2012-03-30,2012-03-30 13:30:00+00:00,2012-03-30 20:00:00+00:00,390,390,0,390,390,0,0,0,0,0,0,0,1072891.0,True,True,complete,True,True,True
2012-04-02,2012-04-02 13:30:00+00:00,2012-04-02 20:00:00+00:00,390,390,0,390,390,0,0,0,0,0,0,0,1159756.0,True,True,complete,True,True,True
2012-04-03,2012-04-03 13:30:00+00:00,2012-04-03 20:00:00+00:00,390,390,0,390,390,0,0,0,0,0,0,0,1316738.0,True,True,complete,True,True,True
2012-04-04,2012-04-04 13:30:00+00:00,2012-04-04 20:00:00+00:00,390,390,0,390,390,0,0,0,0,0,0,0,1285619.0,True,True,complete,True,True,True
2012-04-05,2012-04-05 13:30:00+00:00,2012-04-05 20:00:00+00:00,390,390,0,390,390,0,0,0,0,0,0,0,981417.0,True,True,complete,True,True,True
2012-04-09,2012-04-09 13:30:00+00:00,2012-04-09 20:00:00+00:00,390,390,0,390,390,0,0,0,0,0,0,0,942118.0,True,True,complete,True,True,True
2012-04-10,2012-04-10 13:30:00+00:00,2012-04-10 20:00:00+00:00,390,390,0,390,390,0,0,0,0,0,0,0,2098345.0,True,True,complete,True,True,True
2012-04-11,2012-04-11 13:30:00+00:00,2012-04-11 20:00:00+00:00,390,390,0,390,390,0,0,0,0,0,0,0,1253256.0,True,True,complete,True,True,True
2012-04-12,2012-04-12 13:30:00+00:00,2012-04-12 20:00:00+00:00,390,390,0,390,390,0,0,0,0,0,0,0,1290619.0,True,True,complete,True,True,True
2012-04-13,2012-04-13 13:30:00+00:00,2012-04-13 20:00:00+00:00,390,390,0,390,390,0,0,0,0,0,0,0,1338288.0,True,True,complete,True,True,True
2012-04-16,2012-04-16 13:30:00+00:00,2012-04-16 20:00:00+00:00,390,390,0,390,390,0,0,0,0,0,0,0,1335984.0,True,True,complete,True,True,True
2012-04-17,2012-04-17 13:30:00+00:00,2012-04-17 20:00:00+00:00,390,390,0,390,390,0,0,0,0,0,0,0,1179814.0,True,True,complete,True,True,True
2012-04-18,2012-04-18 13:30:00+00:00,2012-04-18 20:00:00+00:00,390,390,0,390,390,0,0,0,0,0,0,0,1073927.0,True,True,complete,True,True,True
2012-04-19,2012-04-19 13:30:00+00:00,2012-04-19 20:00:00+00:00,390,390,0,390,390,0,0,0,0,0,0,0,1686421.0,True,True,complete,True,True,True
2012-04-20,2012-04-20 13:30:00+00:00,2012-04-20 20:00:00+00:00,390,390,0,390,390,0,0,0,0,0,0,0,1119755.0,True,True,complete,True,True,True
2012-04-23,2012-04-23 13:30:00+00:00,2012-04-23 20:00:00+00:00,390,390,0,390,390,0,0,0,0,0,0,0,1277010.0,True,True,complete,True,True,True
2012-04-24,2012-04-24 13:30:00+00:00,2012-04-24 20:00:00+00:00,390,390,0,390,390,0,0,0,0,0,0,0,1148558.0,True,True,complete,True,True,True
2012-04-25,2012-04-25 13:30:00+00:00,2012-04-25 20:00:00+00:00,390,390,0,390,390,0,0,0,0,0,0,0,1263033.0,True,True,complete,True,True,True
2012-04-26,2012-04-26 13:30:00+00:00,2012-04-26 20:00:00+00:00,390,390,0,390,390,0,0,0,0,0,0,0,1093888.0,True,True,complete,True,True,True
2012-04-27,2012-04-27 13:30:00+00:00,2012-04-27 20:00:00+00:00,390,390,0,390,390,0,0,0,0,0,0,0,984455.0,True,True,complete,True,True,True
2012-04-30,2012-04-30 13:30:00+00:00,2012-04-30 20:00:00+00:00,390,390,0,390,390,0,0,0,0,0,0,0,900279.0,True,True,complete,True,True,True
2012-05-01,2012-05-01 13:30:00+00:00,2012-05-01 20:00:00+00:00,390,390,0,390,390,0,0,0,0,0,0,0,1047414.0,True,True,complete,True,True,True
2012-05-02,2012-05-02 13:30:00+00:00,2012-05-02 20:00:00+00:00,390,390,0,390,390,0,0,0,0,0,0,0,957550.0,True,True,complete,True,True,True
2012-05-03,2012-05-03 13:30:00+00:00,2012-05-03 20:00:00+00:00,390,390,0,390,390,0,0,0,0,0,0,0,1175178.0,True,True,complete,True,True,True
2012-05-04,2012-05-04 13:30:00+00:00,2012-05-04 20:00:00+00:00,390,390,0,390,390,0,0,0,0,0,0,0,1484805.0,True,True,complete,True,True,True
2012-05-07,2012-05-07 13:30:00+00:00,2012-05-07 20:00:00+00:00,390,390,0,390,390,0,0,0,0,0,0,0,1025719.0,True,True,complete,True,True,True
2012-05-08,2012-05-08 13:30:00+00:00,2012-05-08 20:00:00+00:00,390,390,0,390,390,0,0,0,0,0,0,0,1820436.0,True,True,complete,True,True,True
2012-05-09,2012-05-09 13:30:00+00:00,2012-05-09 20:00:00+00:00,390,390,0,390,390,0,0,0,0,0,0,0,1941268.0,True,True,complete,True,True,True
2012-05-10,2012-05-10 13:30:00+00:00,2012-05-10 20:00:00+00:00,390,390,0,390,390,0,0,0,0,0,0,0,1244690.0,True,True,complete,True,True,True
2012-05-11,2012-05-11 13:30:00+00:00,2012-05-11 20:00:00+00:00,390,390,0,390,390,0,0,0,0,0,0,0,1296665.0,True,True,complete,True,True,True
2012-05-14,2012-05-14 13:30:00+00:00,2012-05-14 20:00:00+00:00,390,390,0,390,390,0,0,0,0,0,0,0,1293221.0,True,True,complete,True,True,True
2012-05-15,2012-05-15 13:30:00+00:00,2012-05-15 20:00:00+00:00,390,390,0,390,390,0,0,0,0,0,0,0,1636789.0,True,True,complete,True,True,True
2012-05-16,2012-05-16 13:30:00+00:00,2012-05-16 20:00:00+00:00,390,390,0,390,390,0,0,0,0,0,0,0,1763916.0,True,True,complete,True,True,True
2012-05-17,2012-05-17 13:30:00+00:00,2012-05-17 20:00:00+00:00,390,390,0,390,390,0,0,0,0,0,0,0,2043997.0,True,True,complete,True,True,True
2012-05-18,2012-05-18 13:30:00+00:00,2012-05-18 20:00:00+00:00,390,390,0,390,390,0,0,0,0,0,0,0,2286179.0,True,True,complete,True,True,True
2012-05-21,2012-05-21 13:30:00+00:00,2012-05-21 20:00:00+00:00,390,390,0,390,390,0,0,0,0,0,0,0,1426944.0,True,True,complete,True,True,True
2012-05-22,2012-05-22 13:30:00+00:00,2012-05-22 20:00:00+00:00,390,390,0,390,390,0,0,0,0,0,0,0,1586729.0,True,True,complete,True,True,True
2012-05-23,2012-05-23 13:30:00+00:00,2012-05-23 20:00:00+00:00,390,390,0,390,390,0,0,0,0,0,0,0,1831422.0,True,True,complete,True,True,True
2012-05-24,2012-05-24 13:30:00+00:00,2012-05-24 20:00:00+00:00,390,390,0,390,390,0,0,0,0,0,0,0,1409767.0,True,True,complete,True,True,True
2012-05-25,2012-05-25 13:30:00+00:00,2012-05-25 20:00:00+00:00,390,390,0,390,390,0,0,0,0,0,0,0,1073495.0,True,True,complete,True,True,True
2012-05-29,2012-05-29 13:30:00+00:00,2012-05-29 20:00:00+00:00,390,390,0,390,390,0,0,0,0,0,0,0,1292790.0,True,True,complete,True,True,True
2012-05-30,2012-05-30 13:30:00+00:00,2012-05-30 20:00:00+00:00,390,390,0,390,390,0,0,0,0,0,0,0,1301269.0,True,True,complete,True,True,True
2012-05-31,2012-05-31 13:30:00+00:00,2012-05-31 20:00:00+00:00,390,390,0,390,390,0,0,0,0,0,0,0,1703522.0,True,True,complete,True,True,True
2012-06-01,2012-06-01 13:30:00+00:00,2012-06-01 20:00:00+00:00,390,390,0,390,390,0,0,0,0,0,0,0,1884818.0,True,True,complete,True,True,True
2012-06-04,2012-06-04 13:30:00+00:00,2012-06-04 20:00:00+00:00,390,390,0,390,390,0,0,0,0,0,0,0,1558002.0,True,True,complete,True,True,True
2012-06-05,2012-06-05 13:30:00+00:00,2012-06-05 20:00:00+00:00,390,390,0,390,390,0,0,0,0,0,0,0,1329867.0,True,True,complete,True,True,True
2012-06-06,2012-06-06 13:30:00+00:00,2012-06-06 20:00:00+00:00,390,390,0,390,390,0,0,0,0,0,0,0,1516839.0,True,True,complete,True,True,True
2012-06-07,2012-06-07 13:30:00+00:00,2012-06-07 20:00:00+00:00,390,390,0,390,390,0,0,0,0,0,0,0,1526207.0,True,True,complete,True,True,True
2012-06-08,2012-06-08 13:30:00+00:00,2012-06-08 20:00:00+00:00,390,390,0,390,390,0,0,0,0,0,0,0,1128465.0,True,True,complete,True,True,True
2012-06-11,2012-06-11 13:30:00+00:00,2012-06-11 20:00:00+00:00,390,390,0,390,390,0,0,0,0,0,0,0,1390005.0,True,True,complete,True,True,True
2012-06-12,2012-06-12 13:30:00+00:00,2012-06-12 20:00:00+00:00,390,390,0,390,390,0,0,0,0,0,0,0,1488564.0,True,True,complete,True,True,True
2012-06-13,2012-06-13 13:30:00+00:00,2012-06-13 20:00:00+00:00,390,390,0,390,390,0,0,0,0,0,0,0,1363680.0,True,True,complete,True,True,True
2012-06-14,2012-06-14 13:30:00+00:00,2012-06-14 20:00:00+00:00,390,390,0,390,390,0,0,0,0,0,0,0,1751439.0,True,True,complete,True,True,True
2012-06-15,2012-06-15 13:30:00+00:00,2012-06-15 20:00:00+00:00,390,390,0,390,390,0,0,0,0,0,0,0,1335012.0,True,True,complete,True,True,True
2012-06-18,2012-06-18 13:30:00+00:00,2012-06-18 20:00:00+00:00,390,390,0,390,390,0,0,0,0,0,0,0,1119630.0,True,True,complete,True,True,True
2012-06-19,2012-06-19 13:30:00+00:00,2012-06-19 20:00:00+00:00,390,390,0,390,390,0,0,0,0,0,0,0,1165946.0,True,True,complete,True,True,True
2012-06-20,2012-06-20 13:30:00+00:00,2012-06-20 20:00:00+00:00,390,390,0,390,390,0,0,0,0,0,0,0,1770671.0,True,True,complete,True,True,True
2012-06-21,2012-06-21 13:30:00+00:00,2012-06-21 20:00:00+00:00,390,390,0,390,390,0,0,0,0,0,0,0,1740204.0,True,True,complete,True,True,True
2012-06-22,2012-06-22 13:30:00+00:00,2012-06-22 20:00:00+00:00,390,390,0,390,390,0,0,0,0,0,0,0,1053938.0,True,True,complete,True,True,True
2012-06-25,2012-06-25 13:30:00+00:00,2012-06-25 20:00:00+00:00,390,390,0,390,390,0,0,0,0,0,0,0,1190020.0,True,True,complete,True,True,True
2012-06-26,2012-06-26 13:30:00+00:00,2012-06-26 20:00:00+00:00,390,390,0,390,390,0,0,0,0,0,0,0,1227806.0,True,True,complete,True,True,True
2012-06-27,2012-06-27 13:30:00+00:00,2012-06-27 20:00:00+00:00,390,390,0,390,390,0,0,0,0,0,0,0,907798.0,True,True,complete,True,True,True
2012-06-28,2012-06-28 13:30:00+00:00,2012-06-28 20:00:00+00:00,390,390,0,390,390,0,0,0,0,0,0,0,1445315.0,True,True,complete,True,True,True
2012-06-29,2012-06-29 13:30:00+00:00,2012-06-29 20:00:00+00:00,390,390,0,390,390,0,0,0,0,0,0,0,1492803.0,True,True,complete,True,True,True
2012-07-02,2012-07-02 13:30:00+00:00,2012-07-02 20:00:00+00:00,390,390,0,390,390,0,0,0,0,0,0,0,1071193.0,True,True,complete,True,True,True
2012-07-03,2012-07-03 13:30:00+00:00,2012-07-03 17:00:00+00:00,210,210,0,210,210,0,0,0,0,0,0,0,665786.0,True,True,complete,True,True,True
2012-07-05,2012-07-05 13:30:00+00:00,2012-07-05 20:00:00+00:00,390,390,0,390,390,0,0,0,0,0,0,0,983546.0,True,True,complete,True,True,True
2012-07-06,2012-07-06 13:30:00+00:00,2012-07-06 20:00:00+00:00,390,390,0,390,390,0,0,0,0,0,0,0,1099787.0,True,True,complete,True,True,True
2012-07-09,2012-07-09 13:30:00+00:00,2012-07-09 20:00:00+00:00,390,390,0,390,390,0,0,0,0,0,0,0,864281.0,True,True,complete,True,True,True
2012-07-10,2012-07-10 13:30:00+00:00,2012-07-10 20:00:00+00:00,390,390,0,390,390,0,0,0,0,0,0,0,1259308.0,True,True,complete,True,True,True
2012-07-11,2012-07-11 13:30:00+00:00,2012-07-11 20:00:00+00:00,390,390,0,390,390,0,0,0,0,0,0,0,1237387.0,True,True,complete,True,True,True
2012-07-12,2012-07-12 13:30:00+00:00,2012-07-12 20:00:00+00:00,390,390,0,390,390,0,0,0,0,0,0,0,1155791.0,True,True,complete,True,True,True
2012-07-13,2012-07-13 13:30:00+00:00,2012-07-13 20:00:00+00:00,390,390,0,390,390,0,0,0,0,0,0,0,1082015.0,True,True,complete,True,True,True
2012-07-16,2012-07-16 13:30:00+00:00,2012-07-16 20:00:00+00:00,390,390,0,390,390,0,0,0,0,0,0,0,779055.0,True,True,complete,True,True,True
2012-07-17,2012-07-17 13:30:00+00:00,2012-07-17 20:00:00+00:00,390,390,0,390,390,0,0,0,0,0,0,0,1148689.0,True,True,complete,True,True,True
2012-07-18,2012-07-18 13:30:00+00:00,2012-07-18 20:00:00+00:00,390,390,0,390,390,0,0,0,0,0,0,0,960096.0,True,True,complete,True,True,True
2012-07-19,2012-07-19 13:30:00+00:00,2012-07-19 20:00:00+00:00,390,390,0,390,390,0,0,0,0,0,0,0,1038298.0,True,True,complete,True,True,True
2012-07-20,2012-07-20 13:30:00+00:00,2012-07-20 20:00:00+00:00,390,390,0,390,390,0,0,0,0,0,0,0,1020538.0,True,True,complete,True,True,True
2012-07-23,2012-07-23 13:30:00+00:00,2012-07-23 20:00:00+00:00,390,390,0,390,390,0,0,0,0,0,0,0,1061581.0,True,True,complete,True,True,True
2012-07-24,2012-07-24 13:30:00+00:00,2012-07-24 20:00:00+00:00,390,390,0,390,390,0,0,0,0,0,0,0,1330368.0,True,True,complete,True,True,True
2012-07-25,2012-07-25 13:30:00+00:00,2012-07-25 20:00:00+00:00,390,390,0,390,390,0,0,0,0,0,0,0,999327.0,True,True,complete,True,True,True
2012-07-26,2012-07-26 13:30:00+00:00,2012-07-26 20:00:00+00:00,390,390,0,390,390,0,0,0,0,0,0,0,1160990.0,True,True,complete,True,True,True
2012-07-27,2012-07-27 13:30:00+00:00,2012-07-27 20:00:00+00:00,390,390,0,390,390,0,0,0,0,0,0,0,1689035.0,True,True,complete,True,True,True
2012-07-30,2012-07-30 13:30:00+00:00,2012-07-30 20:00:00+00:00,390,390,0,390,390,0,0,0,0,0,0,0,913422.0,True,True,complete,True,True,True
2012-07-31,2012-07-31 13:30:00+00:00,2012-07-31 20:00:00+00:00,390,390,0,390,390,0,0,0,0,0,0,0,988123.0,True,True,complete,True,True,True
2012-08-01,2012-08-01 13:30:00+00:00,2012-08-01 20:00:00+00:00,390,390,0,390,390,0,0,0,0,0,0,0,1132117.0,True,True,complete,True,True,True
2012-08-02,2012-08-02 13:30:00+00:00,2012-08-02 20:00:00+00:00,390,390,0,390,390,0,0,0,0,0,0,0,1468579.0,True,True,complete,True,True,True
2012-08-03,2012-08-03 13:30:00+00:00,2012-08-03 20:00:00+00:00,390,390,0,390,390,0,0,0,0,0,0,0,1094608.0,True,True,complete,True,True,True
2012-08-06,2012-08-06 13:30:00+00:00,2012-08-06 20:00:00+00:00,390,390,0,390,390,0,0,0,0,0,0,0,692063.0,True,True,complete,True,True,True
2012-08-07,2012-08-07 13:30:00+00:00,2012-08-07 20:00:00+00:00,390,390,0,390,390,0,0,0,0,0,0,0,865720.0,True,True,complete,True,True,True
2012-08-08,2012-08-08 13:30:00+00:00,2012-08-08 20:00:00+00:00,390,390,0,390,390,0,0,0,0,0,0,0,750824.0,True,True,complete,True,True,True
2012-08-09,2012-08-09 13:30:00+00:00,2012-08-09 20:00:00+00:00,390,390,0,390,390,0,0,0,0,0,0,0,744698.0,True,True,complete,True,True,True
2012-08-10,2012-08-10 13:30:00+00:00,2012-08-10 20:00:00+00:00,390,390,0,390,390,0,0,0,0,0,0,0,841250.0,True,True,complete,True,True,True
2012-08-13,2012-08-13 13:30:00+00:00,2012-08-13 20:00:00+00:00,390,390,0,390,390,0,0,0,0,0,0,0,676291.0,True,True,complete,True,True,True
2012-08-14,2012-08-14 13:30:00+00:00,2012-08-14 20:00:00+00:00,390,390,0,390,390,0,0,0,0,0,0,0,818451.0,True,True,complete,True,True,True
2012-08-15,2012-08-15 13:30:00+00:00,2012-08-15 20:00:00+00:00,390,390,0,390,390,0,0,0,0,0,0,0,605678.0,True,True,complete,True,True,True
2012-08-16,2012-08-16 13:30:00+00:00,2012-08-16 20:00:00+00:00,390,390,0,390,390,0,0,0,0,0,0,0,835663.0,True,True,complete,True,True,True
2012-08-17,2012-08-17 13:30:00+00:00,2012-08-17 20:00:00+00:00,390,390,0,390,390,0,0,0,0,0,0,0,694210.0,True,True,complete,True,True,True
2012-08-20,2012-08-20 13:30:00+00:00,2012-08-20 20:00:00+00:00,390,390,0,390,390,0,0,0,0,0,0,0,617023.0,True,True,complete,True,True,True
2012-08-21,2012-08-21 13:30:00+00:00,2012-08-21 20:00:00+00:00,390,390,0,390,390,0,0,0,0,0,0,0,858281.0,True,True,complete,True,True,True
2012-08-22,2012-08-22 13:30:00+00:00,2012-08-22 20:00:00+00:00,390,390,0,390,390,0,0,0,0,0,0,0,942134.0,True,True,complete,True,True,True
2012-08-23,2012-08-23 13:30:00+00:00,2012-08-23 20:00:00+00:00,390,390,0,390,390,0,0,0,0,0,0,0,878186.0,True,True,complete,True,True,True
2012-08-24,2012-08-24 13:30:00+00:00,2012-08-24 20:00:00+00:00,390,390,0,390,390,0,0,0,0,0,0,0,798283.0,True,True,complete,True,True,True
2012-08-27,2012-08-27 13:30:00+00:00,2012-08-27 20:00:00+00:00,390,390,0,390,390,0,0,0,0,0,0,0,571144.0,True,True,complete,True,True,True
2012-08-28,2012-08-28 13:30:00+00:00,2012-08-28 20:00:00+00:00,390,390,0,390,390,0,0,0,0,0,0,0,653187.0,True,True,complete,True,True,True
2012-08-29,2012-08-29 13:30:00+00:00,2012-08-29 20:00:00+00:00,390,390,0,390,390,0,0,0,0,0,0,0,566677.0,True,True,complete,True,True,True
2012-08-30,2012-08-30 13:30:00+00:00,2012-08-30 20:00:00+00:00,390,390,0,390,390,0,0,0,0,0,0,0,759043.0,True,True,complete,True,True,True
2012-08-31,2012-08-31 13:30:00+00:00,2012-08-31 20:00:00+00:00,390,390,0,390,390,0,0,0,0,0,0,0,1267974.0,True,True,complete,True,True,True
2012-09-04,2012-09-04 13:30:00+00:00,2012-09-04 20:00:00+00:00,390,390,0,390,390,0,0,0,0,0,0,0,871576.0,True,True,complete,True,True,True
2012-09-05,2012-09-05 13:30:00+00:00,2012-09-05 20:00:00+00:00,390,390,0,390,390,0,0,0,0,0,0,0,811344.0,True,True,complete,True,True,True
2012-09-06,2012-09-06 13:30:00+00:00,2012-09-06 20:00:00+00:00,390,390,0,390,390,0,0,0,0,0,0,0,1189165.0,True,True,complete,True,True,True
2012-09-07,2012-09-07 13:30:00+00:00,2012-09-07 20:00:00+00:00,390,390,0,390,390,0,0,0,0,0,0,0,787384.0,True,True,complete,True,True,True
2012-09-10,2012-09-10 13:30:00+00:00,2012-09-10 20:00:00+00:00,390,390,0,390,390,0,0,0,0,0,0,0,665348.0,True,True,complete,True,True,True
2012-09-11,2012-09-11 13:30:00+00:00,2012-09-11 20:00:00+00:00,390,390,0,390,390,0,0,0,0,0,0,0,682826.0,True,True,complete,True,True,True
2012-09-12,2012-09-12 13:30:00+00:00,2012-09-12 20:00:00+00:00,390,390,0,390,390,0,0,0,0,0,0,0,737596.0,True,True,complete,True,True,True
2012-09-13,2012-09-13 13:30:00+00:00,2012-09-13 20:00:00+00:00,390,390,0,390,390,0,0,0,0,0,0,0,1656928.0,True,True,complete,True,True,True
2012-09-14,2012-09-14 13:30:00+00:00,2012-09-14 20:00:00+00:00,390,390,0,390,390,0,0,0,0,0,0,0,1360396.0,True,True,complete,True,True,True
2012-09-17,2012-09-17 13:30:00+00:00,2012-09-17 20:00:00+00:00,390,390,0,390,390,0,0,0,0,0,0,0,764622.0,True,True,complete,True,True,True
2012-09-18,2012-09-18 13:30:00+00:00,2012-09-18 20:00:00+00:00,390,390,0,390,390,0,0,0,0,0,0,0,711389.0,True,True,complete,True,True,True
2012-09-19,2012-09-19 13:30:00+00:00,2012-09-19 20:00:00+00:00,390,390,0,390,390,0,0,0,0,0,0,0,759419.0,True,True,complete,True,True,True
2012-09-20,2012-09-20 13:30:00+00:00,2012-09-20 20:00:00+00:00,390,390,0,390,390,0,0,0,0,0,0,0,981014.0,True,True,complete,True,True,True
2012-09-21,2012-09-21 13:30:00+00:00,2012-09-21 20:00:00+00:00,390,390,0,390,390,0,0,0,0,0,0,0,773318.0,True,True,complete,True,True,True
2012-09-24,2012-09-24 13:30:00+00:00,2012-09-24 20:00:00+00:00,390,390,0,390,390,0,0,0,0,0,0,0,751908.0,True,True,complete,True,True,True
2012-09-25,2012-09-25 13:30:00+00:00,2012-09-25 20:00:00+00:00,390,390,0,390,390,0,0,0,0,0,0,0,1098436.0,True,True,complete,True,True,True
2012-09-26,2012-09-26 13:30:00+00:00,2012-09-26 20:00:00+00:00,390,390,0,390,390,0,0,0,0,0,0,0,1176958.0,True,True,complete,True,True,True
2012-09-27,2012-09-27 13:30:00+00:00,2012-09-27 20:00:00+00:00,390,390,0,390,390,0,0,0,0,0,0,0,868068.0,True,True,complete,True,True,True
2012-09-28,2012-09-28 13:30:00+00:00,2012-09-28 20:00:00+00:00,390,390,0,390,390,0,0,0,0,0,0,0,1163654.0,True,True,complete,True,True,True
2012-10-01,2012-10-01 13:30:00+00:00,2012-10-01 20:00:00+00:00,390,390,0,390,390,0,0,0,0,0,0,0,1162184.0,True,True,complete,True,True,True
2012-10-02,2012-10-02 13:30:00+00:00,2012-10-02 20:00:00+00:00,390,390,0,390,390,0,0,0,0,0,0,0,991821.0,True,True,complete,True,True,True
2012-10-03,2012-10-03 13:30:00+00:00,2012-10-03 20:00:00+00:00,390,390,0,390,390,0,0,0,0,0,0,0,983804.0,True,True,complete,True,True,True
2012-10-04,2012-10-04 13:30:00+00:00,2012-10-04 20:00:00+00:00,390,390,0,390,390,0,0,0,0,0,0,0,1031304.0,True,True,complete,True,True,True
2012-10-05,2012-10-05 13:30:00+00:00,2012-10-05 20:00:00+00:00,390,390,0,390,390,0,0,0,0,0,0,0,954965.0,True,True,complete,True,True,True
2012-10-08,2012-10-08 13:30:00+00:00,2012-10-08 20:00:00+00:00,390,390,0,390,390,0,0,0,0,0,0,0,668208.0,True,True,complete,True,True,True
2012-10-09,2012-10-09 13:30:00+00:00,2012-10-09 20:00:00+00:00,390,390,0,390,390,0,0,0,0,0,0,0,1228327.0,True,True,complete,True,True,True
2012-10-10,2012-10-10 13:30:00+00:00,2012-10-10 20:00:00+00:00,390,390,0,390,390,0,0,0,0,0,0,0,1068858.0,True,True,complete,True,True,True
2012-10-11,2012-10-11 13:30:00+00:00,2012-10-11 20:00:00+00:00,390,390,0,390,390,0,0,0,0,0,0,0,989404.0,True,True,complete,True,True,True
2012-10-12,2012-10-12 13:30:00+00:00,2012-10-12 20:00:00+00:00,390,390,0,390,390,0,0,0,0,0,0,0,1001955.0,True,True,complete,True,True,True
2012-10-15,2012-10-15 13:30:00+00:00,2012-10-15 20:00:00+00:00,390,390,0,390,390,0,0,0,0,0,0,0,850741.0,True,True,complete,True,True,True
2012-10-16,2012-10-16 13:30:00+00:00,2012-10-16 20:00:00+00:00,390,390,0,390,390,0,0,0,0,0,0,0,905486.0,True,True,complete,True,True,True
2012-10-17,2012-10-17 13:30:00+00:00,2012-10-17 20:00:00+00:00,390,390,0,390,390,0,0,0,0,0,0,0,876752.0,True,True,complete,True,True,True
2012-10-18,2012-10-18 13:30:00+00:00,2012-10-18 20:00:00+00:00,390,390,0,390,390,0,0,0,0,0,0,0,1175061.0,True,True,complete,True,True,True
2012-10-19,2012-10-19 13:30:00+00:00,2012-10-19 20:00:00+00:00,390,390,0,390,390,0,0,0,0,0,0,0,1472326.0,True,True,complete,True,True,True
2012-10-22,2012-10-22 13:30:00+00:00,2012-10-22 20:00:00+00:00,390,390,0,390,390,0,0,0,0,0,0,0,1037140.0,True,True,complete,True,True,True
2012-10-23,2012-10-23 13:30:00+00:00,2012-10-23 20:00:00+00:00,390,390,0,390,390,0,0,0,0,0,0,0,1512556.0,True,True,complete,True,True,True
2012-10-24,2012-10-24 13:30:00+00:00,2012-10-24 20:00:00+00:00,390,390,0,390,390,0,0,0,0,0,0,0,967355.0,True,True,complete,True,True,True
2012-10-25,2012-10-25 13:30:00+00:00,2012-10-25 20:00:00+00:00,390,390,0,390,390,0,0,0,0,0,0,0,1092343.0,True,True,complete,True,True,True
2012-10-26,2012-10-26 13:30:00+00:00,2012-10-26 20:00:00+00:00,390,390,0,390,390,0,0,0,0,0,0,0,1097545.0,True,True,complete,True,True,True
2012-10-31,2012-10-31 13:30:00+00:00,2012-10-31 20:00:00+00:00,390,390,0,390,390,0,0,0,0,0,0,0,803269.0,True,True,complete,True,True,True
2012-11-01,2012-11-01 13:30:00+00:00,2012-11-01 20:00:00+00:00,390,390,0,390,390,0,0,0,0,0,0,0,850781.0,True,True,complete,True,True,True
2012-11-02,2012-11-02 13:30:00+00:00,2012-11-02 20:00:00+00:00,390,390,0,390,390,0,0,0,0,0,0,0,1063320.0,True,True,complete,True,True,True
2012-11-05,2012-11-05 14:30:00+00:00,2012-11-05 21:00:00+00:00,390,390,0,390,390,0,0,0,0,0,0,0,740332.0,True,True,complete,True,True,True
2012-11-06,2012-11-06 14:30:00+00:00,2012-11-06 21:00:00+00:00,390,390,0,390,390,0,0,0,0,0,0,0,900124.0,True,True,complete,True,True,True
2012-11-07,2012-11-07 14:30:00+00:00,2012-11-07 21:00:00+00:00,390,390,0,390,390,0,0,0,0,0,0,0,2129789.0,True,True,complete,True,True,True
2012-11-08,2012-11-08 14:30:00+00:00,2012-11-08 21:00:00+00:00,390,390,0,390,390,0,0,0,0,0,0,0,1487012.0,True,True,complete,True,True,True
2012-11-09,2012-11-09 14:30:00+00:00,2012-11-09 21:00:00+00:00,390,390,0,390,390,0,0,0,0,0,0,0,1674048.0,True,True,complete,True,True,True
2012-11-12,2012-11-12 14:30:00+00:00,2012-11-12 21:00:00+00:00,390,390,0,390,390,0,0,0,0,0,0,0,766775.0,True,True,complete,True,True,True
2012-11-13,2012-11-13 14:30:00+00:00,2012-11-13 21:00:00+00:00,390,390,0,390,390,0,0,0,0,0,0,0,1054177.0,True,True,complete,True,True,True
2012-11-14,2012-11-14 14:30:00+00:00,2012-11-14 21:00:00+00:00,390,390,0,390,390,0,0,0,0,0,0,0,1626717.0,True,True,complete,True,True,True
2012-11-15,2012-11-15 14:30:00+00:00,2012-11-15 21:00:00+00:00,390,390,0,390,390,0,0,0,0,0,0,0,1528368.0,True,True,complete,True,True,True
2012-11-16,2012-11-16 14:30:00+00:00,2012-11-16 21:00:00+00:00,390,390,0,390,390,0,0,0,0,0,0,0,1819741.0,True,True,complete,True,True,True
2012-11-19,2012-11-19 14:30:00+00:00,2012-11-19 21:00:00+00:00,390,390,0,390,390,0,0,0,0,0,0,0,1089346.0,True,True,complete,True,True,True
2012-11-20,2012-11-20 14:30:00+00:00,2012-11-20 21:00:00+00:00,390,390,0,390,390,0,0,0,0,0,0,0,966126.0,True,True,complete,True,True,True
2012-11-21,2012-11-21 14:30:00+00:00,2012-11-21 21:00:00+00:00,390,390,0,390,390,0,0,0,0,0,0,0,615748.0,True,True,complete,True,True,True
2012-11-23,2012-11-23 14:30:00+00:00,2012-11-23 18:00:00+00:00,210,210,0,210,210,0,0,0,0,0,0,0,526547.0,True,True,complete,True,True,True
2012-11-26,2012-11-26 14:30:00+00:00,2012-11-26 21:00:00+00:00,390,390,0,390,390,0,0,0,0,0,0,0,800573.0,True,True,complete,True,True,True
2012-11-27,2012-11-27 14:30:00+00:00,2012-11-27 21:00:00+00:00,390,390,0,390,390,0,0,0,0,0,0,0,1061161.0,True,True,complete,True,True,True
2012-11-28,2012-11-28 14:30:00+00:00,2012-11-28 21:00:00+00:00,390,390,0,390,390,0,0,0,0,0,0,0,1447539.0,True,True,complete,True,True,True
2012-11-29,2012-11-29 14:30:00+00:00,2012-11-29 21:00:00+00:00,390,390,0,390,390,0,0,0,0,0,0,0,1279093.0,True,True,complete,True,True,True
2012-11-30,2012-11-30 14:30:00+00:00,2012-11-30 21:00:00+00:00,390,390,0,390,390,0,0,0,0,0,0,0,1063849.0,True,True,complete,True,True,True
2012-12-03,2012-12-03 14:30:00+00:00,2012-12-03 21:00:00+00:00,390,390,0,390,390,0,0,0,0,0,0,0,970921.0,True,True,complete,True,True,True
2012-12-04,2012-12-04 14:30:00+00:00,2012-12-04 21:00:00+00:00,390,390,0,390,390,0,0,0,0,0,0,0,1091871.0,True,True,complete,True,True,True
2012-12-05,2012-12-05 14:30:00+00:00,2012-12-05 21:00:00+00:00,390,390,0,390,390,0,0,0,0,0,0,0,1232592.0,True,True,complete,True,True,True
2012-12-06,2012-12-06 14:30:00+00:00,2012-12-06 21:00:00+00:00,390,390,0,390,390,0,0,0,0,0,0,0,763550.0,True,True,complete,True,True,True
2012-12-07,2012-12-07 14:30:00+00:00,2012-12-07 21:00:00+00:00,390,390,0,390,390,0,0,0,0,0,0,0,834011.0,True,True,complete,True,True,True
2012-12-10,2012-12-10 14:30:00+00:00,2012-12-10 21:00:00+00:00,390,390,0,390,390,0,0,0,0,0,0,0,728828.0,True,True,complete,True,True,True
2012-12-11,2012-12-11 14:30:00+00:00,2012-12-11 21:00:00+00:00,390,390,0,390,390,0,0,0,0,0,0,0,1075210.0,True,True,complete,True,True,True
2012-12-12,2012-12-12 14:30:00+00:00,2012-12-12 21:00:00+00:00,390,390,0,390,390,0,0,0,0,0,0,0,1103490.0,True,True,complete,True,True,True
2012-12-13,2012-12-13 14:30:00+00:00,2012-12-13 21:00:00+00:00,390,390,0,390,390,0,0,0,0,0,0,0,1074419.0,True,True,complete,True,True,True
2012-12-14,2012-12-14 14:30:00+00:00,2012-12-14 21:00:00+00:00,390,390,0,390,390,0,0,0,0,0,0,0,961168.0,True,True,complete,True,True,True
2012-12-17,2012-12-17 14:30:00+00:00,2012-12-17 21:00:00+00:00,390,390,0,390,390,0,0,0,0,0,0,0,1042444.0,True,True,complete,True,True,True
2012-12-18,2012-12-18 14:30:00+00:00,2012-12-18 21:00:00+00:00,390,390,0,390,390,0,0,0,0,0,0,0,1309057.0,True,True,complete,True,True,True
2012-12-19,2012-12-19 14:30:00+00:00,2012-12-19 21:00:00+00:00,390,390,0,390,390,0,0,0,0,0,0,0,1068670.0,True,True,complete,True,True,True
2012-12-20,2012-12-20 14:30:00+00:00,2012-12-20 21:00:00+00:00,390,390,0,390,390,0,0,0,0,0,0,0,1020969.0,True,True,complete,True,True,True
2012-12-21,2012-12-21 14:30:00+00:00,2012-12-21 21:00:00+00:00,390,390,0,390,390,0,0,0,0,0,0,0,1679058.0,True,True,complete,True,True,True
2012-12-24,2012-12-24 14:30:00+00:00,2012-12-24 18:00:00+00:00,210,210,0,210,210,0,0,0,0,0,0,0,368019.0,True,True,complete,True,True,True
2012-12-26,2012-12-26 14:30:00+00:00,2012-12-26 21:00:00+00:00,390,390,0,390,390,0,0,0,0,0,0,0,766344.0,True,True,complete,True,True,True
2012-12-27,2012-12-27 14:30:00+00:00,2012-12-27 21:00:00+00:00,390,390,0,390,390,0,0,0,0,0,0,0,1470064.0,True,True,complete,True,True,True
2012-12-28,2012-12-28 14:30:00+00:00,2012-12-28 21:00:00+00:00,390,390,0,390,390,0,0,0,0,0,0,0,1111454.0,True,True,complete,True,True,True
2012-12-31,2012-12-31 14:30:00+00:00,2012-12-31 21:00:00+00:00,390,390,0,390,390,0,0,0,0,0,0,0,1996919.0,True,True,complete,True,True,True
2013-01-02,2013-01-02 14:30:00+00:00,2013-01-02 21:00:00+00:00,390,390,0,390,390,0,0,0,0,0,0,0,1500576.0,True,True,complete,True,True,True
2013-01-03,2013-01-03 14:30:00+00:00,2013-01-03 21:00:00+00:00,390,390,0,390,390,0,0,0,0,0,0,0,1183506.0,True,True,complete,True,True,True
2013-01-04,2013-01-04 14:30:00+00:00,2013-01-04 21:00:00+00:00,390,390,0,390,390,0,0,0,0,0,0,0,881169.0,True,True,complete,True,True,True
2013-01-07,2013-01-07 14:30:00+00:00,2013-01-07 21:00:00+00:00,390,390,0,390,390,0,0,0,0,0,0,0,703529.0,True,True,complete,True,True,True
2013-01-08,2013-01-08 14:30:00+00:00,2013-01-08 21:00:00+00:00,390,390,0,390,390,0,0,0,0,0,0,0,889560.0,True,True,complete,True,True,True
2013-01-09,2013-01-09 14:30:00+00:00,2013-01-09 21:00:00+00:00,390,390,0,390,390,0,0,0,0,0,0,0,726537.0,True,True,complete,True,True,True
2013-01-10,2013-01-10 14:30:00+00:00,2013-01-10 21:00:00+00:00,390,390,0,390,390,0,0,0,0,0,0,0,930873.0,True,True,complete,True,True,True
2013-01-11,2013-01-11 14:30:00+00:00,2013-01-11 21:00:00+00:00,390,390,0,390,390,0,0,0,0,0,0,0,728626.0,True,True,complete,True,True,True
2013-01-14,2013-01-14 14:30:00+00:00,2013-01-14 21:00:00+00:00,390,390,0,390,390,0,0,0,0,0,0,0,725024.0,True,True,complete,True,True,True
2013-01-15,2013-01-15 14:30:00+00:00,2013-01-15 21:00:00+00:00,390,390,0,390,390,0,0,0,0,0,0,0,722431.0,True,True,complete,True,True,True
2013-01-16,2013-01-16 14:30:00+00:00,2013-01-16 21:00:00+00:00,390,390,0,390,390,0,0,0,0,0,0,0,743025.0,True,True,complete,True,True,True
2013-01-17,2013-01-17 14:30:00+00:00,2013-01-17 21:00:00+00:00,390,390,0,390,390,0,0,0,0,0,0,0,991747.0,True,True,complete,True,True,True
2013-01-18,2013-01-18 14:30:00+00:00,2013-01-18 21:00:00+00:00,390,390,0,390,390,0,0,0,0,0,0,0,1041799.0,True,True,complete,True,True,True
2013-01-22,2013-01-22 14:30:00+00:00,2013-01-22 21:00:00+00:00,390,390,0,390,390,0,0,0,0,0,0,0,759848.0,True,True,complete,True,True,True
2013-01-23,2013-01-23 14:30:00+00:00,2013-01-23 21:00:00+00:00,390,390,0,390,390,0,0,0,0,0,0,0,719188.0,True,True,complete,True,True,True
2013-01-24,2013-01-24 14:30:00+00:00,2013-01-24 21:00:00+00:00,390,390,0,390,390,0,0,0,0,0,0,0,1066416.0,True,True,complete,True,True,True
2013-01-25,2013-01-25 14:30:00+00:00,2013-01-25 21:00:00+00:00,390,390,0,390,390,0,0,0,0,0,0,0,865566.0,True,True,complete,True,True,True
2013-01-28,2013-01-28 14:30:00+00:00,2013-01-28 21:00:00+00:00,390,390,0,390,390,0,0,0,0,0,0,0,702180.0,True,True,complete,True,True,True
2013-01-29,2013-01-29 14:30:00+00:00,2013-01-29 21:00:00+00:00,390,390,0,390,390,0,0,0,0,0,0,0,844457.0,True,True,complete,True,True,True
2013-01-30,2013-01-30 14:30:00+00:00,2013-01-30 21:00:00+00:00,390,390,0,390,390,0,0,0,0,0,0,0,1017227.0,True,True,complete,True,True,True
2013-01-31,2013-01-31 14:30:00+00:00,2013-01-31 21:00:00+00:00,390,390,0,390,390,0,0,0,0,0,0,0,874507.0,True,True,complete,True,True,True
2013-02-01,2013-02-01 14:30:00+00:00,2013-02-01 21:00:00+00:00,390,390,0,390,390,0,0,0,0,0,0,0,1046271.0,True,True,complete,True,True,True
2013-02-04,2013-02-04 14:30:00+00:00,2013-02-04 21:00:00+00:00,390,390,0,390,390,0,0,0,0,0,0,0,994354.0,True,True,complete,True,True,True
2013-02-05,2013-02-05 14:30:00+00:00,2013-02-05 21:00:00+00:00,390,390,0,390,390,0,0,0,0,0,0,0,957845.0,True,True,complete,True,True,True
2013-02-06,2013-02-06 14:30:00+00:00,2013-02-06 21:00:00+00:00,390,390,0,390,390,0,0,0,0,0,0,0,914814.0,True,True,complete,True,True,True
2013-02-07,2013-02-07 14:30:00+00:00,2013-02-07 21:00:00+00:00,390,390,0,390,390,0,0,0,0,0,0,0,1241214.0,True,True,complete,True,True,True
2013-02-08,2013-02-08 14:30:00+00:00,2013-02-08 21:00:00+00:00,390,390,0,390,390,0,0,0,0,0,0,0,791981.0,True,True,complete,True,True,True
2013-02-11,2013-02-11 14:30:00+00:00,2013-02-11 21:00:00+00:00,390,390,0,390,390,0,0,0,0,0,0,0,546089.0,True,True,complete,True,True,True
2013-02-12,2013-02-12 14:30:00+00:00,2013-02-12 21:00:00+00:00,390,390,0,390,390,0,0,0,0,0,0,0,539007.0,True,True,complete,True,True,True
2013-02-13,2013-02-13 14:30:00+00:00,2013-02-13 21:00:00+00:00,390,390,0,390,390,0,0,0,0,0,0,0,688628.0,True,True,complete,True,True,True
2013-02-14,2013-02-14 14:30:00+00:00,2013-02-14 21:00:00+00:00,390,390,0,390,390,0,0,0,0,0,0,0,562314.0,True,True,complete,True,True,True
2013-02-15,2013-02-15 14:30:00+00:00,2013-02-15 21:00:00+00:00,390,390,0,390,390,0,0,0,0,0,0,0,979923.0,True,True,complete,True,True,True
2013-02-19,2013-02-19 14:30:00+00:00,2013-02-19 21:00:00+00:00,390,390,0,390,390,0,0,0,0,0,0,0,644407.0,True,True,complete,True,True,True
2013-02-20,2013-02-20 14:30:00+00:00,2013-02-20 21:00:00+00:00,390,390,0,390,390,0,0,0,0,0,0,0,1279180.0,True,True,complete,True,True,True
2013-02-21,2013-02-21 14:30:00+00:00,2013-02-21 21:00:00+00:00,390,390,0,390,390,0,0,0,0,0,0,0,1394767.0,True,True,complete,True,True,True
2013-02-22,2013-02-22 14:30:00+00:00,2013-02-22 21:00:00+00:00,390,390,0,390,390,0,0,0,0,0,0,0,826145.0,True,True,complete,True,True,True
2013-02-25,2013-02-25 14:30:00+00:00,2013-02-25 21:00:00+00:00,390,390,0,390,390,0,0,0,0,0,0,0,1773037.0,True,True,complete,True,True,True
2013-02-26,2013-02-26 14:30:00+00:00,2013-02-26 21:00:00+00:00,390,390,0,390,390,0,0,0,0,0,0,0,1543064.0,True,True,complete,True,True,True
2013-02-27,2013-02-27 14:30:00+00:00,2013-02-27 21:00:00+00:00,390,390,0,390,390,0,0,0,0,0,0,0,1075185.0,True,True,complete,True,True,True
2013-02-28,2013-02-28 14:30:00+00:00,2013-02-28 21:00:00+00:00,390,390,0,390,390,0,0,0,0,0,0,0,999289.0,True,True,complete,True,True,True
2013-03-01,2013-03-01 14:30:00+00:00,2013-03-01 21:00:00+00:00,390,390,0,390,390,0,0,0,0,0,0,0,1380778.0,True,True,complete,True,True,True
2013-03-04,2013-03-04 14:30:00+00:00,2013-03-04 21:00:00+00:00,390,390,0,390,390,0,0,0,0,0,0,0,785535.0,True,True,complete,True,True,True
2013-03-05,2013-03-05 14:30:00+00:00,2013-03-05 21:00:00+00:00,390,390,0,390,390,0,0,0,0,0,0,0,1012342.0,True,True,complete,True,True,True
2013-03-06,2013-03-06 14:30:00+00:00,2013-03-06 21:00:00+00:00,390,390,0,390,390,0,0,0,0,0,0,0,770918.0,True,True,complete,True,True,True
2013-03-07,2013-03-07 14:30:00+00:00,2013-03-07 21:00:00+00:00,390,390,0,390,390,0,0,0,0,0,0,0,586024.0,True,True,complete,True,True,True
2013-03-08,2013-03-08 14:30:00+00:00,2013-03-08 21:00:00+00:00,390,390,0,390,390,0,0,0,0,0,0,0,914258.0,True,True,complete,True,True,True
2013-03-11,2013-03-11 13:30:00+00:00,2013-03-11 20:00:00+00:00,390,390,0,390,390,0,0,0,0,0,0,0,592187.0,True,True,complete,True,True,True
2013-03-12,2013-03-12 13:30:00+00:00,2013-03-12 20:00:00+00:00,390,390,0,390,390,0,0,0,0,0,0,0,799086.0,True,True,complete,True,True,True
2013-03-13,2013-03-13 13:30:00+00:00,2013-03-13 20:00:00+00:00,390,390,0,390,390,0,0,0,0,0,0,0,663604.0,True,True,complete,True,True,True
2013-03-14,2013-03-14 13:30:00+00:00,2013-03-14 20:00:00+00:00,390,390,0,390,390,0,0,0,0,0,0,0,765682.0,True,True,complete,True,True,True
2013-03-15,2013-03-15 13:30:00+00:00,2013-03-15 20:00:00+00:00,390,390,0,390,390,0,0,0,0,0,0,0,975532.0,True,True,complete,True,True,True
2013-03-18,2013-03-18 13:30:00+00:00,2013-03-18 20:00:00+00:00,390,390,0,390,390,0,0,0,0,0,0,0,1042451.0,True,True,complete,True,True,True
2013-03-19,2013-03-19 13:30:00+00:00,2013-03-19 20:00:00+00:00,390,390,0,390,390,0,0,0,0,0,0,0,1479775.0,True,True,complete,True,True,True
2013-03-20,2013-03-20 13:30:00+00:00,2013-03-20 20:00:00+00:00,390,390,0,390,390,0,0,0,0,0,0,0,933518.0,True,True,complete,True,True,True
2013-03-21,2013-03-21 13:30:00+00:00,2013-03-21 20:00:00+00:00,390,390,0,390,390,0,0,0,0,0,0,0,1082738.0,True,True,complete,True,True,True
2013-03-22,2013-03-22 13:30:00+00:00,2013-03-22 20:00:00+00:00,390,390,0,390,390,0,0,0,0,0,0,0,861675.0,True,True,complete,True,True,True
2013-03-25,2013-03-25 13:30:00+00:00,2013-03-25 20:00:00+00:00,390,390,0,390,390,0,0,0,0,0,0,0,1190596.0,True,True,complete,True,True,True
2013-03-26,2013-03-26 13:30:00+00:00,2013-03-26 20:00:00+00:00,390,390,0,390,390,0,0,0,0,0,0,0,750281.0,True,True,complete,True,True,True
2013-03-27,2013-03-27 13:30:00+00:00,2013-03-27 20:00:00+00:00,390,390,0,390,390,0,0,0,0,0,0,0,824441.0,True,True,complete,True,True,True
2013-03-28,2013-03-28 13:30:00+00:00,2013-03-28 20:00:00+00:00,390,390,0,390,390,0,0,0,0,0,0,0,800294.0,True,True,complete,True,True,True
2013-04-01,2013-04-01 13:30:00+00:00,2013-04-01 20:00:00+00:00,390,390,0,390,390,0,0,0,0,0,0,0,771906.0,True,True,complete,True,True,True
2013-04-02,2013-04-02 13:30:00+00:00,2013-04-02 20:00:00+00:00,390,390,0,390,390,0,0,0,0,0,0,0,849592.0,True,True,complete,True,True,True
2013-04-03,2013-04-03 13:30:00+00:00,2013-04-03 20:00:00+00:00,390,390,0,390,390,0,0,0,0,0,0,0,1332115.0,True,True,complete,True,True,True
2013-04-04,2013-04-04 13:30:00+00:00,2013-04-04 20:00:00+00:00,390,390,0,390,390,0,0,0,0,0,0,0,1046383.0,True,True,complete,True,True,True
2013-04-05,2013-04-05 13:30:00+00:00,2013-04-05 20:00:00+00:00,390,390,0,390,390,0,0,0,0,0,0,0,1230960.0,True,True,complete,True,True,True
2013-04-08,2013-04-08 13:30:00+00:00,2013-04-08 20:00:00+00:00,390,390,0,390,390,0,0,0,0,0,0,0,693035.0,True,True,complete,True,True,True
2013-04-09,2013-04-09 13:30:00+00:00,2013-04-09 20:00:00+00:00,390,390,0,390,390,0,0,0,0,0,0,0,865532.0,True,True,complete,True,True,True
2013-04-10,2013-04-10 13:30:00+00:00,2013-04-10 20:00:00+00:00,390,390,0,390,390,0,0,0,0,0,0,0,1038836.0,True,True,complete,True,True,True
2013-04-11,2013-04-11 13:30:00+00:00,2013-04-11 20:00:00+00:00,390,390,0,390,390,0,0,0,0,0,0,0,888216.0,True,True,complete,True,True,True
2013-04-12,2013-04-12 13:30:00+00:00,2013-04-12 20:00:00+00:00,390,390,0,390,390,0,0,0,0,0,0,0,948329.0,True,True,complete,True,True,True
2013-04-15,2013-04-15 13:30:00+00:00,2013-04-15 20:00:00+00:00,390,390,0,390,390,0,0,0,0,0,0,0,1848861.0,True,True,complete,True,True,True
2013-04-16,2013-04-16 13:30:00+00:00,2013-04-16 20:00:00+00:00,390,390,0,390,390,0,0,0,0,0,0,0,1209661.0,True,True,complete,True,True,True
2013-04-17,2013-04-17 13:30:00+00:00,2013-04-17 20:00:00+00:00,390,390,0,390,390,0,0,0,0,0,0,0,1766354.0,True,True,complete,True,True,True
2013-04-18,2013-04-18 13:30:00+00:00,2013-04-18 20:00:00+00:00,390,390,0,390,390,0,0,0,0,0,0,0,1362560.0,True,True,complete,True,True,True
2013-04-19,2013-04-19 13:30:00+00:00,2013-04-19 20:00:00+00:00,390,390,0,390,390,0,0,0,0,0,0,0,1085732.0,True,True,complete,True,True,True
2013-04-22,2013-04-22 13:30:00+00:00,2013-04-22 20:00:00+00:00,390,390,0,390,390,0,0,0,0,0,0,0,852907.0,True,True,complete,True,True,True
2013-04-23,2013-04-23 13:30:00+00:00,2013-04-23 20:00:00+00:00,390,390,0,390,390,0,0,0,0,0,0,0,1351296.0,True,True,complete,True,True,True
2013-04-24,2013-04-24 13:30:00+00:00,2013-04-24 20:00:00+00:00,390,390,0,390,390,0,0,0,0,0,0,0,756308.0,True,True,complete,True,True,True
2013-04-25,2013-04-25 13:30:00+00:00,2013-04-25 20:00:00+00:00,390,390,0,390,390,0,0,0,0,0,0,0,1037787.0,True,True,complete,True,True,True
2013-04-26,2013-04-26 13:30:00+00:00,2013-04-26 20:00:00+00:00,390,390,0,390,390,0,0,0,0,0,0,0,803355.0,True,True,complete,True,True,True
2013-04-29,2013-04-29 13:30:00+00:00,2013-04-29 20:00:00+00:00,390,390,0,390,390,0,0,0,0,0,0,0,735509.0,True,True,complete,True,True,True
2013-04-30,2013-04-30 13:30:00+00:00,2013-04-30 20:00:00+00:00,390,390,0,390,390,0,0,0,0,0,0,0,901497.0,True,True,complete,True,True,True
2013-05-01,2013-05-01 13:30:00+00:00,2013-05-01 20:00:00+00:00,390,390,0,390,390,0,0,0,0,0,0,0,1063450.0,True,True,complete,True,True,True
2013-05-02,2013-05-02 13:30:00+00:00,2013-05-02 20:00:00+00:00,390,390,0,390,390,0,0,0,0,0,0,0,766908.0,True,True,complete,True,True,True
2013-05-03,2013-05-03 13:30:00+00:00,2013-05-03 20:00:00+00:00,390,390,0,390,390,0,0,0,0,0,0,0,1073980.0,True,True,complete,True,True,True
2013-05-06,2013-05-06 13:30:00+00:00,2013-05-06 20:00:00+00:00,390,390,0,390,390,0,0,0,0,0,0,0,556272.0,True,True,complete,True,True,True
2013-05-07,2013-05-07 13:30:00+00:00,2013-05-07 20:00:00+00:00,390,390,0,390,390,0,0,0,0,0,0,0,756320.0,True,True,complete,True,True,True
2013-05-08,2013-05-08 13:30:00+00:00,2013-05-08 20:00:00+00:00,390,390,0,390,390,0,0,0,0,0,0,0,786317.0,True,True,complete,True,True,True
2013-05-09,2013-05-09 13:30:00+00:00,2013-05-09 20:00:00+00:00,390,390,0,390,390,0,0,0,0,0,0,0,885595.0,True,True,complete,True,True,True
2013-05-10,2013-05-10 13:30:00+00:00,2013-05-10 20:00:00+00:00,390,390,0,390,390,0,0,0,0,0,0,0,821196.0,True,True,complete,True,True,True
2013-05-13,2013-05-13 13:30:00+00:00,2013-05-13 20:00:00+00:00,390,390,0,390,390,0,0,0,0,0,0,0,655601.0,True,True,complete,True,True,True
2013-05-14,2013-05-14 13:30:00+00:00,2013-05-14 20:00:00+00:00,390,390,0,390,390,0,0,0,0,0,0,0,887779.0,True,True,complete,True,True,True
2013-05-15,2013-05-15 13:30:00+00:00,2013-05-15 20:00:00+00:00,390,390,0,390,390,0,0,0,0,0,0,0,968220.0,True,True,complete,True,True,True
2013-05-16,2013-05-16 13:30:00+00:00,2013-05-16 20:00:00+00:00,390,390,0,390,390,0,0,0,0,0,0,0,874340.0,True,True,complete,True,True,True
2013-05-17,2013-05-17 13:30:00+00:00,2013-05-17 20:00:00+00:00,390,390,0,390,390,0,0,0,0,0,0,0,999081.0,True,True,complete,True,True,True
2013-05-20,2013-05-20 13:30:00+00:00,2013-05-20 20:00:00+00:00,390,390,0,390,390,0,0,0,0,0,0,0,727595.0,True,True,complete,True,True,True
2013-05-21,2013-05-21 13:30:00+00:00,2013-05-21 20:00:00+00:00,390,390,0,390,390,0,0,0,0,0,0,0,785410.0,True,True,complete,True,True,True
2013-05-22,2013-05-22 13:30:00+00:00,2013-05-22 20:00:00+00:00,390,390,0,390,390,0,0,0,0,0,0,0,2029300.0,True,True,complete,True,True,True
2013-05-23,2013-05-23 13:30:00+00:00,2013-05-23 20:00:00+00:00,390,390,0,390,390,0,0,0,0,0,0,0,1769732.0,True,True,complete,True,True,True
2013-05-24,2013-05-24 13:30:00+00:00,2013-05-24 20:00:00+00:00,390,390,0,390,390,0,0,0,0,0,0,0,1075486.0,True,True,complete,True,True,True
2013-05-28,2013-05-28 13:30:00+00:00,2013-05-28 20:00:00+00:00,390,390,0,390,390,0,0,0,0,0,0,0,1213628.0,True,True,complete,True,True,True
2013-05-29,2013-05-29 13:30:00+00:00,2013-05-29 20:00:00+00:00,390,390,0,390,390,0,0,0,0,0,0,0,1411097.0,True,True,complete,True,True,True
2013-05-30,2013-05-30 13:30:00+00:00,2013-05-30 20:00:00+00:00,390,390,0,390,390,0,0,0,0,0,0,0,897027.0,True,True,complete,True,True,True
2013-05-31,2013-05-31 13:30:00+00:00,2013-05-31 20:00:00+00:00,390,390,0,390,390,0,0,0,0,0,0,0,1355423.0,True,True,complete,True,True,True
2013-06-03,2013-06-03 13:30:00+00:00,2013-06-03 20:00:00+00:00,390,390,0,390,390,0,0,0,0,0,0,0,1409437.0,True,True,complete,True,True,True
2013-06-04,2013-06-04 13:30:00+00:00,2013-06-04 20:00:00+00:00,390,390,0,390,390,0,0,0,0,0,0,0,1347059.0,True,True,complete,True,True,True
2013-06-05,2013-06-05 13:30:00+00:00,2013-06-05 20:00:00+00:00,390,390,0,390,390,0,0,0,0,0,0,0,1750563.0,True,True,complete,True,True,True
2013-06-06,2013-06-06 13:30:00+00:00,2013-06-06 20:00:00+00:00,390,390,0,390,390,0,0,0,0,0,0,0,1600033.0,True,True,complete,True,True,True
2013-06-07,2013-06-07 13:30:00+00:00,2013-06-07 20:00:00+00:00,390,390,0,390,390,0,0,0,0,0,0,0,1411593.0,True,True,complete,True,True,True
2013-06-10,2013-06-10 13:30:00+00:00,2013-06-10 20:00:00+00:00,390,390,0,390,390,0,0,0,0,0,0,0,817828.0,True,True,complete,True,True,True
2013-06-11,2013-06-11 13:30:00+00:00,2013-06-11 20:00:00+00:00,390,390,0,390,390,0,0,0,0,0,0,0,1328842.0,True,True,complete,True,True,True
2013-06-12,2013-06-12 13:30:00+00:00,2013-06-12 20:00:00+00:00,390,390,0,390,390,0,0,0,0,0,0,0,1437319.0,True,True,complete,True,True,True
2013-06-13,2013-06-13 13:30:00+00:00,2013-06-13 20:00:00+00:00,390,390,0,390,390,0,0,0,0,0,0,0,1274431.0,True,True,complete,True,True,True
2013-06-14,2013-06-14 13:30:00+00:00,2013-06-14 20:00:00+00:00,390,390,0,390,390,0,0,0,0,0,0,0,1098458.0,True,True,complete,True,True,True
2013-06-17,2013-06-17 13:30:00+00:00,2013-06-17 20:00:00+00:00,390,390,0,390,390,0,0,0,0,0,0,0,1109124.0,True,True,complete,True,True,True
2013-06-18,2013-06-18 13:30:00+00:00,2013-06-18 20:00:00+00:00,390,390,0,390,390,0,0,0,0,0,0,0,823468.0,True,True,complete,True,True,True
2013-06-19,2013-06-19 13:30:00+00:00,2013-06-19 20:00:00+00:00,390,390,0,390,390,0,0,0,0,0,0,0,1641763.0,True,True,complete,True,True,True
2013-06-20,2013-06-20 13:30:00+00:00,2013-06-20 20:00:00+00:00,390,390,0,390,390,0,0,0,0,0,0,0,2570402.0,True,True,complete,True,True,True
2013-06-21,2013-06-21 13:30:00+00:00,2013-06-21 20:00:00+00:00,390,390,0,390,390,0,0,0,0,0,0,0,2198414.0,True,True,complete,True,True,True
2013-06-24,2013-06-24 13:30:00+00:00,2013-06-24 20:00:00+00:00,390,390,0,390,390,0,0,0,0,0,0,0,1958758.0,True,True,complete,True,True,True
2013-06-25,2013-06-25 13:30:00+00:00,2013-06-25 20:00:00+00:00,390,390,0,390,390,0,0,0,0,0,0,0,1342672.0,True,True,complete,True,True,True
2013-06-26,2013-06-26 13:30:00+00:00,2013-06-26 20:00:00+00:00,390,390,0,390,390,0,0,0,0,0,0,0,1161811.0,True,True,complete,True,True,True
2013-06-27,2013-06-27 13:30:00+00:00,2013-06-27 20:00:00+00:00,390,390,0,390,390,0,0,0,0,0,0,0,1141892.0,True,True,complete,True,True,True
2013-06-28,2013-06-28 13:30:00+00:00,2013-06-28 20:00:00+00:00,390,390,0,390,390,0,0,0,0,0,0,0,1267206.0,True,True,complete,True,True,True
2013-07-01,2013-07-01 13:30:00+00:00,2013-07-01 20:00:00+00:00,390,390,0,390,390,0,0,0,0,0,0,0,1104371.0,True,True,complete,True,True,True
2013-07-02,2013-07-02 13:30:00+00:00,2013-07-02 20:00:00+00:00,390,390,0,390,390,0,0,0,0,0,0,0,1126977.0,True,True,complete,True,True,True
2013-07-03,2013-07-03 13:30:00+00:00,2013-07-03 17:00:00+00:00,210,210,0,210,210,0,0,0,0,0,0,0,578773.0,True,True,complete,True,True,True
2013-07-05,2013-07-05 13:30:00+00:00,2013-07-05 20:00:00+00:00,390,390,0,390,390,0,0,0,0,0,0,0,919114.0,True,True,complete,True,True,True
2013-07-08,2013-07-08 13:30:00+00:00,2013-07-08 20:00:00+00:00,390,390,0,390,390,0,0,0,0,0,0,0,881074.0,True,True,complete,True,True,True
2013-07-09,2013-07-09 13:30:00+00:00,2013-07-09 20:00:00+00:00,390,390,0,390,390,0,0,0,0,0,0,0,1006117.0,True,True,complete,True,True,True
2013-07-10,2013-07-10 13:30:00+00:00,2013-07-10 20:00:00+00:00,390,390,0,390,390,0,0,0,0,0,0,0,1036791.0,True,True,complete,True,True,True
2013-07-11,2013-07-11 13:30:00+00:00,2013-07-11 20:00:00+00:00,390,390,0,390,390,0,0,0,0,0,0,0,1013440.0,True,True,complete,True,True,True
2013-07-12,2013-07-12 13:30:00+00:00,2013-07-12 20:00:00+00:00,390,390,0,390,390,0,0,0,0,0,0,0,761173.0,True,True,complete,True,True,True
2013-07-15,2013-07-15 13:30:00+00:00,2013-07-15 20:00:00+00:00,390,390,0,390,390,0,0,0,0,0,0,0,595538.0,True,True,complete,True,True,True
2013-07-16,2013-07-16 13:30:00+00:00,2013-07-16 20:00:00+00:00,390,390,0,390,390,0,0,0,0,0,0,0,683514.0,True,True,complete,True,True,True
2013-07-17,2013-07-17 13:30:00+00:00,2013-07-17 20:00:00+00:00,390,390,0,390,390,0,0,0,0,0,0,0,742210.0,True,True,complete,True,True,True
2013-07-18,2013-07-18 13:30:00+00:00,2013-07-18 20:00:00+00:00,390,390,0,390,390,0,0,0,0,0,0,0,770690.0,True,True,complete,True,True,True
2013-07-19,2013-07-19 13:30:00+00:00,2013-07-19 20:00:00+00:00,390,390,0,390,390,0,0,0,0,0,0,0,800467.0,True,True,complete,True,True,True
2013-07-22,2013-07-22 13:30:00+00:00,2013-07-22 20:00:00+00:00,390,390,0,390,390,0,0,0,0,0,0,0,628861.0,True,True,complete,True,True,True
2013-07-23,2013-07-23 13:30:00+00:00,2013-07-23 20:00:00+00:00,390,390,0,390,390,0,0,0,0,0,0,0,660714.0,True,True,complete,True,True,True
2013-07-24,2013-07-24 13:30:00+00:00,2013-07-24 20:00:00+00:00,390,390,0,390,390,0,0,0,0,0,0,0,977453.0,True,True,complete,True,True,True
2013-07-25,2013-07-25 13:30:00+00:00,2013-07-25 20:00:00+00:00,390,390,0,390,390,0,0,0,0,0,0,0,811693.0,True,True,complete,True,True,True
2013-07-26,2013-07-26 13:30:00+00:00,2013-07-26 20:00:00+00:00,390,390,0,390,390,0,0,0,0,0,0,0,838927.0,True,True,complete,True,True,True
2013-07-29,2013-07-29 13:30:00+00:00,2013-07-29 20:00:00+00:00,390,390,0,390,390,0,0,0,0,0,0,0,666036.0,True,True,complete,True,True,True
2013-07-30,2013-07-30 13:30:00+00:00,2013-07-30 20:00:00+00:00,390,390,0,390,390,0,0,0,0,0,0,0,732556.0,True,True,complete,True,True,True
2013-07-31,2013-07-31 13:30:00+00:00,2013-07-31 20:00:00+00:00,390,390,0,390,390,0,0,0,0,0,0,0,1146061.0,True,True,complete,True,True,True
2013-08-01,2013-08-01 13:30:00+00:00,2013-08-01 20:00:00+00:00,390,390,0,390,390,0,0,0,0,0,0,0,895412.0,True,True,complete,True,True,True
2013-08-02,2013-08-02 13:30:00+00:00,2013-08-02 20:00:00+00:00,390,390,0,390,390,0,0,0,0,0,0,0,665912.0,True,True,complete,True,True,True
2013-08-05,2013-08-05 13:30:00+00:00,2013-08-05 20:00:00+00:00,390,390,0,390,390,0,0,0,0,0,0,0,414696.0,True,True,complete,True,True,True
2013-08-06,2013-08-06 13:30:00+00:00,2013-08-06 20:00:00+00:00,390,390,0,390,390,0,0,0,0,0,0,0,675777.0,True,True,complete,True,True,True
2013-08-07,2013-08-07 13:30:00+00:00,2013-08-07 20:00:00+00:00,390,390,0,390,390,0,0,0,0,0,0,0,697906.0,True,True,complete,True,True,True
2013-08-08,2013-08-08 13:30:00+00:00,2013-08-08 20:00:00+00:00,390,390,0,390,390,0,0,0,0,0,0,0,701702.0,True,True,complete,True,True,True
2013-08-09,2013-08-09 13:30:00+00:00,2013-08-09 20:00:00+00:00,390,390,0,390,390,0,0,0,0,0,0,0,773810.0,True,True,complete,True,True,True
2013-08-12,2013-08-12 13:30:00+00:00,2013-08-12 20:00:00+00:00,390,390,0,390,390,0,0,0,0,0,0,0,537779.0,True,True,complete,True,True,True
2013-08-13,2013-08-13 13:30:00+00:00,2013-08-13 20:00:00+00:00,390,390,0,390,390,0,0,0,0,0,0,0,716238.0,True,True,complete,True,True,True
2013-08-14,2013-08-14 13:30:00+00:00,2013-08-14 20:00:00+00:00,390,390,0,390,390,0,0,0,0,0,0,0,653313.0,True,True,complete,True,True,True
2013-08-15,2013-08-15 13:30:00+00:00,2013-08-15 20:00:00+00:00,390,390,0,390,390,0,0,0,0,0,0,0,1206874.0,True,True,complete,True,True,True
2013-08-16,2013-08-16 13:30:00+00:00,2013-08-16 20:00:00+00:00,390,390,0,390,390,0,0,0,0,0,0,0,971105.0,True,True,complete,True,True,True
2013-08-19,2013-08-19 13:30:00+00:00,2013-08-19 20:00:00+00:00,390,390,0,390,390,0,0,0,0,0,0,0,746396.0,True,True,complete,True,True,True
2013-08-20,2013-08-20 13:30:00+00:00,2013-08-20 20:00:00+00:00,390,390,0,390,390,0,0,0,0,0,0,0,733070.0,True,True,complete,True,True,True
2013-08-21,2013-08-21 13:30:00+00:00,2013-08-21 20:00:00+00:00,390,390,0,390,390,0,0,0,0,0,0,0,1265373.0,True,True,complete,True,True,True
2013-08-22,2013-08-22 13:30:00+00:00,2013-08-22 20:00:00+00:00,390,390,0,390,390,0,0,0,0,0,0,0,754053.0,True,True,complete,True,True,True
2013-08-23,2013-08-23 13:30:00+00:00,2013-08-23 20:00:00+00:00,390,390,0,390,390,0,0,0,0,0,0,0,650688.0,True,True,complete,True,True,True
2013-08-26,2013-08-26 13:30:00+00:00,2013-08-26 20:00:00+00:00,390,390,0,390,390,0,0,0,0,0,0,0,658496.0,True,True,complete,True,True,True
2013-08-27,2013-08-27 13:30:00+00:00,2013-08-27 20:00:00+00:00,390,390,0,390,390,0,0,0,0,0,0,0,1226320.0,True,True,complete,True,True,True
2013-08-28,2013-08-28 13:30:00+00:00,2013-08-28 20:00:00+00:00,390,390,0,390,390,0,0,0,0,0,0,0,797398.0,True,True,complete,True,True,True
2013-08-29,2013-08-29 13:30:00+00:00,2013-08-29 20:00:00+00:00,390,390,0,390,390,0,0,0,0,0,0,0,815721.0,True,True,complete,True,True,True
2013-08-30,2013-08-30 13:30:00+00:00,2013-08-30 20:00:00+00:00,390,390,0,390,390,0,0,0,0,0,0,0,997252.0,True,True,complete,True,True,True
2013-09-03,2013-09-03 13:30:00+00:00,2013-09-03 20:00:00+00:00,390,390,0,390,390,0,0,0,0,0,0,0,1069601.0,True,True,complete,True,True,True
2013-09-04,2013-09-04 13:30:00+00:00,2013-09-04 20:00:00+00:00,390,390,0,390,390,0,0,0,0,0,0,0,813769.0,True,True,complete,True,True,True
2013-09-05,2013-09-05 13:30:00+00:00,2013-09-05 20:00:00+00:00,390,390,0,390,390,0,0,0,0,0,0,0,531674.0,True,True,complete,True,True,True
2013-09-06,2013-09-06 13:30:00+00:00,2013-09-06 20:00:00+00:00,390,390,0,390,390,0,0,0,0,0,0,0,1288659.0,True,True,complete,True,True,True
2013-09-09,2013-09-09 13:30:00+00:00,2013-09-09 20:00:00+00:00,390,390,0,390,390,0,0,0,0,0,0,0,705078.0,True,True,complete,True,True,True
2013-09-10,2013-09-10 13:30:00+00:00,2013-09-10 20:00:00+00:00,390,390,0,390,390,0,0,0,0,0,0,0,846100.0,True,True,complete,True,True,True
2013-09-11,2013-09-11 13:30:00+00:00,2013-09-11 20:00:00+00:00,390,390,0,390,390,0,0,0,0,0,0,0,722682.0,True,True,complete,True,True,True
2013-09-12,2013-09-12 13:30:00+00:00,2013-09-12 20:00:00+00:00,390,390,0,390,390,0,0,0,0,0,0,0,683435.0,True,True,complete,True,True,True
2013-09-13,2013-09-13 13:30:00+00:00,2013-09-13 20:00:00+00:00,390,390,0,390,390,0,0,0,0,0,0,0,579653.0,True,True,complete,True,True,True
2013-09-16,2013-09-16 13:30:00+00:00,2013-09-16 20:00:00+00:00,390,390,0,390,390,0,0,0,0,0,0,0,831520.0,True,True,complete,True,True,True
2013-09-17,2013-09-17 13:30:00+00:00,2013-09-17 20:00:00+00:00,390,390,0,390,390,0,0,0,0,0,0,0,579820.0,True,True,complete,True,True,True
2013-09-18,2013-09-18 13:30:00+00:00,2013-09-18 20:00:00+00:00,390,390,0,390,390,0,0,0,0,0,0,0,1486771.0,True,True,complete,True,True,True
2013-09-19,2013-09-19 13:30:00+00:00,2013-09-19 20:00:00+00:00,390,390,0,390,390,0,0,0,0,0,0,0,1014650.0,True,True,complete,True,True,True
2013-09-20,2013-09-20 13:30:00+00:00,2013-09-20 20:00:00+00:00,390,390,0,390,390,0,0,0,0,0,0,0,1054802.0,True,True,complete,True,True,True
2013-09-23,2013-09-23 13:30:00+00:00,2013-09-23 20:00:00+00:00,390,390,0,390,390,0,0,0,0,0,0,0,809431.0,True,True,complete,True,True,True
2013-09-24,2013-09-24 13:30:00+00:00,2013-09-24 20:00:00+00:00,390,390,0,390,390,0,0,0,0,0,0,0,794067.0,True,True,complete,True,True,True
2013-09-25,2013-09-25 13:30:00+00:00,2013-09-25 20:00:00+00:00,390,390,0,390,390,0,0,0,0,0,0,0,952355.0,True,True,complete,True,True,True
2013-09-26,2013-09-26 13:30:00+00:00,2013-09-26 20:00:00+00:00,390,390,0,390,390,0,0,0,0,0,0,0,649817.0,True,True,complete,True,True,True
2013-09-27,2013-09-27 13:30:00+00:00,2013-09-27 20:00:00+00:00,390,390,0,390,390,0,0,0,0,0,0,0,772162.0,True,True,complete,True,True,True
2013-09-30,2013-09-30 13:30:00+00:00,2013-09-30 20:00:00+00:00,390,390,0,390,390,0,0,0,0,0,0,0,1203816.0,True,True,complete,True,True,True
2013-10-01,2013-10-01 13:30:00+00:00,2013-10-01 20:00:00+00:00,390,390,0,390,390,0,0,0,0,0,0,0,947137.0,True,True,complete,True,True,True
2013-10-02,2013-10-02 13:30:00+00:00,2013-10-02 20:00:00+00:00,390,390,0,390,390,0,0,0,0,0,0,0,799088.0,True,True,complete,True,True,True
2013-10-03,2013-10-03 13:30:00+00:00,2013-10-03 20:00:00+00:00,390,390,0,390,390,0,0,0,0,0,0,0,1438312.0,True,True,complete,True,True,True
2013-10-04,2013-10-04 13:30:00+00:00,2013-10-04 20:00:00+00:00,390,390,0,390,390,0,0,0,0,0,0,0,804647.0,True,True,complete,True,True,True
2013-10-07,2013-10-07 13:30:00+00:00,2013-10-07 20:00:00+00:00,390,390,0,390,390,0,0,0,0,0,0,0,760582.0,True,True,complete,True,True,True
2013-10-08,2013-10-08 13:30:00+00:00,2013-10-08 20:00:00+00:00,390,390,0,390,390,0,0,0,0,0,0,0,1456636.0,True,True,complete,True,True,True
2013-10-09,2013-10-09 13:30:00+00:00,2013-10-09 20:00:00+00:00,390,390,0,390,390,0,0,0,0,0,0,0,1415054.0,True,True,complete,True,True,True
2013-10-10,2013-10-10 13:30:00+00:00,2013-10-10 20:00:00+00:00,390,390,0,390,390,0,0,0,0,0,0,0,1476237.0,True,True,complete,True,True,True
2013-10-11,2013-10-11 13:30:00+00:00,2013-10-11 20:00:00+00:00,390,390,0,390,390,0,0,0,0,0,0,0,860097.0,True,True,complete,True,True,True
2013-10-14,2013-10-14 13:30:00+00:00,2013-10-14 20:00:00+00:00,390,390,0,390,390,0,0,0,0,0,0,0,906564.0,True,True,complete,True,True,True
2013-10-15,2013-10-15 13:30:00+00:00,2013-10-15 20:00:00+00:00,390,390,0,390,390,0,0,0,0,0,0,0,1289604.0,True,True,complete,True,True,True
2013-10-16,2013-10-16 13:30:00+00:00,2013-10-16 20:00:00+00:00,390,390,0,390,390,0,0,0,0,0,0,0,1224420.0,True,True,complete,True,True,True
2013-10-17,2013-10-17 13:30:00+00:00,2013-10-17 20:00:00+00:00,390,390,0,390,390,0,0,0,0,0,0,0,1027647.0,True,True,complete,True,True,True
2013-10-18,2013-10-18 13:30:00+00:00,2013-10-18 20:00:00+00:00,390,390,0,390,390,0,0,0,0,0,0,0,1103755.0,True,True,complete,True,True,True
2013-10-21,2013-10-21 13:30:00+00:00,2013-10-21 20:00:00+00:00,390,390,0,390,390,0,0,0,0,0,0,0,647697.0,True,True,complete,True,True,True
2013-10-22,2013-10-22 13:30:00+00:00,2013-10-22 20:00:00+00:00,390,390,0,390,390,0,0,0,0,0,0,0,1043765.0,True,True,complete,True,True,True
2013-10-23,2013-10-23 13:30:00+00:00,2013-10-23 20:00:00+00:00,390,390,0,390,390,0,0,0,0,0,0,0,895951.0,True,True,complete,True,True,True
2013-10-24,2013-10-24 13:30:00+00:00,2013-10-24 20:00:00+00:00,390,390,0,390,390,0,0,0,0,0,0,0,592581.0,True,True,complete,True,True,True
2013-10-25,2013-10-25 13:30:00+00:00,2013-10-25 20:00:00+00:00,390,390,0,390,390,0,0,0,0,0,0,0,731308.0,True,True,complete,True,True,True
2013-10-28,2013-10-28 13:30:00+00:00,2013-10-28 20:00:00+00:00,390,390,0,390,390,0,0,0,0,0,0,0,630602.0,True,True,complete,True,True,True
2013-10-29,2013-10-29 13:30:00+00:00,2013-10-29 20:00:00+00:00,390,390,0,390,390,0,0,0,0,0,0,0,634038.0,True,True,complete,True,True,True
2013-10-30,2013-10-30 13:30:00+00:00,2013-10-30 20:00:00+00:00,390,390,0,390,390,0,0,0,0,0,0,0,1113650.0,True,True,complete,True,True,True
2013-10-31,2013-10-31 13:30:00+00:00,2013-10-31 20:00:00+00:00,390,390,0,390,390,0,0,0,0,0,0,0,1007631.0,True,True,complete,True,True,True
2013-11-01,2013-11-01 13:30:00+00:00,2013-11-01 20:00:00+00:00,390,390,0,390,390,0,0,0,0,0,0,0,1059440.0,True,True,complete,True,True,True
2013-11-04,2013-11-04 14:30:00+00:00,2013-11-04 21:00:00+00:00,390,390,0,390,390,0,0,0,0,0,0,0,531707.0,True,True,complete,True,True,True
2013-11-05,2013-11-05 14:30:00+00:00,2013-11-05 21:00:00+00:00,390,390,0,390,390,0,0,0,0,0,0,0,672520.0,True,True,complete,True,True,True
2013-11-06,2013-11-06 14:30:00+00:00,2013-11-06 21:00:00+00:00,390,390,0,390,390,0,0,0,0,0,0,0,651853.0,True,True,complete,True,True,True
2013-11-07,2013-11-07 14:30:00+00:00,2013-11-07 21:00:00+00:00,390,390,0,390,390,0,0,0,0,0,0,0,1236046.0,True,True,complete,True,True,True
2013-11-08,2013-11-08 14:30:00+00:00,2013-11-08 21:00:00+00:00,390,390,0,390,390,0,0,0,0,0,0,0,1061666.0,True,True,complete,True,True,True
2013-11-11,2013-11-11 14:30:00+00:00,2013-11-11 21:00:00+00:00,390,390,0,390,390,0,0,0,0,0,0,0,499815.0,True,True,complete,True,True,True
2013-11-12,2013-11-12 14:30:00+00:00,2013-11-12 21:00:00+00:00,390,390,0,390,390,0,0,0,0,0,0,0,699340.0,True,True,complete,True,True,True
2013-11-13,2013-11-13 14:30:00+00:00,2013-11-13 21:00:00+00:00,390,390,0,390,390,0,0,0,0,0,0,0,766821.0,True,True,complete,True,True,True
2013-11-14,2013-11-14 14:30:00+00:00,2013-11-14 21:00:00+00:00,390,390,0,390,390,0,0,0,0,0,0,0,810090.0,True,True,complete,True,True,True
2013-11-15,2013-11-15 14:30:00+00:00,2013-11-15 21:00:00+00:00,390,390,0,390,390,0,0,0,0,0,0,0,655295.0,True,True,complete,True,True,True
2013-11-18,2013-11-18 14:30:00+00:00,2013-11-18 21:00:00+00:00,390,390,0,390,390,0,0,0,0,0,0,0,772800.0,True,True,complete,True,True,True
2013-11-19,2013-11-19 14:30:00+00:00,2013-11-19 21:00:00+00:00,390,390,0,390,390,0,0,0,0,0,0,0,782822.0,True,True,complete,True,True,True
2013-11-20,2013-11-20 14:30:00+00:00,2013-11-20 21:00:00+00:00,390,390,0,390,390,0,0,0,0,0,0,0,1043749.0,True,True,complete,True,True,True
2013-11-21,2013-11-21 14:30:00+00:00,2013-11-21 21:00:00+00:00,390,390,0,390,390,0,0,0,0,0,0,0,669987.0,True,True,complete,True,True,True
2013-11-22,2013-11-22 14:30:00+00:00,2013-11-22 21:00:00+00:00,390,390,0,390,390,0,0,0,0,0,0,0,579112.0,True,True,complete,True,True,True
2013-11-25,2013-11-25 14:30:00+00:00,2013-11-25 21:00:00+00:00,390,390,0,390,390,0,0,0,0,0,0,0,595021.0,True,True,complete,True,True,True
2013-11-26,2013-11-26 14:30:00+00:00,2013-11-26 21:00:00+00:00,390,390,0,390,390,0,0,0,0,0,0,0,638103.0,True,True,complete,True,True,True
2013-11-27,2013-11-27 14:30:00+00:00,2013-11-27 21:00:00+00:00,390,390,0,390,390,0,0,0,0,0,0,0,460169.0,True,True,complete,True,True,True
2013-11-29,2013-11-29 14:30:00+00:00,2013-11-29 18:00:00+00:00,210,210,0,210,210,0,0,0,0,0,0,0,394248.0,True,True,complete,True,True,True
2013-12-02,2013-12-02 14:30:00+00:00,2013-12-02 21:00:00+00:00,390,390,0,390,390,0,0,0,0,0,0,0,690500.0,True,True,complete,True,True,True
2013-12-03,2013-12-03 14:30:00+00:00,2013-12-03 21:00:00+00:00,390,390,0,390,390,0,0,0,0,0,0,0,795423.0,True,True,complete,True,True,True
2013-12-04,2013-12-04 14:30:00+00:00,2013-12-04 21:00:00+00:00,390,390,0,390,390,0,0,0,0,0,0,0,1028785.0,True,True,complete,True,True,True
2013-12-05,2013-12-05 14:30:00+00:00,2013-12-05 21:00:00+00:00,390,390,0,390,390,0,0,0,0,0,0,0,805495.0,True,True,complete,True,True,True
2013-12-06,2013-12-06 14:30:00+00:00,2013-12-06 21:00:00+00:00,390,390,0,390,390,0,0,0,0,0,0,0,854177.0,True,True,complete,True,True,True
2013-12-09,2013-12-09 14:30:00+00:00,2013-12-09 21:00:00+00:00,390,390,0,390,390,0,0,0,0,0,0,0,556303.0,True,True,complete,True,True,True
2013-12-10,2013-12-10 14:30:00+00:00,2013-12-10 21:00:00+00:00,390,390,0,390,390,0,0,0,0,0,0,0,597666.0,True,True,complete,True,True,True
2013-12-11,2013-12-11 14:30:00+00:00,2013-12-11 21:00:00+00:00,390,390,0,390,390,0,0,0,0,0,0,0,1045562.0,True,True,complete,True,True,True
2013-12-12,2013-12-12 14:30:00+00:00,2013-12-12 21:00:00+00:00,390,390,0,390,390,0,0,0,0,0,0,0,945172.0,True,True,complete,True,True,True
2013-12-13,2013-12-13 14:30:00+00:00,2013-12-13 21:00:00+00:00,390,390,0,390,390,0,0,0,0,0,0,0,798853.0,True,True,complete,True,True,True
2013-12-16,2013-12-16 14:30:00+00:00,2013-12-16 21:00:00+00:00,390,390,0,390,390,0,0,0,0,0,0,0,719089.0,True,True,complete,True,True,True
2013-12-17,2013-12-17 14:30:00+00:00,2013-12-17 21:00:00+00:00,390,390,0,390,390,0,0,0,0,0,0,0,664423.0,True,True,complete,True,True,True
2013-12-18,2013-12-18 14:30:00+00:00,2013-12-18 21:00:00+00:00,390,390,0,390,390,0,0,0,0,0,0,0,1880643.0,True,True,complete,True,True,True
2013-12-19,2013-12-19 14:30:00+00:00,2013-12-19 21:00:00+00:00,390,390,0,390,390,0,0,0,0,0,0,0,927670.0,True,True,complete,True,True,True
2013-12-20,2013-12-20 14:30:00+00:00,2013-12-20 21:00:00+00:00,390,390,0,390,390,0,0,0,0,0,0,0,1131358.0,True,True,complete,True,True,True
2013-12-23,2013-12-23 14:30:00+00:00,2013-12-23 21:00:00+00:00,390,390,0,390,352,38,0,0,38,0,0,0,507972.0,False,True,truncated,False,False,True
2013-12-24,2013-12-24 14:30:00+00:00,2013-12-24 18:00:00+00:00,210,210,0,210,210,0,0,0,0,0,0,0,308872.0,True,True,complete,True,True,True
2013-12-26,2013-12-26 14:30:00+00:00,2013-12-26 21:00:00+00:00,390,390,0,390,390,0,0,0,0,0,0,0,479087.0,True,True,complete,True,True,True
2013-12-27,2013-12-27 14:30:00+00:00,2013-12-27 21:00:00+00:00,390,390,0,390,390,0,0,0,0,0,0,0,464277.0,True,True,complete,True,True,True
2013-12-30,2013-12-30 14:30:00+00:00,2013-12-30 21:00:00+00:00,390,390,0,390,390,0,0,0,0,0,0,0,414821.0,True,True,complete,True,True,True
2013-12-31,2013-12-31 14:30:00+00:00,2013-12-31 21:00:00+00:00,390,390,0,390,390,0,0,0,0,0,0,0,640409.0,True,True,complete,True,True,True
2014-01-02,2014-01-02 14:30:00+00:00,2014-01-02 21:00:00+00:00,390,390,0,390,390,0,0,0,0,0,0,0,863530.0,True,True,complete,True,True,True
2014-01-03,2014-01-03 14:30:00+00:00,2014-01-03 21:00:00+00:00,390,390,0,390,390,0,0,0,0,0,0,0,634268.0,True,True,complete,True,True,True
2014-01-06,2014-01-06 14:30:00+00:00,2014-01-06 21:00:00+00:00,390,390,0,390,390,0,0,0,0,0,0,0,719359.0,True,True,complete,True,True,True
2014-01-07,2014-01-07 14:30:00+00:00,2014-01-07 21:00:00+00:00,390,390,0,390,390,0,0,0,0,0,0,0,647092.0,True,True,complete,True,True,True
2014-01-08,2014-01-08 14:30:00+00:00,2014-01-08 21:00:00+00:00,390,390,0,390,390,0,0,0,0,0,0,0,748553.0,True,True,complete,True,True,True
2014-01-09,2014-01-09 14:30:00+00:00,2014-01-09 21:00:00+00:00,390,390,0,390,390,0,0,0,0,0,0,0,692806.0,True,True,complete,True,True,True
2014-01-10,2014-01-10 14:30:00+00:00,2014-01-10 21:00:00+00:00,390,390,0,390,390,0,0,0,0,0,0,0,720808.0,True,True,complete,True,True,True
2014-01-13,2014-01-13 14:30:00+00:00,2014-01-13 21:00:00+00:00,390,390,0,390,390,0,0,0,0,0,0,0,1074745.0,True,True,complete,True,True,True
2014-01-14,2014-01-14 14:30:00+00:00,2014-01-14 21:00:00+00:00,390,390,0,390,390,0,0,0,0,0,0,0,783114.0,True,True,complete,True,True,True
2014-01-15,2014-01-15 14:30:00+00:00,2014-01-15 21:00:00+00:00,390,390,0,390,390,0,0,0,0,0,0,0,706005.0,True,True,complete,True,True,True
2014-01-16,2014-01-16 14:30:00+00:00,2014-01-16 21:00:00+00:00,390,390,0,390,390,0,0,0,0,0,0,0,526034.0,True,True,complete,True,True,True
2014-01-17,2014-01-17 14:30:00+00:00,2014-01-17 21:00:00+00:00,390,390,0,390,390,0,0,0,0,0,0,0,692833.0,True,True,complete,True,True,True
2014-01-21,2014-01-21 14:30:00+00:00,2014-01-21 21:00:00+00:00,390,390,0,390,390,0,0,0,0,0,0,0,684959.0,True,True,complete,True,True,True
2014-01-22,2014-01-22 14:30:00+00:00,2014-01-22 21:00:00+00:00,390,390,0,390,390,0,0,0,0,0,0,0,506890.0,True,True,complete,True,True,True
2014-01-23,2014-01-23 14:30:00+00:00,2014-01-23 21:00:00+00:00,390,390,0,390,390,0,0,0,0,0,0,0,942129.0,True,True,complete,True,True,True
2014-01-24,2014-01-24 14:30:00+00:00,2014-01-24 21:00:00+00:00,390,390,0,390,390,0,0,0,0,0,0,0,1589406.0,True,True,complete,True,True,True
2014-01-27,2014-01-27 14:30:00+00:00,2014-01-27 21:00:00+00:00,390,390,0,390,390,0,0,0,0,0,0,0,1520310.0,True,True,complete,True,True,True
2014-01-28,2014-01-28 14:30:00+00:00,2014-01-28 21:00:00+00:00,390,390,0,390,390,0,0,0,0,0,0,0,813082.0,True,True,complete,True,True,True
2014-01-29,2014-01-29 14:30:00+00:00,2014-01-29 21:00:00+00:00,390,390,0,390,390,0,0,0,0,0,0,0,1631144.0,True,True,complete,True,True,True
2014-01-30,2014-01-30 14:30:00+00:00,2014-01-30 21:00:00+00:00,390,390,0,390,390,0,0,0,0,0,0,0,905983.0,True,True,complete,True,True,True
2014-01-31,2014-01-31 14:30:00+00:00,2014-01-31 21:00:00+00:00,390,390,0,390,390,0,0,0,0,0,0,0,1371291.0,True,True,complete,True,True,True
2014-02-03,2014-02-03 14:30:00+00:00,2014-02-03 21:00:00+00:00,390,390,0,390,390,0,0,0,0,0,0,0,2084032.0,True,True,complete,True,True,True
2014-02-04,2014-02-04 14:30:00+00:00,2014-02-04 21:00:00+00:00,390,390,0,390,390,0,0,0,0,0,0,0,1324571.0,True,True,complete,True,True,True
2014-02-05,2014-02-05 14:30:00+00:00,2014-02-05 21:00:00+00:00,390,390,0,390,390,0,0,0,0,0,0,0,1310504.0,True,True,complete,True,True,True
2014-02-06,2014-02-06 14:30:00+00:00,2014-02-06 21:00:00+00:00,390,390,0,390,390,0,0,0,0,0,0,0,924023.0,True,True,complete,True,True,True
2014-02-07,2014-02-07 14:30:00+00:00,2014-02-07 21:00:00+00:00,390,390,0,390,390,0,0,0,0,0,0,0,1200472.0,True,True,complete,True,True,True
2014-02-10,2014-02-10 14:30:00+00:00,2014-02-10 21:00:00+00:00,390,390,0,390,390,0,0,0,0,0,0,0,593177.0,True,True,complete,True,True,True
2014-02-11,2014-02-11 14:30:00+00:00,2014-02-11 21:00:00+00:00,390,390,0,390,390,0,0,0,0,0,0,0,952581.0,True,True,complete,True,True,True
2014-02-12,2014-02-12 14:30:00+00:00,2014-02-12 21:00:00+00:00,390,390,0,390,390,0,0,0,0,0,0,0,793230.0,True,True,complete,True,True,True
2014-02-13,2014-02-13 14:30:00+00:00,2014-02-13 21:00:00+00:00,390,390,0,390,390,0,0,0,0,0,0,0,815311.0,True,True,complete,True,True,True
2014-02-14,2014-02-14 14:30:00+00:00,2014-02-14 21:00:00+00:00,390,390,0,390,390,0,0,0,0,0,0,0,688751.0,True,True,complete,True,True,True
2014-02-18,2014-02-18 14:30:00+00:00,2014-02-18 21:00:00+00:00,390,390,0,390,390,0,0,0,0,0,0,0,576365.0,True,True,complete,True,True,True
2014-02-19,2014-02-19 14:30:00+00:00,2014-02-19 21:00:00+00:00,390,390,0,390,390,0,0,0,0,0,0,0,959427.0,True,True,complete,True,True,True
2014-02-20,2014-02-20 14:30:00+00:00,2014-02-20 21:00:00+00:00,390,390,0,390,390,0,0,0,0,0,0,0,792260.0,True,True,complete,True,True,True
2014-02-21,2014-02-21 14:30:00+00:00,2014-02-21 21:00:00+00:00,390,390,0,390,390,0,0,0,0,0,0,0,732725.0,True,True,complete,True,True,True
2014-02-24,2014-02-24 14:30:00+00:00,2014-02-24 21:00:00+00:00,390,390,0,390,390,0,0,0,0,0,0,0,860378.0,True,True,complete,True,True,True
2014-02-25,2014-02-25 14:30:00+00:00,2014-02-25 21:00:00+00:00,390,390,0,390,390,0,0,0,0,0,0,0,902390.0,True,True,complete,True,True,True
2014-02-26,2014-02-26 14:30:00+00:00,2014-02-26 21:00:00+00:00,390,390,0,390,390,0,0,0,0,0,0,0,793595.0,True,True,complete,True,True,True
2014-02-27,2014-02-27 14:30:00+00:00,2014-02-27 21:00:00+00:00,390,390,0,390,390,0,0,0,0,0,0,0,754350.0,True,True,complete,True,True,True
2014-02-28,2014-02-28 14:30:00+00:00,2014-02-28 21:00:00+00:00,390,390,0,390,390,0,0,0,0,0,0,0,1187792.0,True,True,complete,True,True,True
2014-03-03,2014-03-03 14:30:00+00:00,2014-03-03 21:00:00+00:00,390,390,0,390,390,0,0,0,0,0,0,0,1305143.0,True,True,complete,True,True,True
2014-03-04,2014-03-04 14:30:00+00:00,2014-03-04 21:00:00+00:00,390,390,0,390,390,0,0,0,0,0,0,0,1390607.0,True,True,complete,True,True,True
2014-03-05,2014-03-05 14:30:00+00:00,2014-03-05 21:00:00+00:00,390,390,0,390,390,0,0,0,0,0,0,0,651779.0,True,True,complete,True,True,True
2014-03-06,2014-03-06 14:30:00+00:00,2014-03-06 21:00:00+00:00,390,390,0,390,390,0,0,0,0,0,0,0,680317.0,True,True,complete,True,True,True
2014-03-07,2014-03-07 14:30:00+00:00,2014-03-07 21:00:00+00:00,390,390,0,390,390,0,0,0,0,0,0,0,895353.0,True,True,complete,True,True,True
2014-03-10,2014-03-10 13:30:00+00:00,2014-03-10 20:00:00+00:00,390,390,0,390,390,0,0,0,0,0,0,0,629994.0,True,True,complete,True,True,True
2014-03-11,2014-03-11 13:30:00+00:00,2014-03-11 20:00:00+00:00,390,390,0,390,390,0,0,0,0,0,0,0,833731.0,True,True,complete,True,True,True
2014-03-12,2014-03-12 13:30:00+00:00,2014-03-12 20:00:00+00:00,390,390,0,390,390,0,0,0,0,0,0,0,869627.0,True,True,complete,True,True,True
2014-03-13,2014-03-13 13:30:00+00:00,2014-03-13 20:00:00+00:00,390,390,0,390,390,0,0,0,0,0,0,0,1285321.0,True,True,complete,True,True,True
2014-03-14,2014-03-14 13:30:00+00:00,2014-03-14 20:00:00+00:00,390,390,0,390,390,0,0,0,0,0,0,0,1250250.0,True,True,complete,True,True,True
2014-03-17,2014-03-17 13:30:00+00:00,2014-03-17 20:00:00+00:00,390,390,0,390,390,0,0,0,0,0,0,0,825094.0,True,True,complete,True,True,True
2014-03-18,2014-03-18 13:30:00+00:00,2014-03-18 20:00:00+00:00,390,390,0,390,390,0,0,0,0,0,0,0,769749.0,True,True,complete,True,True,True
2014-03-19,2014-03-19 13:30:00+00:00,2014-03-19 20:00:00+00:00,390,390,0,390,390,0,0,0,0,0,0,0,1122101.0,True,True,complete,True,True,True
2014-03-20,2014-03-20 13:30:00+00:00,2014-03-20 20:00:00+00:00,390,390,0,390,390,0,0,0,0,0,0,0,880311.0,True,True,complete,True,True,True
2014-03-21,2014-03-21 13:30:00+00:00,2014-03-21 20:00:00+00:00,390,390,0,390,390,0,0,0,0,0,0,0,1161094.0,True,True,complete,True,True,True
2014-03-24,2014-03-24 13:30:00+00:00,2014-03-24 20:00:00+00:00,390,390,0,390,390,0,0,0,0,0,0,0,1057657.0,True,True,complete,True,True,True
2014-03-25,2014-03-25 13:30:00+00:00,2014-03-25 20:00:00+00:00,390,390,0,390,390,0,0,0,0,0,0,0,897275.0,True,True,complete,True,True,True
2014-03-26,2014-03-26 13:30:00+00:00,2014-03-26 20:00:00+00:00,390,390,0,390,390,0,0,0,0,0,0,0,966069.0,True,True,complete,True,True,True
2014-03-27,2014-03-27 13:30:00+00:00,2014-03-27 20:00:00+00:00,390,390,0,390,390,0,0,0,0,0,0,0,1158303.0,True,True,complete,True,True,True
2014-03-28,2014-03-28 13:30:00+00:00,2014-03-28 20:00:00+00:00,390,390,0,390,390,0,0,0,0,0,0,0,804105.0,True,True,complete,True,True,True
2014-03-31,2014-03-31 13:30:00+00:00,2014-03-31 20:00:00+00:00,390,390,0,390,390,0,0,0,0,0,0,0,775032.0,True,True,complete,True,True,True
2014-04-01,2014-04-01 13:30:00+00:00,2014-04-01 20:00:00+00:00,390,390,0,390,390,0,0,0,0,0,0,0,686329.0,True,True,complete,True,True,True
2014-04-02,2014-04-02 13:30:00+00:00,2014-04-02 20:00:00+00:00,390,390,0,390,390,0,0,0,0,0,0,0,641604.0,True,True,complete,True,True,True
2014-04-03,2014-04-03 13:30:00+00:00,2014-04-03 20:00:00+00:00,390,390,0,390,390,0,0,0,0,0,0,0,635068.0,True,True,complete,True,True,True
2014-04-04,2014-04-04 13:30:00+00:00,2014-04-04 20:00:00+00:00,390,390,0,390,390,0,0,0,0,0,0,0,1368445.0,True,True,complete,True,True,True
2014-04-07,2014-04-07 13:30:00+00:00,2014-04-07 20:00:00+00:00,390,390,0,390,390,0,0,0,0,0,0,0,1180260.0,True,True,complete,True,True,True
2014-04-08,2014-04-08 13:30:00+00:00,2014-04-08 20:00:00+00:00,390,390,0,390,390,0,0,0,0,0,0,0,968844.0,True,True,complete,True,True,True
2014-04-09,2014-04-09 13:30:00+00:00,2014-04-09 20:00:00+00:00,390,390,0,390,390,0,0,0,0,0,0,0,812214.0,True,True,complete,True,True,True
2014-04-10,2014-04-10 13:30:00+00:00,2014-04-10 20:00:00+00:00,390,390,0,390,390,0,0,0,0,0,0,0,1369889.0,True,True,complete,True,True,True
2014-04-11,2014-04-11 13:30:00+00:00,2014-04-11 20:00:00+00:00,390,390,0,390,390,0,0,0,0,0,0,0,1398010.0,True,True,complete,True,True,True
2014-04-14,2014-04-14 13:30:00+00:00,2014-04-14 20:00:00+00:00,390,390,0,390,390,0,0,0,0,0,0,0,1025405.0,True,True,complete,True,True,True
2014-04-15,2014-04-15 13:30:00+00:00,2014-04-15 20:00:00+00:00,390,390,0,390,390,0,0,0,0,0,0,0,1363263.0,True,True,complete,True,True,True
2014-04-16,2014-04-16 13:30:00+00:00,2014-04-16 20:00:00+00:00,390,390,0,390,390,0,0,0,0,0,0,0,803226.0,True,True,complete,True,True,True
2014-04-17,2014-04-17 13:30:00+00:00,2014-04-17 20:00:00+00:00,390,390,0,390,390,0,0,0,0,0,0,0,746463.0,True,True,complete,True,True,True
2014-04-21,2014-04-21 13:30:00+00:00,2014-04-21 20:00:00+00:00,390,390,0,390,390,0,0,0,0,0,0,0,500991.0,True,True,complete,True,True,True
2014-04-22,2014-04-22 13:30:00+00:00,2014-04-22 20:00:00+00:00,390,390,0,390,390,0,0,0,0,0,0,0,687272.0,True,True,complete,True,True,True
2014-04-23,2014-04-23 13:30:00+00:00,2014-04-23 20:00:00+00:00,390,390,0,390,390,0,0,0,0,0,0,0,585506.0,True,True,complete,True,True,True
2014-04-24,2014-04-24 13:30:00+00:00,2014-04-24 20:00:00+00:00,390,390,0,390,390,0,0,0,0,0,0,0,742943.0,True,True,complete,True,True,True
2014-04-25,2014-04-25 13:30:00+00:00,2014-04-25 20:00:00+00:00,390,390,0,390,390,0,0,0,0,0,0,0,819821.0,True,True,complete,True,True,True
2014-04-28,2014-04-28 13:30:00+00:00,2014-04-28 20:00:00+00:00,390,390,0,390,390,0,0,0,0,0,0,0,1119794.0,True,True,complete,True,True,True
2014-04-29,2014-04-29 13:30:00+00:00,2014-04-29 20:00:00+00:00,390,390,0,390,390,0,0,0,0,0,0,0,675276.0,True,True,complete,True,True,True
2014-04-30,2014-04-30 13:30:00+00:00,2014-04-30 20:00:00+00:00,390,390,0,390,390,0,0,0,0,0,0,0,816887.0,True,True,complete,True,True,True
2014-05-01,2014-05-01 13:30:00+00:00,2014-05-01 20:00:00+00:00,390,390,0,390,390,0,0,0,0,0,0,0,755021.0,True,True,complete,True,True,True
2014-05-02,2014-05-02 13:30:00+00:00,2014-05-02 20:00:00+00:00,390,390,0,390,390,0,0,0,0,0,0,0,741793.0,True,True,complete,True,True,True
2014-05-05,2014-05-05 13:30:00+00:00,2014-05-05 20:00:00+00:00,390,390,0,390,390,0,0,0,0,0,0,0,592095.0,True,True,complete,True,True,True
2014-05-06,2014-05-06 13:30:00+00:00,2014-05-06 20:00:00+00:00,390,390,0,390,390,0,0,0,0,0,0,0,614956.0,True,True,complete,True,True,True
2014-05-07,2014-05-07 13:30:00+00:00,2014-05-07 20:00:00+00:00,390,390,0,390,390,0,0,0,0,0,0,0,898992.0,True,True,complete,True,True,True
2014-05-08,2014-05-08 13:30:00+00:00,2014-05-08 20:00:00+00:00,390,390,0,390,390,0,0,0,0,0,0,0,840147.0,True,True,complete,True,True,True
2014-05-09,2014-05-09 13:30:00+00:00,2014-05-09 20:00:00+00:00,390,390,0,390,390,0,0,0,0,0,0,0,689084.0,True,True,complete,True,True,True
2014-05-12,2014-05-12 13:30:00+00:00,2014-05-12 20:00:00+00:00,390,390,0,390,390,0,0,0,0,0,0,0,626845.0,True,True,complete,True,True,True
2014-05-13,2014-05-13 13:30:00+00:00,2014-05-13 20:00:00+00:00,390,390,0,390,390,0,0,0,0,0,0,0,554934.0,True,True,complete,True,True,True
2014-05-14,2014-05-14 13:30:00+00:00,2014-05-14 20:00:00+00:00,390,390,0,390,390,0,0,0,0,0,0,0,569249.0,True,True,complete,True,True,True
2014-05-15,2014-05-15 13:30:00+00:00,2014-05-15 20:00:00+00:00,390,390,0,390,390,0,0,0,0,0,0,0,1260259.0,True,True,complete,True,True,True
2014-05-16,2014-05-16 13:30:00+00:00,2014-05-16 20:00:00+00:00,390,390,0,390,390,0,0,0,0,0,0,0,767477.0,True,True,complete,True,True,True
2014-05-19,2014-05-19 13:30:00+00:00,2014-05-19 20:00:00+00:00,390,390,0,390,390,0,0,0,0,0,0,0,478437.0,True,True,complete,True,True,True
2014-05-20,2014-05-20 13:30:00+00:00,2014-05-20 20:00:00+00:00,390,390,0,390,390,0,0,0,0,0,0,0,853278.0,True,True,complete,True,True,True
2014-05-21,2014-05-21 13:30:00+00:00,2014-05-21 20:00:00+00:00,390,390,0,390,390,0,0,0,0,0,0,0,730774.0,True,True,complete,True,True,True
2014-05-22,2014-05-22 13:30:00+00:00,2014-05-22 20:00:00+00:00,390,390,0,390,390,0,0,0,0,0,0,0,499499.0,True,True,complete,True,True,True
2014-05-23,2014-05-23 13:30:00+00:00,2014-05-23 20:00:00+00:00,390,390,0,390,390,0,0,0,0,0,0,0,469763.0,True,True,complete,True,True,True
2014-05-27,2014-05-27 13:30:00+00:00,2014-05-27 20:00:00+00:00,390,390,0,390,390,0,0,0,0,0,0,0,497545.0,True,True,complete,True,True,True
2014-05-28,2014-05-28 13:30:00+00:00,2014-05-28 20:00:00+00:00,390,390,0,390,390,0,0,0,0,0,0,0,509550.0,True,True,complete,True,True,True
2014-05-29,2014-05-29 13:30:00+00:00,2014-05-29 20:00:00+00:00,390,390,0,390,390,0,0,0,0,0,0,0,506209.0,True,True,complete,True,True,True
2014-05-30,2014-05-30 13:30:00+00:00,2014-05-30 20:00:00+00:00,390,390,0,390,390,0,0,0,0,0,0,0,586854.0,True,True,complete,True,True,True
2014-06-02,2014-06-02 13:30:00+00:00,2014-06-02 20:00:00+00:00,390,390,0,390,390,0,0,0,0,0,0,0,499916.0,True,True,complete,True,True,True
2014-06-03,2014-06-03 13:30:00+00:00,2014-06-03 20:00:00+00:00,390,390,0,390,390,0,0,0,0,0,0,0,438011.0,True,True,complete,True,True,True
2014-06-04,2014-06-04 13:30:00+00:00,2014-06-04 20:00:00+00:00,390,390,0,390,390,0,0,0,0,0,0,0,395490.0,True,True,complete,True,True,True
2014-06-05,2014-06-05 13:30:00+00:00,2014-06-05 20:00:00+00:00,390,390,0,390,390,0,0,0,0,0,0,0,692323.0,True,True,complete,True,True,True
2014-06-06,2014-06-06 13:30:00+00:00,2014-06-06 20:00:00+00:00,390,390,0,390,390,0,0,0,0,0,0,0,546378.0,True,True,complete,True,True,True
2014-06-09,2014-06-09 13:30:00+00:00,2014-06-09 20:00:00+00:00,390,390,0,390,390,0,0,0,0,0,0,0,515706.0,True,True,complete,True,True,True
2014-06-10,2014-06-10 13:30:00+00:00,2014-06-10 20:00:00+00:00,390,390,0,390,390,0,0,0,0,0,0,0,391862.0,True,True,complete,True,True,True
2014-06-11,2014-06-11 13:30:00+00:00,2014-06-11 20:00:00+00:00,390,390,0,390,390,0,0,0,0,0,0,0,438876.0,True,True,complete,True,True,True
2014-06-12,2014-06-12 13:30:00+00:00,2014-06-12 20:00:00+00:00,390,390,0,390,390,0,0,0,0,0,0,0,738486.0,True,True,complete,True,True,True
2014-06-13,2014-06-13 13:30:00+00:00,2014-06-13 20:00:00+00:00,390,390,0,390,390,0,0,0,0,0,0,0,570715.0,True,True,complete,True,True,True
2014-06-16,2014-06-16 13:30:00+00:00,2014-06-16 20:00:00+00:00,390,390,0,390,390,0,0,0,0,0,0,0,540561.0,True,True,complete,True,True,True
2014-06-17,2014-06-17 13:30:00+00:00,2014-06-17 20:00:00+00:00,390,390,0,390,390,0,0,0,0,0,0,0,558781.0,True,True,complete,True,True,True
2014-06-18,2014-06-18 13:30:00+00:00,2014-06-18 20:00:00+00:00,390,390,0,390,390,0,0,0,0,0,0,0,802261.0,True,True,complete,True,True,True
2014-06-19,2014-06-19 13:30:00+00:00,2014-06-19 20:00:00+00:00,390,390,0,390,390,0,0,0,0,0,0,0,626850.0,True,True,complete,True,True,True
2014-06-20,2014-06-20 13:30:00+00:00,2014-06-20 20:00:00+00:00,390,390,0,390,390,0,0,0,0,0,0,0,631702.0,True,True,complete,True,True,True
2014-06-23,2014-06-23 13:30:00+00:00,2014-06-23 20:00:00+00:00,390,390,0,390,390,0,0,0,0,0,0,0,467302.0,True,True,complete,True,True,True
2014-06-24,2014-06-24 13:30:00+00:00,2014-06-24 20:00:00+00:00,390,390,0,390,390,0,0,0,0,0,0,0,836157.0,True,True,complete,True,True,True
2014-06-25,2014-06-25 13:30:00+00:00,2014-06-25 20:00:00+00:00,390,390,0,390,390,0,0,0,0,0,0,0,655966.0,True,True,complete,True,True,True
2014-06-26,2014-06-26 13:30:00+00:00,2014-06-26 20:00:00+00:00,390,390,0,390,390,0,0,0,0,0,0,0,641366.0,True,True,complete,True,True,True
2014-06-27,2014-06-27 13:30:00+00:00,2014-06-27 20:00:00+00:00,390,390,0,390,390,0,0,0,0,0,0,0,532084.0,True,True,complete,True,True,True
2014-06-30,2014-06-30 13:30:00+00:00,2014-06-30 20:00:00+00:00,390,390,0,390,390,0,0,0,0,0,0,0,522548.0,True,True,complete,True,True,True
2014-07-01,2014-07-01 13:30:00+00:00,2014-07-01 20:00:00+00:00,390,390,0,390,390,0,0,0,0,0,0,0,741628.0,True,True,complete,True,True,True
2014-07-02,2014-07-02 13:30:00+00:00,2014-07-02 20:00:00+00:00,390,390,0,390,390,0,0,0,0,0,0,0,421946.0,True,True,complete,True,True,True
2014-07-03,2014-07-03 13:30:00+00:00,2014-07-03 17:00:00+00:00,210,210,0,210,210,0,0,0,0,0,0,0,360607.0,True,True,complete,True,True,True
2014-07-07,2014-07-07 13:30:00+00:00,2014-07-07 20:00:00+00:00,390,390,0,390,390,0,0,0,0,0,0,0,467405.0,True,True,complete,True,True,True
2014-07-08,2014-07-08 13:30:00+00:00,2014-07-08 20:00:00+00:00,390,390,0,390,390,0,0,0,0,0,0,0,789048.0,True,True,complete,True,True,True
2014-07-09,2014-07-09 13:30:00+00:00,2014-07-09 20:00:00+00:00,390,390,0,390,390,0,0,0,0,0,0,0,616759.0,True,True,complete,True,True,True
2014-07-10,2014-07-10 13:30:00+00:00,2014-07-10 20:00:00+00:00,390,390,0,390,390,0,0,0,0,0,0,0,779147.0,True,True,complete,True,True,True
2014-07-11,2014-07-11 13:30:00+00:00,2014-07-11 20:00:00+00:00,390,390,0,390,390,0,0,0,0,0,0,0,491293.0,True,True,complete,True,True,True
2014-07-14,2014-07-14 13:30:00+00:00,2014-07-14 20:00:00+00:00,390,390,0,390,390,0,0,0,0,0,0,0,425840.0,True,True,complete,True,True,True
2014-07-15,2014-07-15 13:30:00+00:00,2014-07-15 20:00:00+00:00,390,390,0,390,390,0,0,0,0,0,0,0,876872.0,True,True,complete,True,True,True
2014-07-16,2014-07-16 13:30:00+00:00,2014-07-16 20:00:00+00:00,390,390,0,390,390,0,0,0,0,0,0,0,597243.0,True,True,complete,True,True,True
2014-07-17,2014-07-17 13:30:00+00:00,2014-07-17 20:00:00+00:00,390,390,0,390,390,0,0,0,0,0,0,0,1138034.0,True,True,complete,True,True,True
2014-07-18,2014-07-18 13:30:00+00:00,2014-07-18 20:00:00+00:00,390,390,0,390,390,0,0,0,0,0,0,0,800559.0,True,True,complete,True,True,True
2014-07-21,2014-07-21 13:30:00+00:00,2014-07-21 20:00:00+00:00,390,390,0,390,390,0,0,0,0,0,0,0,557149.0,True,True,complete,True,True,True
2014-07-22,2014-07-22 13:30:00+00:00,2014-07-22 20:00:00+00:00,390,390,0,390,390,0,0,0,0,0,0,0,479088.0,True,True,complete,True,True,True
2014-07-23,2014-07-23 13:30:00+00:00,2014-07-23 20:00:00+00:00,390,390,0,390,390,0,0,0,0,0,0,0,449300.0,True,True,complete,True,True,True
2014-07-24,2014-07-24 13:30:00+00:00,2014-07-24 20:00:00+00:00,390,390,0,390,390,0,0,0,0,0,0,0,454492.0,True,True,complete,True,True,True
2014-07-25,2014-07-25 13:30:00+00:00,2014-07-25 20:00:00+00:00,390,390,0,390,390,0,0,0,0,0,0,0,627341.0,True,True,complete,True,True,True
2014-07-28,2014-07-28 13:30:00+00:00,2014-07-28 20:00:00+00:00,390,390,0,390,390,0,0,0,0,0,0,0,552913.0,True,True,complete,True,True,True
2014-07-29,2014-07-29 13:30:00+00:00,2014-07-29 20:00:00+00:00,390,390,0,390,390,0,0,0,0,0,0,0,655165.0,True,True,complete,True,True,True
2014-07-30,2014-07-30 13:30:00+00:00,2014-07-30 20:00:00+00:00,390,390,0,390,390,0,0,0,0,0,0,0,866997.0,True,True,complete,True,True,True
2014-07-31,2014-07-31 13:30:00+00:00,2014-07-31 20:00:00+00:00,390,390,0,390,390,0,0,0,0,0,0,0,1363304.0,True,True,complete,True,True,True
2014-08-01,2014-08-01 13:30:00+00:00,2014-08-01 20:00:00+00:00,390,390,0,390,390,0,0,0,0,0,0,0,1456938.0,True,True,complete,True,True,True
2014-08-04,2014-08-04 13:30:00+00:00,2014-08-04 20:00:00+00:00,390,390,0,390,390,0,0,0,0,0,0,0,743892.0,True,True,complete,True,True,True
2014-08-05,2014-08-05 13:30:00+00:00,2014-08-05 20:00:00+00:00,390,390,0,390,390,0,0,0,0,0,0,0,1133464.0,True,True,complete,True,True,True
2014-08-06,2014-08-06 13:30:00+00:00,2014-08-06 20:00:00+00:00,390,390,0,390,390,0,0,0,0,0,0,0,812131.0,True,True,complete,True,True,True
2014-08-07,2014-08-07 13:30:00+00:00,2014-08-07 20:00:00+00:00,390,390,0,390,390,0,0,0,0,0,0,0,1037391.0,True,True,complete,True,True,True
2014-08-08,2014-08-08 13:30:00+00:00,2014-08-08 20:00:00+00:00,390,390,0,390,390,0,0,0,0,0,0,0,883799.0,True,True,complete,True,True,True
2014-08-11,2014-08-11 13:30:00+00:00,2014-08-11 20:00:00+00:00,390,390,0,390,390,0,0,0,0,0,0,0,619476.0,True,True,complete,True,True,True
2014-08-12,2014-08-12 13:30:00+00:00,2014-08-12 20:00:00+00:00,390,390,0,390,390,0,0,0,0,0,0,0,602523.0,True,True,complete,True,True,True
2014-08-13,2014-08-13 13:30:00+00:00,2014-08-13 20:00:00+00:00,390,390,0,390,390,0,0,0,0,0,0,0,523002.0,True,True,complete,True,True,True
2014-08-14,2014-08-14 13:30:00+00:00,2014-08-14 20:00:00+00:00,390,390,0,390,390,0,0,0,0,0,0,0,474711.0,True,True,complete,True,True,True
2014-08-15,2014-08-15 13:30:00+00:00,2014-08-15 20:00:00+00:00,390,390,0,390,390,0,0,0,0,0,0,0,1141070.0,True,True,complete,True,True,True
2014-08-18,2014-08-18 13:30:00+00:00,2014-08-18 20:00:00+00:00,390,390,0,390,390,0,0,0,0,0,0,0,533154.0,True,True,complete,True,True,True
2014-08-19,2014-08-19 13:30:00+00:00,2014-08-19 20:00:00+00:00,390,390,0,390,390,0,0,0,0,0,0,0,446754.0,True,True,complete,True,True,True
2014-08-20,2014-08-20 13:30:00+00:00,2014-08-20 20:00:00+00:00,390,390,0,390,390,0,0,0,0,0,0,0,587631.0,True,True,complete,True,True,True
2014-08-21,2014-08-21 13:30:00+00:00,2014-08-21 20:00:00+00:00,390,390,0,390,390,0,0,0,0,0,0,0,478082.0,True,True,complete,True,True,True
2014-08-22,2014-08-22 13:30:00+00:00,2014-08-22 20:00:00+00:00,390,390,0,390,390,0,0,0,0,0,0,0,601448.0,True,True,complete,True,True,True
2014-08-25,2014-08-25 13:30:00+00:00,2014-08-25 20:00:00+00:00,390,390,0,390,390,0,0,0,0,0,0,0,449141.0,True,True,complete,True,True,True
2014-08-26,2014-08-26 13:30:00+00:00,2014-08-26 20:00:00+00:00,390,390,0,390,390,0,0,0,0,0,0,0,366270.0,True,True,complete,True,True,True
2014-08-27,2014-08-27 13:30:00+00:00,2014-08-27 20:00:00+00:00,390,390,0,390,390,0,0,0,0,0,0,0,353038.0,True,True,complete,True,True,True
2014-08-28,2014-08-28 13:30:00+00:00,2014-08-28 20:00:00+00:00,390,390,0,390,390,0,0,0,0,0,0,0,411190.0,True,True,complete,True,True,True
2014-08-29,2014-08-29 13:30:00+00:00,2014-08-29 20:00:00+00:00,390,390,0,390,390,0,0,0,0,0,0,0,474158.0,True,True,complete,True,True,True
2014-09-02,2014-09-02 13:30:00+00:00,2014-09-02 20:00:00+00:00,390,390,0,390,390,0,0,0,0,0,0,0,534645.0,True,True,complete,True,True,True
2014-09-03,2014-09-03 13:30:00+00:00,2014-09-03 20:00:00+00:00,390,390,0,390,390,0,0,0,0,0,0,0,452194.0,True,True,complete,True,True,True
2014-09-04,2014-09-04 13:30:00+00:00,2014-09-04 20:00:00+00:00,390,390,0,390,390,0,0,0,0,0,0,0,644556.0,True,True,complete,True,True,True
2014-09-05,2014-09-05 13:30:00+00:00,2014-09-05 20:00:00+00:00,390,390,0,390,390,0,0,0,0,0,0,0,664619.0,True,True,complete,True,True,True
2014-09-08,2014-09-08 13:30:00+00:00,2014-09-08 20:00:00+00:00,390,390,0,390,390,0,0,0,0,0,0,0,508271.0,True,True,complete,True,True,True
2014-09-09,2014-09-09 13:30:00+00:00,2014-09-09 20:00:00+00:00,390,390,0,390,390,0,0,0,0,0,0,0,713303.0,True,True,complete,True,True,True
2014-09-10,2014-09-10 13:30:00+00:00,2014-09-10 20:00:00+00:00,390,390,0,390,390,0,0,0,0,0,0,0,579764.0,True,True,complete,True,True,True
2014-09-11,2014-09-11 13:30:00+00:00,2014-09-11 20:00:00+00:00,390,390,0,390,390,0,0,0,0,0,0,0,553253.0,True,True,complete,True,True,True
2014-09-12,2014-09-12 13:30:00+00:00,2014-09-12 20:00:00+00:00,390,390,0,390,390,0,0,0,0,0,0,0,796730.0,True,True,complete,True,True,True
2014-09-15,2014-09-15 13:30:00+00:00,2014-09-15 20:00:00+00:00,390,390,0,390,390,0,0,0,0,0,0,0,552936.0,True,True,complete,True,True,True
2014-09-16,2014-09-16 13:30:00+00:00,2014-09-16 20:00:00+00:00,390,390,0,390,390,0,0,0,0,0,0,0,790987.0,True,True,complete,True,True,True
2014-09-17,2014-09-17 13:30:00+00:00,2014-09-17 20:00:00+00:00,390,390,0,390,390,0,0,0,0,0,0,0,1114404.0,True,True,complete,True,True,True
2014-09-18,2014-09-18 13:30:00+00:00,2014-09-18 20:00:00+00:00,390,390,0,390,390,0,0,0,0,0,0,0,615657.0,True,True,complete,True,True,True
2014-09-19,2014-09-19 13:30:00+00:00,2014-09-19 20:00:00+00:00,390,390,0,390,390,0,0,0,0,0,0,0,826117.0,True,True,complete,True,True,True
2014-09-22,2014-09-22 13:30:00+00:00,2014-09-22 20:00:00+00:00,390,390,0,390,390,0,0,0,0,0,0,0,906505.0,True,True,complete,True,True,True
2014-09-23,2014-09-23 13:30:00+00:00,2014-09-23 20:00:00+00:00,390,390,0,390,390,0,0,0,0,0,0,0,833775.0,True,True,complete,True,True,True
2014-09-24,2014-09-24 13:30:00+00:00,2014-09-24 20:00:00+00:00,390,390,0,390,390,0,0,0,0,0,0,0,791601.0,True,True,complete,True,True,True
2014-09-25,2014-09-25 13:30:00+00:00,2014-09-25 20:00:00+00:00,390,390,0,390,390,0,0,0,0,0,0,0,1200348.0,True,True,complete,True,True,True
2014-09-26,2014-09-26 13:30:00+00:00,2014-09-26 20:00:00+00:00,390,390,0,390,390,0,0,0,0,0,0,0,831326.0,True,True,complete,True,True,True
2014-09-29,2014-09-29 13:30:00+00:00,2014-09-29 20:00:00+00:00,390,390,0,390,390,0,0,0,0,0,0,0,729842.0,True,True,complete,True,True,True
2014-09-30,2014-09-30 13:30:00+00:00,2014-09-30 20:00:00+00:00,390,390,0,390,390,0,0,0,0,0,0,0,940294.0,True,True,complete,True,True,True
2014-10-01,2014-10-01 13:30:00+00:00,2014-10-01 20:00:00+00:00,390,390,0,390,390,0,0,0,0,0,0,0,1503584.0,True,True,complete,True,True,True
2014-10-02,2014-10-02 13:30:00+00:00,2014-10-02 20:00:00+00:00,390,390,0,390,390,0,0,0,0,0,0,0,1363499.0,True,True,complete,True,True,True
2014-10-03,2014-10-03 13:30:00+00:00,2014-10-03 20:00:00+00:00,390,390,0,390,390,0,0,0,0,0,0,0,928826.0,True,True,complete,True,True,True
2014-10-06,2014-10-06 13:30:00+00:00,2014-10-06 20:00:00+00:00,390,390,0,390,390,0,0,0,0,0,0,0,879536.0,True,True,complete,True,True,True
2014-10-07,2014-10-07 13:30:00+00:00,2014-10-07 20:00:00+00:00,390,390,0,390,390,0,0,0,0,0,0,0,1079321.0,True,True,complete,True,True,True
2014-10-08,2014-10-08 13:30:00+00:00,2014-10-08 20:00:00+00:00,390,390,0,390,390,0,0,0,0,0,0,0,1579540.0,True,True,complete,True,True,True
2014-10-09,2014-10-09 13:30:00+00:00,2014-10-09 20:00:00+00:00,390,390,0,390,390,0,0,0,0,0,0,0,1701715.0,True,True,complete,True,True,True
2014-10-10,2014-10-10 13:30:00+00:00,2014-10-10 20:00:00+00:00,390,390,0,390,390,0,0,0,0,0,0,0,1804765.0,True,True,complete,True,True,True
2014-10-13,2014-10-13 13:30:00+00:00,2014-10-13 20:00:00+00:00,390,390,0,390,390,0,0,0,0,0,0,0,1859193.0,True,True,complete,True,True,True
2014-10-14,2014-10-14 13:30:00+00:00,2014-10-14 20:00:00+00:00,390,390,0,390,390,0,0,0,0,0,0,0,1780034.0,True,True,complete,True,True,True
2014-10-15,2014-10-15 13:30:00+00:00,2014-10-15 20:00:00+00:00,390,390,0,390,390,0,0,0,0,0,0,0,3006609.0,True,True,complete,True,True,True
2014-10-16,2014-10-16 13:30:00+00:00,2014-10-16 20:00:00+00:00,390,390,0,390,390,0,0,0,0,0,0,0,2116405.0,True,True,complete,True,True,True
2014-10-17,2014-10-17 13:30:00+00:00,2014-10-17 20:00:00+00:00,390,390,0,390,390,0,0,0,0,0,0,0,1687796.0,True,True,complete,True,True,True
2014-10-20,2014-10-20 13:30:00+00:00,2014-10-20 20:00:00+00:00,390,390,0,390,390,0,0,0,0,0,0,0,917798.0,True,True,complete,True,True,True
2014-10-21,2014-10-21 13:30:00+00:00,2014-10-21 20:00:00+00:00,390,390,0,390,390,0,0,0,0,0,0,0,1282990.0,True,True,complete,True,True,True
2014-10-22,2014-10-22 13:30:00+00:00,2014-10-22 20:00:00+00:00,390,390,0,390,390,0,0,0,0,0,0,0,1214785.0,True,True,complete,True,True,True
2014-10-23,2014-10-23 13:30:00+00:00,2014-10-23 20:00:00+00:00,390,390,0,390,390,0,0,0,0,0,0,0,1215862.0,True,True,complete,True,True,True
2014-10-24,2014-10-24 13:30:00+00:00,2014-10-24 20:00:00+00:00,390,390,0,390,390,0,0,0,0,0,0,0,951347.0,True,True,complete,True,True,True
2014-10-27,2014-10-27 13:30:00+00:00,2014-10-27 20:00:00+00:00,390,390,0,390,390,0,0,0,0,0,0,0,704086.0,True,True,complete,True,True,True
2014-10-28,2014-10-28 13:30:00+00:00,2014-10-28 20:00:00+00:00,390,390,0,390,390,0,0,0,0,0,0,0,847491.0,True,True,complete,True,True,True
2014-10-29,2014-10-29 13:30:00+00:00,2014-10-29 20:00:00+00:00,390,390,0,390,390,0,0,0,0,0,0,0,1210776.0,True,True,complete,True,True,True
2014-10-30,2014-10-30 13:30:00+00:00,2014-10-30 20:00:00+00:00,390,390,0,390,390,0,0,0,0,0,0,0,926485.0,True,True,complete,True,True,True
2014-10-31,2014-10-31 13:30:00+00:00,2014-10-31 20:00:00+00:00,390,390,0,390,390,0,0,0,0,0,0,0,1025857.0,True,True,complete,True,True,True
2014-11-03,2014-11-03 14:30:00+00:00,2014-11-03 21:00:00+00:00,390,390,0,390,390,0,0,0,0,0,0,0,772210.0,True,True,complete,True,True,True
2014-11-04,2014-11-04 14:30:00+00:00,2014-11-04 21:00:00+00:00,390,390,0,390,390,0,0,0,0,0,0,0,760015.0,True,True,complete,True,True,True
2014-11-05,2014-11-05 14:30:00+00:00,2014-11-05 21:00:00+00:00,390,390,0,390,390,0,0,0,0,0,0,0,732344.0,True,True,complete,True,True,True
2014-11-06,2014-11-06 14:30:00+00:00,2014-11-06 21:00:00+00:00,390,390,0,390,390,0,0,0,0,0,0,0,652617.0,True,True,complete,True,True,True
2014-11-07,2014-11-07 14:30:00+00:00,2014-11-07 21:00:00+00:00,390,390,0,390,390,0,0,0,0,0,0,0,649311.0,True,True,complete,True,True,True
2014-11-10,2014-11-10 14:30:00+00:00,2014-11-10 21:00:00+00:00,390,390,0,390,390,0,0,0,0,0,0,0,527178.0,True,True,complete,True,True,True
2014-11-11,2014-11-11 14:30:00+00:00,2014-11-11 21:00:00+00:00,390,390,0,390,390,0,0,0,0,0,0,0,425703.0,True,True,complete,True,True,True
2014-11-12,2014-11-12 14:30:00+00:00,2014-11-12 21:00:00+00:00,390,390,0,390,390,0,0,0,0,0,0,0,547155.0,True,True,complete,True,True,True
2014-11-13,2014-11-13 14:30:00+00:00,2014-11-13 21:00:00+00:00,390,390,0,390,390,0,0,0,0,0,0,0,722859.0,True,True,complete,True,True,True
2014-11-14,2014-11-14 14:30:00+00:00,2014-11-14 21:00:00+00:00,390,390,0,390,390,0,0,0,0,0,0,0,561967.0,True,True,complete,True,True,True
2014-11-17,2014-11-17 14:30:00+00:00,2014-11-17 21:00:00+00:00,390,390,0,390,390,0,0,0,0,0,0,0,552894.0,True,True,complete,True,True,True
2014-11-18,2014-11-18 14:30:00+00:00,2014-11-18 21:00:00+00:00,390,390,0,390,390,0,0,0,0,0,0,0,593277.0,True,True,complete,True,True,True
2014-11-19,2014-11-19 14:30:00+00:00,2014-11-19 21:00:00+00:00,390,390,0,390,390,0,0,0,0,0,0,0,663742.0,True,True,complete,True,True,True
2014-11-20,2014-11-20 14:30:00+00:00,2014-11-20 21:00:00+00:00,390,390,0,390,390,0,0,0,0,0,0,0,584428.0,True,True,complete,True,True,True
2014-11-21,2014-11-21 14:30:00+00:00,2014-11-21 21:00:00+00:00,390,390,0,390,390,0,0,0,0,0,0,0,834694.0,True,True,complete,True,True,True
2014-11-24,2014-11-24 14:30:00+00:00,2014-11-24 21:00:00+00:00,390,390,0,390,390,0,0,0,0,0,0,0,480101.0,True,True,complete,True,True,True
2014-11-25,2014-11-25 14:30:00+00:00,2014-11-25 21:00:00+00:00,390,390,0,390,390,0,0,0,0,0,0,0,565890.0,True,True,complete,True,True,True
2014-11-26,2014-11-26 14:30:00+00:00,2014-11-26 21:00:00+00:00,390,390,0,390,390,0,0,0,0,0,0,0,411319.0,True,True,complete,True,True,True
2014-11-28,2014-11-28 14:30:00+00:00,2014-11-28 18:00:00+00:00,210,210,0,210,210,0,0,0,0,0,0,0,386664.0,True,True,complete,True,True,True
2014-12-01,2014-12-01 14:30:00+00:00,2014-12-01 21:00:00+00:00,390,390,0,390,390,0,0,0,0,0,0,0,819858.0,True,True,complete,True,True,True
2014-12-02,2014-12-02 14:30:00+00:00,2014-12-02 21:00:00+00:00,390,390,0,390,390,0,0,0,0,0,0,0,615198.0,True,True,complete,True,True,True
2014-12-03,2014-12-03 14:30:00+00:00,2014-12-03 21:00:00+00:00,390,390,0,390,390,0,0,0,0,0,0,0,518634.0,True,True,complete,True,True,True
2014-12-04,2014-12-04 14:30:00+00:00,2014-12-04 21:00:00+00:00,390,390,0,390,390,0,0,0,0,0,0,0,734473.0,True,True,complete,True,True,True
2014-12-05,2014-12-05 14:30:00+00:00,2014-12-05 21:00:00+00:00,390,390,0,390,390,0,0,0,0,0,0,0,644539.0,True,True,complete,True,True,True
2014-12-08,2014-12-08 14:30:00+00:00,2014-12-08 21:00:00+00:00,390,390,0,390,390,0,0,0,0,0,0,0,794320.0,True,True,complete,True,True,True
2014-12-09,2014-12-09 14:30:00+00:00,2014-12-09 21:00:00+00:00,390,390,0,390,390,0,0,0,0,0,0,0,1001622.0,True,True,complete,True,True,True
2014-12-10,2014-12-10 14:30:00+00:00,2014-12-10 21:00:00+00:00,390,390,0,390,390,0,0,0,0,0,0,0,1276457.0,True,True,complete,True,True,True
2014-12-11,2014-12-11 14:30:00+00:00,2014-12-11 21:00:00+00:00,390,390,0,390,390,0,0,0,0,0,0,0,1213964.0,True,True,complete,True,True,True
2014-12-12,2014-12-12 14:30:00+00:00,2014-12-12 21:00:00+00:00,390,390,0,390,390,0,0,0,0,0,0,0,1493882.0,True,True,complete,True,True,True
2014-12-15,2014-12-15 14:30:00+00:00,2014-12-15 21:00:00+00:00,390,390,0,390,390,0,0,0,0,0,0,0,1674192.0,True,True,complete,True,True,True
2014-12-16,2014-12-16 14:30:00+00:00,2014-12-16 21:00:00+00:00,390,390,0,390,390,0,0,0,0,0,0,0,1839608.0,True,True,complete,True,True,True
2014-12-17,2014-12-17 14:30:00+00:00,2014-12-17 21:00:00+00:00,390,390,0,390,390,0,0,0,0,0,0,0,1877762.0,True,True,complete,True,True,True
2014-12-18,2014-12-18 14:30:00+00:00,2014-12-18 21:00:00+00:00,390,390,0,390,390,0,0,0,0,0,0,0,1817724.0,True,True,complete,True,True,True
2014-12-19,2014-12-19 14:30:00+00:00,2014-12-19 21:00:00+00:00,390,390,0,390,390,0,0,0,0,0,0,0,1412501.0,True,True,complete,True,True,True
2014-12-22,2014-12-22 14:30:00+00:00,2014-12-22 21:00:00+00:00,390,390,0,390,390,0,0,0,0,0,0,0,879114.0,True,True,complete,True,True,True
2014-12-23,2014-12-23 14:30:00+00:00,2014-12-23 21:00:00+00:00,390,390,0,390,390,0,0,0,0,0,0,0,734952.0,True,True,complete,True,True,True
2014-12-24,2014-12-24 14:30:00+00:00,2014-12-24 18:00:00+00:00,210,210,0,210,210,0,0,0,0,0,0,0,319434.0,True,True,complete,True,True,True
2014-12-26,2014-12-26 14:30:00+00:00,2014-12-26 21:00:00+00:00,390,390,0,390,390,0,0,0,0,0,0,0,403421.0,True,True,complete,True,True,True
2014-12-29,2014-12-29 14:30:00+00:00,2014-12-29 21:00:00+00:00,390,390,0,390,390,0,0,0,0,0,0,0,521874.0,True,True,complete,True,True,True
2014-12-30,2014-12-30 14:30:00+00:00,2014-12-30 21:00:00+00:00,390,390,0,390,390,0,0,0,0,0,0,0,553421.0,True,True,complete,True,True,True
2014-12-31,2014-12-31 14:30:00+00:00,2014-12-31 21:00:00+00:00,390,390,0,390,390,0,0,0,0,0,0,0,909905.0,True,True,complete,True,True,True
2015-01-02,2015-01-02 14:30:00+00:00,2015-01-02 21:00:00+00:00,390,390,0,390,390,0,0,0,0,0,0,0,933190.0,True,True,complete,True,True,True
2015-01-05,2015-01-05 14:30:00+00:00,2015-01-05 21:00:00+00:00,390,390,0,390,390,0,0,0,0,0,0,0,1310848.0,True,True,complete,True,True,True
2015-01-06,2015-01-06 14:30:00+00:00,2015-01-06 21:00:00+00:00,390,390,0,390,390,0,0,0,0,0,0,0,1649340.0,True,True,complete,True,True,True
2015-01-07,2015-01-07 14:30:00+00:00,2015-01-07 21:00:00+00:00,390,390,0,390,390,0,0,0,0,0,0,0,1018821.0,True,True,complete,True,True,True
2015-01-08,2015-01-08 14:30:00+00:00,2015-01-08 21:00:00+00:00,390,390,0,390,390,0,0,0,0,0,0,0,1109837.0,True,True,complete,True,True,True
2015-01-09,2015-01-09 14:30:00+00:00,2015-01-09 21:00:00+00:00,390,390,0,390,390,0,0,0,0,0,0,0,1225407.0,True,True,complete,True,True,True
2015-01-12,2015-01-12 14:30:00+00:00,2015-01-12 21:00:00+00:00,390,390,0,390,390,0,0,0,0,0,0,0,1028696.0,True,True,complete,True,True,True
2015-01-13,2015-01-13 14:30:00+00:00,2015-01-13 21:00:00+00:00,390,390,0,390,390,0,0,0,0,0,0,0,1633092.0,True,True,complete,True,True,True
2015-01-14,2015-01-14 14:30:00+00:00,2015-01-14 21:00:00+00:00,390,390,0,390,390,0,0,0,0,0,0,0,1472947.0,True,True,complete,True,True,True
2015-01-15,2015-01-15 14:30:00+00:00,2015-01-15 21:00:00+00:00,390,390,0,390,390,0,0,0,0,0,0,0,1300118.0,True,True,complete,True,True,True
2015-01-16,2015-01-16 14:30:00+00:00,2015-01-16 21:00:00+00:00,390,390,0,390,390,0,0,0,0,0,0,0,1349824.0,True,True,complete,True,True,True
2015-01-20,2015-01-20 14:30:00+00:00,2015-01-20 21:00:00+00:00,390,390,0,390,390,0,0,0,0,0,0,0,987216.0,True,True,complete,True,True,True
2015-01-21,2015-01-21 14:30:00+00:00,2015-01-21 21:00:00+00:00,390,390,0,390,390,0,0,0,0,0,0,0,1051243.0,True,True,complete,True,True,True
2015-01-22,2015-01-22 14:30:00+00:00,2015-01-22 21:00:00+00:00,390,390,0,390,390,0,0,0,0,0,0,0,1232502.0,True,True,complete,True,True,True
2015-01-23,2015-01-23 14:30:00+00:00,2015-01-23 21:00:00+00:00,390,390,0,390,390,0,0,0,0,0,0,0,895429.0,True,True,complete,True,True,True
2015-01-26,2015-01-26 14:30:00+00:00,2015-01-26 21:00:00+00:00,390,390,0,390,390,0,0,0,0,0,0,0,704199.0,True,True,complete,True,True,True
2015-01-27,2015-01-27 14:30:00+00:00,2015-01-27 21:00:00+00:00,390,390,0,390,390,0,0,0,0,0,0,0,1083444.0,True,True,complete,True,True,True
2015-01-28,2015-01-28 14:30:00+00:00,2015-01-28 21:00:00+00:00,390,390,0,390,390,0,0,0,0,0,0,0,1258815.0,True,True,complete,True,True,True
2015-01-29,2015-01-29 14:30:00+00:00,2015-01-29 21:00:00+00:00,390,390,0,390,390,0,0,0,0,0,0,0,1294494.0,True,True,complete,True,True,True
2015-01-30,2015-01-30 14:30:00+00:00,2015-01-30 21:00:00+00:00,390,390,0,390,390,0,0,0,0,0,0,0,1422361.0,True,True,complete,True,True,True
2015-02-02,2015-02-02 14:30:00+00:00,2015-02-02 21:00:00+00:00,390,390,0,390,390,0,0,0,0,0,0,0,1314424.0,True,True,complete,True,True,True
2015-02-03,2015-02-03 14:30:00+00:00,2015-02-03 21:00:00+00:00,390,390,0,390,390,0,0,0,0,0,0,0,1035204.0,True,True,complete,True,True,True
2015-02-04,2015-02-04 14:30:00+00:00,2015-02-04 21:00:00+00:00,390,390,0,390,390,0,0,0,0,0,0,0,1059156.0,True,True,complete,True,True,True
2015-02-05,2015-02-05 14:30:00+00:00,2015-02-05 21:00:00+00:00,390,390,0,390,390,0,0,0,0,0,0,0,778565.0,True,True,complete,True,True,True
2015-02-06,2015-02-06 14:30:00+00:00,2015-02-06 21:00:00+00:00,390,390,0,390,390,0,0,0,0,0,0,0,964656.0,True,True,complete,True,True,True
2015-02-09,2015-02-09 14:30:00+00:00,2015-02-09 21:00:00+00:00,390,390,0,390,390,0,0,0,0,0,0,0,659401.0,True,True,complete,True,True,True
2015-02-10,2015-02-10 14:30:00+00:00,2015-02-10 21:00:00+00:00,390,390,0,390,390,0,0,0,0,0,0,0,716222.0,True,True,complete,True,True,True
2015-02-11,2015-02-11 14:30:00+00:00,2015-02-11 21:00:00+00:00,390,390,0,390,390,0,0,0,0,0,0,0,715594.0,True,True,complete,True,True,True
2015-02-12,2015-02-12 14:30:00+00:00,2015-02-12 21:00:00+00:00,390,390,0,390,390,0,0,0,0,0,0,0,766765.0,True,True,complete,True,True,True
2015-02-13,2015-02-13 14:30:00+00:00,2015-02-13 21:00:00+00:00,390,390,0,390,390,0,0,0,0,0,0,0,707931.0,True,True,complete,True,True,True
2015-02-17,2015-02-17 14:30:00+00:00,2015-02-17 21:00:00+00:00,390,390,0,390,390,0,0,0,0,0,0,0,597724.0,True,True,complete,True,True,True
2015-02-18,2015-02-18 14:30:00+00:00,2015-02-18 21:00:00+00:00,390,390,0,390,390,0,0,0,0,0,0,0,618341.0,True,True,complete,True,True,True
2015-02-19,2015-02-19 14:30:00+00:00,2015-02-19 21:00:00+00:00,390,390,0,390,390,0,0,0,0,0,0,0,668742.0,True,True,complete,True,True,True
2015-02-20,2015-02-20 14:30:00+00:00,2015-02-20 21:00:00+00:00,390,390,0,390,390,0,0,0,0,0,0,0,1018714.0,True,True,complete,True,True,True
2015-02-23,2015-02-23 14:30:00+00:00,2015-02-23 21:00:00+00:00,390,390,0,390,390,0,0,0,0,0,0,0,495744.0,True,True,complete,True,True,True
2015-02-24,2015-02-24 14:30:00+00:00,2015-02-24 21:00:00+00:00,390,390,0,390,390,0,0,0,0,0,0,0,596234.0,True,True,complete,True,True,True
2015-02-25,2015-02-25 14:30:00+00:00,2015-02-25 21:00:00+00:00,390,390,0,390,390,0,0,0,0,0,0,0,602321.0,True,True,complete,True,True,True
2015-02-26,2015-02-26 14:30:00+00:00,2015-02-26 21:00:00+00:00,390,390,0,390,390,0,0,0,0,0,0,0,576092.0,True,True,complete,True,True,True
2015-02-27,2015-02-27 14:30:00+00:00,2015-02-27 21:00:00+00:00,390,390,0,390,390,0,0,0,0,0,0,0,702782.0,True,True,complete,True,True,True
2015-03-02,2015-03-02 14:30:00+00:00,2015-03-02 21:00:00+00:00,390,390,0,390,390,0,0,0,0,0,0,0,666488.0,True,True,complete,True,True,True
2015-03-03,2015-03-03 14:30:00+00:00,2015-03-03 21:00:00+00:00,390,390,0,390,390,0,0,0,0,0,0,0,825307.0,True,True,complete,True,True,True
2015-03-04,2015-03-04 14:30:00+00:00,2015-03-04 21:00:00+00:00,390,390,0,390,390,0,0,0,0,0,0,0,823814.0,True,True,complete,True,True,True
2015-03-05,2015-03-05 14:30:00+00:00,2015-03-05 21:00:00+00:00,390,390,0,390,390,0,0,0,0,0,0,0,603513.0,True,True,complete,True,True,True
2015-03-06,2015-03-06 14:30:00+00:00,2015-03-06 21:00:00+00:00,390,390,0,390,390,0,0,0,0,0,0,0,1179812.0,True,True,complete,True,True,True
2015-03-09,2015-03-09 13:30:00+00:00,2015-03-09 20:00:00+00:00,390,390,0,390,390,0,0,0,0,0,0,0,695836.0,True,True,complete,True,True,True
2015-03-10,2015-03-10 13:30:00+00:00,2015-03-10 20:00:00+00:00,390,390,0,390,390,0,0,0,0,0,0,0,1093938.0,True,True,complete,True,True,True
2015-03-11,2015-03-11 13:30:00+00:00,2015-03-11 20:00:00+00:00,390,390,0,390,390,0,0,0,0,0,0,0,864797.0,True,True,complete,True,True,True
2015-03-12,2015-03-12 13:30:00+00:00,2015-03-12 20:00:00+00:00,390,390,0,390,390,0,0,0,0,0,0,0,746727.0,True,True,complete,True,True,True
2015-03-13,2015-03-13 13:30:00+00:00,2015-03-13 20:00:00+00:00,390,390,0,390,390,0,0,0,0,0,0,0,1123034.0,True,True,complete,True,True,True
2015-03-16,2015-03-16 13:30:00+00:00,2015-03-16 20:00:00+00:00,390,390,0,390,390,0,0,0,0,0,0,0,916767.0,True,True,complete,True,True,True
2015-03-17,2015-03-17 13:30:00+00:00,2015-03-17 20:00:00+00:00,390,390,0,390,390,0,0,0,0,0,0,0,767905.0,True,True,complete,True,True,True
2015-03-18,2015-03-18 13:30:00+00:00,2015-03-18 20:00:00+00:00,390,390,0,390,390,0,0,0,0,0,0,0,1669379.0,True,True,complete,True,True,True
2015-03-19,2015-03-19 13:30:00+00:00,2015-03-19 20:00:00+00:00,390,390,0,390,390,0,0,0,0,0,0,0,838406.0,True,True,complete,True,True,True
2015-03-20,2015-03-20 13:30:00+00:00,2015-03-20 20:00:00+00:00,390,390,0,390,390,0,0,0,0,0,0,0,1018413.0,True,True,complete,True,True,True
2015-03-23,2015-03-23 13:30:00+00:00,2015-03-23 20:00:00+00:00,390,390,0,390,390,0,0,0,0,0,0,0,471664.0,True,True,complete,True,True,True
2015-03-24,2015-03-24 13:30:00+00:00,2015-03-24 20:00:00+00:00,390,390,0,390,390,0,0,0,0,0,0,0,594364.0,True,True,complete,True,True,True
2015-03-25,2015-03-25 13:30:00+00:00,2015-03-25 20:00:00+00:00,390,390,0,390,390,0,0,0,0,0,0,0,1230269.0,True,True,complete,True,True,True
2015-03-26,2015-03-26 13:30:00+00:00,2015-03-26 20:00:00+00:00,390,390,0,390,390,0,0,0,0,0,0,0,1142926.0,True,True,complete,True,True,True
2015-03-27,2015-03-27 13:30:00+00:00,2015-03-27 20:00:00+00:00,390,390,0,390,390,0,0,0,0,0,0,0,899175.0,True,True,complete,True,True,True
2015-03-30,2015-03-30 13:30:00+00:00,2015-03-30 20:00:00+00:00,390,390,0,390,390,0,0,0,0,0,0,0,698427.0,True,True,complete,True,True,True
2015-03-31,2015-03-31 13:30:00+00:00,2015-03-31 20:00:00+00:00,390,390,0,390,390,0,0,0,0,0,0,0,914154.0,True,True,complete,True,True,True
2015-04-01,2015-04-01 13:30:00+00:00,2015-04-01 20:00:00+00:00,390,390,0,390,390,0,0,0,0,0,0,0,1055234.0,True,True,complete,True,True,True
2015-04-02,2015-04-02 13:30:00+00:00,2015-04-02 20:00:00+00:00,390,390,0,390,390,0,0,0,0,0,0,0,702641.0,True,True,complete,True,True,True
2015-04-06,2015-04-06 13:30:00+00:00,2015-04-06 20:00:00+00:00,390,390,0,390,390,0,0,0,0,0,0,0,785602.0,True,True,complete,True,True,True
2015-04-07,2015-04-07 13:30:00+00:00,2015-04-07 20:00:00+00:00,390,390,0,390,390,0,0,0,0,0,0,0,562061.0,True,True,complete,True,True,True
2015-04-08,2015-04-08 13:30:00+00:00,2015-04-08 20:00:00+00:00,390,390,0,390,390,0,0,0,0,0,0,0,739820.0,True,True,complete,True,True,True
2015-04-09,2015-04-09 13:30:00+00:00,2015-04-09 20:00:00+00:00,390,390,0,390,390,0,0,0,0,0,0,0,669771.0,True,True,complete,True,True,True
2015-04-10,2015-04-10 13:30:00+00:00,2015-04-10 20:00:00+00:00,390,390,0,390,390,0,0,0,0,0,0,0,515109.0,True,True,complete,True,True,True
2015-04-13,2015-04-13 13:30:00+00:00,2015-04-13 20:00:00+00:00,390,390,0,390,390,0,0,0,0,0,0,0,527839.0,True,True,complete,True,True,True
2015-04-14,2015-04-14 13:30:00+00:00,2015-04-14 20:00:00+00:00,390,390,0,390,390,0,0,0,0,0,0,0,576991.0,True,True,complete,True,True,True
2015-04-15,2015-04-15 13:30:00+00:00,2015-04-15 20:00:00+00:00,390,390,0,390,390,0,0,0,0,0,0,0,698209.0,True,True,complete,True,True,True
2015-04-16,2015-04-16 13:30:00+00:00,2015-04-16 20:00:00+00:00,390,390,0,390,390,0,0,0,0,0,0,0,548338.0,True,True,complete,True,True,True
2015-04-17,2015-04-17 13:30:00+00:00,2015-04-17 20:00:00+00:00,390,390,0,390,390,0,0,0,0,0,0,0,1250309.0,True,True,complete,True,True,True
2015-04-20,2015-04-20 13:30:00+00:00,2015-04-20 20:00:00+00:00,390,390,0,390,390,0,0,0,0,0,0,0,619180.0,True,True,complete,True,True,True
2015-04-21,2015-04-21 13:30:00+00:00,2015-04-21 20:00:00+00:00,390,390,0,390,390,0,0,0,0,0,0,0,527289.0,True,True,complete,True,True,True
2015-04-22,2015-04-22 13:30:00+00:00,2015-04-22 20:00:00+00:00,390,390,0,390,390,0,0,0,0,0,0,0,613474.0,True,True,complete,True,True,True
2015-04-23,2015-04-23 13:30:00+00:00,2015-04-23 20:00:00+00:00,390,390,0,390,390,0,0,0,0,0,0,0,736558.0,True,True,complete,True,True,True
2015-04-24,2015-04-24 13:30:00+00:00,2015-04-24 20:00:00+00:00,390,390,0,390,390,0,0,0,0,0,0,0,468063.0,True,True,complete,True,True,True
2015-04-27,2015-04-27 13:30:00+00:00,2015-04-27 20:00:00+00:00,390,390,0,390,390,0,0,0,0,0,0,0,621155.0,True,True,complete,True,True,True
2015-04-28,2015-04-28 13:30:00+00:00,2015-04-28 20:00:00+00:00,390,390,0,390,390,0,0,0,0,0,0,0,713218.0,True,True,complete,True,True,True
2015-04-29,2015-04-29 13:30:00+00:00,2015-04-29 20:00:00+00:00,390,390,0,390,390,0,0,0,0,0,0,0,966097.0,True,True,complete,True,True,True
2015-04-30,2015-04-30 13:30:00+00:00,2015-04-30 20:00:00+00:00,390,390,0,390,390,0,0,0,0,0,0,0,1126640.0,True,True,complete,True,True,True
2015-05-01,2015-05-01 13:30:00+00:00,2015-05-01 20:00:00+00:00,390,390,0,390,390,0,0,0,0,0,0,0,791076.0,True,True,complete,True,True,True
2015-05-04,2015-05-04 13:30:00+00:00,2015-05-04 20:00:00+00:00,390,390,0,390,390,0,0,0,0,0,0,0,553803.0,True,True,complete,True,True,True
2015-05-05,2015-05-05 13:30:00+00:00,2015-05-05 20:00:00+00:00,390,390,0,390,390,0,0,0,0,0,0,0,905382.0,True,True,complete,True,True,True
2015-05-06,2015-05-06 13:30:00+00:00,2015-05-06 20:00:00+00:00,390,390,0,390,390,0,0,0,0,0,0,0,1006015.0,True,True,complete,True,True,True
2015-05-07,2015-05-07 13:30:00+00:00,2015-05-07 20:00:00+00:00,390,390,0,390,390,0,0,0,0,0,0,0,694198.0,True,True,complete,True,True,True
2015-05-08,2015-05-08 13:30:00+00:00,2015-05-08 20:00:00+00:00,390,390,0,390,390,0,0,0,0,0,0,0,922027.0,True,True,complete,True,True,True
2015-05-11,2015-05-11 13:30:00+00:00,2015-05-11 20:00:00+00:00,390,390,0,390,390,0,0,0,0,0,0,0,575176.0,True,True,complete,True,True,True
2015-05-12,2015-05-12 13:30:00+00:00,2015-05-12 20:00:00+00:00,390,390,0,390,390,0,0,0,0,0,0,0,874103.0,True,True,complete,True,True,True
2015-05-13,2015-05-13 13:30:00+00:00,2015-05-13 20:00:00+00:00,390,390,0,390,390,0,0,0,0,0,0,0,665264.0,True,True,complete,True,True,True
2015-05-14,2015-05-14 13:30:00+00:00,2015-05-14 20:00:00+00:00,390,390,0,390,390,0,0,0,0,0,0,0,673831.0,True,True,complete,True,True,True
2015-05-15,2015-05-15 13:30:00+00:00,2015-05-15 20:00:00+00:00,390,390,0,390,390,0,0,0,0,0,0,0,521758.0,True,True,complete,True,True,True
2015-05-18,2015-05-18 13:30:00+00:00,2015-05-18 20:00:00+00:00,390,390,0,390,390,0,0,0,0,0,0,0,502939.0,True,True,complete,True,True,True
2015-05-19,2015-05-19 13:30:00+00:00,2015-05-19 20:00:00+00:00,390,390,0,390,390,0,0,0,0,0,0,0,524706.0,True,True,complete,True,True,True
2015-05-20,2015-05-20 13:30:00+00:00,2015-05-20 20:00:00+00:00,390,390,0,390,390,0,0,0,0,0,0,0,603060.0,True,True,complete,True,True,True
2015-05-21,2015-05-21 13:30:00+00:00,2015-05-21 20:00:00+00:00,390,390,0,390,390,0,0,0,0,0,0,0,535847.0,True,True,complete,True,True,True
2015-05-22,2015-05-22 13:30:00+00:00,2015-05-22 20:00:00+00:00,390,390,0,390,390,0,0,0,0,0,0,0,433267.0,True,True,complete,True,True,True
2015-05-26,2015-05-26 13:30:00+00:00,2015-05-26 20:00:00+00:00,390,390,0,390,390,0,0,0,0,0,0,0,852112.0,True,True,complete,True,True,True
2015-05-27,2015-05-27 13:30:00+00:00,2015-05-27 20:00:00+00:00,390,390,0,390,390,0,0,0,0,0,0,0,742835.0,True,True,complete,True,True,True
2015-05-28,2015-05-28 13:30:00+00:00,2015-05-28 20:00:00+00:00,390,390,0,390,390,0,0,0,0,0,0,0,567037.0,True,True,complete,True,True,True
2015-05-29,2015-05-29 13:30:00+00:00,2015-05-29 20:00:00+00:00,390,390,0,390,390,0,0,0,0,0,0,0,881723.0,True,True,complete,True,True,True
2015-06-01,2015-06-01 13:30:00+00:00,2015-06-01 20:00:00+00:00,390,390,0,390,390,0,0,0,0,0,0,0,763066.0,True,True,complete,True,True,True
2015-06-02,2015-06-02 13:30:00+00:00,2015-06-02 20:00:00+00:00,390,390,0,390,390,0,0,0,0,0,0,0,756547.0,True,True,complete,True,True,True
2015-06-03,2015-06-03 13:30:00+00:00,2015-06-03 20:00:00+00:00,390,390,0,390,390,0,0,0,0,0,0,0,705667.0,True,True,complete,True,True,True
2015-06-04,2015-06-04 13:30:00+00:00,2015-06-04 20:00:00+00:00,390,390,0,390,390,0,0,0,0,0,0,0,1065157.0,True,True,complete,True,True,True
2015-06-05,2015-06-05 13:30:00+00:00,2015-06-05 20:00:00+00:00,390,390,0,390,390,0,0,0,0,0,0,0,829840.0,True,True,complete,True,True,True
2015-06-08,2015-06-08 13:30:00+00:00,2015-06-08 20:00:00+00:00,390,390,0,390,390,0,0,0,0,0,0,0,715002.0,True,True,complete,True,True,True
2015-06-09,2015-06-09 13:30:00+00:00,2015-06-09 20:00:00+00:00,390,390,0,390,390,0,0,0,0,0,0,0,781781.0,True,True,complete,True,True,True
2015-06-10,2015-06-10 13:30:00+00:00,2015-06-10 20:00:00+00:00,390,390,0,390,390,0,0,0,0,0,0,0,1010835.0,True,True,complete,True,True,True
2015-06-11,2015-06-11 13:30:00+00:00,2015-06-11 20:00:00+00:00,390,390,0,390,390,0,0,0,0,0,0,0,582674.0,True,True,complete,True,True,True
2015-06-12,2015-06-12 13:30:00+00:00,2015-06-12 20:00:00+00:00,390,390,0,390,390,0,0,0,0,0,0,0,836192.0,True,True,complete,True,True,True
2015-06-15,2015-06-15 13:30:00+00:00,2015-06-15 20:00:00+00:00,390,390,0,390,390,0,0,0,0,0,0,0,904556.0,True,True,complete,True,True,True
2015-06-16,2015-06-16 13:30:00+00:00,2015-06-16 20:00:00+00:00,390,390,0,390,390,0,0,0,0,0,0,0,610384.0,True,True,complete,True,True,True
2015-06-17,2015-06-17 13:30:00+00:00,2015-06-17 20:00:00+00:00,390,390,0,390,390,0,0,0,0,0,0,0,968923.0,True,True,complete,True,True,True
2015-06-18,2015-06-18 13:30:00+00:00,2015-06-18 20:00:00+00:00,390,390,0,390,390,0,0,0,0,0,0,0,1119891.0,True,True,complete,True,True,True
2015-06-19,2015-06-19 13:30:00+00:00,2015-06-19 20:00:00+00:00,390,390,0,390,390,0,0,0,0,0,0,0,789138.0,True,True,complete,True,True,True
2015-06-22,2015-06-22 13:30:00+00:00,2015-06-22 20:00:00+00:00,390,390,0,390,390,0,0,0,0,0,0,0,574884.0,True,True,complete,True,True,True
2015-06-23,2015-06-23 13:30:00+00:00,2015-06-23 20:00:00+00:00,390,390,0,390,390,0,0,0,0,0,0,0,489935.0,True,True,complete,True,True,True
2015-06-24,2015-06-24 13:30:00+00:00,2015-06-24 20:00:00+00:00,390,390,0,390,390,0,0,0,0,0,0,0,657502.0,True,True,complete,True,True,True
2015-06-25,2015-06-25 13:30:00+00:00,2015-06-25 20:00:00+00:00,390,390,0,390,390,0,0,0,0,0,0,0,633210.0,True,True,complete,True,True,True
2015-06-26,2015-06-26 13:30:00+00:00,2015-06-26 20:00:00+00:00,390,390,0,390,390,0,0,0,0,0,0,0,771702.0,True,True,complete,True,True,True
2015-06-29,2015-06-29 13:30:00+00:00,2015-06-29 20:00:00+00:00,390,390,0,390,390,0,0,0,0,0,0,0,1416525.0,True,True,complete,True,True,True
2015-06-30,2015-06-30 13:30:00+00:00,2015-06-30 20:00:00+00:00,390,390,0,390,390,0,0,0,0,0,0,0,1272486.0,True,True,complete,True,True,True
2015-07-01,2015-07-01 13:30:00+00:00,2015-07-01 20:00:00+00:00,390,390,0,390,390,0,0,0,0,0,0,0,946942.0,True,True,complete,True,True,True
2015-07-02,2015-07-02 13:30:00+00:00,2015-07-02 20:00:00+00:00,390,390,0,390,390,0,0,0,0,0,0,0,721588.0,True,True,complete,True,True,True
2015-07-06,2015-07-06 13:30:00+00:00,2015-07-06 20:00:00+00:00,390,390,0,390,390,0,0,0,0,0,0,0,907862.0,True,True,complete,True,True,True
2015-07-07,2015-07-07 13:30:00+00:00,2015-07-07 20:00:00+00:00,390,390,0,390,390,0,0,0,0,0,0,0,1499982.0,True,True,complete,True,True,True
2015-07-08,2015-07-08 13:30:00+00:00,2015-07-08 20:00:00+00:00,390,390,0,390,390,0,0,0,0,0,0,0,1333153.0,True,True,complete,True,True,True
2015-07-09,2015-07-09 13:30:00+00:00,2015-07-09 20:00:00+00:00,390,390,0,390,390,0,0,0,0,0,0,0,1073469.0,True,True,complete,True,True,True
2015-07-10,2015-07-10 13:30:00+00:00,2015-07-10 20:00:00+00:00,390,390,0,390,390,0,0,0,0,0,0,0,956592.0,True,True,complete,True,True,True
2015-07-13,2015-07-13 13:30:00+00:00,2015-07-13 20:00:00+00:00,390,390,0,390,390,0,0,0,0,0,0,0,789871.0,True,True,complete,True,True,True
2015-07-14,2015-07-14 13:30:00+00:00,2015-07-14 20:00:00+00:00,390,390,0,390,390,0,0,0,0,0,0,0,642783.0,True,True,complete,True,True,True
2015-07-15,2015-07-15 13:30:00+00:00,2015-07-15 20:00:00+00:00,390,390,0,390,390,0,0,0,0,0,0,0,743683.0,True,True,complete,True,True,True
2015-07-16,2015-07-16 13:30:00+00:00,2015-07-16 20:00:00+00:00,390,390,0,390,390,0,0,0,0,0,0,0,717491.0,True,True,complete,True,True,True
2015-07-17,2015-07-17 13:30:00+00:00,2015-07-17 20:00:00+00:00,390,390,0,390,390,0,0,0,0,0,0,0,619201.0,True,True,complete,True,True,True
2015-07-20,2015-07-20 13:30:00+00:00,2015-07-20 20:00:00+00:00,390,390,0,390,390,0,0,0,0,0,0,0,543542.0,True,True,complete,True,True,True
2015-07-21,2015-07-21 13:30:00+00:00,2015-07-21 20:00:00+00:00,390,390,0,390,390,0,0,0,0,0,0,0,626543.0,True,True,complete,True,True,True
2015-07-22,2015-07-22 13:30:00+00:00,2015-07-22 20:00:00+00:00,390,390,0,390,390,0,0,0,0,0,0,0,711689.0,True,True,complete,True,True,True
2015-07-23,2015-07-23 13:30:00+00:00,2015-07-23 20:00:00+00:00,390,390,0,390,390,0,0,0,0,0,0,0,731153.0,True,True,complete,True,True,True
2015-07-24,2015-07-24 13:30:00+00:00,2015-07-24 20:00:00+00:00,390,390,0,390,390,0,0,0,0,0,0,0,897245.0,True,True,complete,True,True,True
2015-07-27,2015-07-27 13:30:00+00:00,2015-07-27 20:00:00+00:00,390,390,0,390,390,0,0,0,0,0,0,0,981906.0,True,True,complete,True,True,True
2015-07-28,2015-07-28 13:30:00+00:00,2015-07-28 20:00:00+00:00,390,390,0,390,390,0,0,0,0,0,0,0,979780.0,True,True,complete,True,True,True
2015-07-29,2015-07-29 13:30:00+00:00,2015-07-29 20:00:00+00:00,390,390,0,390,390,0,0,0,0,0,0,0,878677.0,True,True,complete,True,True,True
2015-07-30,2015-07-30 13:30:00+00:00,2015-07-30 20:00:00+00:00,390,390,0,390,390,0,0,0,0,0,0,0,709466.0,True,True,complete,True,True,True
2015-07-31,2015-07-31 13:30:00+00:00,2015-07-31 20:00:00+00:00,390,390,0,390,390,0,0,0,0,0,0,0,778297.0,True,True,complete,True,True,True
2015-08-03,2015-08-03 13:30:00+00:00,2015-08-03 20:00:00+00:00,390,390,0,390,390,0,0,0,0,0,0,0,903525.0,True,True,complete,True,True,True
2015-08-04,2015-08-04 13:30:00+00:00,2015-08-04 20:00:00+00:00,390,390,0,390,390,0,0,0,0,0,0,0,703458.0,True,True,complete,True,True,True
2015-08-05,2015-08-05 13:30:00+00:00,2015-08-05 20:00:00+00:00,390,390,0,390,390,0,0,0,0,0,0,0,671991.0,True,True,complete,True,True,True
2015-08-06,2015-08-06 13:30:00+00:00,2015-08-06 20:00:00+00:00,390,390,0,390,390,0,0,0,0,0,0,0,876119.0,True,True,complete,True,True,True
2015-08-07,2015-08-07 13:30:00+00:00,2015-08-07 20:00:00+00:00,390,390,0,390,390,0,0,0,0,0,0,0,876514.0,True,True,complete,True,True,True
2015-08-10,2015-08-10 13:30:00+00:00,2015-08-10 20:00:00+00:00,390,390,0,390,390,0,0,0,0,0,0,0,667361.0,True,True,complete,True,True,True
2015-08-11,2015-08-11 13:30:00+00:00,2015-08-11 20:00:00+00:00,390,390,0,390,390,0,0,0,0,0,0,0,879024.0,True,True,complete,True,True,True
2015-08-12,2015-08-12 13:30:00+00:00,2015-08-12 20:00:00+00:00,390,390,0,390,390,0,0,0,0,0,0,0,1361364.0,True,True,complete,True,True,True
2015-08-13,2015-08-13 13:30:00+00:00,2015-08-13 20:00:00+00:00,390,390,0,390,390,0,0,0,0,0,0,0,771788.0,True,True,complete,True,True,True
2015-08-14,2015-08-14 13:30:00+00:00,2015-08-14 20:00:00+00:00,390,390,0,390,390,0,0,0,0,0,0,0,585356.0,True,True,complete,True,True,True
2015-08-17,2015-08-17 13:30:00+00:00,2015-08-17 20:00:00+00:00,390,390,0,390,390,0,0,0,0,0,0,0,672482.0,True,True,complete,True,True,True
2015-08-18,2015-08-18 13:30:00+00:00,2015-08-18 20:00:00+00:00,390,390,0,390,390,0,0,0,0,0,0,0,538095.0,True,True,complete,True,True,True
2015-08-19,2015-08-19 13:30:00+00:00,2015-08-19 20:00:00+00:00,390,390,0,390,390,0,0,0,0,0,0,0,1377769.0,True,True,complete,True,True,True
2015-08-20,2015-08-20 13:30:00+00:00,2015-08-20 20:00:00+00:00,390,390,0,390,390,0,0,0,0,0,0,0,1463490.0,True,True,complete,True,True,True
2015-08-21,2015-08-21 13:30:00+00:00,2015-08-21 20:00:00+00:00,390,390,0,390,390,0,0,0,0,0,0,0,2593672.0,True,True,complete,True,True,True
2015-08-24,2015-08-24 13:30:00+00:00,2015-08-24 20:00:00+00:00,390,390,0,390,390,0,0,0,0,0,0,0,3538025.0,True,True,complete,True,True,True
2015-08-25,2015-08-25 13:30:00+00:00,2015-08-25 20:00:00+00:00,390,390,0,390,390,0,0,0,0,0,0,0,2738080.0,True,True,complete,True,True,True
2015-08-26,2015-08-26 13:30:00+00:00,2015-08-26 20:00:00+00:00,390,390,0,390,390,0,0,0,0,0,0,0,2557418.0,True,True,complete,True,True,True
2015-08-27,2015-08-27 13:30:00+00:00,2015-08-27 20:00:00+00:00,390,390,0,390,390,0,0,0,0,0,0,0,2267686.0,True,True,complete,True,True,True
2015-08-28,2015-08-28 13:30:00+00:00,2015-08-28 20:00:00+00:00,390,390,0,390,390,0,0,0,0,0,0,0,1119409.0,True,True,complete,True,True,True
2015-08-31,2015-08-31 13:30:00+00:00,2015-08-31 20:00:00+00:00,390,390,0,390,390,0,0,0,0,0,0,0,1080021.0,True,True,complete,True,True,True
2015-09-01,2015-09-01 13:30:00+00:00,2015-09-01 20:00:00+00:00,390,390,0,390,390,0,0,0,0,0,0,0,1739362.0,True,True,complete,True,True,True
2015-09-02,2015-09-02 13:30:00+00:00,2015-09-02 20:00:00+00:00,390,390,0,390,390,0,0,0,0,0,0,0,1210138.0,True,True,complete,True,True,True
2015-09-03,2015-09-03 13:30:00+00:00,2015-09-03 20:00:00+00:00,390,390,0,390,390,0,0,0,0,0,0,0,1171807.0,True,True,complete,True,True,True
2015-09-04,2015-09-04 13:30:00+00:00,2015-09-04 20:00:00+00:00,390,390,0,390,390,0,0,0,0,0,0,0,1219981.0,True,True,complete,True,True,True
2015-09-08,2015-09-08 13:30:00+00:00,2015-09-08 20:00:00+00:00,390,390,0,390,390,0,0,0,0,0,0,0,926957.0,True,True,complete,True,True,True
2015-09-09,2015-09-09 13:30:00+00:00,2015-09-09 20:00:00+00:00,390,390,0,390,390,0,0,0,0,0,0,0,1106194.0,True,True,complete,True,True,True
2015-09-10,2015-09-10 13:30:00+00:00,2015-09-10 20:00:00+00:00,390,390,0,390,390,0,0,0,0,0,0,0,1200213.0,True,True,complete,True,True,True
2015-09-11,2015-09-11 13:30:00+00:00,2015-09-11 20:00:00+00:00,390,390,0,390,390,0,0,0,0,0,0,0,820010.0,True,True,complete,True,True,True
2015-09-14,2015-09-14 13:30:00+00:00,2015-09-14 20:00:00+00:00,390,390,0,390,390,0,0,0,0,0,0,0,568373.0,True,True,complete,True,True,True
2015-09-15,2015-09-15 13:30:00+00:00,2015-09-15 20:00:00+00:00,390,390,0,390,390,0,0,0,0,0,0,0,806937.0,True,True,complete,True,True,True
2015-09-16,2015-09-16 13:30:00+00:00,2015-09-16 20:00:00+00:00,390,390,0,390,390,0,0,0,0,0,0,0,739107.0,True,True,complete,True,True,True
2015-09-17,2015-09-17 13:30:00+00:00,2015-09-17 20:00:00+00:00,390,390,0,390,390,0,0,0,0,0,0,0,1939890.0,True,True,complete,True,True,True
2015-09-18,2015-09-18 13:30:00+00:00,2015-09-18 20:00:00+00:00,390,390,0,390,390,0,0,0,0,0,0,0,1454632.0,True,True,complete,True,True,True
2015-09-21,2015-09-21 13:30:00+00:00,2015-09-21 20:00:00+00:00,390,390,0,390,390,0,0,0,0,0,0,0,827043.0,True,True,complete,True,True,True
2015-09-22,2015-09-22 13:30:00+00:00,2015-09-22 20:00:00+00:00,390,390,0,390,390,0,0,0,0,0,0,0,1053158.0,True,True,complete,True,True,True
2015-09-23,2015-09-23 13:30:00+00:00,2015-09-23 20:00:00+00:00,390,390,0,390,390,0,0,0,0,0,0,0,729744.0,True,True,complete,True,True,True
2015-09-24,2015-09-24 13:30:00+00:00,2015-09-24 20:00:00+00:00,390,390,0,390,390,0,0,0,0,0,0,0,1318737.0,True,True,complete,True,True,True
2015-09-25,2015-09-25 13:30:00+00:00,2015-09-25 20:00:00+00:00,390,390,0,390,390,0,0,0,0,0,0,0,1223405.0,True,True,complete,True,True,True
2015-09-28,2015-09-28 13:30:00+00:00,2015-09-28 20:00:00+00:00,390,390,0,390,390,0,0,0,0,0,0,0,1381911.0,True,True,complete,True,True,True
2015-09-29,2015-09-29 13:30:00+00:00,2015-09-29 20:00:00+00:00,390,390,0,390,390,0,0,0,0,0,0,0,1328647.0,True,True,complete,True,True,True
2015-09-30,2015-09-30 13:30:00+00:00,2015-09-30 20:00:00+00:00,390,390,0,390,390,0,0,0,0,0,0,0,1233303.0,True,True,complete,True,True,True
2015-10-01,2015-10-01 13:30:00+00:00,2015-10-01 20:00:00+00:00,390,390,0,390,390,0,0,0,0,0,0,0,1099796.0,True,True,complete,True,True,True
2015-10-02,2015-10-02 13:30:00+00:00,2015-10-02 20:00:00+00:00,390,390,0,390,390,0,0,0,0,0,0,0,1556076.0,True,True,complete,True,True,True
2015-10-05,2015-10-05 13:30:00+00:00,2015-10-05 20:00:00+00:00,390,390,0,390,390,0,0,0,0,0,0,0,1093784.0,True,True,complete,True,True,True
2015-10-06,2015-10-06 13:30:00+00:00,2015-10-06 20:00:00+00:00,390,390,0,390,390,0,0,0,0,0,0,0,886969.0,True,True,complete,True,True,True
2015-10-07,2015-10-07 13:30:00+00:00,2015-10-07 20:00:00+00:00,390,390,0,390,390,0,0,0,0,0,0,0,1062834.0,True,True,complete,True,True,True
2015-10-08,2015-10-08 13:30:00+00:00,2015-10-08 20:00:00+00:00,390,390,0,390,390,0,0,0,0,0,0,0,1259789.0,True,True,complete,True,True,True
2015-10-09,2015-10-09 13:30:00+00:00,2015-10-09 20:00:00+00:00,390,390,0,390,390,0,0,0,0,0,0,0,744049.0,True,True,complete,True,True,True
2015-10-12,2015-10-12 13:30:00+00:00,2015-10-12 20:00:00+00:00,390,390,0,390,390,0,0,0,0,0,0,0,420133.0,True,True,complete,True,True,True
2015-10-13,2015-10-13 13:30:00+00:00,2015-10-13 20:00:00+00:00,390,390,0,390,390,0,0,0,0,0,0,0,720582.0,True,True,complete,True,True,True
2015-10-14,2015-10-14 13:30:00+00:00,2015-10-14 20:00:00+00:00,390,390,0,390,390,0,0,0,0,0,0,0,828370.0,True,True,complete,True,True,True
2015-10-15,2015-10-15 13:30:00+00:00,2015-10-15 20:00:00+00:00,390,390,0,390,390,0,0,0,0,0,0,0,959671.0,True,True,complete,True,True,True
2015-10-16,2015-10-16 13:30:00+00:00,2015-10-16 20:00:00+00:00,390,390,0,390,390,0,0,0,0,0,0,0,792534.0,True,True,complete,True,True,True
2015-10-19,2015-10-19 13:30:00+00:00,2015-10-19 20:00:00+00:00,390,390,0,390,390,0,0,0,0,0,0,0,612388.0,True,True,complete,True,True,True
2015-10-20,2015-10-20 13:30:00+00:00,2015-10-20 20:00:00+00:00,390,390,0,390,390,0,0,0,0,0,0,0,600635.0,True,True,complete,True,True,True
2015-10-21,2015-10-21 13:30:00+00:00,2015-10-21 20:00:00+00:00,390,390,0,390,390,0,0,0,0,0,0,0,836844.0,True,True,complete,True,True,True
2015-10-22,2015-10-22 13:30:00+00:00,2015-10-22 20:00:00+00:00,390,390,0,390,390,0,0,0,0,0,0,0,1216523.0,True,True,complete,True,True,True
2015-10-23,2015-10-23 13:30:00+00:00,2015-10-23 20:00:00+00:00,390,390,0,390,390,0,0,0,0,0,0,0,1031161.0,True,True,complete,True,True,True
2015-10-26,2015-10-26 13:30:00+00:00,2015-10-26 20:00:00+00:00,390,390,0,390,390,0,0,0,0,0,0,0,514665.0,True,True,complete,True,True,True
2015-10-27,2015-10-27 13:30:00+00:00,2015-10-27 20:00:00+00:00,390,390,0,390,390,0,0,0,0,0,0,0,628802.0,True,True,complete,True,True,True
2015-10-28,2015-10-28 13:30:00+00:00,2015-10-28 20:00:00+00:00,390,390,0,390,390,0,0,0,0,0,0,0,1154616.0,True,True,complete,True,True,True
2015-10-29,2015-10-29 13:30:00+00:00,2015-10-29 20:00:00+00:00,390,390,0,390,390,0,0,0,0,0,0,0,640337.0,True,True,complete,True,True,True
2015-10-30,2015-10-30 13:30:00+00:00,2015-10-30 20:00:00+00:00,390,390,0,390,390,0,0,0,0,0,0,0,910445.0,True,True,complete,True,True,True
2015-11-02,2015-11-02 14:30:00+00:00,2015-11-02 21:00:00+00:00,390,390,0,390,390,0,0,0,0,0,0,0,700909.0,True,True,complete,True,True,True
2015-11-03,2015-11-03 14:30:00+00:00,2015-11-03 21:00:00+00:00,390,390,0,390,390,0,0,0,0,0,0,0,695733.0,True,True,complete,True,True,True
2015-11-04,2015-11-04 14:30:00+00:00,2015-11-04 21:00:00+00:00,390,390,0,390,390,0,0,0,0,0,0,0,754260.0,True,True,complete,True,True,True
2015-11-05,2015-11-05 14:30:00+00:00,2015-11-05 21:00:00+00:00,390,390,0,390,390,0,0,0,0,0,0,0,633530.0,True,True,complete,True,True,True
2015-11-06,2015-11-06 14:30:00+00:00,2015-11-06 21:00:00+00:00,390,390,0,390,390,0,0,0,0,0,0,0,876036.0,True,True,complete,True,True,True
2015-11-09,2015-11-09 14:30:00+00:00,2015-11-09 21:00:00+00:00,390,390,0,390,390,0,0,0,0,0,0,0,966087.0,True,True,complete,True,True,True
2015-11-10,2015-11-10 14:30:00+00:00,2015-11-10 21:00:00+00:00,390,390,0,390,390,0,0,0,0,0,0,0,609355.0,True,True,complete,True,True,True
2015-11-11,2015-11-11 14:30:00+00:00,2015-11-11 21:00:00+00:00,390,390,0,390,390,0,0,0,0,0,0,0,586702.0,True,True,complete,True,True,True
2015-11-12,2015-11-12 14:30:00+00:00,2015-11-12 21:00:00+00:00,390,390,0,390,390,0,0,0,0,0,0,0,952804.0,True,True,complete,True,True,True
2015-11-13,2015-11-13 14:30:00+00:00,2015-11-13 21:00:00+00:00,390,390,0,390,390,0,0,0,0,0,0,0,1203167.0,True,True,complete,True,True,True
2015-11-16,2015-11-16 14:30:00+00:00,2015-11-16 21:00:00+00:00,390,390,0,390,390,0,0,0,0,0,0,0,905737.0,True,True,complete,True,True,True
2015-11-17,2015-11-17 14:30:00+00:00,2015-11-17 21:00:00+00:00,390,390,0,390,390,0,0,0,0,0,0,0,1004999.0,True,True,complete,True,True,True
2015-11-18,2015-11-18 14:30:00+00:00,2015-11-18 21:00:00+00:00,390,390,0,390,390,0,0,0,0,0,0,0,944300.0,True,True,complete,True,True,True
2015-11-19,2015-11-19 14:30:00+00:00,2015-11-19 21:00:00+00:00,390,390,0,390,390,0,0,0,0,0,0,0,619991.0,True,True,complete,True,True,True
2015-11-20,2015-11-20 14:30:00+00:00,2015-11-20 21:00:00+00:00,390,390,0,390,390,0,0,0,0,0,0,0,670085.0,True,True,complete,True,True,True
2015-11-23,2015-11-23 14:30:00+00:00,2015-11-23 21:00:00+00:00,390,390,0,390,390,0,0,0,0,0,0,0,547189.0,True,True,complete,True,True,True
2015-11-24,2015-11-24 14:30:00+00:00,2015-11-24 21:00:00+00:00,390,390,0,390,390,0,0,0,0,0,0,0,817299.0,True,True,complete,True,True,True
2015-11-25,2015-11-25 14:30:00+00:00,2015-11-25 21:00:00+00:00,390,390,0,390,390,0,0,0,0,0,0,0,427414.0,True,True,complete,True,True,True
2015-11-27,2015-11-27 14:30:00+00:00,2015-11-27 18:00:00+00:00,210,210,0,210,210,0,0,0,0,0,0,0,275464.0,True,True,complete,True,True,True
2015-11-30,2015-11-30 14:30:00+00:00,2015-11-30 21:00:00+00:00,390,390,0,390,390,0,0,0,0,0,0,0,789718.0,True,True,complete,True,True,True
2015-12-01,2015-12-01 14:30:00+00:00,2015-12-01 21:00:00+00:00,390,390,0,390,390,0,0,0,0,0,0,0,804076.0,True,True,complete,True,True,True
2015-12-02,2015-12-02 14:30:00+00:00,2015-12-02 21:00:00+00:00,390,390,0,390,390,0,0,0,0,0,0,0,883602.0,True,True,complete,True,True,True
2015-12-03,2015-12-03 14:30:00+00:00,2015-12-03 21:00:00+00:00,390,390,0,390,390,0,0,0,0,0,0,0,1256925.0,True,True,complete,True,True,True
2015-12-04,2015-12-04 14:30:00+00:00,2015-12-04 21:00:00+00:00,390,390,0,390,390,0,0,0,0,0,0,0,1382415.0,True,True,complete,True,True,True
2015-12-07,2015-12-07 14:30:00+00:00,2015-12-07 21:00:00+00:00,390,390,0,390,390,0,0,0,0,0,0,0,805539.0,True,True,complete,True,True,True
2015-12-08,2015-12-08 14:30:00+00:00,2015-12-08 21:00:00+00:00,390,390,0,390,390,0,0,0,0,0,0,0,851624.0,True,True,complete,True,True,True
2015-12-09,2015-12-09 14:30:00+00:00,2015-12-09 21:00:00+00:00,390,390,0,390,390,0,0,0,0,0,0,0,1302632.0,True,True,complete,True,True,True
2015-12-10,2015-12-10 14:30:00+00:00,2015-12-10 21:00:00+00:00,390,390,0,390,390,0,0,0,0,0,0,0,869930.0,True,True,complete,True,True,True
2015-12-11,2015-12-11 14:30:00+00:00,2015-12-11 21:00:00+00:00,390,390,0,390,390,0,0,0,0,0,0,0,1534052.0,True,True,complete,True,True,True
2015-12-14,2015-12-14 14:30:00+00:00,2015-12-14 21:00:00+00:00,390,390,0,390,390,0,0,0,0,0,0,0,1470348.0,True,True,complete,True,True,True
2015-12-15,2015-12-15 14:30:00+00:00,2015-12-15 21:00:00+00:00,390,390,0,390,390,0,0,0,0,0,0,0,1133558.0,True,True,complete,True,True,True
2015-12-16,2015-12-16 14:30:00+00:00,2015-12-16 21:00:00+00:00,390,390,0,390,390,0,0,0,0,0,0,0,1455821.0,True,True,complete,True,True,True
2015-12-17,2015-12-17 14:30:00+00:00,2015-12-17 21:00:00+00:00,390,390,0,390,390,0,0,0,0,0,0,0,1238871.0,True,True,complete,True,True,True
2015-12-18,2015-12-18 14:30:00+00:00,2015-12-18 21:00:00+00:00,390,390,0,390,390,0,0,0,0,0,0,0,1722421.0,True,True,complete,True,True,True
2015-12-21,2015-12-21 14:30:00+00:00,2015-12-21 21:00:00+00:00,390,390,0,390,390,0,0,0,0,0,0,0,809386.0,True,True,complete,True,True,True
2015-12-22,2015-12-22 14:30:00+00:00,2015-12-22 21:00:00+00:00,390,390,0,390,390,0,0,0,0,0,0,0,845114.0,True,True,complete,True,True,True
2015-12-23,2015-12-23 14:30:00+00:00,2015-12-23 21:00:00+00:00,390,390,0,390,390,0,0,0,0,0,0,0,798592.0,True,True,complete,True,True,True
2015-12-24,2015-12-24 14:30:00+00:00,2015-12-24 18:00:00+00:00,210,210,0,210,210,0,0,0,0,0,0,0,319646.0,True,True,complete,True,True,True
2015-12-28,2015-12-28 14:30:00+00:00,2015-12-28 21:00:00+00:00,390,390,0,390,390,0,0,0,0,0,0,0,503456.0,True,True,complete,True,True,True
2015-12-29,2015-12-29 14:30:00+00:00,2015-12-29 21:00:00+00:00,390,390,0,390,390,0,0,0,0,0,0,0,636586.0,True,True,complete,True,True,True
2015-12-30,2015-12-30 14:30:00+00:00,2015-12-30 21:00:00+00:00,390,390,0,390,390,0,0,0,0,0,0,0,454919.0,True,True,complete,True,True,True
2015-12-31,2015-12-31 14:30:00+00:00,2015-12-31 21:00:00+00:00,390,390,0,390,390,0,0,0,0,0,0,0,787150.0,True,True,complete,True,True,True
2016-01-04,2016-01-04 14:30:00+00:00,2016-01-04 21:00:00+00:00,390,390,0,390,390,0,0,0,0,0,0,0,202530724.0,True,True,complete,True,True,True
2016-01-05,2016-01-05 14:30:00+00:00,2016-01-05 21:00:00+00:00,390,390,0,390,390,0,0,0,0,0,0,0,96459261.0,True,True,complete,True,True,True
2016-01-06,2016-01-06 14:30:00+00:00,2016-01-06 21:00:00+00:00,390,390,0,390,390,0,0,0,0,0,0,0,130490180.0,True,True,complete,True,True,True
2016-01-07,2016-01-07 14:30:00+00:00,2016-01-07 21:00:00+00:00,390,390,0,390,390,0,0,0,0,0,0,0,194972986.0,True,True,complete,True,True,True
2016-01-08,2016-01-08 14:30:00+00:00,2016-01-08 21:00:00+00:00,390,390,0,390,390,0,0,0,0,0,0,0,177699010.0,True,True,complete,True,True,True
2016-01-11,2016-01-11 14:30:00+00:00,2016-01-11 21:00:00+00:00,390,390,0,390,390,0,0,0,0,0,0,0,163210048.0,True,True,complete,True,True,True
2016-01-12,2016-01-12 14:30:00+00:00,2016-01-12 21:00:00+00:00,390,390,0,390,390,0,0,0,0,0,0,0,153100443.0,True,True,complete,True,True,True
2016-01-13,2016-01-13 14:30:00+00:00,2016-01-13 21:00:00+00:00,390,390,0,390,390,0,0,0,0,0,0,0,199458448.0,True,True,complete,True,True,True
2016-01-14,2016-01-14 14:30:00+00:00,2016-01-14 21:00:00+00:00,390,390,0,390,390,0,0,0,0,0,0,0,216012149.0,True,True,complete,True,True,True
2016-01-15,2016-01-15 14:30:00+00:00,2016-01-15 21:00:00+00:00,390,390,0,390,390,0,0,0,0,0,0,0,292186434.0,True,True,complete,True,True,True
2016-01-19,2016-01-19 14:30:00+00:00,2016-01-19 21:00:00+00:00,390,390,0,390,390,0,0,0,0,0,0,0,165043059.0,True,True,complete,True,True,True
2016-01-20,2016-01-20 14:30:00+00:00,2016-01-20 21:00:00+00:00,390,390,0,390,390,0,0,0,0,0,0,0,267980412.0,True,True,complete,True,True,True
2016-01-21,2016-01-21 14:30:00+00:00,2016-01-21 21:00:00+00:00,390,390,0,390,390,0,0,0,0,0,0,0,172651988.0,True,True,complete,True,True,True
2016-01-22,2016-01-22 14:30:00+00:00,2016-01-22 21:00:00+00:00,390,390,0,390,390,0,0,0,0,0,0,0,149172639.0,True,True,complete,True,True,True
2016-01-25,2016-01-25 14:30:00+00:00,2016-01-25 21:00:00+00:00,390,390,0,390,390,0,0,0,0,0,0,0,110994477.0,True,True,complete,True,True,True
2016-01-26,2016-01-26 14:30:00+00:00,2016-01-26 21:00:00+00:00,390,390,0,390,390,0,0,0,0,0,0,0,126916212.0,True,True,complete,True,True,True
2016-01-27,2016-01-27 14:30:00+00:00,2016-01-27 21:00:00+00:00,390,390,0,390,390,0,0,0,0,0,0,0,172639988.0,True,True,complete,True,True,True
2016-01-28,2016-01-28 14:30:00+00:00,2016-01-28 21:00:00+00:00,390,390,0,390,390,0,0,0,0,0,0,0,128397234.0,True,True,complete,True,True,True
2016-01-29,2016-01-29 14:30:00+00:00,2016-01-29 21:00:00+00:00,390,390,0,390,390,0,0,0,0,0,0,0,168706965.0,True,True,complete,True,True,True
2016-02-01,2016-02-01 14:30:00+00:00,2016-02-01 21:00:00+00:00,390,390,0,390,390,0,0,0,0,0,0,0,116246092.0,True,True,complete,True,True,True
2016-02-02,2016-02-02 14:30:00+00:00,2016-02-02 21:00:00+00:00,390,390,0,390,381,9,0,0,0,9,0,0,160717627.0,True,True,interior_gap,False,False,True
2016-02-03,2016-02-03 14:30:00+00:00,2016-02-03 21:00:00+00:00,390,390,0,390,390,0,0,0,0,0,0,0,193344626.0,True,True,complete,True,True,True
2016-02-04,2016-02-04 14:30:00+00:00,2016-02-04 21:00:00+00:00,390,390,0,390,390,0,0,0,0,0,0,0,125201213.0,True,True,complete,True,True,True
2016-02-05,2016-02-05 14:30:00+00:00,2016-02-05 21:00:00+00:00,390,390,0,390,390,0,0,0,0,0,0,0,161143905.0,True,True,complete,True,True,True
2016-02-08,2016-02-08 14:30:00+00:00,2016-02-08 21:00:00+00:00,390,390,0,390,390,0,0,0,0,0,0,0,177868397.0,True,True,complete,True,True,True
2016-02-09,2016-02-09 14:30:00+00:00,2016-02-09 21:00:00+00:00,390,390,0,390,390,0,0,0,0,0,0,0,169001439.0,True,True,complete,True,True,True
2016-02-10,2016-02-10 14:30:00+00:00,2016-02-10 21:00:00+00:00,390,390,0,390,390,0,0,0,0,0,0,0,135571815.0,True,True,complete,True,True,True
2016-02-11,2016-02-11 14:30:00+00:00,2016-02-11 21:00:00+00:00,390,390,0,390,390,0,0,0,0,0,0,0,197554673.0,True,True,complete,True,True,True
2016-02-12,2016-02-12 14:30:00+00:00,2016-02-12 21:00:00+00:00,390,390,0,390,390,0,0,0,0,0,0,0,111889767.0,True,True,complete,True,True,True
2016-02-16,2016-02-16 14:30:00+00:00,2016-02-16 21:00:00+00:00,390,390,0,390,390,0,0,0,0,0,0,0,97925011.0,True,True,complete,True,True,True
2016-02-17,2016-02-17 14:30:00+00:00,2016-02-17 21:00:00+00:00,390,390,0,390,390,0,0,0,0,0,0,0,122885862.0,True,True,complete,True,True,True
2016-02-18,2016-02-18 14:30:00+00:00,2016-02-18 21:00:00+00:00,390,390,0,390,390,0,0,0,0,0,0,0,94510440.0,True,True,complete,True,True,True
2016-02-19,2016-02-19 14:30:00+00:00,2016-02-19 21:00:00+00:00,390,390,0,390,390,0,0,0,0,0,0,0,103896616.0,True,True,complete,True,True,True
2016-02-22,2016-02-22 14:30:00+00:00,2016-02-22 21:00:00+00:00,390,390,0,390,390,0,0,0,0,0,0,0,85597621.0,True,True,complete,True,True,True
2016-02-23,2016-02-23 14:30:00+00:00,2016-02-23 21:00:00+00:00,390,390,0,390,390,0,0,0,0,0,0,0,97150360.0,True,True,complete,True,True,True
2016-02-24,2016-02-24 14:30:00+00:00,2016-02-24 21:00:00+00:00,390,390,0,390,390,0,0,0,0,0,0,0,135511883.0,True,True,complete,True,True,True
2016-02-25,2016-02-25 14:30:00+00:00,2016-02-25 21:00:00+00:00,390,390,0,390,390,0,0,0,0,0,0,0,98237896.0,True,True,complete,True,True,True
2016-02-26,2016-02-26 14:30:00+00:00,2016-02-26 21:00:00+00:00,390,390,0,390,390,0,0,0,0,0,0,0,112245998.0,True,True,complete,True,True,True
2016-02-29,2016-02-29 14:30:00+00:00,2016-02-29 21:00:00+00:00,390,390,0,390,390,0,0,0,0,0,0,0,106009828.0,True,True,complete,True,True,True
2016-03-01,2016-03-01 14:30:00+00:00,2016-03-01 21:00:00+00:00,390,390,0,390,390,0,0,0,0,0,0,0,123846703.0,True,True,complete,True,True,True
2016-03-02,2016-03-02 14:30:00+00:00,2016-03-02 21:00:00+00:00,390,390,0,390,390,0,0,0,0,0,0,0,89901039.0,True,True,complete,True,True,True
2016-03-03,2016-03-03 14:30:00+00:00,2016-03-03 21:00:00+00:00,390,390,0,390,390,0,0,0,0,0,0,0,88120754.0,True,True,complete,True,True,True
2016-03-04,2016-03-04 14:30:00+00:00,2016-03-04 21:00:00+00:00,390,390,0,390,390,0,0,0,0,0,0,0,108801687.0,True,True,complete,True,True,True
2016-03-07,2016-03-07 14:30:00+00:00,2016-03-07 21:00:00+00:00,390,390,0,390,390,0,0,0,0,0,0,0,84517950.0,True,True,complete,True,True,True
2016-03-08,2016-03-08 14:30:00+00:00,2016-03-08 21:00:00+00:00,390,390,0,390,390,0,0,0,0,0,0,0,105708546.0,True,True,complete,True,True,True
2016-03-09,2016-03-09 14:30:00+00:00,2016-03-09 21:00:00+00:00,390,390,0,390,390,0,0,0,0,0,0,0,79010841.0,True,True,complete,True,True,True
2016-03-10,2016-03-10 14:30:00+00:00,2016-03-10 21:00:00+00:00,390,390,0,390,390,0,0,0,0,0,0,0,137461431.0,True,True,complete,True,True,True
2016-03-11,2016-03-11 14:30:00+00:00,2016-03-11 21:00:00+00:00,390,390,0,390,390,0,0,0,0,0,0,0,115497170.0,True,True,complete,True,True,True
2016-03-14,2016-03-14 13:30:00+00:00,2016-03-14 20:00:00+00:00,390,390,0,390,390,0,0,0,0,0,0,0,66190869.0,True,True,complete,True,True,True
2016-03-15,2016-03-15 13:30:00+00:00,2016-03-15 20:00:00+00:00,390,390,0,390,390,0,0,0,0,0,0,0,80005025.0,True,True,complete,True,True,True
2016-03-16,2016-03-16 13:30:00+00:00,2016-03-16 20:00:00+00:00,390,390,0,390,390,0,0,0,0,0,0,0,113971120.0,True,True,complete,True,True,True
2016-03-17,2016-03-17 13:30:00+00:00,2016-03-17 20:00:00+00:00,390,390,0,390,390,0,0,0,0,0,0,0,111014772.0,True,True,complete,True,True,True
2016-03-18,2016-03-18 13:30:00+00:00,2016-03-18 20:00:00+00:00,390,390,0,390,390,0,0,0,0,0,0,0,117992073.0,True,True,complete,True,True,True
2016-03-21,2016-03-21 13:30:00+00:00,2016-03-21 20:00:00+00:00,390,390,0,390,390,0,0,0,0,0,0,0,65165242.0,True,True,complete,True,True,True
2016-03-22,2016-03-22 13:30:00+00:00,2016-03-22 20:00:00+00:00,390,390,0,390,390,0,0,0,0,0,0,0,80585666.0,True,True,complete,True,True,True
2016-03-23,2016-03-23 13:30:00+00:00,2016-03-23 20:00:00+00:00,390,390,0,390,390,0,0,0,0,0,0,0,71533678.0,True,True,complete,True,True,True
2016-03-24,2016-03-24 13:30:00+00:00,2016-03-24 20:00:00+00:00,390,390,0,390,390,0,0,0,0,0,0,0,70350934.0,True,True,complete,True,True,True
2016-03-28,2016-03-28 13:30:00+00:00,2016-03-28 20:00:00+00:00,390,390,0,390,390,0,0,0,0,0,0,0,54171897.0,True,True,complete,True,True,True
2016-03-29,2016-03-29 13:30:00+00:00,2016-03-29 20:00:00+00:00,390,390,0,390,390,0,0,0,0,0,0,0,84507888.0,True,True,complete,True,True,True
2016-03-30,2016-03-30 13:30:00+00:00,2016-03-30 20:00:00+00:00,390,390,0,390,390,0,0,0,0,0,0,0,76451470.0,True,True,complete,True,True,True
2016-03-31,2016-03-31 13:30:00+00:00,2016-03-31 20:00:00+00:00,390,390,0,390,390,0,0,0,0,0,0,0,76244493.0,True,True,complete,True,True,True
2016-04-01,2016-04-01 13:30:00+00:00,2016-04-01 20:00:00+00:00,390,390,0,390,390,0,0,0,0,0,0,0,90154432.0,True,True,complete,True,True,True
2016-04-04,2016-04-04 13:30:00+00:00,2016-04-04 20:00:00+00:00,390,390,0,390,390,0,0,0,0,0,0,0,52547946.0,True,True,complete,True,True,True
2016-04-05,2016-04-05 13:30:00+00:00,2016-04-05 20:00:00+00:00,390,390,0,390,390,0,0,0,0,0,0,0,82827256.0,True,True,complete,True,True,True
2016-04-06,2016-04-06 13:30:00+00:00,2016-04-06 20:00:00+00:00,390,390,0,390,390,0,0,0,0,0,0,0,82034610.0,True,True,complete,True,True,True
2016-04-07,2016-04-07 13:30:00+00:00,2016-04-07 20:00:00+00:00,390,390,0,390,390,0,0,0,0,0,0,0,103265322.0,True,True,complete,True,True,True
2016-04-08,2016-04-08 13:30:00+00:00,2016-04-08 20:00:00+00:00,390,390,0,390,390,0,0,0,0,0,0,0,81477371.0,True,True,complete,True,True,True
2016-04-11,2016-04-11 13:30:00+00:00,2016-04-11 20:00:00+00:00,390,390,0,390,390,0,0,0,0,0,0,0,72296896.0,True,True,complete,True,True,True
2016-04-12,2016-04-12 13:30:00+00:00,2016-04-12 20:00:00+00:00,390,390,0,390,390,0,0,0,0,0,0,0,99894628.0,True,True,complete,True,True,True
2016-04-13,2016-04-13 13:30:00+00:00,2016-04-13 20:00:00+00:00,390,390,0,390,390,0,0,0,0,0,0,0,85994184.0,True,True,complete,True,True,True
2016-04-14,2016-04-14 13:30:00+00:00,2016-04-14 20:00:00+00:00,390,390,0,390,390,0,0,0,0,0,0,0,57040267.0,True,True,complete,True,True,True
2016-04-15,2016-04-15 13:30:00+00:00,2016-04-15 20:00:00+00:00,390,390,0,390,390,0,0,0,0,0,0,0,66650163.0,True,True,complete,True,True,True
2016-04-18,2016-04-18 13:30:00+00:00,2016-04-18 20:00:00+00:00,390,390,0,390,390,0,0,0,0,0,0,0,67540341.0,True,True,complete,True,True,True
2016-04-19,2016-04-19 13:30:00+00:00,2016-04-19 20:00:00+00:00,390,390,0,390,390,0,0,0,0,0,0,0,76610199.0,True,True,complete,True,True,True
2016-04-20,2016-04-20 13:30:00+00:00,2016-04-20 20:00:00+00:00,390,390,0,390,390,0,0,0,0,0,0,0,67621903.0,True,True,complete,True,True,True
2016-04-21,2016-04-21 13:30:00+00:00,2016-04-21 20:00:00+00:00,390,390,0,390,390,0,0,0,0,0,0,0,69980383.0,True,True,complete,True,True,True
2016-04-22,2016-04-22 13:30:00+00:00,2016-04-22 20:00:00+00:00,390,390,0,390,390,0,0,0,0,0,0,0,83572593.0,True,True,complete,True,True,True
2016-04-25,2016-04-25 13:30:00+00:00,2016-04-25 20:00:00+00:00,390,390,0,390,390,0,0,0,0,0,0,0,54884066.0,True,True,complete,True,True,True
2016-04-26,2016-04-26 13:30:00+00:00,2016-04-26 20:00:00+00:00,390,390,0,390,390,0,0,0,0,0,0,0,66848118.0,True,True,complete,True,True,True
2016-04-27,2016-04-27 13:30:00+00:00,2016-04-27 20:00:00+00:00,390,390,0,390,390,0,0,0,0,0,0,0,68965000.0,True,True,complete,True,True,True
2016-04-28,2016-04-28 13:30:00+00:00,2016-04-28 20:00:00+00:00,390,390,0,390,390,0,0,0,0,0,0,0,83477099.0,True,True,complete,True,True,True
2016-04-29,2016-04-29 13:30:00+00:00,2016-04-29 20:00:00+00:00,390,390,0,390,390,0,0,0,0,0,0,0,119893096.0,True,True,complete,True,True,True
2016-05-02,2016-05-02 13:30:00+00:00,2016-05-02 20:00:00+00:00,390,390,0,390,390,0,0,0,0,0,0,0,56985879.0,True,True,complete,True,True,True
2016-05-03,2016-05-03 13:30:00+00:00,2016-05-03 20:00:00+00:00,390,390,0,390,390,0,0,0,0,0,0,0,94517526.0,True,True,complete,True,True,True
2016-05-04,2016-05-04 13:30:00+00:00,2016-05-04 20:00:00+00:00,390,390,0,390,390,0,0,0,0,0,0,0,79447881.0,True,True,complete,True,True,True
2016-05-05,2016-05-05 13:30:00+00:00,2016-05-05 20:00:00+00:00,390,390,0,390,390,0,0,0,0,0,0,0,60842410.0,True,True,complete,True,True,True
2016-05-06,2016-05-06 13:30:00+00:00,2016-05-06 20:00:00+00:00,390,390,0,390,390,0,0,0,0,0,0,0,73349642.0,True,True,complete,True,True,True
2016-05-09,2016-05-09 13:30:00+00:00,2016-05-09 20:00:00+00:00,390,390,0,390,390,0,0,0,0,0,0,0,60121725.0,True,True,complete,True,True,True
2016-05-10,2016-05-10 13:30:00+00:00,2016-05-10 20:00:00+00:00,390,390,0,390,390,0,0,0,0,0,0,0,62475745.0,True,True,complete,True,True,True
2016-05-11,2016-05-11 13:30:00+00:00,2016-05-11 20:00:00+00:00,390,390,0,390,390,0,0,0,0,0,0,0,72973490.0,True,True,complete,True,True,True
2016-05-12,2016-05-12 13:30:00+00:00,2016-05-12 20:00:00+00:00,390,390,0,390,390,0,0,0,0,0,0,0,80239382.0,True,True,complete,True,True,True
2016-05-13,2016-05-13 13:30:00+00:00,2016-05-13 20:00:00+00:00,390,390,0,390,390,0,0,0,0,0,0,0,86411508.0,True,True,complete,True,True,True
2016-05-16,2016-05-16 13:30:00+00:00,2016-05-16 20:00:00+00:00,390,390,0,390,390,0,0,0,0,0,0,0,65355918.0,True,True,complete,True,True,True
2016-05-17,2016-05-17 13:30:00+00:00,2016-05-17 20:00:00+00:00,390,390,0,390,390,0,0,0,0,0,0,0,103651344.0,True,True,complete,True,True,True
2016-05-18,2016-05-18 13:30:00+00:00,2016-05-18 20:00:00+00:00,390,390,0,390,390,0,0,0,0,0,0,0,114834027.0,True,True,complete,True,True,True
2016-05-19,2016-05-19 13:30:00+00:00,2016-05-19 20:00:00+00:00,390,390,0,390,390,0,0,0,0,0,0,0,106946991.0,True,True,complete,True,True,True
2016-05-20,2016-05-20 13:30:00+00:00,2016-05-20 20:00:00+00:00,390,390,0,390,390,0,0,0,0,0,0,0,91068529.0,True,True,complete,True,True,True
2016-05-23,2016-05-23 13:30:00+00:00,2016-05-23 20:00:00+00:00,390,390,0,390,390,0,0,0,0,0,0,0,51468348.0,True,True,complete,True,True,True
2016-05-24,2016-05-24 13:30:00+00:00,2016-05-24 20:00:00+00:00,390,390,0,390,390,0,0,0,0,0,0,0,78581830.0,True,True,complete,True,True,True
2016-05-25,2016-05-25 13:30:00+00:00,2016-05-25 20:00:00+00:00,390,390,0,390,390,0,0,0,0,0,0,0,70812441.0,True,True,complete,True,True,True
2016-05-26,2016-05-26 13:30:00+00:00,2016-05-26 20:00:00+00:00,390,390,0,390,390,0,0,0,0,0,0,0,47307069.0,True,True,complete,True,True,True
2016-05-27,2016-05-27 13:30:00+00:00,2016-05-27 20:00:00+00:00,390,390,0,390,390,0,0,0,0,0,0,0,52454782.0,True,True,complete,True,True,True
2016-05-31,2016-05-31 13:30:00+00:00,2016-05-31 20:00:00+00:00,390,390,0,390,390,0,0,0,0,0,0,0,83377645.0,True,True,complete,True,True,True
2016-06-01,2016-06-01 13:30:00+00:00,2016-06-01 20:00:00+00:00,390,390,0,390,390,0,0,0,0,0,0,0,62532561.0,True,True,complete,True,True,True
2016-06-02,2016-06-02 13:30:00+00:00,2016-06-02 20:00:00+00:00,390,390,0,390,390,0,0,0,0,0,0,0,55870313.0,True,True,complete,True,True,True
2016-06-03,2016-06-03 13:30:00+00:00,2016-06-03 20:00:00+00:00,390,390,0,390,390,0,0,0,0,0,0,0,89295524.0,True,True,complete,True,True,True
2016-06-06,2016-06-06 13:30:00+00:00,2016-06-06 20:00:00+00:00,390,390,0,390,390,0,0,0,0,0,0,0,56631979.0,True,True,complete,True,True,True
2016-06-07,2016-06-07 13:30:00+00:00,2016-06-07 20:00:00+00:00,390,390,0,390,390,0,0,0,0,0,0,0,52136619.0,True,True,complete,True,True,True
2016-06-08,2016-06-08 13:30:00+00:00,2016-06-08 20:00:00+00:00,390,390,0,390,390,0,0,0,0,0,0,0,56676548.0,True,True,complete,True,True,True
2016-06-09,2016-06-09 13:30:00+00:00,2016-06-09 20:00:00+00:00,390,390,0,390,390,0,0,0,0,0,0,0,71782286.0,True,True,complete,True,True,True
2016-06-10,2016-06-10 13:30:00+00:00,2016-06-10 20:00:00+00:00,390,390,0,390,390,0,0,0,0,0,0,0,95643904.0,True,True,complete,True,True,True
2016-06-13,2016-06-13 13:30:00+00:00,2016-06-13 20:00:00+00:00,390,390,0,390,390,0,0,0,0,0,0,0,97267140.0,True,True,complete,True,True,True
2016-06-14,2016-06-14 13:30:00+00:00,2016-06-14 20:00:00+00:00,390,390,0,390,390,0,0,0,0,0,0,0,112085217.0,True,True,complete,True,True,True
2016-06-15,2016-06-15 13:30:00+00:00,2016-06-15 20:00:00+00:00,390,390,0,390,390,0,0,0,0,0,0,0,93870913.0,True,True,complete,True,True,True
2016-06-16,2016-06-16 13:30:00+00:00,2016-06-16 20:00:00+00:00,390,390,0,390,390,0,0,0,0,0,0,0,135503276.0,True,True,complete,True,True,True
2016-06-17,2016-06-17 13:30:00+00:00,2016-06-17 20:00:00+00:00,390,390,0,390,390,0,0,0,0,0,0,0,106882439.0,True,True,complete,True,True,True
2016-06-20,2016-06-20 13:30:00+00:00,2016-06-20 20:00:00+00:00,390,390,0,390,390,0,0,0,0,0,0,0,72376271.0,True,True,complete,True,True,True
2016-06-21,2016-06-21 13:30:00+00:00,2016-06-21 20:00:00+00:00,390,390,0,390,390,0,0,0,0,0,0,0,65917080.0,True,True,complete,True,True,True
2016-06-22,2016-06-22 13:30:00+00:00,2016-06-22 20:00:00+00:00,390,390,0,390,390,0,0,0,0,0,0,0,89170989.0,True,True,complete,True,True,True
2016-06-23,2016-06-23 13:30:00+00:00,2016-06-23 20:00:00+00:00,390,390,0,390,390,0,0,0,0,0,0,0,83834457.0,True,True,complete,True,True,True
2016-06-24,2016-06-24 13:30:00+00:00,2016-06-24 20:00:00+00:00,390,390,0,390,390,0,0,0,0,0,0,0,287434839.0,True,True,complete,True,True,True
2016-06-27,2016-06-27 13:30:00+00:00,2016-06-27 20:00:00+00:00,390,390,0,390,390,0,0,0,0,0,0,0,210277839.0,True,True,complete,True,True,True
2016-06-28,2016-06-28 13:30:00+00:00,2016-06-28 20:00:00+00:00,390,390,0,390,390,0,0,0,0,0,0,0,143339413.0,True,True,complete,True,True,True
2016-06-29,2016-06-29 13:30:00+00:00,2016-06-29 20:00:00+00:00,390,390,0,390,390,0,0,0,0,0,0,0,119130094.0,True,True,complete,True,True,True
2016-06-30,2016-06-30 13:30:00+00:00,2016-06-30 20:00:00+00:00,390,390,0,390,390,0,0,0,0,0,0,0,135243019.0,True,True,complete,True,True,True
2016-07-01,2016-07-01 13:30:00+00:00,2016-07-01 20:00:00+00:00,390,390,0,390,390,0,0,0,0,0,0,0,90461594.0,True,True,complete,True,True,True
2016-07-05,2016-07-05 13:30:00+00:00,2016-07-05 20:00:00+00:00,390,390,0,390,390,0,0,0,0,0,0,0,97103554.0,True,True,complete,True,True,True
2016-07-06,2016-07-06 13:30:00+00:00,2016-07-06 20:00:00+00:00,390,390,0,390,390,0,0,0,0,0,0,0,86938442.0,True,True,complete,True,True,True
2016-07-07,2016-07-07 13:30:00+00:00,2016-07-07 20:00:00+00:00,390,390,0,390,390,0,0,0,0,0,0,0,75699998.0,True,True,complete,True,True,True
2016-07-08,2016-07-08 13:30:00+00:00,2016-07-08 20:00:00+00:00,390,390,0,390,390,0,0,0,0,0,0,0,111957354.0,True,True,complete,True,True,True
2016-07-11,2016-07-11 13:30:00+00:00,2016-07-11 20:00:00+00:00,390,390,0,390,390,0,0,0,0,0,0,0,65624212.0,True,True,complete,True,True,True
2016-07-12,2016-07-12 13:30:00+00:00,2016-07-12 20:00:00+00:00,390,390,0,390,390,0,0,0,0,0,0,0,88778808.0,True,True,complete,True,True,True
2016-07-13,2016-07-13 13:30:00+00:00,2016-07-13 20:00:00+00:00,390,390,0,390,390,0,0,0,0,0,0,0,77556616.0,True,True,complete,True,True,True
2016-07-14,2016-07-14 13:30:00+00:00,2016-07-14 20:00:00+00:00,390,390,0,390,390,0,0,0,0,0,0,0,79425086.0,True,True,complete,True,True,True
2016-07-15,2016-07-15 13:30:00+00:00,2016-07-15 20:00:00+00:00,390,390,0,390,390,0,0,0,0,0,0,0,86828835.0,True,True,complete,True,True,True
2016-07-18,2016-07-18 13:30:00+00:00,2016-07-18 20:00:00+00:00,390,390,0,390,390,0,0,0,0,0,0,0,46869575.0,True,True,complete,True,True,True
2016-07-19,2016-07-19 13:30:00+00:00,2016-07-19 20:00:00+00:00,390,390,0,390,390,0,0,0,0,0,0,0,41970489.0,True,True,complete,True,True,True
2016-07-20,2016-07-20 13:30:00+00:00,2016-07-20 20:00:00+00:00,390,390,0,390,390,0,0,0,0,0,0,0,49708454.0,True,True,complete,True,True,True
2016-07-21,2016-07-21 13:30:00+00:00,2016-07-21 20:00:00+00:00,390,390,0,390,390,0,0,0,0,0,0,0,61894488.0,True,True,complete,True,True,True
2016-07-22,2016-07-22 13:30:00+00:00,2016-07-22 20:00:00+00:00,390,390,0,390,390,0,0,0,0,0,0,0,50970759.0,True,True,complete,True,True,True
2016-07-25,2016-07-25 13:30:00+00:00,2016-07-25 20:00:00+00:00,390,390,0,390,390,0,0,0,0,0,0,0,45597529.0,True,True,complete,True,True,True
2016-07-26,2016-07-26 13:30:00+00:00,2016-07-26 20:00:00+00:00,390,390,0,390,390,0,0,0,0,0,0,0,63827061.0,True,True,complete,True,True,True
2016-07-27,2016-07-27 13:30:00+00:00,2016-07-27 20:00:00+00:00,390,390,0,390,390,0,0,0,0,0,0,0,72802382.0,True,True,complete,True,True,True
2016-07-28,2016-07-28 13:30:00+00:00,2016-07-28 20:00:00+00:00,390,390,0,390,390,0,0,0,0,0,0,0,58233533.0,True,True,complete,True,True,True
2016-07-29,2016-07-29 13:30:00+00:00,2016-07-29 20:00:00+00:00,390,390,0,390,390,0,0,0,0,0,0,0,66505388.0,True,True,complete,True,True,True
2016-08-01,2016-08-01 13:30:00+00:00,2016-08-01 20:00:00+00:00,390,390,0,390,390,0,0,0,0,0,0,0,64482205.0,True,True,complete,True,True,True
2016-08-02,2016-08-02 13:30:00+00:00,2016-08-02 20:00:00+00:00,390,390,0,390,390,0,0,0,0,0,0,0,84618943.0,True,True,complete,True,True,True
2016-08-03,2016-08-03 13:30:00+00:00,2016-08-03 20:00:00+00:00,390,390,0,390,390,0,0,0,0,0,0,0,45506468.0,True,True,complete,True,True,True
2016-08-04,2016-08-04 13:30:00+00:00,2016-08-04 20:00:00+00:00,390,390,0,390,390,0,0,0,0,0,0,0,39817649.0,True,True,complete,True,True,True
2016-08-05,2016-08-05 13:30:00+00:00,2016-08-05 20:00:00+00:00,390,390,0,390,390,0,0,0,0,0,0,0,58784883.0,True,True,complete,True,True,True
2016-08-08,2016-08-08 13:30:00+00:00,2016-08-08 20:00:00+00:00,390,390,0,390,390,0,0,0,0,0,0,0,36264832.0,True,True,complete,True,True,True
2016-08-09,2016-08-09 13:30:00+00:00,2016-08-09 20:00:00+00:00,390,390,0,390,390,0,0,0,0,0,0,0,46355207.0,True,True,complete,True,True,True
2016-08-10,2016-08-10 13:30:00+00:00,2016-08-10 20:00:00+00:00,390,390,0,390,390,0,0,0,0,0,0,0,49412009.0,True,True,complete,True,True,True
2016-08-11,2016-08-11 13:30:00+00:00,2016-08-11 20:00:00+00:00,390,390,0,390,390,0,0,0,0,0,0,0,61641785.0,True,True,complete,True,True,True
2016-08-12,2016-08-12 13:30:00+00:00,2016-08-12 20:00:00+00:00,390,390,0,390,390,0,0,0,0,0,0,0,45175011.0,True,True,complete,True,True,True
2016-08-15,2016-08-15 13:30:00+00:00,2016-08-15 20:00:00+00:00,390,390,0,390,390,0,0,0,0,0,0,0,41866388.0,True,True,complete,True,True,True
2016-08-16,2016-08-16 13:30:00+00:00,2016-08-16 20:00:00+00:00,390,390,0,390,390,0,0,0,0,0,0,0,48065776.0,True,True,complete,True,True,True
2016-08-17,2016-08-17 13:30:00+00:00,2016-08-17 20:00:00+00:00,390,390,0,390,390,0,0,0,0,0,0,0,66482352.0,True,True,complete,True,True,True
2016-08-18,2016-08-18 13:30:00+00:00,2016-08-18 20:00:00+00:00,390,390,0,390,390,0,0,0,0,0,0,0,47326564.0,True,True,complete,True,True,True
2016-08-19,2016-08-19 13:30:00+00:00,2016-08-19 20:00:00+00:00,390,390,0,390,390,0,0,0,0,0,0,0,66213954.0,True,True,complete,True,True,True
2016-08-22,2016-08-22 13:30:00+00:00,2016-08-22 20:00:00+00:00,390,390,0,390,390,0,0,0,0,0,0,0,55072966.0,True,True,complete,True,True,True
2016-08-23,2016-08-23 13:30:00+00:00,2016-08-23 20:00:00+00:00,390,390,0,390,390,0,0,0,0,0,0,0,48609478.0,True,True,complete,True,True,True
2016-08-24,2016-08-24 13:30:00+00:00,2016-08-24 20:00:00+00:00,390,390,0,390,390,0,0,0,0,0,0,0,59589486.0,True,True,complete,True,True,True
2016-08-25,2016-08-25 13:30:00+00:00,2016-08-25 20:00:00+00:00,390,390,0,390,390,0,0,0,0,0,0,0,59000496.0,True,True,complete,True,True,True
2016-08-26,2016-08-26 13:30:00+00:00,2016-08-26 20:00:00+00:00,390,390,0,390,390,0,0,0,0,0,0,0,115059142.0,True,True,complete,True,True,True
2016-08-29,2016-08-29 13:30:00+00:00,2016-08-29 20:00:00+00:00,390,390,0,390,390,0,0,0,0,0,0,0,59895829.0,True,True,complete,True,True,True
2016-08-30,2016-08-30 13:30:00+00:00,2016-08-30 20:00:00+00:00,390,390,0,390,390,0,0,0,0,0,0,0,51799605.0,True,True,complete,True,True,True
2016-08-31,2016-08-31 13:30:00+00:00,2016-08-31 20:00:00+00:00,390,390,0,390,390,0,0,0,0,0,0,0,68297021.0,True,True,complete,True,True,True
2016-09-01,2016-09-01 13:30:00+00:00,2016-09-01 20:00:00+00:00,390,390,0,390,390,0,0,0,0,0,0,0,87921684.0,True,True,complete,True,True,True
2016-09-02,2016-09-02 13:30:00+00:00,2016-09-02 20:00:00+00:00,390,390,0,390,390,0,0,0,0,0,0,0,69222013.0,True,True,complete,True,True,True
2016-09-06,2016-09-06 13:30:00+00:00,2016-09-06 20:00:00+00:00,390,390,0,390,390,0,0,0,0,0,0,0,47953242.0,True,True,complete,True,True,True
2016-09-07,2016-09-07 13:30:00+00:00,2016-09-07 20:00:00+00:00,390,390,0,390,390,0,0,0,0,0,0,0,70492487.0,True,True,complete,True,True,True
2016-09-08,2016-09-08 13:30:00+00:00,2016-09-08 20:00:00+00:00,390,390,0,390,390,0,0,0,0,0,0,0,66176506.0,True,True,complete,True,True,True
2016-09-09,2016-09-09 13:30:00+00:00,2016-09-09 20:00:00+00:00,390,390,0,390,390,0,0,0,0,0,0,0,195354431.0,True,True,complete,True,True,True
2016-09-12,2016-09-12 13:30:00+00:00,2016-09-12 20:00:00+00:00,390,390,0,390,390,0,0,0,0,0,0,0,155798222.0,True,True,complete,True,True,True
2016-09-13,2016-09-13 13:30:00+00:00,2016-09-13 20:00:00+00:00,390,390,0,390,390,0,0,0,0,0,0,0,163375952.0,True,True,complete,True,True,True
2016-09-14,2016-09-14 13:30:00+00:00,2016-09-14 20:00:00+00:00,390,390,0,390,390,0,0,0,0,0,0,0,121764377.0,True,True,complete,True,True,True
2016-09-15,2016-09-15 13:30:00+00:00,2016-09-15 20:00:00+00:00,390,390,0,390,390,0,0,0,0,0,0,0,123614761.0,True,True,complete,True,True,True
2016-09-16,2016-09-16 13:30:00+00:00,2016-09-16 20:00:00+00:00,390,390,0,390,390,0,0,0,0,0,0,0,137280505.0,True,True,complete,True,True,True
2016-09-19,2016-09-19 13:30:00+00:00,2016-09-19 20:00:00+00:00,390,390,0,390,390,0,0,0,0,0,0,0,73628221.0,True,True,complete,True,True,True
2016-09-20,2016-09-20 13:30:00+00:00,2016-09-20 20:00:00+00:00,390,390,0,390,390,0,0,0,0,0,0,0,62505183.0,True,True,complete,True,True,True
2016-09-21,2016-09-21 13:30:00+00:00,2016-09-21 20:00:00+00:00,390,390,0,390,390,0,0,0,0,0,0,0,101425105.0,True,True,complete,True,True,True
2016-09-22,2016-09-22 13:30:00+00:00,2016-09-22 20:00:00+00:00,390,390,0,390,390,0,0,0,0,0,0,0,68315985.0,True,True,complete,True,True,True
2016-09-23,2016-09-23 13:30:00+00:00,2016-09-23 20:00:00+00:00,390,390,0,390,390,0,0,0,0,0,0,0,62484160.0,True,True,complete,True,True,True
2016-09-26,2016-09-26 13:30:00+00:00,2016-09-26 20:00:00+00:00,390,390,0,390,390,0,0,0,0,0,0,0,72174068.0,True,True,complete,True,True,True
2016-09-27,2016-09-27 13:30:00+00:00,2016-09-27 20:00:00+00:00,390,390,0,390,390,0,0,0,0,0,0,0,67551268.0,True,True,complete,True,True,True
2016-09-28,2016-09-28 13:30:00+00:00,2016-09-28 20:00:00+00:00,390,390,0,390,390,0,0,0,0,0,0,0,77447748.0,True,True,complete,True,True,True
2016-09-29,2016-09-29 13:30:00+00:00,2016-09-29 20:00:00+00:00,390,390,0,390,390,0,0,0,0,0,0,0,114562838.0,True,True,complete,True,True,True
2016-09-30,2016-09-30 13:30:00+00:00,2016-09-30 20:00:00+00:00,390,390,0,390,390,0,0,0,0,0,0,0,92459934.0,True,True,complete,True,True,True
2016-10-03,2016-10-03 13:30:00+00:00,2016-10-03 20:00:00+00:00,390,390,0,390,390,0,0,0,0,0,0,0,71965754.0,True,True,complete,True,True,True
2016-10-04,2016-10-04 13:30:00+00:00,2016-10-04 20:00:00+00:00,390,390,0,390,390,0,0,0,0,0,0,0,113442988.0,True,True,complete,True,True,True
2016-10-05,2016-10-05 13:30:00+00:00,2016-10-05 20:00:00+00:00,390,390,0,390,390,0,0,0,0,0,0,0,61973859.0,True,True,complete,True,True,True
2016-10-06,2016-10-06 13:30:00+00:00,2016-10-06 20:00:00+00:00,390,390,0,390,390,0,0,0,0,0,0,0,52319956.0,True,True,complete,True,True,True
2016-10-07,2016-10-07 13:30:00+00:00,2016-10-07 20:00:00+00:00,390,390,0,390,390,0,0,0,0,0,0,0,78231529.0,True,True,complete,True,True,True
2016-10-10,2016-10-10 13:30:00+00:00,2016-10-10 20:00:00+00:00,390,390,0,390,390,0,0,0,0,0,0,0,44781630.0,True,True,complete,True,True,True
2016-10-11,2016-10-11 13:30:00+00:00,2016-10-11 20:00:00+00:00,390,390,0,390,390,0,0,0,0,0,0,0,115402470.0,True,True,complete,True,True,True
2016-10-12,2016-10-12 13:30:00+00:00,2016-10-12 20:00:00+00:00,390,390,0,390,390,0,0,0,0,0,0,0,65192647.0,True,True,complete,True,True,True
2016-10-13,2016-10-13 13:30:00+00:00,2016-10-13 20:00:00+00:00,390,390,0,390,390,0,0,0,0,0,0,0,89598358.0,True,True,complete,True,True,True
2016-10-14,2016-10-14 13:30:00+00:00,2016-10-14 20:00:00+00:00,390,390,0,390,390,0,0,0,0,0,0,0,79489309.0,True,True,complete,True,True,True
2016-10-17,2016-10-17 13:30:00+00:00,2016-10-17 20:00:00+00:00,390,390,0,390,390,0,0,0,0,0,0,0,50943249.0,True,True,complete,True,True,True
2016-10-18,2016-10-18 13:30:00+00:00,2016-10-18 20:00:00+00:00,390,390,0,390,390,0,0,0,0,0,0,0,63376151.0,True,True,complete,True,True,True
2016-10-19,2016-10-19 13:30:00+00:00,2016-10-19 20:00:00+00:00,390,390,0,390,390,0,0,0,0,0,0,0,52501529.0,True,True,complete,True,True,True
2016-10-20,2016-10-20 13:30:00+00:00,2016-10-20 20:00:00+00:00,390,390,0,390,390,0,0,0,0,0,0,0,67495287.0,True,True,complete,True,True,True
2016-10-21,2016-10-21 13:30:00+00:00,2016-10-21 20:00:00+00:00,390,390,0,390,390,0,0,0,0,0,0,0,77583538.0,True,True,complete,True,True,True
2016-10-24,2016-10-24 13:30:00+00:00,2016-10-24 20:00:00+00:00,390,390,0,390,390,0,0,0,0,0,0,0,49848065.0,True,True,complete,True,True,True
2016-10-25,2016-10-25 13:30:00+00:00,2016-10-25 20:00:00+00:00,390,390,0,390,390,0,0,0,0,0,0,0,57773397.0,True,True,complete,True,True,True
2016-10-26,2016-10-26 13:30:00+00:00,2016-10-26 20:00:00+00:00,390,390,0,390,390,0,0,0,0,0,0,0,71028228.0,True,True,complete,True,True,True
2016-10-27,2016-10-27 13:30:00+00:00,2016-10-27 20:00:00+00:00,390,390,0,390,390,0,0,0,0,0,0,0,67445370.0,True,True,complete,True,True,True
2016-10-28,2016-10-28 13:30:00+00:00,2016-10-28 20:00:00+00:00,390,390,0,390,390,0,0,0,0,0,0,0,129538955.0,True,True,complete,True,True,True
2016-10-31,2016-10-31 13:30:00+00:00,2016-10-31 20:00:00+00:00,390,390,0,390,390,0,0,0,0,0,0,0,52439591.0,True,True,complete,True,True,True
2016-11-01,2016-11-01 13:30:00+00:00,2016-11-01 20:00:00+00:00,390,390,0,390,390,0,0,0,0,0,0,0,112269534.0,True,True,complete,True,True,True
2016-11-02,2016-11-02 13:30:00+00:00,2016-11-02 20:00:00+00:00,390,390,0,390,390,0,0,0,0,0,0,0,90056774.0,True,True,complete,True,True,True
2016-11-03,2016-11-03 13:30:00+00:00,2016-11-03 20:00:00+00:00,390,390,0,390,390,0,0,0,0,0,0,0,80554915.0,True,True,complete,True,True,True
2016-11-04,2016-11-04 13:30:00+00:00,2016-11-04 20:00:00+00:00,390,390,0,390,390,0,0,0,0,0,0,0,94237748.0,True,True,complete,True,True,True
2016-11-07,2016-11-07 14:30:00+00:00,2016-11-07 21:00:00+00:00,390,390,0,390,390,0,0,0,0,0,0,0,92893837.0,True,True,complete,True,True,True
2016-11-08,2016-11-08 14:30:00+00:00,2016-11-08 21:00:00+00:00,390,390,0,390,390,0,0,0,0,0,0,0,96779892.0,True,True,complete,True,True,True
2016-11-09,2016-11-09 14:30:00+00:00,2016-11-09 21:00:00+00:00,390,390,0,390,390,0,0,0,0,0,0,0,217802775.0,True,True,complete,True,True,True
2016-11-10,2016-11-10 14:30:00+00:00,2016-11-10 21:00:00+00:00,390,390,0,390,390,0,0,0,0,0,0,0,158491803.0,True,True,complete,True,True,True
2016-11-11,2016-11-11 14:30:00+00:00,2016-11-11 21:00:00+00:00,390,390,0,390,390,0,0,0,0,0,0,0,84804682.0,True,True,complete,True,True,True
2016-11-14,2016-11-14 14:30:00+00:00,2016-11-14 21:00:00+00:00,390,390,0,390,390,0,0,0,0,0,0,0,85023994.0,True,True,complete,True,True,True
2016-11-15,2016-11-15 14:30:00+00:00,2016-11-15 21:00:00+00:00,390,390,0,390,390,0,0,0,0,0,0,0,78079262.0,True,True,complete,True,True,True
2016-11-16,2016-11-16 14:30:00+00:00,2016-11-16 21:00:00+00:00,390,390,0,390,390,0,0,0,0,0,0,0,57892280.0,True,True,complete,True,True,True
2016-11-17,2016-11-17 14:30:00+00:00,2016-11-17 21:00:00+00:00,390,390,0,390,390,0,0,0,0,0,0,0,60787007.0,True,True,complete,True,True,True
2016-11-18,2016-11-18 14:30:00+00:00,2016-11-18 21:00:00+00:00,390,390,0,390,390,0,0,0,0,0,0,0,77888326.0,True,True,complete,True,True,True
2016-11-21,2016-11-21 14:30:00+00:00,2016-11-21 21:00:00+00:00,390,390,0,390,390,0,0,0,0,0,0,0,58516634.0,True,True,complete,True,True,True
2016-11-22,2016-11-22 14:30:00+00:00,2016-11-22 21:00:00+00:00,390,390,0,390,390,0,0,0,0,0,0,0,59295778.0,True,True,complete,True,True,True
2016-11-23,2016-11-23 14:30:00+00:00,2016-11-23 21:00:00+00:00,390,390,0,390,390,0,0,0,0,0,0,0,49311504.0,True,True,complete,True,True,True
2016-11-25,2016-11-25 14:30:00+00:00,2016-11-25 18:00:00+00:00,210,210,0,210,210,0,0,0,0,0,0,0,29152050.0,True,True,complete,True,True,True
2016-11-28,2016-11-28 14:30:00+00:00,2016-11-28 21:00:00+00:00,390,390,0,390,390,0,0,0,0,0,0,0,62573672.0,True,True,complete,True,True,True
2016-11-29,2016-11-29 14:30:00+00:00,2016-11-29 21:00:00+00:00,390,390,0,390,390,0,0,0,0,0,0,0,59027099.0,True,True,complete,True,True,True
2016-11-30,2016-11-30 14:30:00+00:00,2016-11-30 21:00:00+00:00,390,390,0,390,390,0,0,0,0,0,0,0,86706768.0,True,True,complete,True,True,True
2016-12-01,2016-12-01 14:30:00+00:00,2016-12-01 21:00:00+00:00,390,390,0,390,390,0,0,0,0,0,0,0,70262634.0,True,True,complete,True,True,True
2016-12-02,2016-12-02 14:30:00+00:00,2016-12-02 21:00:00+00:00,390,390,0,390,390,0,0,0,0,0,0,0,64330831.0,True,True,complete,True,True,True
2016-12-05,2016-12-05 14:30:00+00:00,2016-12-05 21:00:00+00:00,390,390,0,390,390,0,0,0,0,0,0,0,58867072.0,True,True,complete,True,True,True
2016-12-06,2016-12-06 14:30:00+00:00,2016-12-06 21:00:00+00:00,390,390,0,390,390,0,0,0,0,0,0,0,52834418.0,True,True,complete,True,True,True
2016-12-07,2016-12-07 14:30:00+00:00,2016-12-07 21:00:00+00:00,390,390,0,390,390,0,0,0,0,0,0,0,97747274.0,True,True,complete,True,True,True
2016-12-08,2016-12-08 14:30:00+00:00,2016-12-08 21:00:00+00:00,390,390,0,390,390,0,0,0,0,0,0,0,85703496.0,True,True,complete,True,True,True
2016-12-09,2016-12-09 14:30:00+00:00,2016-12-09 21:00:00+00:00,390,390,0,390,390,0,0,0,0,0,0,0,74319471.0,True,True,complete,True,True,True
2016-12-12,2016-12-12 14:30:00+00:00,2016-12-12 21:00:00+00:00,390,390,0,390,390,0,0,0,0,0,0,0,81295971.0,True,True,complete,True,True,True
2016-12-13,2016-12-13 14:30:00+00:00,2016-12-13 21:00:00+00:00,390,390,0,390,390,0,0,0,0,0,0,0,97262084.0,True,True,complete,True,True,True
2016-12-14,2016-12-14 14:30:00+00:00,2016-12-14 21:00:00+00:00,390,390,0,390,390,0,0,0,0,0,0,0,128560975.0,True,True,complete,True,True,True
2016-12-15,2016-12-15 14:30:00+00:00,2016-12-15 21:00:00+00:00,390,390,0,390,390,0,0,0,0,0,0,0,102854975.0,True,True,complete,True,True,True
2016-12-16,2016-12-16 14:30:00+00:00,2016-12-16 21:00:00+00:00,390,390,0,390,390,0,0,0,0,0,0,0,131998122.0,True,True,complete,True,True,True
2016-12-19,2016-12-19 14:30:00+00:00,2016-12-19 21:00:00+00:00,390,390,0,390,390,0,0,0,0,0,0,0,76869518.0,True,True,complete,True,True,True
2016-12-20,2016-12-20 14:30:00+00:00,2016-12-20 21:00:00+00:00,390,390,0,390,390,0,0,0,0,0,0,0,91980574.0,True,True,complete,True,True,True
2016-12-21,2016-12-21 14:30:00+00:00,2016-12-21 21:00:00+00:00,390,390,0,390,390,0,0,0,0,0,0,0,58127445.0,True,True,complete,True,True,True
2016-12-22,2016-12-22 14:30:00+00:00,2016-12-22 21:00:00+00:00,390,390,0,390,390,0,0,0,0,0,0,0,47921347.0,True,True,complete,True,True,True
2016-12-23,2016-12-23 14:30:00+00:00,2016-12-23 21:00:00+00:00,390,390,0,390,390,0,0,0,0,0,0,0,29520614.0,True,True,complete,True,True,True
2016-12-27,2016-12-27 14:30:00+00:00,2016-12-27 21:00:00+00:00,390,390,0,390,390,0,0,0,0,0,0,0,33647646.0,True,True,complete,True,True,True
2016-12-28,2016-12-28 14:30:00+00:00,2016-12-28 21:00:00+00:00,390,390,0,390,390,0,0,0,0,0,0,0,52617561.0,True,True,complete,True,True,True
2016-12-29,2016-12-29 14:30:00+00:00,2016-12-29 21:00:00+00:00,390,390,0,390,390,0,0,0,0,0,0,0,43759308.0,True,True,complete,True,True,True
2016-12-30,2016-12-30 14:30:00+00:00,2016-12-30 21:00:00+00:00,390,390,0,390,390,0,0,0,0,0,0,0,83653130.0,True,True,complete,True,True,True
2017-01-03,2017-01-03 14:30:00+00:00,2017-01-03 21:00:00+00:00,390,390,0,390,390,0,0,0,0,0,0,0,76346168.0,True,True,complete,True,True,True
2017-01-04,2017-01-04 14:30:00+00:00,2017-01-04 21:00:00+00:00,390,390,0,390,390,0,0,0,0,0,0,0,68711434.0,True,True,complete,True,True,True
2017-01-05,2017-01-05 14:30:00+00:00,2017-01-05 21:00:00+00:00,390,390,0,390,390,0,0,0,0,0,0,0,58079628.0,True,True,complete,True,True,True
2017-01-06,2017-01-06 14:30:00+00:00,2017-01-06 21:00:00+00:00,390,390,0,390,390,0,0,0,0,0,0,0,61605788.0,True,True,complete,True,True,True
2017-01-09,2017-01-09 14:30:00+00:00,2017-01-09 21:00:00+00:00,390,390,0,390,390,0,0,0,0,0,0,0,40513976.0,True,True,complete,True,True,True
2017-01-10,2017-01-10 14:30:00+00:00,2017-01-10 21:00:00+00:00,390,390,0,390,390,0,0,0,0,0,0,0,55603117.0,True,True,complete,True,True,True
2017-01-11,2017-01-11 14:30:00+00:00,2017-01-11 21:00:00+00:00,390,390,0,390,390,0,0,0,0,0,0,0,65377456.0,True,True,complete,True,True,True
2017-01-12,2017-01-12 14:30:00+00:00,2017-01-12 21:00:00+00:00,390,390,0,390,390,0,0,0,0,0,0,0,66221931.0,True,True,complete,True,True,True
2017-01-13,2017-01-13 14:30:00+00:00,2017-01-13 21:00:00+00:00,390,390,0,390,390,0,0,0,0,0,0,0,47410615.0,True,True,complete,True,True,True
2017-01-17,2017-01-17 14:30:00+00:00,2017-01-17 21:00:00+00:00,390,390,0,390,390,0,0,0,0,0,0,0,50947222.0,True,True,complete,True,True,True
2017-01-18,2017-01-18 14:30:00+00:00,2017-01-18 21:00:00+00:00,390,390,0,390,390,0,0,0,0,0,0,0,46643621.0,True,True,complete,True,True,True
2017-01-19,2017-01-19 14:30:00+00:00,2017-01-19 21:00:00+00:00,390,390,0,390,390,0,0,0,0,0,0,0,59944885.0,True,True,complete,True,True,True
2017-01-20,2017-01-20 14:30:00+00:00,2017-01-20 21:00:00+00:00,390,390,0,390,390,0,0,0,0,0,0,0,102928637.0,True,True,complete,True,True,True
2017-01-23,2017-01-23 14:30:00+00:00,2017-01-23 21:00:00+00:00,390,390,0,390,390,0,0,0,0,0,0,0,64260376.0,True,True,complete,True,True,True
2017-01-24,2017-01-24 14:30:00+00:00,2017-01-24 21:00:00+00:00,390,390,0,390,390,0,0,0,0,0,0,0,79347203.0,True,True,complete,True,True,True
2017-01-25,2017-01-25 14:30:00+00:00,2017-01-25 21:00:00+00:00,390,390,0,390,390,0,0,0,0,0,0,0,63167256.0,True,True,complete,True,True,True
2017-01-26,2017-01-26 14:30:00+00:00,2017-01-26 21:00:00+00:00,390,390,0,390,390,0,0,0,0,0,0,0,50812770.0,True,True,complete,True,True,True
2017-01-27,2017-01-27 14:30:00+00:00,2017-01-27 21:00:00+00:00,390,390,0,390,390,0,0,0,0,0,0,0,44207339.0,True,True,complete,True,True,True
2017-01-30,2017-01-30 14:30:00+00:00,2017-01-30 21:00:00+00:00,390,390,0,390,390,0,0,0,0,0,0,0,66677332.0,True,True,complete,True,True,True
2017-01-31,2017-01-31 14:30:00+00:00,2017-01-31 21:00:00+00:00,390,390,0,390,390,0,0,0,0,0,0,0,62207982.0,True,True,complete,True,True,True
2017-02-01,2017-02-01 14:30:00+00:00,2017-02-01 21:00:00+00:00,390,390,0,390,390,0,0,0,0,0,0,0,67921325.0,True,True,complete,True,True,True
2017-02-02,2017-02-02 14:30:00+00:00,2017-02-02 21:00:00+00:00,390,390,0,390,390,0,0,0,0,0,0,0,63981944.0,True,True,complete,True,True,True
2017-02-03,2017-02-03 14:30:00+00:00,2017-02-03 21:00:00+00:00,390,390,0,390,390,0,0,0,0,0,0,0,63679186.0,True,True,complete,True,True,True
2017-02-06,2017-02-06 14:30:00+00:00,2017-02-06 21:00:00+00:00,390,390,0,390,390,0,0,0,0,0,0,0,47753209.0,True,True,complete,True,True,True
2017-02-07,2017-02-07 14:30:00+00:00,2017-02-07 21:00:00+00:00,390,390,0,390,390,0,0,0,0,0,0,0,51782007.0,True,True,complete,True,True,True
2017-02-08,2017-02-08 14:30:00+00:00,2017-02-08 21:00:00+00:00,390,390,0,390,390,0,0,0,0,0,0,0,43820116.0,True,True,complete,True,True,True
2017-02-09,2017-02-09 14:30:00+00:00,2017-02-09 21:00:00+00:00,390,390,0,390,390,0,0,0,0,0,0,0,56393309.0,True,True,complete,True,True,True
2017-02-10,2017-02-10 14:30:00+00:00,2017-02-10 21:00:00+00:00,390,390,0,390,390,0,0,0,0,0,0,0,51999568.0,True,True,complete,True,True,True
2017-02-13,2017-02-13 14:30:00+00:00,2017-02-13 21:00:00+00:00,390,390,0,390,390,0,0,0,0,0,0,0,46095991.0,True,True,complete,True,True,True
2017-02-14,2017-02-14 14:30:00+00:00,2017-02-14 21:00:00+00:00,390,390,0,390,390,0,0,0,0,0,0,0,62586590.0,True,True,complete,True,True,True
2017-02-15,2017-02-15 14:30:00+00:00,2017-02-15 21:00:00+00:00,390,390,0,390,390,0,0,0,0,0,0,0,73955423.0,True,True,complete,True,True,True
2017-02-16,2017-02-16 14:30:00+00:00,2017-02-16 21:00:00+00:00,390,390,0,390,390,0,0,0,0,0,0,0,77312200.0,True,True,complete,True,True,True
2017-02-17,2017-02-17 14:30:00+00:00,2017-02-17 21:00:00+00:00,390,390,0,390,390,0,0,0,0,0,0,0,59512723.0,True,True,complete,True,True,True
2017-02-21,2017-02-21 14:30:00+00:00,2017-02-21 21:00:00+00:00,390,390,0,390,390,0,0,0,0,0,0,0,66781492.0,True,True,complete,True,True,True
2017-02-22,2017-02-22 14:30:00+00:00,2017-02-22 21:00:00+00:00,390,390,0,390,390,0,0,0,0,0,0,0,52313906.0,True,True,complete,True,True,True
2017-02-23,2017-02-23 14:30:00+00:00,2017-02-23 21:00:00+00:00,390,390,0,390,390,0,0,0,0,0,0,0,66192532.0,True,True,complete,True,True,True
2017-02-24,2017-02-24 14:30:00+00:00,2017-02-24 21:00:00+00:00,390,390,0,390,390,0,0,0,0,0,0,0,63745516.0,True,True,complete,True,True,True
2017-02-27,2017-02-27 14:30:00+00:00,2017-02-27 21:00:00+00:00,390,390,0,390,390,0,0,0,0,0,0,0,46163988.0,True,True,complete,True,True,True
2017-02-28,2017-02-28 14:30:00+00:00,2017-02-28 21:00:00+00:00,390,390,0,390,390,0,0,0,0,0,0,0,67221490.0,True,True,complete,True,True,True
2017-03-01,2017-03-01 14:30:00+00:00,2017-03-01 21:00:00+00:00,390,390,0,390,390,0,0,0,0,0,0,0,116268796.0,True,True,complete,True,True,True
2017-03-02,2017-03-02 14:30:00+00:00,2017-03-02 21:00:00+00:00,390,390,0,390,390,0,0,0,0,0,0,0,60601059.0,True,True,complete,True,True,True
2017-03-03,2017-03-03 14:30:00+00:00,2017-03-03 21:00:00+00:00,390,390,0,390,390,0,0,0,0,0,0,0,56709152.0,True,True,complete,True,True,True
2017-03-06,2017-03-06 14:30:00+00:00,2017-03-06 21:00:00+00:00,390,390,0,390,390,0,0,0,0,0,0,0,46849294.0,True,True,complete,True,True,True
2017-03-07,2017-03-07 14:30:00+00:00,2017-03-07 21:00:00+00:00,390,390,0,390,390,0,0,0,0,0,0,0,45055339.0,True,True,complete,True,True,True
2017-03-08,2017-03-08 14:30:00+00:00,2017-03-08 21:00:00+00:00,390,390,0,390,390,0,0,0,0,0,0,0,60057078.0,True,True,complete,True,True,True
2017-03-09,2017-03-09 14:30:00+00:00,2017-03-09 21:00:00+00:00,390,390,0,390,390,0,0,0,0,0,0,0,69932622.0,True,True,complete,True,True,True
2017-03-10,2017-03-10 14:30:00+00:00,2017-03-10 21:00:00+00:00,390,390,0,390,390,0,0,0,0,0,0,0,65485910.0,True,True,complete,True,True,True
2017-03-13,2017-03-13 13:30:00+00:00,2017-03-13 20:00:00+00:00,390,390,0,390,390,0,0,0,0,0,0,0,43646777.0,True,True,complete,True,True,True
2017-03-14,2017-03-14 13:30:00+00:00,2017-03-14 20:00:00+00:00,390,390,0,390,390,0,0,0,0,0,0,0,51170565.0,True,True,complete,True,True,True
2017-03-15,2017-03-15 13:30:00+00:00,2017-03-15 20:00:00+00:00,390,390,0,390,390,0,0,0,0,0,0,0,75608717.0,True,True,complete,True,True,True
2017-03-16,2017-03-16 13:30:00+00:00,2017-03-16 20:00:00+00:00,390,390,0,390,390,0,0,0,0,0,0,0,70813755.0,True,True,complete,True,True,True
2017-03-17,2017-03-17 13:30:00+00:00,2017-03-17 20:00:00+00:00,390,390,0,390,390,0,0,0,0,0,0,0,65602319.0,True,True,complete,True,True,True
2017-03-20,2017-03-20 13:30:00+00:00,2017-03-20 20:00:00+00:00,390,390,0,390,390,0,0,0,0,0,0,0,46231725.0,True,True,complete,True,True,True
2017-03-21,2017-03-21 13:30:00+00:00,2017-03-21 20:00:00+00:00,390,390,0,390,390,0,0,0,0,0,0,0,118651619.0,True,True,complete,True,True,True
2017-03-22,2017-03-22 13:30:00+00:00,2017-03-22 20:00:00+00:00,390,390,0,390,390,0,0,0,0,0,0,0,85595085.0,True,True,complete,True,True,True
2017-03-23,2017-03-23 13:30:00+00:00,2017-03-23 20:00:00+00:00,390,390,0,390,390,0,0,0,0,0,0,0,85962501.0,True,True,complete,True,True,True
2017-03-24,2017-03-24 13:30:00+00:00,2017-03-24 20:00:00+00:00,390,390,0,390,390,0,0,0,0,0,0,0,91973891.0,True,True,complete,True,True,True
2017-03-27,2017-03-27 13:30:00+00:00,2017-03-27 20:00:00+00:00,390,390,0,390,390,0,0,0,0,0,0,0,77637138.0,True,True,complete,True,True,True
2017-03-28,2017-03-28 13:30:00+00:00,2017-03-28 20:00:00+00:00,390,390,0,390,390,0,0,0,0,0,0,0,76004492.0,True,True,complete,True,True,True
2017-03-29,2017-03-29 13:30:00+00:00,2017-03-29 20:00:00+00:00,390,390,0,390,390,0,0,0,0,0,0,0,46865674.0,True,True,complete,True,True,True
2017-03-30,2017-03-30 13:30:00+00:00,2017-03-30 20:00:00+00:00,390,390,0,390,390,0,0,0,0,0,0,0,46208907.0,True,True,complete,True,True,True
2017-03-31,2017-03-31 13:30:00+00:00,2017-03-31 20:00:00+00:00,390,390,0,390,390,0,0,0,0,0,0,0,53600448.0,True,True,complete,True,True,True
2017-04-03,2017-04-03 13:30:00+00:00,2017-04-03 20:00:00+00:00,390,390,0,390,390,0,0,0,0,0,0,0,69962944.0,True,True,complete,True,True,True
2017-04-04,2017-04-04 13:30:00+00:00,2017-04-04 20:00:00+00:00,390,390,0,390,390,0,0,0,0,0,0,0,45709396.0,True,True,complete,True,True,True
2017-04-05,2017-04-05 13:30:00+00:00,2017-04-05 20:00:00+00:00,390,390,0,390,390,0,0,0,0,0,0,0,90549229.0,True,True,complete,True,True,True
2017-04-06,2017-04-06 13:30:00+00:00,2017-04-06 20:00:00+00:00,390,390,0,390,390,0,0,0,0,0,0,0,58757724.0,True,True,complete,True,True,True
2017-04-07,2017-04-07 13:30:00+00:00,2017-04-07 20:00:00+00:00,390,390,0,390,390,0,0,0,0,0,0,0,56348361.0,True,True,complete,True,True,True
2017-04-10,2017-04-10 13:30:00+00:00,2017-04-10 20:00:00+00:00,390,390,0,390,390,0,0,0,0,0,0,0,59780731.0,True,True,complete,True,True,True
2017-04-11,2017-04-11 13:30:00+00:00,2017-04-11 20:00:00+00:00,390,390,0,390,390,0,0,0,0,0,0,0,79228519.0,True,True,complete,True,True,True
2017-04-12,2017-04-12 13:30:00+00:00,2017-04-12 20:00:00+00:00,390,390,0,390,390,0,0,0,0,0,0,0,65111835.0,True,True,complete,True,True,True
2017-04-13,2017-04-13 13:30:00+00:00,2017-04-13 20:00:00+00:00,390,390,0,390,390,0,0,0,0,0,0,0,71107533.0,True,True,complete,True,True,True
2017-04-17,2017-04-17 13:30:00+00:00,2017-04-17 20:00:00+00:00,390,390,0,390,390,0,0,0,0,0,0,0,54967211.0,True,True,complete,True,True,True
2017-04-18,2017-04-18 13:30:00+00:00,2017-04-18 20:00:00+00:00,390,390,0,390,390,0,0,0,0,0,0,0,74125778.0,True,True,complete,True,True,True
2017-04-19,2017-04-19 13:30:00+00:00,2017-04-19 20:00:00+00:00,390,390,0,390,390,0,0,0,0,0,0,0,58201809.0,True,True,complete,True,True,True
2017-04-20,2017-04-20 13:30:00+00:00,2017-04-20 20:00:00+00:00,390,390,0,390,390,0,0,0,0,0,0,0,81567975.0,True,True,complete,True,True,True
2017-04-21,2017-04-21 13:30:00+00:00,2017-04-21 20:00:00+00:00,390,390,0,390,390,0,0,0,0,0,0,0,91675534.0,True,True,complete,True,True,True
2017-04-24,2017-04-24 13:30:00+00:00,2017-04-24 20:00:00+00:00,390,390,0,390,390,0,0,0,0,0,0,0,98890430.0,True,True,complete,True,True,True
2017-04-25,2017-04-25 13:30:00+00:00,2017-04-25 20:00:00+00:00,390,390,0,390,390,0,0,0,0,0,0,0,65672901.0,True,True,complete,True,True,True
2017-04-26,2017-04-26 13:30:00+00:00,2017-04-26 20:00:00+00:00,390,390,0,390,390,0,0,0,0,0,0,0,71504005.0,True,True,complete,True,True,True
2017-04-27,2017-04-27 13:30:00+00:00,2017-04-27 20:00:00+00:00,390,390,0,390,390,0,0,0,0,0,0,0,44976241.0,True,True,complete,True,True,True
2017-04-28,2017-04-28 13:30:00+00:00,2017-04-28 20:00:00+00:00,390,390,0,390,390,0,0,0,0,0,0,0,46929149.0,True,True,complete,True,True,True
2017-05-01,2017-05-01 13:30:00+00:00,2017-05-01 20:00:00+00:00,390,390,0,390,390,0,0,0,0,0,0,0,41395743.0,True,True,complete,True,True,True
2017-05-02,2017-05-02 13:30:00+00:00,2017-05-02 20:00:00+00:00,390,390,0,390,390,0,0,0,0,0,0,0,48645422.0,True,True,complete,True,True,True
2017-05-03,2017-05-03 13:30:00+00:00,2017-05-03 20:00:00+00:00,390,390,0,390,390,0,0,0,0,0,0,0,59835449.0,True,True,complete,True,True,True
2017-05-04,2017-05-04 13:30:00+00:00,2017-05-04 20:00:00+00:00,390,390,0,390,390,0,0,0,0,0,0,0,55681117.0,True,True,complete,True,True,True
2017-05-05,2017-05-05 13:30:00+00:00,2017-05-05 20:00:00+00:00,390,390,0,390,390,0,0,0,0,0,0,0,48254218.0,True,True,complete,True,True,True
2017-05-08,2017-05-08 13:30:00+00:00,2017-05-08 20:00:00+00:00,390,390,0,390,390,0,0,0,0,0,0,0,42707704.0,True,True,complete,True,True,True
2017-05-09,2017-05-09 13:30:00+00:00,2017-05-09 20:00:00+00:00,390,390,0,390,390,0,0,0,0,0,0,0,46291949.0,True,True,complete,True,True,True
2017-05-10,2017-05-10 13:30:00+00:00,2017-05-10 20:00:00+00:00,390,390,0,390,390,0,0,0,0,0,0,0,45874976.0,True,True,complete,True,True,True
2017-05-11,2017-05-11 13:30:00+00:00,2017-05-11 20:00:00+00:00,390,390,0,390,390,0,0,0,0,0,0,0,53496038.0,True,True,complete,True,True,True
2017-05-12,2017-05-12 13:30:00+00:00,2017-05-12 20:00:00+00:00,390,390,0,390,390,0,0,0,0,0,0,0,40412718.0,True,True,complete,True,True,True
2017-05-15,2017-05-15 13:30:00+00:00,2017-05-15 20:00:00+00:00,390,390,0,390,390,0,0,0,0,0,0,0,49905738.0,True,True,complete,True,True,True
2017-05-16,2017-05-16 13:30:00+00:00,2017-05-16 20:00:00+00:00,390,390,0,390,390,0,0,0,0,0,0,0,43851020.0,True,True,complete,True,True,True
2017-05-17,2017-05-17 13:30:00+00:00,2017-05-17 20:00:00+00:00,390,390,0,390,390,0,0,0,0,0,0,0,141732681.0,True,True,complete,True,True,True
2017-05-18,2017-05-18 13:30:00+00:00,2017-05-18 20:00:00+00:00,390,390,0,390,390,0,0,0,0,0,0,0,92060035.0,True,True,complete,True,True,True
2017-05-19,2017-05-19 13:30:00+00:00,2017-05-19 20:00:00+00:00,390,390,0,390,390,0,0,0,0,0,0,0,96407288.0,True,True,complete,True,True,True
2017-05-22,2017-05-22 13:30:00+00:00,2017-05-22 20:00:00+00:00,390,390,0,390,390,0,0,0,0,0,0,0,44108268.0,True,True,complete,True,True,True
2017-05-23,2017-05-23 13:30:00+00:00,2017-05-23 20:00:00+00:00,390,390,0,390,390,0,0,0,0,0,0,0,43425754.0,True,True,complete,True,True,True
2017-05-24,2017-05-24 13:30:00+00:00,2017-05-24 20:00:00+00:00,390,390,0,390,390,0,0,0,0,0,0,0,41213944.0,True,True,complete,True,True,True
2017-05-25,2017-05-25 13:30:00+00:00,2017-05-25 20:00:00+00:00,390,390,0,390,390,0,0,0,0,0,0,0,55708214.0,True,True,complete,True,True,True
2017-05-26,2017-05-26 13:30:00+00:00,2017-05-26 20:00:00+00:00,390,390,0,390,390,0,0,0,0,0,0,0,32031256.0,True,True,complete,True,True,True
2017-05-30,2017-05-30 13:30:00+00:00,2017-05-30 20:00:00+00:00,390,390,0,390,390,0,0,0,0,0,0,0,30262679.0,True,True,complete,True,True,True
2017-05-31,2017-05-31 13:30:00+00:00,2017-05-31 20:00:00+00:00,390,390,0,390,390,0,0,0,0,0,0,0,66086537.0,True,True,complete,True,True,True
2017-06-01,2017-06-01 13:30:00+00:00,2017-06-01 20:00:00+00:00,390,390,0,390,390,0,0,0,0,0,0,0,54552559.0,True,True,complete,True,True,True
2017-06-02,2017-06-02 13:30:00+00:00,2017-06-02 20:00:00+00:00,390,390,0,390,390,0,0,0,0,0,0,0,55737084.0,True,True,complete,True,True,True
2017-06-05,2017-06-05 13:30:00+00:00,2017-06-05 20:00:00+00:00,390,390,0,390,390,0,0,0,0,0,0,0,30651536.0,True,True,complete,True,True,True
2017-06-06,2017-06-06 13:30:00+00:00,2017-06-06 20:00:00+00:00,390,390,0,390,390,0,0,0,0,0,0,0,41666709.0,True,True,complete,True,True,True
2017-06-07,2017-06-07 13:30:00+00:00,2017-06-07 20:00:00+00:00,390,390,0,390,390,0,0,0,0,0,0,0,42052893.0,True,True,complete,True,True,True
2017-06-08,2017-06-08 13:30:00+00:00,2017-06-08 20:00:00+00:00,390,390,0,390,390,0,0,0,0,0,0,0,58485497.0,True,True,complete,True,True,True
2017-06-09,2017-06-09 13:30:00+00:00,2017-06-09 20:00:00+00:00,390,390,0,390,390,0,0,0,0,0,0,0,114864540.0,True,True,complete,True,True,True
2017-06-12,2017-06-12 13:30:00+00:00,2017-06-12 20:00:00+00:00,390,390,0,390,390,0,0,0,0,0,0,0,73221802.0,True,True,complete,True,True,True
2017-06-13,2017-06-13 13:30:00+00:00,2017-06-13 20:00:00+00:00,390,390,0,390,390,0,0,0,0,0,0,0,52016551.0,True,True,complete,True,True,True
2017-06-14,2017-06-14 13:30:00+00:00,2017-06-14 20:00:00+00:00,390,390,0,390,390,0,0,0,0,0,0,0,67185594.0,True,True,complete,True,True,True
2017-06-15,2017-06-15 13:30:00+00:00,2017-06-15 20:00:00+00:00,390,390,0,390,390,0,0,0,0,0,0,0,56581717.0,True,True,complete,True,True,True
2017-06-16,2017-06-16 13:30:00+00:00,2017-06-16 20:00:00+00:00,390,390,0,390,390,0,0,0,0,0,0,0,67625868.0,True,True,complete,True,True,True
2017-06-19,2017-06-19 13:30:00+00:00,2017-06-19 20:00:00+00:00,390,390,0,390,390,0,0,0,0,0,0,0,50325153.0,True,True,complete,True,True,True
2017-06-20,2017-06-20 13:30:00+00:00,2017-06-20 20:00:00+00:00,390,390,0,390,390,0,0,0,0,0,0,0,45766566.0,True,True,complete,True,True,True
2017-06-21,2017-06-21 13:30:00+00:00,2017-06-21 20:00:00+00:00,390,390,0,390,390,0,0,0,0,0,0,0,48976061.0,True,True,complete,True,True,True
2017-06-22,2017-06-22 13:30:00+00:00,2017-06-22 20:00:00+00:00,390,390,0,390,390,0,0,0,0,0,0,0,35817022.0,True,True,complete,True,True,True
2017-06-23,2017-06-23 13:30:00+00:00,2017-06-23 20:00:00+00:00,390,390,0,390,390,0,0,0,0,0,0,0,54052537.0,True,True,complete,True,True,True
2017-06-26,2017-06-26 13:30:00+00:00,2017-06-26 20:00:00+00:00,390,390,0,390,390,0,0,0,0,0,0,0,47569533.0,True,True,complete,True,True,True
2017-06-27,2017-06-27 13:30:00+00:00,2017-06-27 20:00:00+00:00,390,390,0,390,390,0,0,0,0,0,0,0,70689506.0,True,True,complete,True,True,True
2017-06-28,2017-06-28 13:30:00+00:00,2017-06-28 20:00:00+00:00,390,390,0,390,390,0,0,0,0,0,0,0,57295579.0,True,True,complete,True,True,True
2017-06-29,2017-06-29 13:30:00+00:00,2017-06-29 20:00:00+00:00,390,390,0,390,390,0,0,0,0,0,0,0,95407163.0,True,True,complete,True,True,True
2017-06-30,2017-06-30 13:30:00+00:00,2017-06-30 20:00:00+00:00,390,390,0,390,390,0,0,0,0,0,0,0,56342022.0,True,True,complete,True,True,True
2017-07-03,2017-07-03 13:30:00+00:00,2017-07-03 17:00:00+00:00,210,210,0,210,210,0,0,0,0,0,0,0,31543779.0,True,True,complete,True,True,True
2017-07-05,2017-07-05 13:30:00+00:00,2017-07-05 20:00:00+00:00,390,390,0,390,390,0,0,0,0,0,0,0,45843854.0,True,True,complete,True,True,True
2017-07-06,2017-07-06 13:30:00+00:00,2017-07-06 20:00:00+00:00,390,390,0,390,390,0,0,0,0,0,0,0,55534056.0,True,True,complete,True,True,True
2017-07-07,2017-07-07 13:30:00+00:00,2017-07-07 20:00:00+00:00,390,390,0,390,390,0,0,0,0,0,0,0,41404977.0,True,True,complete,True,True,True
2017-07-10,2017-07-10 13:30:00+00:00,2017-07-10 20:00:00+00:00,390,390,0,390,390,0,0,0,0,0,0,0,31049474.0,True,True,complete,True,True,True
2017-07-11,2017-07-11 13:30:00+00:00,2017-07-11 20:00:00+00:00,390,390,0,390,390,0,0,0,0,0,0,0,45340571.0,True,True,complete,True,True,True
2017-07-12,2017-07-12 13:30:00+00:00,2017-07-12 20:00:00+00:00,390,390,0,390,390,0,0,0,0,0,0,0,44764479.0,True,True,complete,True,True,True
2017-07-13,2017-07-13 13:30:00+00:00,2017-07-13 20:00:00+00:00,390,390,0,390,390,0,0,0,0,0,0,0,32693650.0,True,True,complete,True,True,True
2017-07-14,2017-07-14 13:30:00+00:00,2017-07-14 20:00:00+00:00,390,390,0,390,390,0,0,0,0,0,0,0,45800367.0,True,True,complete,True,True,True
2017-07-17,2017-07-17 13:30:00+00:00,2017-07-17 20:00:00+00:00,390,390,0,390,390,0,0,0,0,0,0,0,25420418.0,True,True,complete,True,True,True
2017-07-18,2017-07-18 13:30:00+00:00,2017-07-18 20:00:00+00:00,390,390,0,390,390,0,0,0,0,0,0,0,35788117.0,True,True,complete,True,True,True
2017-07-19,2017-07-19 13:30:00+00:00,2017-07-19 20:00:00+00:00,390,390,0,390,390,0,0,0,0,0,0,0,39380168.0,True,True,complete,True,True,True
2017-07-20,2017-07-20 13:30:00+00:00,2017-07-20 20:00:00+00:00,390,390,0,390,390,0,0,0,0,0,0,0,37195453.0,True,True,complete,True,True,True
2017-07-21,2017-07-21 13:30:00+00:00,2017-07-21 20:00:00+00:00,390,390,0,390,390,0,0,0,0,0,0,0,76204640.0,True,True,complete,True,True,True
2017-07-24,2017-07-24 13:30:00+00:00,2017-07-24 20:00:00+00:00,390,390,0,390,390,0,0,0,0,0,0,0,31393867.0,True,True,complete,True,True,True
2017-07-25,2017-07-25 13:30:00+00:00,2017-07-25 20:00:00+00:00,390,390,0,390,390,0,0,0,0,0,0,0,47567097.0,True,True,complete,True,True,True
2017-07-26,2017-07-26 13:30:00+00:00,2017-07-26 20:00:00+00:00,390,390,0,390,390,0,0,0,0,0,0,0,40489062.0,True,True,complete,True,True,True
2017-07-27,2017-07-27 13:30:00+00:00,2017-07-27 20:00:00+00:00,390,390,0,390,390,0,0,0,0,0,0,0,63746772.0,True,True,complete,True,True,True
2017-07-28,2017-07-28 13:30:00+00:00,2017-07-28 20:00:00+00:00,390,390,0,390,390,0,0,0,0,0,0,0,39506865.0,True,True,complete,True,True,True
2017-07-31,2017-07-31 13:30:00+00:00,2017-07-31 20:00:00+00:00,390,390,0,390,390,0,0,0,0,0,0,0,40022873.0,True,True,complete,True,True,True
2017-08-01,2017-08-01 13:30:00+00:00,2017-08-01 20:00:00+00:00,390,390,0,390,390,0,0,0,0,0,0,0,37879812.0,True,True,complete,True,True,True
2017-08-02,2017-08-02 13:30:00+00:00,2017-08-02 20:00:00+00:00,390,390,0,390,390,0,0,0,0,0,0,0,39133613.0,True,True,complete,True,True,True
2017-08-03,2017-08-03 13:30:00+00:00,2017-08-03 20:00:00+00:00,390,390,0,390,390,0,0,0,0,0,0,0,33826089.0,True,True,complete,True,True,True
2017-08-04,2017-08-04 13:30:00+00:00,2017-08-04 20:00:00+00:00,390,390,0,390,390,0,0,0,0,0,0,0,46105261.0,True,True,complete,True,True,True
2017-08-07,2017-08-07 13:30:00+00:00,2017-08-07 20:00:00+00:00,390,390,0,390,390,0,0,0,0,0,0,0,25353241.0,True,True,complete,True,True,True
2017-08-08,2017-08-08 13:30:00+00:00,2017-08-08 20:00:00+00:00,390,390,0,390,390,0,0,0,0,0,0,0,50897551.0,True,True,complete,True,True,True
2017-08-09,2017-08-09 13:30:00+00:00,2017-08-09 20:00:00+00:00,390,390,0,390,390,0,0,0,0,0,0,0,54466863.0,True,True,complete,True,True,True
2017-08-10,2017-08-10 13:30:00+00:00,2017-08-10 20:00:00+00:00,390,390,0,390,390,0,0,0,0,0,0,0,101059585.0,True,True,complete,True,True,True
2017-08-11,2017-08-11 13:30:00+00:00,2017-08-11 20:00:00+00:00,390,390,0,390,390,0,0,0,0,0,0,0,60459571.0,True,True,complete,True,True,True
2017-08-14,2017-08-14 13:30:00+00:00,2017-08-14 20:00:00+00:00,390,390,0,390,390,0,0,0,0,0,0,0,56300849.0,True,True,complete,True,True,True
2017-08-15,2017-08-15 13:30:00+00:00,2017-08-15 20:00:00+00:00,390,390,0,390,390,0,0,0,0,0,0,0,47244703.0,True,True,complete,True,True,True
2017-08-16,2017-08-16 13:30:00+00:00,2017-08-16 20:00:00+00:00,390,390,0,390,390,0,0,0,0,0,0,0,48930724.0,True,True,complete,True,True,True
2017-08-17,2017-08-17 13:30:00+00:00,2017-08-17 20:00:00+00:00,390,390,0,390,390,0,0,0,0,0,0,0,113182166.0,True,True,complete,True,True,True
2017-08-18,2017-08-18 13:30:00+00:00,2017-08-18 20:00:00+00:00,390,390,0,390,390,0,0,0,0,0,0,0,117553758.0,True,True,complete,True,True,True
2017-08-21,2017-08-21 13:30:00+00:00,2017-08-21 20:00:00+00:00,390,390,0,390,390,0,0,0,0,0,0,0,52107268.0,True,True,complete,True,True,True
2017-08-22,2017-08-22 13:30:00+00:00,2017-08-22 20:00:00+00:00,390,390,0,390,390,0,0,0,0,0,0,0,54109124.0,True,True,complete,True,True,True
2017-08-23,2017-08-23 13:30:00+00:00,2017-08-23 20:00:00+00:00,390,390,0,390,390,0,0,0,0,0,0,0,38624316.0,True,True,complete,True,True,True
2017-08-24,2017-08-24 13:30:00+00:00,2017-08-24 20:00:00+00:00,390,390,0,390,390,0,0,0,0,0,0,0,43912962.0,True,True,complete,True,True,True
2017-08-25,2017-08-25 13:30:00+00:00,2017-08-25 20:00:00+00:00,390,390,0,390,390,0,0,0,0,0,0,0,51265334.0,True,True,complete,True,True,True
2017-08-28,2017-08-28 13:30:00+00:00,2017-08-28 20:00:00+00:00,390,390,0,390,390,0,0,0,0,0,0,0,28096075.0,True,True,complete,True,True,True
2017-08-29,2017-08-29 13:30:00+00:00,2017-08-29 20:00:00+00:00,390,390,0,390,390,0,0,0,0,0,0,0,45341454.0,True,True,complete,True,True,True
2017-08-30,2017-08-30 13:30:00+00:00,2017-08-30 20:00:00+00:00,390,390,0,390,390,0,0,0,0,0,0,0,49628419.0,True,True,complete,True,True,True
2017-08-31,2017-08-31 13:30:00+00:00,2017-08-31 20:00:00+00:00,390,390,0,390,390,0,0,0,0,0,0,0,72178795.0,True,True,complete,True,True,True
2017-09-01,2017-09-01 13:30:00+00:00,2017-09-01 20:00:00+00:00,390,390,0,390,390,0,0,0,0,0,0,0,45364956.0,True,True,complete,True,True,True
2017-09-05,2017-09-05 13:30:00+00:00,2017-09-05 20:00:00+00:00,390,390,0,390,390,0,0,0,0,0,0,0,78290642.0,True,True,complete,True,True,True
2017-09-06,2017-09-06 13:30:00+00:00,2017-09-06 20:00:00+00:00,390,390,0,390,390,0,0,0,0,0,0,0,48392100.0,True,True,complete,True,True,True
2017-09-07,2017-09-07 13:30:00+00:00,2017-09-07 20:00:00+00:00,390,390,0,390,390,0,0,0,0,0,0,0,50664220.0,True,True,complete,True,True,True
2017-09-08,2017-09-08 13:30:00+00:00,2017-09-08 20:00:00+00:00,390,390,0,390,390,0,0,0,0,0,0,0,46548195.0,True,True,complete,True,True,True
2017-09-11,2017-09-11 13:30:00+00:00,2017-09-11 20:00:00+00:00,390,390,0,390,390,0,0,0,0,0,0,0,56116067.0,True,True,complete,True,True,True
2017-09-12,2017-09-12 13:30:00+00:00,2017-09-12 20:00:00+00:00,390,390,0,390,390,0,0,0,0,0,0,0,48564470.0,True,True,complete,True,True,True
2017-09-13,2017-09-13 13:30:00+00:00,2017-09-13 20:00:00+00:00,390,390,0,390,390,0,0,0,0,0,0,0,41675191.0,True,True,complete,True,True,True
2017-09-14,2017-09-14 13:30:00+00:00,2017-09-14 20:00:00+00:00,390,390,0,390,390,0,0,0,0,0,0,0,64695546.0,True,True,complete,True,True,True
2017-09-15,2017-09-15 13:30:00+00:00,2017-09-15 20:00:00+00:00,390,390,0,390,390,0,0,0,0,0,0,0,67217216.0,True,True,complete,True,True,True
2017-09-18,2017-09-18 13:30:00+00:00,2017-09-18 20:00:00+00:00,390,390,0,390,390,0,0,0,0,0,0,0,38124808.0,True,True,complete,True,True,True
2017-09-19,2017-09-19 13:30:00+00:00,2017-09-19 20:00:00+00:00,390,390,0,390,390,0,0,0,0,0,0,0,37813649.0,True,True,complete,True,True,True
2017-09-20,2017-09-20 13:30:00+00:00,2017-09-20 20:00:00+00:00,390,390,0,390,390,0,0,0,0,0,0,0,50122160.0,True,True,complete,True,True,True
2017-09-21,2017-09-21 13:30:00+00:00,2017-09-21 20:00:00+00:00,390,390,0,390,390,0,0,0,0,0,0,0,42645470.0,True,True,complete,True,True,True
2017-09-22,2017-09-22 13:30:00+00:00,2017-09-22 20:00:00+00:00,390,390,0,390,390,0,0,0,0,0,0,0,35400857.0,True,True,complete,True,True,True
2017-09-25,2017-09-25 13:30:00+00:00,2017-09-25 20:00:00+00:00,390,390,0,390,390,0,0,0,0,0,0,0,48800229.0,True,True,complete,True,True,True
2017-09-26,2017-09-26 13:30:00+00:00,2017-09-26 20:00:00+00:00,390,390,0,390,390,0,0,0,0,0,0,0,41749821.0,True,True,complete,True,True,True
2017-09-27,2017-09-27 13:30:00+00:00,2017-09-27 20:00:00+00:00,390,390,0,390,390,0,0,0,0,0,0,0,61316587.0,True,True,complete,True,True,True
2017-09-28,2017-09-28 13:30:00+00:00,2017-09-28 20:00:00+00:00,390,390,0,390,390,0,0,0,0,0,0,0,34274404.0,True,True,complete,True,True,True
2017-09-29,2017-09-29 13:30:00+00:00,2017-09-29 20:00:00+00:00,390,390,0,390,390,0,0,0,0,0,0,0,56713457.0,True,True,complete,True,True,True
2017-10-02,2017-10-02 13:30:00+00:00,2017-10-02 20:00:00+00:00,390,390,0,390,390,0,0,0,0,0,0,0,41564867.0,True,True,complete,True,True,True
2017-10-03,2017-10-03 13:30:00+00:00,2017-10-03 20:00:00+00:00,390,390,0,390,390,0,0,0,0,0,0,0,47996500.0,True,True,complete,True,True,True
2017-10-04,2017-10-04 13:30:00+00:00,2017-10-04 20:00:00+00:00,390,390,0,390,390,0,0,0,0,0,0,0,38631202.0,True,True,complete,True,True,True
2017-10-05,2017-10-05 13:30:00+00:00,2017-10-05 20:00:00+00:00,390,390,0,390,390,0,0,0,0,0,0,0,55344532.0,True,True,complete,True,True,True
2017-10-06,2017-10-06 13:30:00+00:00,2017-10-06 20:00:00+00:00,390,390,0,390,390,0,0,0,0,0,0,0,62057224.0,True,True,complete,True,True,True
2017-10-09,2017-10-09 13:30:00+00:00,2017-10-09 20:00:00+00:00,390,390,0,390,390,0,0,0,0,0,0,0,27050347.0,True,True,complete,True,True,True
2017-10-10,2017-10-10 13:30:00+00:00,2017-10-10 20:00:00+00:00,390,390,0,390,390,0,0,0,0,0,0,0,34749952.0,True,True,complete,True,True,True
2017-10-11,2017-10-11 13:30:00+00:00,2017-10-11 20:00:00+00:00,390,390,0,390,390,0,0,0,0,0,0,0,34471446.0,True,True,complete,True,True,True
2017-10-12,2017-10-12 13:30:00+00:00,2017-10-12 20:00:00+00:00,390,390,0,390,390,0,0,0,0,0,0,0,37615515.0,True,True,complete,True,True,True
2017-10-13,2017-10-13 13:30:00+00:00,2017-10-13 20:00:00+00:00,390,390,0,390,390,0,0,0,0,0,0,0,37661135.0,True,True,complete,True,True,True
2017-10-16,2017-10-16 13:30:00+00:00,2017-10-16 20:00:00+00:00,390,390,0,390,390,0,0,0,0,0,0,0,30414883.0,True,True,complete,True,True,True
2017-10-17,2017-10-17 13:30:00+00:00,2017-10-17 20:00:00+00:00,390,390,0,390,390,0,0,0,0,0,0,0,27697232.0,True,True,complete,True,True,True
2017-10-18,2017-10-18 13:30:00+00:00,2017-10-18 20:00:00+00:00,390,390,0,390,390,0,0,0,0,0,0,0,31267129.0,True,True,complete,True,True,True
2017-10-19,2017-10-19 13:30:00+00:00,2017-10-19 20:00:00+00:00,390,390,0,390,390,0,0,0,0,0,0,0,50734652.0,True,True,complete,True,True,True
2017-10-20,2017-10-20 13:30:00+00:00,2017-10-20 20:00:00+00:00,390,390,0,390,390,0,0,0,0,0,0,0,66779539.0,True,True,complete,True,True,True
2017-10-23,2017-10-23 13:30:00+00:00,2017-10-23 20:00:00+00:00,390,390,0,390,390,0,0,0,0,0,0,0,49424491.0,True,True,complete,True,True,True
2017-10-24,2017-10-24 13:30:00+00:00,2017-10-24 20:00:00+00:00,390,390,0,390,390,0,0,0,0,0,0,0,52702014.0,True,True,complete,True,True,True
2017-10-25,2017-10-25 13:30:00+00:00,2017-10-25 20:00:00+00:00,390,390,0,390,390,0,0,0,0,0,0,0,82635891.0,True,True,complete,True,True,True
2017-10-26,2017-10-26 13:30:00+00:00,2017-10-26 20:00:00+00:00,390,390,0,390,390,0,0,0,0,0,0,0,55493972.0,True,True,complete,True,True,True
2017-10-27,2017-10-27 13:30:00+00:00,2017-10-27 20:00:00+00:00,390,390,0,390,390,0,0,0,0,0,0,0,64870419.0,True,True,complete,True,True,True
2017-10-30,2017-10-30 13:30:00+00:00,2017-10-30 20:00:00+00:00,390,390,0,390,390,0,0,0,0,0,0,0,42835007.0,True,True,complete,True,True,True
2017-10-31,2017-10-31 13:30:00+00:00,2017-10-31 20:00:00+00:00,390,390,0,390,390,0,0,0,0,0,0,0,40254562.0,True,True,complete,True,True,True
2017-11-01,2017-11-01 13:30:00+00:00,2017-11-01 20:00:00+00:00,390,390,0,390,390,0,0,0,0,0,0,0,47118433.0,True,True,complete,True,True,True
2017-11-02,2017-11-02 13:30:00+00:00,2017-11-02 20:00:00+00:00,390,390,0,390,390,0,0,0,0,0,0,0,47676019.0,True,True,complete,True,True,True
2017-11-03,2017-11-03 13:30:00+00:00,2017-11-03 20:00:00+00:00,390,390,0,390,390,0,0,0,0,0,0,0,43374459.0,True,True,complete,True,True,True
2017-11-06,2017-11-06 14:30:00+00:00,2017-11-06 21:00:00+00:00,390,390,0,390,390,0,0,0,0,0,0,0,37979987.0,True,True,complete,True,True,True
2017-11-07,2017-11-07 14:30:00+00:00,2017-11-07 21:00:00+00:00,390,390,0,390,390,0,0,0,0,0,0,0,50550853.0,True,True,complete,True,True,True
2017-11-08,2017-11-08 14:30:00+00:00,2017-11-08 21:00:00+00:00,390,390,0,390,390,0,0,0,0,0,0,0,39048749.0,True,True,complete,True,True,True
2017-11-09,2017-11-09 14:30:00+00:00,2017-11-09 21:00:00+00:00,390,390,0,390,390,0,0,0,0,0,0,0,86834532.0,True,True,complete,True,True,True
2017-11-10,2017-11-10 14:30:00+00:00,2017-11-10 21:00:00+00:00,390,390,0,390,390,0,0,0,0,0,0,0,44456785.0,True,True,complete,True,True,True
2017-11-13,2017-11-13 14:30:00+00:00,2017-11-13 21:00:00+00:00,390,390,0,390,390,0,0,0,0,0,0,0,40520838.0,True,True,complete,True,True,True
2017-11-14,2017-11-14 14:30:00+00:00,2017-11-14 21:00:00+00:00,390,390,0,390,390,0,0,0,0,0,0,0,49648443.0,True,True,complete,True,True,True
2017-11-15,2017-11-15 14:30:00+00:00,2017-11-15 21:00:00+00:00,390,390,0,390,390,0,0,0,0,0,0,0,65410668.0,True,True,complete,True,True,True
2017-11-16,2017-11-16 14:30:00+00:00,2017-11-16 21:00:00+00:00,390,390,0,390,390,0,0,0,0,0,0,0,65473670.0,True,True,complete,True,True,True
2017-11-17,2017-11-17 14:30:00+00:00,2017-11-17 21:00:00+00:00,390,390,0,390,390,0,0,0,0,0,0,0,59897250.0,True,True,complete,True,True,True
2017-11-20,2017-11-20 14:30:00+00:00,2017-11-20 21:00:00+00:00,390,390,0,390,390,0,0,0,0,0,0,0,37977452.0,True,True,complete,True,True,True
2017-11-21,2017-11-21 14:30:00+00:00,2017-11-21 21:00:00+00:00,390,390,0,390,390,0,0,0,0,0,0,0,54944093.0,True,True,complete,True,True,True
2017-11-22,2017-11-22 14:30:00+00:00,2017-11-22 21:00:00+00:00,390,390,0,390,390,0,0,0,0,0,0,0,35262429.0,True,True,complete,True,True,True
2017-11-24,2017-11-24 14:30:00+00:00,2017-11-24 18:00:00+00:00,210,210,0,210,210,0,0,0,0,0,0,0,19634597.0,True,True,complete,True,True,True
2017-11-27,2017-11-27 14:30:00+00:00,2017-11-27 21:00:00+00:00,390,390,0,390,390,0,0,0,0,0,0,0,41183938.0,True,True,complete,True,True,True
2017-11-28,2017-11-28 14:30:00+00:00,2017-11-28 21:00:00+00:00,390,390,0,390,390,0,0,0,0,0,0,0,80856000.0,True,True,complete,True,True,True
2017-11-29,2017-11-29 14:30:00+00:00,2017-11-29 21:00:00+00:00,390,390,0,390,390,0,0,0,0,0,0,0,68607636.0,True,True,complete,True,True,True
2017-11-30,2017-11-30 14:30:00+00:00,2017-11-30 21:00:00+00:00,390,390,0,390,390,0,0,0,0,0,0,0,98469990.0,True,True,complete,True,True,True
2017-12-01,2017-12-01 14:30:00+00:00,2017-12-01 21:00:00+00:00,390,390,0,390,390,0,0,0,0,0,0,0,142414863.0,True,True,complete,True,True,True
2017-12-04,2017-12-04 14:30:00+00:00,2017-12-04 21:00:00+00:00,390,390,0,390,390,0,0,0,0,0,0,0,78669069.0,True,True,complete,True,True,True
2017-12-05,2017-12-05 14:30:00+00:00,2017-12-05 21:00:00+00:00,390,390,0,390,390,0,0,0,0,0,0,0,69907841.0,True,True,complete,True,True,True
2017-12-06,2017-12-06 14:30:00+00:00,2017-12-06 21:00:00+00:00,390,390,0,390,390,0,0,0,0,0,0,0,55268601.0,True,True,complete,True,True,True
2017-12-07,2017-12-07 14:30:00+00:00,2017-12-07 21:00:00+00:00,390,390,0,390,390,0,0,0,0,0,0,0,59621231.0,True,True,complete,True,True,True
2017-12-08,2017-12-08 14:30:00+00:00,2017-12-08 21:00:00+00:00,390,390,0,390,390,0,0,0,0,0,0,0,58993734.0,True,True,complete,True,True,True
2017-12-11,2017-12-11 14:30:00+00:00,2017-12-11 21:00:00+00:00,390,390,0,390,390,0,0,0,0,0,0,0,58851167.0,True,True,complete,True,True,True
2017-12-12,2017-12-12 14:30:00+00:00,2017-12-12 21:00:00+00:00,390,390,0,390,390,0,0,0,0,0,0,0,69107219.0,True,True,complete,True,True,True
2017-12-13,2017-12-13 14:30:00+00:00,2017-12-13 21:00:00+00:00,390,390,0,390,390,0,0,0,0,0,0,0,81502255.0,True,True,complete,True,True,True
2017-12-14,2017-12-14 14:30:00+00:00,2017-12-14 21:00:00+00:00,390,390,0,390,390,0,0,0,0,0,0,0,78134180.0,True,True,complete,True,True,True
2017-12-15,2017-12-15 14:30:00+00:00,2017-12-15 21:00:00+00:00,390,390,0,390,390,0,0,0,0,0,0,0,116354382.0,True,True,complete,True,True,True
2017-12-18,2017-12-18 14:30:00+00:00,2017-12-18 21:00:00+00:00,390,390,0,390,390,0,0,0,0,0,0,0,61271920.0,True,True,complete,True,True,True
2017-12-19,2017-12-19 14:30:00+00:00,2017-12-19 21:00:00+00:00,390,390,0,390,390,0,0,0,0,0,0,0,61590763.0,True,True,complete,True,True,True
2017-12-20,2017-12-20 14:30:00+00:00,2017-12-20 21:00:00+00:00,390,390,0,390,390,0,0,0,0,0,0,0,56416083.0,True,True,complete,True,True,True
2017-12-21,2017-12-21 14:30:00+00:00,2017-12-21 21:00:00+00:00,390,390,0,390,390,0,0,0,0,0,0,0,51609136.0,True,True,complete,True,True,True
2017-12-22,2017-12-22 14:30:00+00:00,2017-12-22 21:00:00+00:00,390,390,0,390,390,0,0,0,0,0,0,0,48660485.0,True,True,complete,True,True,True
2017-12-26,2017-12-26 14:30:00+00:00,2017-12-26 21:00:00+00:00,390,390,0,390,390,0,0,0,0,0,0,0,36654000.0,True,True,complete,True,True,True
2017-12-27,2017-12-27 14:30:00+00:00,2017-12-27 21:00:00+00:00,390,390,0,390,390,0,0,0,0,0,0,0,43566949.0,True,True,complete,True,True,True
2017-12-28,2017-12-28 14:30:00+00:00,2017-12-28 21:00:00+00:00,390,390,0,390,390,0,0,0,0,0,0,0,37220951.0,True,True,complete,True,True,True
2017-12-29,2017-12-29 14:30:00+00:00,2017-12-29 21:00:00+00:00,390,390,0,390,390,0,0,0,0,0,0,0,56390560.0,True,True,complete,True,True,True
2018-01-02,2018-01-02 14:30:00+00:00,2018-01-02 21:00:00+00:00,390,390,0,390,390,0,0,0,0,0,0,0,59236926.0,True,True,complete,True,True,True
2018-01-03,2018-01-03 14:30:00+00:00,2018-01-03 21:00:00+00:00,390,390,0,390,390,0,0,0,0,0,0,0,67742952.0,True,True,complete,True,True,True
2018-01-04,2018-01-04 14:30:00+00:00,2018-01-04 21:00:00+00:00,390,390,0,390,390,0,0,0,0,0,0,0,63593173.0,True,True,complete,True,True,True
2018-01-05,2018-01-05 14:30:00+00:00,2018-01-05 21:00:00+00:00,390,390,0,390,390,0,0,0,0,0,0,0,56387045.0,True,True,complete,True,True,True
2018-01-08,2018-01-08 14:30:00+00:00,2018-01-08 21:00:00+00:00,390,390,0,390,390,0,0,0,0,0,0,0,37712248.0,True,True,complete,True,True,True
2018-01-09,2018-01-09 14:30:00+00:00,2018-01-09 21:00:00+00:00,390,390,0,390,390,0,0,0,0,0,0,0,49225344.0,True,True,complete,True,True,True
2018-01-10,2018-01-10 14:30:00+00:00,2018-01-10 21:00:00+00:00,390,390,0,390,390,0,0,0,0,0,0,0,51369307.0,True,True,complete,True,True,True
2018-01-11,2018-01-11 14:30:00+00:00,2018-01-11 21:00:00+00:00,390,390,0,390,390,0,0,0,0,0,0,0,52499638.0,True,True,complete,True,True,True
2018-01-12,2018-01-12 14:30:00+00:00,2018-01-12 21:00:00+00:00,390,390,0,390,390,0,0,0,0,0,0,0,69677209.0,True,True,complete,True,True,True
2018-01-16,2018-01-16 14:30:00+00:00,2018-01-16 21:00:00+00:00,390,390,0,390,390,0,0,0,0,0,0,0,96352744.0,True,True,complete,True,True,True
2018-01-17,2018-01-17 14:30:00+00:00,2018-01-17 21:00:00+00:00,390,390,0,390,390,0,0,0,0,0,0,0,82730784.0,True,True,complete,True,True,True
2018-01-18,2018-01-18 14:30:00+00:00,2018-01-18 21:00:00+00:00,390,390,0,390,390,0,0,0,0,0,0,0,81809610.0,True,True,complete,True,True,True
2018-01-19,2018-01-19 14:30:00+00:00,2018-01-19 21:00:00+00:00,390,390,0,390,390,0,0,0,0,0,0,0,110107328.0,True,True,complete,True,True,True
2018-01-22,2018-01-22 14:30:00+00:00,2018-01-22 21:00:00+00:00,390,390,0,390,390,0,0,0,0,0,0,0,56535247.0,True,True,complete,True,True,True
2018-01-23,2018-01-23 14:30:00+00:00,2018-01-23 21:00:00+00:00,390,390,0,390,390,0,0,0,0,0,0,0,75659224.0,True,True,complete,True,True,True
2018-01-24,2018-01-24 14:30:00+00:00,2018-01-24 21:00:00+00:00,390,390,0,390,390,0,0,0,0,0,0,0,107776060.0,True,True,complete,True,True,True
2018-01-25,2018-01-25 14:30:00+00:00,2018-01-25 21:00:00+00:00,390,390,0,390,390,0,0,0,0,0,0,0,67352149.0,True,True,complete,True,True,True
2018-01-26,2018-01-26 14:30:00+00:00,2018-01-26 21:00:00+00:00,390,390,0,390,390,0,0,0,0,0,0,0,75597460.0,True,True,complete,True,True,True
2018-01-29,2018-01-29 14:30:00+00:00,2018-01-29 21:00:00+00:00,390,390,0,390,390,0,0,0,0,0,0,0,73141917.0,True,True,complete,True,True,True
2018-01-30,2018-01-30 14:30:00+00:00,2018-01-30 21:00:00+00:00,390,390,0,390,390,0,0,0,0,0,0,0,109439531.0,True,True,complete,True,True,True
2018-01-31,2018-01-31 14:30:00+00:00,2018-01-31 21:00:00+00:00,390,390,0,390,390,0,0,0,0,0,0,0,92187733.0,True,True,complete,True,True,True
2018-02-01,2018-02-01 14:30:00+00:00,2018-02-01 21:00:00+00:00,390,390,0,390,390,0,0,0,0,0,0,0,71997030.0,True,True,complete,True,True,True
2018-02-02,2018-02-02 14:30:00+00:00,2018-02-02 21:00:00+00:00,390,390,0,390,390,0,0,0,0,0,0,0,144086003.0,True,True,complete,True,True,True
2018-02-05,2018-02-05 14:30:00+00:00,2018-02-05 21:00:00+00:00,390,390,0,390,390,0,0,0,0,0,0,0,254022659.0,True,True,complete,True,True,True
2018-02-06,2018-02-06 14:30:00+00:00,2018-02-06 21:00:00+00:00,390,390,0,390,390,0,0,0,0,0,0,0,314082838.0,True,True,complete,True,True,True
2018-02-07,2018-02-07 14:30:00+00:00,2018-02-07 21:00:00+00:00,390,390,0,390,390,0,0,0,0,0,0,0,143877543.0,True,True,complete,True,True,True
2018-02-08,2018-02-08 14:30:00+00:00,2018-02-08 21:00:00+00:00,390,390,0,390,390,0,0,0,0,0,0,0,206905693.0,True,True,complete,True,True,True
2018-02-09,2018-02-09 14:30:00+00:00,2018-02-09 21:00:00+00:00,390,390,0,390,390,0,0,0,0,0,0,0,249539041.0,True,True,complete,True,True,True
2018-02-12,2018-02-12 14:30:00+00:00,2018-02-12 21:00:00+00:00,390,390,0,390,390,0,0,0,0,0,0,0,121745879.0,True,True,complete,True,True,True
2018-02-13,2018-02-13 14:30:00+00:00,2018-02-13 21:00:00+00:00,390,390,0,390,390,0,0,0,0,0,0,0,71478692.0,True,True,complete,True,True,True
2018-02-14,2018-02-14 14:30:00+00:00,2018-02-14 21:00:00+00:00,390,390,0,390,390,0,0,0,0,0,0,0,101109925.0,True,True,complete,True,True,True
2018-02-15,2018-02-15 14:30:00+00:00,2018-02-15 21:00:00+00:00,390,390,0,390,390,0,0,0,0,0,0,0,94329405.0,True,True,complete,True,True,True
2018-02-16,2018-02-16 14:30:00+00:00,2018-02-16 21:00:00+00:00,390,390,0,390,390,0,0,0,0,0,0,0,127919566.0,True,True,complete,True,True,True
2018-02-20,2018-02-20 14:30:00+00:00,2018-02-20 21:00:00+00:00,390,390,0,390,390,0,0,0,0,0,0,0,68400700.0,True,True,complete,True,True,True
2018-02-21,2018-02-21 14:30:00+00:00,2018-02-21 21:00:00+00:00,390,390,0,390,390,0,0,0,0,0,0,0,77534391.0,True,True,complete,True,True,True
2018-02-22,2018-02-22 14:30:00+00:00,2018-02-22 21:00:00+00:00,390,390,0,390,390,0,0,0,0,0,0,0,84658978.0,True,True,complete,True,True,True
2018-02-23,2018-02-23 14:30:00+00:00,2018-02-23 21:00:00+00:00,390,390,0,390,390,0,0,0,0,0,0,0,67404740.0,True,True,complete,True,True,True
2018-02-26,2018-02-26 14:30:00+00:00,2018-02-26 21:00:00+00:00,390,390,0,390,390,0,0,0,0,0,0,0,70666225.0,True,True,complete,True,True,True
2018-02-27,2018-02-27 14:30:00+00:00,2018-02-27 21:00:00+00:00,390,390,0,390,390,0,0,0,0,0,0,0,80332810.0,True,True,complete,True,True,True
2018-02-28,2018-02-28 14:30:00+00:00,2018-02-28 21:00:00+00:00,390,390,0,390,390,0,0,0,0,0,0,0,90160225.0,True,True,complete,True,True,True
2018-03-01,2018-03-01 14:30:00+00:00,2018-03-01 21:00:00+00:00,390,390,0,390,390,0,0,0,0,0,0,0,155178700.0,True,True,complete,True,True,True
2018-03-02,2018-03-02 14:30:00+00:00,2018-03-02 21:00:00+00:00,390,390,0,390,390,0,0,0,0,0,0,0,109439055.0,True,True,complete,True,True,True
2018-03-05,2018-03-05 14:30:00+00:00,2018-03-05 21:00:00+00:00,390,390,0,390,390,0,0,0,0,0,0,0,80637115.0,True,True,complete,True,True,True
2018-03-06,2018-03-06 14:30:00+00:00,2018-03-06 21:00:00+00:00,390,390,0,390,390,0,0,0,0,0,0,0,66049758.0,True,True,complete,True,True,True
2018-03-07,2018-03-07 14:30:00+00:00,2018-03-07 21:00:00+00:00,390,390,0,390,390,0,0,0,0,0,0,0,73505354.0,True,True,complete,True,True,True
2018-03-08,2018-03-08 14:30:00+00:00,2018-03-08 21:00:00+00:00,390,390,0,390,390,0,0,0,0,0,0,0,52181815.0,True,True,complete,True,True,True
2018-03-09,2018-03-09 14:30:00+00:00,2018-03-09 21:00:00+00:00,390,390,0,390,390,0,0,0,0,0,0,0,89803773.0,True,True,complete,True,True,True
2018-03-12,2018-03-12 13:30:00+00:00,2018-03-12 20:00:00+00:00,390,390,0,390,390,0,0,0,0,0,0,0,61259492.0,True,True,complete,True,True,True
2018-03-13,2018-03-13 13:30:00+00:00,2018-03-13 20:00:00+00:00,390,390,0,390,390,0,0,0,0,0,0,0,76003507.0,True,True,complete,True,True,True
2018-03-14,2018-03-14 13:30:00+00:00,2018-03-14 20:00:00+00:00,390,390,0,390,390,0,0,0,0,0,0,0,88604412.0,True,True,complete,True,True,True
2018-03-15,2018-03-15 13:30:00+00:00,2018-03-15 20:00:00+00:00,390,390,0,390,390,0,0,0,0,0,0,0,62321942.0,True,True,complete,True,True,True
2018-03-16,2018-03-16 13:30:00+00:00,2018-03-16 20:00:00+00:00,390,390,0,390,390,0,0,0,0,0,0,0,77238772.0,True,True,complete,True,True,True
2018-03-19,2018-03-19 13:30:00+00:00,2018-03-19 20:00:00+00:00,390,390,0,390,390,0,0,0,0,0,0,0,93186410.0,True,True,complete,True,True,True
2018-03-20,2018-03-20 13:30:00+00:00,2018-03-20 20:00:00+00:00,390,390,0,390,390,0,0,0,0,0,0,0,50649840.0,True,True,complete,True,True,True
2018-03-21,2018-03-21 13:30:00+00:00,2018-03-21 20:00:00+00:00,390,390,0,390,390,0,0,0,0,0,0,0,70949209.0,True,True,complete,True,True,True
2018-03-22,2018-03-22 13:30:00+00:00,2018-03-22 20:00:00+00:00,390,390,0,390,390,0,0,0,0,0,0,0,124842295.0,True,True,complete,True,True,True
2018-03-23,2018-03-23 13:30:00+00:00,2018-03-23 20:00:00+00:00,390,390,0,390,390,0,0,0,0,0,0,0,149206240.0,True,True,complete,True,True,True
2018-03-26,2018-03-26 13:30:00+00:00,2018-03-26 20:00:00+00:00,390,390,0,390,390,0,0,0,0,0,0,0,116138917.0,True,True,complete,True,True,True
2018-03-27,2018-03-27 13:30:00+00:00,2018-03-27 20:00:00+00:00,390,390,0,390,390,0,0,0,0,0,0,0,113226381.0,True,True,complete,True,True,True
2018-03-28,2018-03-28 13:30:00+00:00,2018-03-28 20:00:00+00:00,390,390,0,390,390,0,0,0,0,0,0,0,124843872.0,True,True,complete,True,True,True
2018-03-29,2018-03-29 13:30:00+00:00,2018-03-29 20:00:00+00:00,390,390,0,390,390,0,0,0,0,0,0,0,97954838.0,True,True,complete,True,True,True
2018-04-02,2018-04-02 13:30:00+00:00,2018-04-02 20:00:00+00:00,390,390,0,390,390,0,0,0,0,0,0,0,154324754.0,True,True,complete,True,True,True
2018-04-03,2018-04-03 13:30:00+00:00,2018-04-03 20:00:00+00:00,390,390,0,390,390,0,0,0,0,0,0,0,110677324.0,True,True,complete,True,True,True
2018-04-04,2018-04-04 13:30:00+00:00,2018-04-04 20:00:00+00:00,390,390,0,390,390,0,0,0,0,0,0,0,103227337.0,True,True,complete,True,True,True
2018-04-05,2018-04-05 13:30:00+00:00,2018-04-05 20:00:00+00:00,390,390,0,390,390,0,0,0,0,0,0,0,72971019.0,True,True,complete,True,True,True
2018-04-06,2018-04-06 13:30:00+00:00,2018-04-06 20:00:00+00:00,390,390,0,390,390,0,0,0,0,0,0,0,143709802.0,True,True,complete,True,True,True
2018-04-09,2018-04-09 13:30:00+00:00,2018-04-09 20:00:00+00:00,390,390,0,390,390,0,0,0,0,0,0,0,83552956.0,True,True,complete,True,True,True
2018-04-10,2018-04-10 13:30:00+00:00,2018-04-10 20:00:00+00:00,390,390,0,390,390,0,0,0,0,0,0,0,93508131.0,True,True,complete,True,True,True
2018-04-11,2018-04-11 13:30:00+00:00,2018-04-11 20:00:00+00:00,390,390,0,390,390,0,0,0,0,0,0,0,78421316.0,True,True,complete,True,True,True
2018-04-12,2018-04-12 13:30:00+00:00,2018-04-12 20:00:00+00:00,390,390,0,390,390,0,0,0,0,0,0,0,61797644.0,True,True,complete,True,True,True
2018-04-13,2018-04-13 13:30:00+00:00,2018-04-13 20:00:00+00:00,390,390,0,390,390,0,0,0,0,0,0,0,72608075.0,True,True,complete,True,True,True
2018-04-16,2018-04-16 13:30:00+00:00,2018-04-16 20:00:00+00:00,390,390,0,390,390,0,0,0,0,0,0,0,52042103.0,True,True,complete,True,True,True
2018-04-17,2018-04-17 13:30:00+00:00,2018-04-17 20:00:00+00:00,390,390,0,390,390,0,0,0,0,0,0,0,52590807.0,True,True,complete,True,True,True
2018-04-18,2018-04-18 13:30:00+00:00,2018-04-18 20:00:00+00:00,390,390,0,390,390,0,0,0,0,0,0,0,48459039.0,True,True,complete,True,True,True
2018-04-19,2018-04-19 13:30:00+00:00,2018-04-19 20:00:00+00:00,390,390,0,390,390,0,0,0,0,0,0,0,64273588.0,True,True,complete,True,True,True
2018-04-20,2018-04-20 13:30:00+00:00,2018-04-20 20:00:00+00:00,390,390,0,390,390,0,0,0,0,0,0,0,84515863.0,True,True,complete,True,True,True
2018-04-23,2018-04-23 13:30:00+00:00,2018-04-23 20:00:00+00:00,390,390,0,390,390,0,0,0,0,0,0,0,55006833.0,True,True,complete,True,True,True
2018-04-24,2018-04-24 13:30:00+00:00,2018-04-24 20:00:00+00:00,390,390,0,390,390,0,0,0,0,0,0,0,103298126.0,True,True,complete,True,True,True
2018-04-25,2018-04-25 13:30:00+00:00,2018-04-25 20:00:00+00:00,390,390,0,390,390,0,0,0,0,0,0,0,83521481.0,True,True,complete,True,True,True
2018-04-26,2018-04-26 13:30:00+00:00,2018-04-26 20:00:00+00:00,390,390,0,390,390,0,0,0,0,0,0,0,57270035.0,True,True,complete,True,True,True
2018-04-27,2018-04-27 13:30:00+00:00,2018-04-27 20:00:00+00:00,390,390,0,390,390,0,0,0,0,0,0,0,47898175.0,True,True,complete,True,True,True
2018-04-30,2018-04-30 13:30:00+00:00,2018-04-30 20:00:00+00:00,390,390,0,390,390,0,0,0,0,0,0,0,61574775.0,True,True,complete,True,True,True
2018-05-01,2018-05-01 13:30:00+00:00,2018-05-01 20:00:00+00:00,390,390,0,390,390,0,0,0,0,0,0,0,60032187.0,True,True,complete,True,True,True
2018-05-02,2018-05-02 13:30:00+00:00,2018-05-02 20:00:00+00:00,390,390,0,390,390,0,0,0,0,0,0,0,69086048.0,True,True,complete,True,True,True
2018-05-03,2018-05-03 13:30:00+00:00,2018-05-03 20:00:00+00:00,390,390,0,390,390,0,0,0,0,0,0,0,117930238.0,True,True,complete,True,True,True
2018-05-04,2018-05-04 13:30:00+00:00,2018-05-04 20:00:00+00:00,390,390,0,390,390,0,0,0,0,0,0,0,67288911.0,True,True,complete,True,True,True
2018-05-07,2018-05-07 13:30:00+00:00,2018-05-07 20:00:00+00:00,390,390,0,390,390,0,0,0,0,0,0,0,46496528.0,True,True,complete,True,True,True
2018-05-08,2018-05-08 13:30:00+00:00,2018-05-08 20:00:00+00:00,390,390,0,390,390,0,0,0,0,0,0,0,56433347.0,True,True,complete,True,True,True
2018-05-09,2018-05-09 13:30:00+00:00,2018-05-09 20:00:00+00:00,390,390,0,390,390,0,0,0,0,0,0,0,51290619.0,True,True,complete,True,True,True
2018-05-10,2018-05-10 13:30:00+00:00,2018-05-10 20:00:00+00:00,390,390,0,390,390,0,0,0,0,0,0,0,58156611.0,True,True,complete,True,True,True
2018-05-11,2018-05-11 13:30:00+00:00,2018-05-11 20:00:00+00:00,390,390,0,390,390,0,0,0,0,0,0,0,44803335.0,True,True,complete,True,True,True
2018-05-14,2018-05-14 13:30:00+00:00,2018-05-14 20:00:00+00:00,390,390,0,390,390,0,0,0,0,0,0,0,44768622.0,True,True,complete,True,True,True
2018-05-15,2018-05-15 13:30:00+00:00,2018-05-15 20:00:00+00:00,390,390,0,390,390,0,0,0,0,0,0,0,71584478.0,True,True,complete,True,True,True
2018-05-16,2018-05-16 13:30:00+00:00,2018-05-16 20:00:00+00:00,390,390,0,390,390,0,0,0,0,0,0,0,39980791.0,True,True,complete,True,True,True
2018-05-17,2018-05-17 13:30:00+00:00,2018-05-17 20:00:00+00:00,390,390,0,390,390,0,0,0,0,0,0,0,48554766.0,True,True,complete,True,True,True
2018-05-18,2018-05-18 13:30:00+00:00,2018-05-18 20:00:00+00:00,390,390,0,390,390,0,0,0,0,0,0,0,55293851.0,True,True,complete,True,True,True
2018-05-21,2018-05-21 13:30:00+00:00,2018-05-21 20:00:00+00:00,390,390,0,390,390,0,0,0,0,0,0,0,46755148.0,True,True,complete,True,True,True
2018-05-22,2018-05-22 13:30:00+00:00,2018-05-22 20:00:00+00:00,390,390,0,390,390,0,0,0,0,0,0,0,44445998.0,True,True,complete,True,True,True
2018-05-23,2018-05-23 13:30:00+00:00,2018-05-23 20:00:00+00:00,390,390,0,390,390,0,0,0,0,0,0,0,51547781.0,True,True,complete,True,True,True
2018-05-24,2018-05-24 13:30:00+00:00,2018-05-24 20:00:00+00:00,390,390,0,390,390,0,0,0,0,0,0,0,63096057.0,True,True,complete,True,True,True
2018-05-25,2018-05-25 13:30:00+00:00,2018-05-25 20:00:00+00:00,390,390,0,390,390,0,0,0,0,0,0,0,42303700.0,True,True,complete,True,True,True
2018-05-29,2018-05-29 13:30:00+00:00,2018-05-29 20:00:00+00:00,390,390,0,390,390,0,0,0,0,0,0,0,95168863.0,True,True,complete,True,True,True
2018-05-30,2018-05-30 13:30:00+00:00,2018-05-30 20:00:00+00:00,390,390,0,390,390,0,0,0,0,0,0,0,59213489.0,True,True,complete,True,True,True
2018-05-31,2018-05-31 13:30:00+00:00,2018-05-31 20:00:00+00:00,390,390,0,390,390,0,0,0,0,0,0,0,73854375.0,True,True,complete,True,True,True
2018-06-01,2018-06-01 13:30:00+00:00,2018-06-01 20:00:00+00:00,390,390,0,390,390,0,0,0,0,0,0,0,58463812.0,True,True,complete,True,True,True
2018-06-04,2018-06-04 13:30:00+00:00,2018-06-04 20:00:00+00:00,390,390,0,390,390,0,0,0,0,0,0,0,39130292.0,True,True,complete,True,True,True
2018-06-05,2018-06-05 13:30:00+00:00,2018-06-05 20:00:00+00:00,390,390,0,390,390,0,0,0,0,0,0,0,40363942.0,True,True,complete,True,True,True
2018-06-06,2018-06-06 13:30:00+00:00,2018-06-06 20:00:00+00:00,390,390,0,390,390,0,0,0,0,0,0,0,48707695.0,True,True,complete,True,True,True
2018-06-07,2018-06-07 13:30:00+00:00,2018-06-07 20:00:00+00:00,390,390,0,390,390,0,0,0,0,0,0,0,61123186.0,True,True,complete,True,True,True
2018-06-08,2018-06-08 13:30:00+00:00,2018-06-08 20:00:00+00:00,390,390,0,390,390,0,0,0,0,0,0,0,48350825.0,True,True,complete,True,True,True
2018-06-11,2018-06-11 13:30:00+00:00,2018-06-11 20:00:00+00:00,390,390,0,390,390,0,0,0,0,0,0,0,43796086.0,True,True,complete,True,True,True
2018-06-12,2018-06-12 13:30:00+00:00,2018-06-12 20:00:00+00:00,390,390,0,390,390,0,0,0,0,0,0,0,60552867.0,True,True,complete,True,True,True
2018-06-13,2018-06-13 13:30:00+00:00,2018-06-13 20:00:00+00:00,390,390,0,390,390,0,0,0,0,0,0,0,65418402.0,True,True,complete,True,True,True
2018-06-14,2018-06-14 13:30:00+00:00,2018-06-14 20:00:00+00:00,390,390,0,390,390,0,0,0,0,0,0,0,55507460.0,True,True,complete,True,True,True
2018-06-15,2018-06-15 13:30:00+00:00,2018-06-15 20:00:00+00:00,390,390,0,390,390,0,0,0,0,0,0,0,94178091.0,True,True,complete,True,True,True
2018-06-18,2018-06-18 13:30:00+00:00,2018-06-18 20:00:00+00:00,390,390,0,390,390,0,0,0,0,0,0,0,44998876.0,True,True,complete,True,True,True
2018-06-19,2018-06-19 13:30:00+00:00,2018-06-19 20:00:00+00:00,390,390,0,390,390,0,0,0,0,0,0,0,71478201.0,True,True,complete,True,True,True
2018-06-20,2018-06-20 13:30:00+00:00,2018-06-20 20:00:00+00:00,390,390,0,390,390,0,0,0,0,0,0,0,44504634.0,True,True,complete,True,True,True
2018-06-21,2018-06-21 13:30:00+00:00,2018-06-21 20:00:00+00:00,390,390,0,390,390,0,0,0,0,0,0,0,61544234.0,True,True,complete,True,True,True
2018-06-22,2018-06-22 13:30:00+00:00,2018-06-22 20:00:00+00:00,390,390,0,390,390,0,0,0,0,0,0,0,42986581.0,True,True,complete,True,True,True
2018-06-25,2018-06-25 13:30:00+00:00,2018-06-25 20:00:00+00:00,390,390,0,390,390,0,0,0,0,0,0,0,112580077.0,True,True,complete,True,True,True
2018-06-26,2018-06-26 13:30:00+00:00,2018-06-26 20:00:00+00:00,390,390,0,390,390,0,0,0,0,0,0,0,60394059.0,True,True,complete,True,True,True
2018-06-27,2018-06-27 13:30:00+00:00,2018-06-27 20:00:00+00:00,390,390,0,390,390,0,0,0,0,0,0,0,87959532.0,True,True,complete,True,True,True
2018-06-28,2018-06-28 13:30:00+00:00,2018-06-28 20:00:00+00:00,390,390,0,390,390,0,0,0,0,0,0,0,67958546.0,True,True,complete,True,True,True
2018-06-29,2018-06-29 13:30:00+00:00,2018-06-29 20:00:00+00:00,390,390,0,390,390,0,0,0,0,0,0,0,69249244.0,True,True,complete,True,True,True
2018-07-02,2018-07-02 13:30:00+00:00,2018-07-02 20:00:00+00:00,390,390,0,390,390,0,0,0,0,0,0,0,52471739.0,True,True,complete,True,True,True
2018-07-03,2018-07-03 13:30:00+00:00,2018-07-03 17:00:00+00:00,210,210,0,210,210,0,0,0,0,0,0,0,33697326.0,True,True,complete,True,True,True
2018-07-05,2018-07-05 13:30:00+00:00,2018-07-05 20:00:00+00:00,390,390,0,390,390,0,0,0,0,0,0,0,49541828.0,True,True,complete,True,True,True
2018-07-06,2018-07-06 13:30:00+00:00,2018-07-06 20:00:00+00:00,390,390,0,390,390,0,0,0,0,0,0,0,52583226.0,True,True,complete,True,True,True
2018-07-09,2018-07-09 13:30:00+00:00,2018-07-09 20:00:00+00:00,390,390,0,390,390,0,0,0,0,0,0,0,40541156.0,True,True,complete,True,True,True
2018-07-10,2018-07-10 13:30:00+00:00,2018-07-10 20:00:00+00:00,390,390,0,390,390,0,0,0,0,0,0,0,44674585.0,True,True,complete,True,True,True
2018-07-11,2018-07-11 13:30:00+00:00,2018-07-11 20:00:00+00:00,390,390,0,390,390,0,0,0,0,0,0,0,62816037.0,True,True,complete,True,True,True
2018-07-12,2018-07-12 13:30:00+00:00,2018-07-12 20:00:00+00:00,390,390,0,390,390,0,0,0,0,0,0,0,49765506.0,True,True,complete,True,True,True
2018-07-13,2018-07-13 13:30:00+00:00,2018-07-13 20:00:00+00:00,390,390,0,390,390,0,0,0,0,0,0,0,39805444.0,True,True,complete,True,True,True
2018-07-16,2018-07-16 13:30:00+00:00,2018-07-16 20:00:00+00:00,390,390,0,390,390,0,0,0,0,0,0,0,34738592.0,True,True,complete,True,True,True
2018-07-17,2018-07-17 13:30:00+00:00,2018-07-17 20:00:00+00:00,390,390,0,390,390,0,0,0,0,0,0,0,46312845.0,True,True,complete,True,True,True
2018-07-18,2018-07-18 13:30:00+00:00,2018-07-18 20:00:00+00:00,390,390,0,390,390,0,0,0,0,0,0,0,34958547.0,True,True,complete,True,True,True
2018-07-19,2018-07-19 13:30:00+00:00,2018-07-19 20:00:00+00:00,390,390,0,390,390,0,0,0,0,0,0,0,47973381.0,True,True,complete,True,True,True
2018-07-20,2018-07-20 13:30:00+00:00,2018-07-20 20:00:00+00:00,390,390,0,390,390,0,0,0,0,0,0,0,60235473.0,True,True,complete,True,True,True
2018-07-23,2018-07-23 13:30:00+00:00,2018-07-23 20:00:00+00:00,390,390,0,390,390,0,0,0,0,0,0,0,39644009.0,True,True,complete,True,True,True
2018-07-24,2018-07-24 13:30:00+00:00,2018-07-24 20:00:00+00:00,390,390,0,390,390,0,0,0,0,0,0,0,54280854.0,True,True,complete,True,True,True
2018-07-25,2018-07-25 13:30:00+00:00,2018-07-25 20:00:00+00:00,390,390,0,390,390,0,0,0,0,0,0,0,61404840.0,True,True,complete,True,True,True
2018-07-26,2018-07-26 13:30:00+00:00,2018-07-26 20:00:00+00:00,390,390,0,390,390,0,0,0,0,0,0,0,45116856.0,True,True,complete,True,True,True
2018-07-27,2018-07-27 13:30:00+00:00,2018-07-27 20:00:00+00:00,390,390,0,390,390,0,0,0,0,0,0,0,67322488.0,True,True,complete,True,True,True
2018-07-30,2018-07-30 13:30:00+00:00,2018-07-30 20:00:00+00:00,390,390,0,390,390,0,0,0,0,0,0,0,51853703.0,True,True,complete,True,True,True
2018-07-31,2018-07-31 13:30:00+00:00,2018-07-31 20:00:00+00:00,390,390,0,390,390,0,0,0,0,0,0,0,51587360.0,True,True,complete,True,True,True
2018-08-01,2018-08-01 13:30:00+00:00,2018-08-01 20:00:00+00:00,390,390,0,390,390,0,0,0,0,0,0,0,46431657.0,True,True,complete,True,True,True
2018-08-02,2018-08-02 13:30:00+00:00,2018-08-02 20:00:00+00:00,390,390,0,390,390,0,0,0,0,0,0,0,48237282.0,True,True,complete,True,True,True
2018-08-03,2018-08-03 13:30:00+00:00,2018-08-03 20:00:00+00:00,390,390,0,390,390,0,0,0,0,0,0,0,40397539.0,True,True,complete,True,True,True
2018-08-06,2018-08-06 13:30:00+00:00,2018-08-06 20:00:00+00:00,390,390,0,390,390,0,0,0,0,0,0,0,34134629.0,True,True,complete,True,True,True
2018-08-07,2018-08-07 13:30:00+00:00,2018-08-07 20:00:00+00:00,390,390,0,390,390,0,0,0,0,0,0,0,37602334.0,True,True,complete,True,True,True
2018-08-08,2018-08-08 13:30:00+00:00,2018-08-08 20:00:00+00:00,390,390,0,390,390,0,0,0,0,0,0,0,32893378.0,True,True,complete,True,True,True
2018-08-09,2018-08-09 13:30:00+00:00,2018-08-09 20:00:00+00:00,390,390,0,390,390,0,0,0,0,0,0,0,30125170.0,True,True,complete,True,True,True
2018-08-10,2018-08-10 13:30:00+00:00,2018-08-10 20:00:00+00:00,390,390,0,390,390,0,0,0,0,0,0,0,62889923.0,True,True,complete,True,True,True
2018-08-13,2018-08-13 13:30:00+00:00,2018-08-13 20:00:00+00:00,390,390,0,390,390,0,0,0,0,0,0,0,53265862.0,True,True,complete,True,True,True
2018-08-14,2018-08-14 13:30:00+00:00,2018-08-14 20:00:00+00:00,390,390,0,390,390,0,0,0,0,0,0,0,36432194.0,True,True,complete,True,True,True
2018-08-15,2018-08-15 13:30:00+00:00,2018-08-15 20:00:00+00:00,390,390,0,390,390,0,0,0,0,0,0,0,88563248.0,True,True,complete,True,True,True
2018-08-16,2018-08-16 13:30:00+00:00,2018-08-16 20:00:00+00:00,390,390,0,390,390,0,0,0,0,0,0,0,59480791.0,True,True,complete,True,True,True
2018-08-17,2018-08-17 13:30:00+00:00,2018-08-17 20:00:00+00:00,390,390,0,390,390,0,0,0,0,0,0,0,53777197.0,True,True,complete,True,True,True
2018-08-20,2018-08-20 13:30:00+00:00,2018-08-20 20:00:00+00:00,390,390,0,390,390,0,0,0,0,0,0,0,35024023.0,True,True,complete,True,True,True
2018-08-21,2018-08-21 13:30:00+00:00,2018-08-21 20:00:00+00:00,390,390,0,390,390,0,0,0,0,0,0,0,56483696.0,True,True,complete,True,True,True
2018-08-22,2018-08-22 13:30:00+00:00,2018-08-22 20:00:00+00:00,390,390,0,390,390,0,0,0,0,0,0,0,39191034.0,True,True,complete,True,True,True
2018-08-23,2018-08-23 13:30:00+00:00,2018-08-23 20:00:00+00:00,390,390,0,390,390,0,0,0,0,0,0,0,40974000.0,True,True,complete,True,True,True
2018-08-24,2018-08-24 13:30:00+00:00,2018-08-24 20:00:00+00:00,390,390,0,390,390,0,0,0,0,0,0,0,45066307.0,True,True,complete,True,True,True
2018-08-27,2018-08-27 13:30:00+00:00,2018-08-27 20:00:00+00:00,390,390,0,390,390,0,0,0,0,0,0,0,49884162.0,True,True,complete,True,True,True
2018-08-28,2018-08-28 13:30:00+00:00,2018-08-28 20:00:00+00:00,390,390,0,390,390,0,0,0,0,0,0,0,40031923.0,True,True,complete,True,True,True
2018-08-29,2018-08-29 13:30:00+00:00,2018-08-29 20:00:00+00:00,390,390,0,390,390,0,0,0,0,0,0,0,49953385.0,True,True,complete,True,True,True
2018-08-30,2018-08-30 13:30:00+00:00,2018-08-30 20:00:00+00:00,390,390,0,390,390,0,0,0,0,0,0,0,53410133.0,True,True,complete,True,True,True
2018-08-31,2018-08-31 13:30:00+00:00,2018-08-31 20:00:00+00:00,390,390,0,390,390,0,0,0,0,0,0,0,50054505.0,True,True,complete,True,True,True
2018-09-04,2018-09-04 13:30:00+00:00,2018-09-04 20:00:00+00:00,390,390,0,390,390,0,0,0,0,0,0,0,49261844.0,True,True,complete,True,True,True
2018-09-05,2018-09-05 13:30:00+00:00,2018-09-05 20:00:00+00:00,390,390,0,390,390,0,0,0,0,0,0,0,58508346.0,True,True,complete,True,True,True
2018-09-06,2018-09-06 13:30:00+00:00,2018-09-06 20:00:00+00:00,390,390,0,390,390,0,0,0,0,0,0,0,55693046.0,True,True,complete,True,True,True
2018-09-07,2018-09-07 13:30:00+00:00,2018-09-07 20:00:00+00:00,390,390,0,390,390,0,0,0,0,0,0,0,58274109.0,True,True,complete,True,True,True
2018-09-10,2018-09-10 13:30:00+00:00,2018-09-10 20:00:00+00:00,390,390,0,390,390,0,0,0,0,0,0,0,40883209.0,True,True,complete,True,True,True
2018-09-11,2018-09-11 13:30:00+00:00,2018-09-11 20:00:00+00:00,390,390,0,390,390,0,0,0,0,0,0,0,40672232.0,True,True,complete,True,True,True
2018-09-12,2018-09-12 13:30:00+00:00,2018-09-12 20:00:00+00:00,390,390,0,390,390,0,0,0,0,0,0,0,52998760.0,True,True,complete,True,True,True
2018-09-13,2018-09-13 13:30:00+00:00,2018-09-13 20:00:00+00:00,390,390,0,390,390,0,0,0,0,0,0,0,43065822.0,True,True,complete,True,True,True
2018-09-14,2018-09-14 13:30:00+00:00,2018-09-14 20:00:00+00:00,390,390,0,390,390,0,0,0,0,0,0,0,46208613.0,True,True,complete,True,True,True
2018-09-17,2018-09-17 13:30:00+00:00,2018-09-17 20:00:00+00:00,390,390,0,390,390,0,0,0,0,0,0,0,57748838.0,True,True,complete,True,True,True
2018-09-18,2018-09-18 13:30:00+00:00,2018-09-18 20:00:00+00:00,390,390,0,390,390,0,0,0,0,0,0,0,48348081.0,True,True,complete,True,True,True
2018-09-19,2018-09-19 13:30:00+00:00,2018-09-19 20:00:00+00:00,390,390,0,390,390,0,0,0,0,0,0,0,41165630.0,True,True,complete,True,True,True
2018-09-20,2018-09-20 13:30:00+00:00,2018-09-20 20:00:00+00:00,390,390,0,390,390,0,0,0,0,0,0,0,86392675.0,True,True,complete,True,True,True
2018-09-21,2018-09-21 13:30:00+00:00,2018-09-21 20:00:00+00:00,390,390,0,390,390,0,0,0,0,0,0,0,84986464.0,True,True,complete,True,True,True
2018-09-24,2018-09-24 13:30:00+00:00,2018-09-24 20:00:00+00:00,390,390,0,390,390,0,0,0,0,0,0,0,42623479.0,True,True,complete,True,True,True
2018-09-25,2018-09-25 13:30:00+00:00,2018-09-25 20:00:00+00:00,390,390,0,390,390,0,0,0,0,0,0,0,36184692.0,True,True,complete,True,True,True
2018-09-26,2018-09-26 13:30:00+00:00,2018-09-26 20:00:00+00:00,390,390,0,390,390,0,0,0,0,0,0,0,61502184.0,True,True,complete,True,True,True
2018-09-27,2018-09-27 13:30:00+00:00,2018-09-27 20:00:00+00:00,390,390,0,390,390,0,0,0,0,0,0,0,48796347.0,True,True,complete,True,True,True
2018-09-28,2018-09-28 13:30:00+00:00,2018-09-28 20:00:00+00:00,390,390,0,390,390,0,0,0,0,0,0,0,53294498.0,True,True,complete,True,True,True
2018-10-01,2018-10-01 13:30:00+00:00,2018-10-01 20:00:00+00:00,390,390,0,390,390,0,0,0,0,0,0,0,53617122.0,True,True,complete,True,True,True
2018-10-02,2018-10-02 13:30:00+00:00,2018-10-02 20:00:00+00:00,390,390,0,390,390,0,0,0,0,0,0,0,40336206.0,True,True,complete,True,True,True
2018-10-03,2018-10-03 13:30:00+00:00,2018-10-03 20:00:00+00:00,390,390,0,390,390,0,0,0,0,0,0,0,54488691.0,True,True,complete,True,True,True
2018-10-04,2018-10-04 13:30:00+00:00,2018-10-04 20:00:00+00:00,390,390,0,390,390,0,0,0,0,0,0,0,97090960.0,True,True,complete,True,True,True
2018-10-05,2018-10-05 13:30:00+00:00,2018-10-05 20:00:00+00:00,390,390,0,390,390,0,0,0,0,0,0,0,87980655.0,True,True,complete,True,True,True
2018-10-08,2018-10-08 13:30:00+00:00,2018-10-08 20:00:00+00:00,390,390,0,390,390,0,0,0,0,0,0,0,75709172.0,True,True,complete,True,True,True
2018-10-09,2018-10-09 13:30:00+00:00,2018-10-09 20:00:00+00:00,390,390,0,390,390,0,0,0,0,0,0,0,65016206.0,True,True,complete,True,True,True
2018-10-10,2018-10-10 13:30:00+00:00,2018-10-10 20:00:00+00:00,390,390,0,390,390,0,0,0,0,0,0,0,179172065.0,True,True,complete,True,True,True
2018-10-11,2018-10-11 13:30:00+00:00,2018-10-11 20:00:00+00:00,390,390,0,390,390,0,0,0,0,0,0,0,242950792.0,True,True,complete,True,True,True
2018-10-12,2018-10-12 13:30:00+00:00,2018-10-12 20:00:00+00:00,390,390,0,390,390,0,0,0,0,0,0,0,159097486.0,True,True,complete,True,True,True
2018-10-15,2018-10-15 13:30:00+00:00,2018-10-15 20:00:00+00:00,390,390,0,390,390,0,0,0,0,0,0,0,88300099.0,True,True,complete,True,True,True
2018-10-16,2018-10-16 13:30:00+00:00,2018-10-16 20:00:00+00:00,390,390,0,390,390,0,0,0,0,0,0,0,95875289.0,True,True,complete,True,True,True
2018-10-17,2018-10-17 13:30:00+00:00,2018-10-17 20:00:00+00:00,390,390,0,390,390,0,0,0,0,0,0,0,94777086.0,True,True,complete,True,True,True
2018-10-18,2018-10-18 13:30:00+00:00,2018-10-18 20:00:00+00:00,390,390,0,390,390,0,0,0,0,0,0,0,120885135.0,True,True,complete,True,True,True
2018-10-19,2018-10-19 13:30:00+00:00,2018-10-19 20:00:00+00:00,390,390,0,390,390,0,0,0,0,0,0,0,116536589.0,True,True,complete,True,True,True
2018-10-22,2018-10-22 13:30:00+00:00,2018-10-22 20:00:00+00:00,390,390,0,390,390,0,0,0,0,0,0,0,72248964.0,True,True,complete,True,True,True
2018-10-23,2018-10-23 13:30:00+00:00,2018-10-23 20:00:00+00:00,390,390,0,390,390,0,0,0,0,0,0,0,124121607.0,True,True,complete,True,True,True
2018-10-24,2018-10-24 13:30:00+00:00,2018-10-24 20:00:00+00:00,390,390,0,390,390,0,0,0,0,0,0,0,146130252.0,True,True,complete,True,True,True
2018-10-25,2018-10-25 13:30:00+00:00,2018-10-25 20:00:00+00:00,390,390,0,390,390,0,0,0,0,0,0,0,117200692.0,True,True,complete,True,True,True
2018-10-26,2018-10-26 13:30:00+00:00,2018-10-26 20:00:00+00:00,390,390,0,390,390,0,0,0,0,0,0,0,175865585.0,True,True,complete,True,True,True
2018-10-29,2018-10-29 13:30:00+00:00,2018-10-29 20:00:00+00:00,390,390,0,390,390,0,0,0,0,0,0,0,143048345.0,True,True,complete,True,True,True
2018-10-30,2018-10-30 13:30:00+00:00,2018-10-30 20:00:00+00:00,390,390,0,390,390,0,0,0,0,0,0,0,137302080.0,True,True,complete,True,True,True
2018-10-31,2018-10-31 13:30:00+00:00,2018-10-31 20:00:00+00:00,390,390,0,390,390,0,0,0,0,0,0,0,106406723.0,True,True,complete,True,True,True
2018-11-01,2018-11-01 13:30:00+00:00,2018-11-01 20:00:00+00:00,390,390,0,390,390,0,0,0,0,0,0,0,88700020.0,True,True,complete,True,True,True
2018-11-02,2018-11-02 13:30:00+00:00,2018-11-02 20:00:00+00:00,390,390,0,390,390,0,0,0,0,0,0,0,103927126.0,True,True,complete,True,True,True
2018-11-05,2018-11-05 14:30:00+00:00,2018-11-05 21:00:00+00:00,390,390,0,390,390,0,0,0,0,0,0,0,54185347.0,True,True,complete,True,True,True
2018-11-06,2018-11-06 14:30:00+00:00,2018-11-06 21:00:00+00:00,390,390,0,390,390,0,0,0,0,0,0,0,49433145.0,True,True,complete,True,True,True
2018-11-07,2018-11-07 14:30:00+00:00,2018-11-07 21:00:00+00:00,390,390,0,390,390,0,0,0,0,0,0,0,84567650.0,True,True,complete,True,True,True
2018-11-08,2018-11-08 14:30:00+00:00,2018-11-08 21:00:00+00:00,390,390,0,390,390,0,0,0,0,0,0,0,54830081.0,True,True,complete,True,True,True
2018-11-09,2018-11-09 14:30:00+00:00,2018-11-09 21:00:00+00:00,390,390,0,390,390,0,0,0,0,0,0,0,81918148.0,True,True,complete,True,True,True
2018-11-12,2018-11-12 14:30:00+00:00,2018-11-12 21:00:00+00:00,390,390,0,390,390,0,0,0,0,0,0,0,86546298.0,True,True,complete,True,True,True
2018-11-13,2018-11-13 14:30:00+00:00,2018-11-13 21:00:00+00:00,390,390,0,390,390,0,0,0,0,0,0,0,86115395.0,True,True,complete,True,True,True
2018-11-14,2018-11-14 14:30:00+00:00,2018-11-14 21:00:00+00:00,390,390,0,390,390,0,0,0,0,0,0,0,109970344.0,True,True,complete,True,True,True
2018-11-15,2018-11-15 14:30:00+00:00,2018-11-15 21:00:00+00:00,390,390,0,390,390,0,0,0,0,0,0,0,117887749.0,True,True,complete,True,True,True
2018-11-16,2018-11-16 14:30:00+00:00,2018-11-16 21:00:00+00:00,390,390,0,390,390,0,0,0,0,0,0,0,106049463.0,True,True,complete,True,True,True
2018-11-19,2018-11-19 14:30:00+00:00,2018-11-19 21:00:00+00:00,390,390,0,390,390,0,0,0,0,0,0,0,86261945.0,True,True,complete,True,True,True
2018-11-20,2018-11-20 14:30:00+00:00,2018-11-20 21:00:00+00:00,390,390,0,390,390,0,0,0,0,0,0,0,119767342.0,True,True,complete,True,True,True
2018-11-21,2018-11-21 14:30:00+00:00,2018-11-21 21:00:00+00:00,390,390,0,390,390,0,0,0,0,0,0,0,62527580.0,True,True,complete,True,True,True
2018-11-23,2018-11-23 14:30:00+00:00,2018-11-23 18:00:00+00:00,210,210,0,210,210,0,0,0,0,0,0,0,35964613.0,True,True,complete,True,True,True
2018-11-26,2018-11-26 14:30:00+00:00,2018-11-26 21:00:00+00:00,390,390,0,390,390,0,0,0,0,0,0,0,65653260.0,True,True,complete,True,True,True
2018-11-27,2018-11-27 14:30:00+00:00,2018-11-27 21:00:00+00:00,390,390,0,390,390,0,0,0,0,0,0,0,64495980.0,True,True,complete,True,True,True
2018-11-28,2018-11-28 14:30:00+00:00,2018-11-28 21:00:00+00:00,390,390,0,390,390,0,0,0,0,0,0,0,111041741.0,True,True,complete,True,True,True
2018-11-29,2018-11-29 14:30:00+00:00,2018-11-29 21:00:00+00:00,390,390,0,390,390,0,0,0,0,0,0,0,69201794.0,True,True,complete,True,True,True
2018-11-30,2018-11-30 14:30:00+00:00,2018-11-30 21:00:00+00:00,390,390,0,390,390,0,0,0,0,0,0,0,75017810.0,True,True,complete,True,True,True
2018-12-03,2018-12-03 14:30:00+00:00,2018-12-03 21:00:00+00:00,390,390,0,390,390,0,0,0,0,0,0,0,85560208.0,True,True,complete,True,True,True
2018-12-04,2018-12-04 14:30:00+00:00,2018-12-04 21:00:00+00:00,390,390,0,390,390,0,0,0,0,0,0,0,150370434.0,True,True,complete,True,True,True
2018-12-06,2018-12-06 14:30:00+00:00,2018-12-06 21:00:00+00:00,390,390,0,390,390,0,0,0,0,0,0,0,180577984.0,True,True,complete,True,True,True
2018-12-07,2018-12-07 14:30:00+00:00,2018-12-07 21:00:00+00:00,390,390,0,390,390,0,0,0,0,0,0,0,139742702.0,True,True,complete,True,True,True
2018-12-10,2018-12-10 14:30:00+00:00,2018-12-10 21:00:00+00:00,390,390,0,390,390,0,0,0,0,0,0,0,141637324.0,True,True,complete,True,True,True
2018-12-11,2018-12-11 14:30:00+00:00,2018-12-11 21:00:00+00:00,390,390,0,390,390,0,0,0,0,0,0,0,110775775.0,True,True,complete,True,True,True
2018-12-12,2018-12-12 14:30:00+00:00,2018-12-12 21:00:00+00:00,390,390,0,390,390,0,0,0,0,0,0,0,84264441.0,True,True,complete,True,True,True
2018-12-13,2018-12-13 14:30:00+00:00,2018-12-13 21:00:00+00:00,390,390,0,390,390,0,0,0,0,0,0,0,84975975.0,True,True,complete,True,True,True
2018-12-14,2018-12-14 14:30:00+00:00,2018-12-14 21:00:00+00:00,390,390,0,390,390,0,0,0,0,0,0,0,102717980.0,True,True,complete,True,True,True
2018-12-17,2018-12-17 14:30:00+00:00,2018-12-17 21:00:00+00:00,390,390,0,390,390,0,0,0,0,0,0,0,144142162.0,True,True,complete,True,True,True
2018-12-18,2018-12-18 14:30:00+00:00,2018-12-18 21:00:00+00:00,390,390,0,390,390,0,0,0,0,0,0,0,118213528.0,True,True,complete,True,True,True
2018-12-19,2018-12-19 14:30:00+00:00,2018-12-19 21:00:00+00:00,390,390,0,390,390,0,0,0,0,0,0,0,194866029.0,True,True,complete,True,True,True
2018-12-20,2018-12-20 14:30:00+00:00,2018-12-20 21:00:00+00:00,390,390,0,390,390,0,0,0,0,0,0,0,220623093.0,True,True,complete,True,True,True
2018-12-21,2018-12-21 14:30:00+00:00,2018-12-21 21:00:00+00:00,390,390,0,390,390,0,0,0,0,0,0,0,208278444.0,True,True,complete,True,True,True
2018-12-24,2018-12-24 14:30:00+00:00,2018-12-24 18:00:00+00:00,210,210,0,210,210,0,0,0,0,0,0,0,122940408.0,True,True,complete,True,True,True
2018-12-26,2018-12-26 14:30:00+00:00,2018-12-26 21:00:00+00:00,390,390,0,390,390,0,0,0,0,0,0,0,190638612.0,True,True,complete,True,True,True
2018-12-27,2018-12-27 14:30:00+00:00,2018-12-27 21:00:00+00:00,390,390,0,390,390,0,0,0,0,0,0,0,158795499.0,True,True,complete,True,True,True
2018-12-28,2018-12-28 14:30:00+00:00,2018-12-28 21:00:00+00:00,390,390,0,390,390,0,0,0,0,0,0,0,135891380.0,True,True,complete,True,True,True
2018-12-31,2018-12-31 14:30:00+00:00,2018-12-31 21:00:00+00:00,390,390,0,390,390,0,0,0,0,0,0,0,105786689.0,True,True,complete,True,True,True
2019-01-02,2019-01-02 14:30:00+00:00,2019-01-02 21:00:00+00:00,390,390,0,390,390,0,0,0,0,0,0,0,108078747.0,True,True,complete,True,True,True
2019-01-03,2019-01-03 14:30:00+00:00,2019-01-03 21:00:00+00:00,390,390,0,390,390,0,0,0,0,0,0,0,118410495.0,True,True,complete,True,True,True
2019-01-04,2019-01-04 14:30:00+00:00,2019-01-04 21:00:00+00:00,390,390,0,390,390,0,0,0,0,0,0,0,124804156.0,True,True,complete,True,True,True
2019-01-07,2019-01-07 14:30:00+00:00,2019-01-07 21:00:00+00:00,390,390,0,390,390,0,0,0,0,0,0,0,90462425.0,True,True,complete,True,True,True
2019-01-08,2019-01-08 14:30:00+00:00,2019-01-08 21:00:00+00:00,390,390,0,390,390,0,0,0,0,0,0,0,89928150.0,True,True,complete,True,True,True
2019-01-09,2019-01-09 14:30:00+00:00,2019-01-09 21:00:00+00:00,390,390,0,390,390,0,0,0,0,0,0,0,78881426.0,True,True,complete,True,True,True
2019-01-10,2019-01-10 14:30:00+00:00,2019-01-10 21:00:00+00:00,390,390,0,390,390,0,0,0,0,0,0,0,87544266.0,True,True,complete,True,True,True
2019-01-11,2019-01-11 14:30:00+00:00,2019-01-11 21:00:00+00:00,390,390,0,390,390,0,0,0,0,0,0,0,62080265.0,True,True,complete,True,True,True
2019-01-14,2019-01-14 14:30:00+00:00,2019-01-14 21:00:00+00:00,390,390,0,390,390,0,0,0,0,0,0,0,54749726.0,True,True,complete,True,True,True
2019-01-15,2019-01-15 14:30:00+00:00,2019-01-15 21:00:00+00:00,390,390,0,390,390,0,0,0,0,0,0,0,73335806.0,True,True,complete,True,True,True
2019-01-16,2019-01-16 14:30:00+00:00,2019-01-16 21:00:00+00:00,390,390,0,390,390,0,0,0,0,0,0,0,61629552.0,True,True,complete,True,True,True
2019-01-17,2019-01-17 14:30:00+00:00,2019-01-17 21:00:00+00:00,390,390,0,390,390,0,0,0,0,0,0,0,80489325.0,True,True,complete,True,True,True
2019-01-18,2019-01-18 14:30:00+00:00,2019-01-18 21:00:00+00:00,390,390,0,390,390,0,0,0,0,0,0,0,103907313.0,True,True,complete,True,True,True
2019-01-22,2019-01-22 14:30:00+00:00,2019-01-22 21:00:00+00:00,390,390,0,390,390,0,0,0,0,0,0,0,92903098.0,True,True,complete,True,True,True
2019-01-23,2019-01-23 14:30:00+00:00,2019-01-23 21:00:00+00:00,390,390,0,390,390,0,0,0,0,0,0,0,75722657.0,True,True,complete,True,True,True
2019-01-24,2019-01-24 14:30:00+00:00,2019-01-24 21:00:00+00:00,390,390,0,390,390,0,0,0,0,0,0,0,50159208.0,True,True,complete,True,True,True
2019-01-25,2019-01-25 14:30:00+00:00,2019-01-25 21:00:00+00:00,390,390,0,390,390,0,0,0,0,0,0,0,81548058.0,True,True,complete,True,True,True
2019-01-28,2019-01-28 14:30:00+00:00,2019-01-28 21:00:00+00:00,390,390,0,390,390,0,0,0,0,0,0,0,76882629.0,True,True,complete,True,True,True
2019-01-29,2019-01-29 14:30:00+00:00,2019-01-29 21:00:00+00:00,390,390,0,390,390,0,0,0,0,0,0,0,55211487.0,True,True,complete,True,True,True
2019-01-30,2019-01-30 14:30:00+00:00,2019-01-30 21:00:00+00:00,390,390,0,390,390,0,0,0,0,0,0,0,81875540.0,True,True,complete,True,True,True
2019-01-31,2019-01-31 14:30:00+00:00,2019-01-31 21:00:00+00:00,390,390,0,390,390,0,0,0,0,0,0,0,75820007.0,True,True,complete,True,True,True
2019-02-01,2019-02-01 14:30:00+00:00,2019-02-01 21:00:00+00:00,390,390,0,390,390,0,0,0,0,0,0,0,70573962.0,True,True,complete,True,True,True
2019-02-04,2019-02-04 14:30:00+00:00,2019-02-04 21:00:00+00:00,390,390,0,390,390,0,0,0,0,0,0,0,49328022.0,True,True,complete,True,True,True
2019-02-05,2019-02-05 14:30:00+00:00,2019-02-05 21:00:00+00:00,390,390,0,390,390,0,0,0,0,0,0,0,63602070.0,True,True,complete,True,True,True
2019-02-06,2019-02-06 14:30:00+00:00,2019-02-06 21:00:00+00:00,390,390,0,390,390,0,0,0,0,0,0,0,45222377.0,True,True,complete,True,True,True
2019-02-07,2019-02-07 14:30:00+00:00,2019-02-07 21:00:00+00:00,390,390,0,390,390,0,0,0,0,0,0,0,85918968.0,True,True,complete,True,True,True
2019-02-08,2019-02-08 14:30:00+00:00,2019-02-08 21:00:00+00:00,390,390,0,390,390,0,0,0,0,0,0,0,65405443.0,True,True,complete,True,True,True
2019-02-11,2019-02-11 14:30:00+00:00,2019-02-11 21:00:00+00:00,390,390,0,390,390,0,0,0,0,0,0,0,58686757.0,True,True,complete,True,True,True
2019-02-12,2019-02-12 14:30:00+00:00,2019-02-12 21:00:00+00:00,390,390,0,390,390,0,0,0,0,0,0,0,61837214.0,True,True,complete,True,True,True
2019-02-13,2019-02-13 14:30:00+00:00,2019-02-13 21:00:00+00:00,390,390,0,390,390,0,0,0,0,0,0,0,56308991.0,True,True,complete,True,True,True
2019-02-14,2019-02-14 14:30:00+00:00,2019-02-14 21:00:00+00:00,390,390,0,390,390,0,0,0,0,0,0,0,74271780.0,True,True,complete,True,True,True
2019-02-15,2019-02-15 14:30:00+00:00,2019-02-15 21:00:00+00:00,390,390,0,390,390,0,0,0,0,0,0,0,77446692.0,True,True,complete,True,True,True
2019-02-19,2019-02-19 14:30:00+00:00,2019-02-19 21:00:00+00:00,390,390,0,390,390,0,0,0,0,0,0,0,51249320.0,True,True,complete,True,True,True
2019-02-20,2019-02-20 14:30:00+00:00,2019-02-20 21:00:00+00:00,390,390,0,390,390,0,0,0,0,0,0,0,66438109.0,True,True,complete,True,True,True
2019-02-21,2019-02-21 14:30:00+00:00,2019-02-21 21:00:00+00:00,390,390,0,390,390,0,0,0,0,0,0,0,53976347.0,True,True,complete,True,True,True
2019-02-22,2019-02-22 14:30:00+00:00,2019-02-22 21:00:00+00:00,390,390,0,390,390,0,0,0,0,0,0,0,67524311.0,True,True,complete,True,True,True
2019-02-25,2019-02-25 14:30:00+00:00,2019-02-25 21:00:00+00:00,390,390,0,390,390,0,0,0,0,0,0,0,60799105.0,True,True,complete,True,True,True
2019-02-26,2019-02-26 14:30:00+00:00,2019-02-26 21:00:00+00:00,390,390,0,390,390,0,0,0,0,0,0,0,50648141.0,True,True,complete,True,True,True
2019-02-27,2019-02-27 14:30:00+00:00,2019-02-27 21:00:00+00:00,390,390,0,390,390,0,0,0,0,0,0,0,50262257.0,True,True,complete,True,True,True
2019-02-28,2019-02-28 14:30:00+00:00,2019-02-28 21:00:00+00:00,390,390,0,390,390,0,0,0,0,0,0,0,52651505.0,True,True,complete,True,True,True
2019-03-01,2019-03-01 14:30:00+00:00,2019-03-01 21:00:00+00:00,390,390,0,390,390,0,0,0,0,0,0,0,63088384.0,True,True,complete,True,True,True
2019-03-04,2019-03-04 14:30:00+00:00,2019-03-04 21:00:00+00:00,390,390,0,390,390,0,0,0,0,0,0,0,89197315.0,True,True,complete,True,True,True
2019-03-05,2019-03-05 14:30:00+00:00,2019-03-05 21:00:00+00:00,390,390,0,390,390,0,0,0,0,0,0,0,48369894.0,True,True,complete,True,True,True
2019-03-06,2019-03-06 14:30:00+00:00,2019-03-06 21:00:00+00:00,390,390,0,390,390,0,0,0,0,0,0,0,61764426.0,True,True,complete,True,True,True
2019-03-07,2019-03-07 14:30:00+00:00,2019-03-07 21:00:00+00:00,390,390,0,390,390,0,0,0,0,0,0,0,84417017.0,True,True,complete,True,True,True
2019-03-08,2019-03-08 14:30:00+00:00,2019-03-08 21:00:00+00:00,390,390,0,390,390,0,0,0,0,0,0,0,74064217.0,True,True,complete,True,True,True
2019-03-11,2019-03-11 13:30:00+00:00,2019-03-11 20:00:00+00:00,390,390,0,390,390,0,0,0,0,0,0,0,53733322.0,True,True,complete,True,True,True
2019-03-12,2019-03-12 13:30:00+00:00,2019-03-12 20:00:00+00:00,390,390,0,390,390,0,0,0,0,0,0,0,65686912.0,True,True,complete,True,True,True
2019-03-13,2019-03-13 13:30:00+00:00,2019-03-13 20:00:00+00:00,390,390,0,390,390,0,0,0,0,0,0,0,65921108.0,True,True,complete,True,True,True
2019-03-14,2019-03-14 13:30:00+00:00,2019-03-14 20:00:00+00:00,390,390,0,390,390,0,0,0,0,0,0,0,56142980.0,True,True,complete,True,True,True
2019-03-15,2019-03-15 13:30:00+00:00,2019-03-15 20:00:00+00:00,390,390,0,390,390,0,0,0,0,0,0,0,67655131.0,True,True,complete,True,True,True
2019-03-18,2019-03-18 13:30:00+00:00,2019-03-18 20:00:00+00:00,390,390,0,390,390,0,0,0,0,0,0,0,52777726.0,True,True,complete,True,True,True
2019-03-19,2019-03-19 13:30:00+00:00,2019-03-19 20:00:00+00:00,390,390,0,390,390,0,0,0,0,0,0,0,74448740.0,True,True,complete,True,True,True
2019-03-20,2019-03-20 13:30:00+00:00,2019-03-20 20:00:00+00:00,390,390,0,390,390,0,0,0,0,0,0,0,74905620.0,True,True,complete,True,True,True
2019-03-21,2019-03-21 13:30:00+00:00,2019-03-21 20:00:00+00:00,390,390,0,390,390,0,0,0,0,0,0,0,70089517.0,True,True,complete,True,True,True
2019-03-22,2019-03-22 13:30:00+00:00,2019-03-22 20:00:00+00:00,390,390,0,390,390,0,0,0,0,0,0,0,109173023.0,True,True,complete,True,True,True
2019-03-25,2019-03-25 13:30:00+00:00,2019-03-25 20:00:00+00:00,390,390,0,390,390,0,0,0,0,0,0,0,74904992.0,True,True,complete,True,True,True
2019-03-26,2019-03-26 13:30:00+00:00,2019-03-26 20:00:00+00:00,390,390,0,390,390,0,0,0,0,0,0,0,58235892.0,True,True,complete,True,True,True
2019-03-27,2019-03-27 13:30:00+00:00,2019-03-27 20:00:00+00:00,390,390,0,390,390,0,0,0,0,0,0,0,65461990.0,True,True,complete,True,True,True
2019-03-28,2019-03-28 13:30:00+00:00,2019-03-28 20:00:00+00:00,390,390,0,390,390,0,0,0,0,0,0,0,50562662.0,True,True,complete,True,True,True
2019-03-29,2019-03-29 13:30:00+00:00,2019-03-29 20:00:00+00:00,390,390,0,390,390,0,0,0,0,0,0,0,58371765.0,True,True,complete,True,True,True
2019-04-01,2019-04-01 13:30:00+00:00,2019-04-01 20:00:00+00:00,390,390,0,390,390,0,0,0,0,0,0,0,61425151.0,True,True,complete,True,True,True
2019-04-02,2019-04-02 13:30:00+00:00,2019-04-02 20:00:00+00:00,390,390,0,390,390,0,0,0,0,0,0,0,36451150.0,True,True,complete,True,True,True
2019-04-03,2019-04-03 13:30:00+00:00,2019-04-03 20:00:00+00:00,390,390,0,390,390,0,0,0,0,0,0,0,57381209.0,True,True,complete,True,True,True
2019-04-04,2019-04-04 13:30:00+00:00,2019-04-04 20:00:00+00:00,390,390,0,390,390,0,0,0,0,0,0,0,44383018.0,True,True,complete,True,True,True
2019-04-05,2019-04-05 13:30:00+00:00,2019-04-05 20:00:00+00:00,390,390,0,390,390,0,0,0,0,0,0,0,50767512.0,True,True,complete,True,True,True
2019-04-08,2019-04-08 13:30:00+00:00,2019-04-08 20:00:00+00:00,390,390,0,390,390,0,0,0,0,0,0,0,42363219.0,True,True,complete,True,True,True
2019-04-09,2019-04-09 13:30:00+00:00,2019-04-09 20:00:00+00:00,390,390,0,390,390,0,0,0,0,0,0,0,56826482.0,True,True,complete,True,True,True
2019-04-10,2019-04-10 13:30:00+00:00,2019-04-10 20:00:00+00:00,390,390,0,390,390,0,0,0,0,0,0,0,44312924.0,True,True,complete,True,True,True
2019-04-11,2019-04-11 13:30:00+00:00,2019-04-11 20:00:00+00:00,390,390,0,390,390,0,0,0,0,0,0,0,49985812.0,True,True,complete,True,True,True
2019-04-12,2019-04-12 13:30:00+00:00,2019-04-12 20:00:00+00:00,390,390,0,390,390,0,0,0,0,0,0,0,52980956.0,True,True,complete,True,True,True
2019-04-15,2019-04-15 13:30:00+00:00,2019-04-15 20:00:00+00:00,390,390,0,390,390,0,0,0,0,0,0,0,39917460.0,True,True,complete,True,True,True
2019-04-16,2019-04-16 13:30:00+00:00,2019-04-16 20:00:00+00:00,390,390,0,390,390,0,0,0,0,0,0,0,46584605.0,True,True,complete,True,True,True
2019-04-17,2019-04-17 13:30:00+00:00,2019-04-17 20:00:00+00:00,390,390,0,390,390,0,0,0,0,0,0,0,46042679.0,True,True,complete,True,True,True
2019-04-18,2019-04-18 13:30:00+00:00,2019-04-18 20:00:00+00:00,390,390,0,390,390,0,0,0,0,0,0,0,55915797.0,True,True,complete,True,True,True
2019-04-22,2019-04-22 13:30:00+00:00,2019-04-22 20:00:00+00:00,390,390,0,390,390,0,0,0,0,0,0,0,33093807.0,True,True,complete,True,True,True
2019-04-23,2019-04-23 13:30:00+00:00,2019-04-23 20:00:00+00:00,390,390,0,390,390,0,0,0,0,0,0,0,46481866.0,True,True,complete,True,True,True
2019-04-24,2019-04-24 13:30:00+00:00,2019-04-24 20:00:00+00:00,390,390,0,390,390,0,0,0,0,0,0,0,38310359.0,True,True,complete,True,True,True
2019-04-25,2019-04-25 13:30:00+00:00,2019-04-25 20:00:00+00:00,390,390,0,390,390,0,0,0,0,0,0,0,46570575.0,True,True,complete,True,True,True
2019-04-26,2019-04-26 13:30:00+00:00,2019-04-26 20:00:00+00:00,390,390,0,390,390,0,0,0,0,0,0,0,39060873.0,True,True,complete,True,True,True
2019-04-29,2019-04-29 13:30:00+00:00,2019-04-29 20:00:00+00:00,390,390,0,390,390,0,0,0,0,0,0,0,48910140.0,True,True,complete,True,True,True
2019-04-30,2019-04-30 13:30:00+00:00,2019-04-30 20:00:00+00:00,390,390,0,390,390,0,0,0,0,0,0,0,63192956.0,True,True,complete,True,True,True
2019-05-01,2019-05-01 13:30:00+00:00,2019-05-01 20:00:00+00:00,390,390,0,390,390,0,0,0,0,0,0,0,59240887.0,True,True,complete,True,True,True
2019-05-02,2019-05-02 13:30:00+00:00,2019-05-02 20:00:00+00:00,390,390,0,390,390,0,0,0,0,0,0,0,59048822.0,True,True,complete,True,True,True
2019-05-03,2019-05-03 13:30:00+00:00,2019-05-03 20:00:00+00:00,390,390,0,390,390,0,0,0,0,0,0,0,45194263.0,True,True,complete,True,True,True
2019-05-06,2019-05-06 13:30:00+00:00,2019-05-06 20:00:00+00:00,390,390,0,390,390,0,0,0,0,0,0,0,76832660.0,True,True,complete,True,True,True
2019-05-07,2019-05-07 13:30:00+00:00,2019-05-07 20:00:00+00:00,390,390,0,390,390,0,0,0,0,0,0,0,118190454.0,True,True,complete,True,True,True
2019-05-08,2019-05-08 13:30:00+00:00,2019-05-08 20:00:00+00:00,390,390,0,390,390,0,0,0,0,0,0,0,74957121.0,True,True,complete,True,True,True
2019-05-09,2019-05-09 13:30:00+00:00,2019-05-09 20:00:00+00:00,390,390,0,390,390,0,0,0,0,0,0,0,90338482.0,True,True,complete,True,True,True
2019-05-10,2019-05-10 13:30:00+00:00,2019-05-10 20:00:00+00:00,390,390,0,390,390,0,0,0,0,0,0,0,97126844.0,True,True,complete,True,True,True
2019-05-13,2019-05-13 13:30:00+00:00,2019-05-13 20:00:00+00:00,390,390,0,390,390,0,0,0,0,0,0,0,106115356.0,True,True,complete,True,True,True
2019-05-14,2019-05-14 13:30:00+00:00,2019-05-14 20:00:00+00:00,390,390,0,390,390,0,0,0,0,0,0,0,68081964.0,True,True,complete,True,True,True
2019-05-15,2019-05-15 13:30:00+00:00,2019-05-15 20:00:00+00:00,390,390,0,390,390,0,0,0,0,0,0,0,61717264.0,True,True,complete,True,True,True
2019-05-16,2019-05-16 13:30:00+00:00,2019-05-16 20:00:00+00:00,390,390,0,390,390,0,0,0,0,0,0,0,62691873.0,True,True,complete,True,True,True
2019-05-17,2019-05-17 13:30:00+00:00,2019-05-17 20:00:00+00:00,390,390,0,390,390,0,0,0,0,0,0,0,81700974.0,True,True,complete,True,True,True
2019-05-20,2019-05-20 13:30:00+00:00,2019-05-20 20:00:00+00:00,390,390,0,390,390,0,0,0,0,0,0,0,52766450.0,True,True,complete,True,True,True
2019-05-21,2019-05-21 13:30:00+00:00,2019-05-21 20:00:00+00:00,390,390,0,390,390,0,0,0,0,0,0,0,41050097.0,True,True,complete,True,True,True
2019-05-22,2019-05-22 13:30:00+00:00,2019-05-22 20:00:00+00:00,390,390,0,390,390,0,0,0,0,0,0,0,43588311.0,True,True,complete,True,True,True
2019-05-23,2019-05-23 13:30:00+00:00,2019-05-23 20:00:00+00:00,390,390,0,390,390,0,0,0,0,0,0,0,82442113.0,True,True,complete,True,True,True
2019-05-24,2019-05-24 13:30:00+00:00,2019-05-24 20:00:00+00:00,390,390,0,390,390,0,0,0,0,0,0,0,44233410.0,True,True,complete,True,True,True
2019-05-28,2019-05-28 13:30:00+00:00,2019-05-28 20:00:00+00:00,390,390,0,390,390,0,0,0,0,0,0,0,59340872.0,True,True,complete,True,True,True
2019-05-29,2019-05-29 13:30:00+00:00,2019-05-29 20:00:00+00:00,390,390,0,390,390,0,0,0,0,0,0,0,90958757.0,True,True,complete,True,True,True
2019-05-30,2019-05-30 13:30:00+00:00,2019-05-30 20:00:00+00:00,390,390,0,390,390,0,0,0,0,0,0,0,53706213.0,True,True,complete,True,True,True
2019-05-31,2019-05-31 13:30:00+00:00,2019-05-31 20:00:00+00:00,390,390,0,390,390,0,0,0,0,0,0,0,69772358.0,True,True,complete,True,True,True
2019-06-03,2019-06-03 13:30:00+00:00,2019-06-03 20:00:00+00:00,390,390,0,390,390,0,0,0,0,0,0,0,86062322.0,True,True,complete,True,True,True
2019-06-04,2019-06-04 13:30:00+00:00,2019-06-04 20:00:00+00:00,390,390,0,390,390,0,0,0,0,0,0,0,66508056.0,True,True,complete,True,True,True
2019-06-05,2019-06-05 13:30:00+00:00,2019-06-05 20:00:00+00:00,390,390,0,390,390,0,0,0,0,0,0,0,61032826.0,True,True,complete,True,True,True
2019-06-06,2019-06-06 13:30:00+00:00,2019-06-06 20:00:00+00:00,390,390,0,390,390,0,0,0,0,0,0,0,55190572.0,True,True,complete,True,True,True
2019-06-07,2019-06-07 13:30:00+00:00,2019-06-07 20:00:00+00:00,390,390,0,390,390,0,0,0,0,0,0,0,62817509.0,True,True,complete,True,True,True
2019-06-10,2019-06-10 13:30:00+00:00,2019-06-10 20:00:00+00:00,390,390,0,390,390,0,0,0,0,0,0,0,53568134.0,True,True,complete,True,True,True
2019-06-11,2019-06-11 13:30:00+00:00,2019-06-11 20:00:00+00:00,390,390,0,390,390,0,0,0,0,0,0,0,47907765.0,True,True,complete,True,True,True
2019-06-12,2019-06-12 13:30:00+00:00,2019-06-12 20:00:00+00:00,390,390,0,390,390,0,0,0,0,0,0,0,39203430.0,True,True,complete,True,True,True
2019-06-13,2019-06-13 13:30:00+00:00,2019-06-13 20:00:00+00:00,390,390,0,390,390,0,0,0,0,0,0,0,42440294.0,True,True,complete,True,True,True
2019-06-14,2019-06-14 13:30:00+00:00,2019-06-14 20:00:00+00:00,390,390,0,390,390,0,0,0,0,0,0,0,43727064.0,True,True,complete,True,True,True
2019-06-17,2019-06-17 13:30:00+00:00,2019-06-17 20:00:00+00:00,390,390,0,390,390,0,0,0,0,0,0,0,34088973.0,True,True,complete,True,True,True
2019-06-18,2019-06-18 13:30:00+00:00,2019-06-18 20:00:00+00:00,390,390,0,390,390,0,0,0,0,0,0,0,75075913.0,True,True,complete,True,True,True
2019-06-19,2019-06-19 13:30:00+00:00,2019-06-19 20:00:00+00:00,390,390,0,390,390,0,0,0,0,0,0,0,67838450.0,True,True,complete,True,True,True
2019-06-20,2019-06-20 13:30:00+00:00,2019-06-20 20:00:00+00:00,390,390,0,390,390,0,0,0,0,0,0,0,84777379.0,True,True,complete,True,True,True
2019-06-21,2019-06-21 13:30:00+00:00,2019-06-21 20:00:00+00:00,390,390,0,390,390,0,0,0,0,0,0,0,64218105.0,True,True,complete,True,True,True
2019-06-24,2019-06-24 13:30:00+00:00,2019-06-24 20:00:00+00:00,390,390,0,390,390,0,0,0,0,0,0,0,37305523.0,True,True,complete,True,True,True
2019-06-25,2019-06-25 13:30:00+00:00,2019-06-25 20:00:00+00:00,390,390,0,390,390,0,0,0,0,0,0,0,67448879.0,True,True,complete,True,True,True
2019-06-26,2019-06-26 13:30:00+00:00,2019-06-26 20:00:00+00:00,390,390,0,390,390,0,0,0,0,0,0,0,41580590.0,True,True,complete,True,True,True
2019-06-27,2019-06-27 13:30:00+00:00,2019-06-27 20:00:00+00:00,390,390,0,390,390,0,0,0,0,0,0,0,33256470.0,True,True,complete,True,True,True
2019-06-28,2019-06-28 13:30:00+00:00,2019-06-28 20:00:00+00:00,390,390,0,390,390,0,0,0,0,0,0,0,45792222.0,True,True,complete,True,True,True
2019-07-01,2019-07-01 13:30:00+00:00,2019-07-01 20:00:00+00:00,390,390,0,390,390,0,0,0,0,0,0,0,60521321.0,True,True,complete,True,True,True
2019-07-02,2019-07-02 13:30:00+00:00,2019-07-02 20:00:00+00:00,390,390,0,390,390,0,0,0,0,0,0,0,53043899.0,True,True,complete,True,True,True
2019-07-03,2019-07-03 13:30:00+00:00,2019-07-03 17:00:00+00:00,210,210,0,210,210,0,0,0,0,0,0,0,29870777.0,True,True,complete,True,True,True
2019-07-05,2019-07-05 13:30:00+00:00,2019-07-05 20:00:00+00:00,390,390,0,390,390,0,0,0,0,0,0,0,40806246.0,True,True,complete,True,True,True
2019-07-08,2019-07-08 13:30:00+00:00,2019-07-08 20:00:00+00:00,390,390,0,390,390,0,0,0,0,0,0,0,36442154.0,True,True,complete,True,True,True
2019-07-09,2019-07-09 13:30:00+00:00,2019-07-09 20:00:00+00:00,390,390,0,390,390,0,0,0,0,0,0,0,33686078.0,True,True,complete,True,True,True
2019-07-10,2019-07-10 13:30:00+00:00,2019-07-10 20:00:00+00:00,390,390,0,390,390,0,0,0,0,0,0,0,47738413.0,True,True,complete,True,True,True
2019-07-11,2019-07-11 13:30:00+00:00,2019-07-11 20:00:00+00:00,390,390,0,390,390,0,0,0,0,0,0,0,45430811.0,True,True,complete,True,True,True
2019-07-12,2019-07-12 13:30:00+00:00,2019-07-12 20:00:00+00:00,390,390,0,390,390,0,0,0,0,0,0,0,34762302.0,True,True,complete,True,True,True
2019-07-15,2019-07-15 13:30:00+00:00,2019-07-15 20:00:00+00:00,390,390,0,390,390,0,0,0,0,0,0,0,27613762.0,True,True,complete,True,True,True
2019-07-16,2019-07-16 13:30:00+00:00,2019-07-16 20:00:00+00:00,390,390,0,390,390,0,0,0,0,0,0,0,34996495.0,True,True,complete,True,True,True
2019-07-17,2019-07-17 13:30:00+00:00,2019-07-17 20:00:00+00:00,390,390,0,390,390,0,0,0,0,0,0,0,33605408.0,True,True,complete,True,True,True
2019-07-18,2019-07-18 13:30:00+00:00,2019-07-18 20:00:00+00:00,390,390,0,390,390,0,0,0,0,0,0,0,45022438.0,True,True,complete,True,True,True
2019-07-19,2019-07-19 13:30:00+00:00,2019-07-19 20:00:00+00:00,390,390,0,390,390,0,0,0,0,0,0,0,56009264.0,True,True,complete,True,True,True
2019-07-22,2019-07-22 13:30:00+00:00,2019-07-22 20:00:00+00:00,390,390,0,390,390,0,0,0,0,0,0,0,33721201.0,True,True,complete,True,True,True
2019-07-23,2019-07-23 13:30:00+00:00,2019-07-23 20:00:00+00:00,390,390,0,390,390,0,0,0,0,0,0,0,39225482.0,True,True,complete,True,True,True
2019-07-24,2019-07-24 13:30:00+00:00,2019-07-24 20:00:00+00:00,390,390,0,390,390,0,0,0,0,0,0,0,37255820.0,True,True,complete,True,True,True
2019-07-25,2019-07-25 13:30:00+00:00,2019-07-25 20:00:00+00:00,390,390,0,390,390,0,0,0,0,0,0,0,42964391.0,True,True,complete,True,True,True
2019-07-26,2019-07-26 13:30:00+00:00,2019-07-26 20:00:00+00:00,390,390,0,390,390,0,0,0,0,0,0,0,32883103.0,True,True,complete,True,True,True
2019-07-29,2019-07-29 13:30:00+00:00,2019-07-29 20:00:00+00:00,390,390,0,390,390,0,0,0,0,0,0,0,32601431.0,True,True,complete,True,True,True
2019-07-30,2019-07-30 13:30:00+00:00,2019-07-30 20:00:00+00:00,390,390,0,390,390,0,0,0,0,0,0,0,38273329.0,True,True,complete,True,True,True
2019-07-31,2019-07-31 13:30:00+00:00,2019-07-31 20:00:00+00:00,390,390,0,390,390,0,0,0,0,0,0,0,90485937.0,True,True,complete,True,True,True
2019-08-01,2019-08-01 13:30:00+00:00,2019-08-01 20:00:00+00:00,390,390,0,390,390,0,0,0,0,0,0,0,127044693.0,True,True,complete,True,True,True
2019-08-02,2019-08-02 13:30:00+00:00,2019-08-02 20:00:00+00:00,390,390,0,390,390,0,0,0,0,0,0,0,95720561.0,True,True,complete,True,True,True
2019-08-05,2019-08-05 13:30:00+00:00,2019-08-05 20:00:00+00:00,390,390,0,390,390,0,0,0,0,0,0,0,148753071.0,True,True,complete,True,True,True
2019-08-06,2019-08-06 13:30:00+00:00,2019-08-06 20:00:00+00:00,390,390,0,390,390,0,0,0,0,0,0,0,97830178.0,True,True,complete,True,True,True
2019-08-07,2019-08-07 13:30:00+00:00,2019-08-07 20:00:00+00:00,390,390,0,390,390,0,0,0,0,0,0,0,110117719.0,True,True,complete,True,True,True
2019-08-08,2019-08-08 13:30:00+00:00,2019-08-08 20:00:00+00:00,390,390,0,390,390,0,0,0,0,0,0,0,70598748.0,True,True,complete,True,True,True
2019-08-09,2019-08-09 13:30:00+00:00,2019-08-09 20:00:00+00:00,390,390,0,390,390,0,0,0,0,0,0,0,78913538.0,True,True,complete,True,True,True
2019-08-12,2019-08-12 13:30:00+00:00,2019-08-12 20:00:00+00:00,390,390,0,390,360,30,0,0,0,2,28,0,48835187.0,True,False,truncated,False,False,True
2019-08-13,2019-08-13 13:30:00+00:00,2019-08-13 20:00:00+00:00,390,390,0,390,390,0,0,0,0,0,0,0,82317899.0,True,True,complete,True,True,True
2019-08-14,2019-08-14 13:30:00+00:00,2019-08-14 20:00:00+00:00,390,390,0,390,390,0,0,0,0,0,0,0,114608058.0,True,True,complete,True,True,True
2019-08-15,2019-08-15 13:30:00+00:00,2019-08-15 20:00:00+00:00,390,390,0,390,390,0,0,0,0,0,0,0,82279250.0,True,True,complete,True,True,True
2019-08-16,2019-08-16 13:30:00+00:00,2019-08-16 20:00:00+00:00,390,390,0,390,390,0,0,0,0,0,0,0,67106835.0,True,True,complete,True,True,True
2019-08-19,2019-08-19 13:30:00+00:00,2019-08-19 20:00:00+00:00,390,390,0,390,390,0,0,0,0,0,0,0,45437546.0,True,True,complete,True,True,True
2019-08-20,2019-08-20 13:30:00+00:00,2019-08-20 20:00:00+00:00,390,390,0,390,390,0,0,0,0,0,0,0,43049265.0,True,True,complete,True,True,True
2019-08-21,2019-08-21 13:30:00+00:00,2019-08-21 20:00:00+00:00,390,390,0,390,390,0,0,0,0,0,0,0,41554843.0,True,True,complete,True,True,True
2019-08-22,2019-08-22 13:30:00+00:00,2019-08-22 20:00:00+00:00,390,390,0,390,390,0,0,0,0,0,0,0,45587177.0,True,True,complete,True,True,True
2019-08-23,2019-08-23 13:30:00+00:00,2019-08-23 20:00:00+00:00,390,390,0,390,390,0,0,0,0,0,0,0,117692884.0,True,True,complete,True,True,True
2019-08-26,2019-08-26 13:30:00+00:00,2019-08-26 20:00:00+00:00,390,390,0,390,390,0,0,0,0,0,0,0,58035424.0,True,True,complete,True,True,True
2019-08-27,2019-08-27 13:30:00+00:00,2019-08-27 20:00:00+00:00,390,390,0,390,390,0,0,0,0,0,0,0,59716786.0,True,True,complete,True,True,True
2019-08-28,2019-08-28 13:30:00+00:00,2019-08-28 20:00:00+00:00,390,390,0,390,390,0,0,0,0,0,0,0,52528341.0,True,True,complete,True,True,True
2019-08-29,2019-08-29 13:30:00+00:00,2019-08-29 20:00:00+00:00,390,390,0,390,390,0,0,0,0,0,0,0,49258733.0,True,True,complete,True,True,True
2019-08-30,2019-08-30 13:30:00+00:00,2019-08-30 20:00:00+00:00,390,390,0,390,390,0,0,0,0,0,0,0,51595052.0,True,True,complete,True,True,True
2019-09-03,2019-09-03 13:30:00+00:00,2019-09-03 20:00:00+00:00,390,390,0,390,390,0,0,0,0,0,0,0,55424216.0,True,True,complete,True,True,True
2019-09-04,2019-09-04 13:30:00+00:00,2019-09-04 20:00:00+00:00,390,390,0,390,390,0,0,0,0,0,0,0,40017388.0,True,True,complete,True,True,True
2019-09-05,2019-09-05 13:30:00+00:00,2019-09-05 20:00:00+00:00,390,390,0,390,390,0,0,0,0,0,0,0,72625717.0,True,True,complete,True,True,True
2019-09-06,2019-09-06 13:30:00+00:00,2019-09-06 20:00:00+00:00,390,390,0,390,390,0,0,0,0,0,0,0,41816039.0,True,True,complete,True,True,True
2019-09-09,2019-09-09 13:30:00+00:00,2019-09-09 20:00:00+00:00,390,390,0,390,390,0,0,0,0,0,0,0,45987106.0,True,True,complete,True,True,True
2019-09-10,2019-09-10 13:30:00+00:00,2019-09-10 20:00:00+00:00,390,390,0,390,390,0,0,0,0,0,0,0,51014940.0,True,True,complete,True,True,True
2019-09-11,2019-09-11 13:30:00+00:00,2019-09-11 20:00:00+00:00,390,390,0,390,390,0,0,0,0,0,0,0,55569452.0,True,True,complete,True,True,True
2019-09-12,2019-09-12 13:30:00+00:00,2019-09-12 20:00:00+00:00,390,390,0,390,390,0,0,0,0,0,0,0,65585223.0,True,True,complete,True,True,True
2019-09-13,2019-09-13 13:30:00+00:00,2019-09-13 20:00:00+00:00,390,390,0,390,390,0,0,0,0,0,0,0,53143779.0,True,True,complete,True,True,True
2019-09-16,2019-09-16 13:30:00+00:00,2019-09-16 20:00:00+00:00,390,390,0,390,390,0,0,0,0,0,0,0,47641370.0,True,True,complete,True,True,True
2019-09-17,2019-09-17 13:30:00+00:00,2019-09-17 20:00:00+00:00,390,390,0,390,390,0,0,0,0,0,0,0,35437369.0,True,True,complete,True,True,True
2019-09-18,2019-09-18 13:30:00+00:00,2019-09-18 20:00:00+00:00,390,390,0,390,390,0,0,0,0,0,0,0,67878805.0,True,True,complete,True,True,True
2019-09-19,2019-09-19 13:30:00+00:00,2019-09-19 20:00:00+00:00,390,390,0,390,390,0,0,0,0,0,0,0,66955976.0,True,True,complete,True,True,True
2019-09-20,2019-09-20 13:30:00+00:00,2019-09-20 20:00:00+00:00,390,390,0,390,390,0,0,0,0,0,0,0,72838446.0,True,True,complete,True,True,True
2019-09-23,2019-09-23 13:30:00+00:00,2019-09-23 20:00:00+00:00,390,390,0,390,390,0,0,0,0,0,0,0,34218325.0,True,True,complete,True,True,True
2019-09-24,2019-09-24 13:30:00+00:00,2019-09-24 20:00:00+00:00,390,390,0,390,390,0,0,0,0,0,0,0,84346604.0,True,True,complete,True,True,True
2019-09-25,2019-09-25 13:30:00+00:00,2019-09-25 20:00:00+00:00,390,390,0,390,390,0,0,0,0,0,0,0,54671522.0,True,True,complete,True,True,True
2019-09-26,2019-09-26 13:30:00+00:00,2019-09-26 20:00:00+00:00,390,390,0,390,390,0,0,0,0,0,0,0,49734203.0,True,True,complete,True,True,True
2019-09-27,2019-09-27 13:30:00+00:00,2019-09-27 20:00:00+00:00,390,390,0,390,390,0,0,0,0,0,0,0,68136192.0,True,True,complete,True,True,True
2019-09-30,2019-09-30 13:30:00+00:00,2019-09-30 20:00:00+00:00,390,390,0,390,390,0,0,0,0,0,0,0,42012536.0,True,True,complete,True,True,True
2019-10-01,2019-10-01 13:30:00+00:00,2019-10-01 20:00:00+00:00,390,390,0,390,390,0,0,0,0,0,0,0,81037507.0,True,True,complete,True,True,True
2019-10-02,2019-10-02 13:30:00+00:00,2019-10-02 20:00:00+00:00,390,390,0,390,390,0,0,0,0,0,0,0,109490927.0,True,True,complete,True,True,True
2019-10-03,2019-10-03 13:30:00+00:00,2019-10-03 20:00:00+00:00,390,390,0,390,390,0,0,0,0,0,0,0,79588048.0,True,True,complete,True,True,True
2019-10-04,2019-10-04 13:30:00+00:00,2019-10-04 20:00:00+00:00,390,390,0,390,390,0,0,0,0,0,0,0,50498097.0,True,True,complete,True,True,True
2019-10-07,2019-10-07 13:30:00+00:00,2019-10-07 20:00:00+00:00,390,390,0,390,390,0,0,0,0,0,0,0,51017277.0,True,True,complete,True,True,True
2019-10-08,2019-10-08 13:30:00+00:00,2019-10-08 20:00:00+00:00,390,390,0,390,390,0,0,0,0,0,0,0,82802596.0,True,True,complete,True,True,True
2019-10-09,2019-10-09 13:30:00+00:00,2019-10-09 20:00:00+00:00,390,390,0,390,390,0,0,0,0,0,0,0,49075963.0,True,True,complete,True,True,True
2019-10-10,2019-10-10 13:30:00+00:00,2019-10-10 20:00:00+00:00,390,390,0,390,390,0,0,0,0,0,0,0,50817778.0,True,True,complete,True,True,True
2019-10-11,2019-10-11 13:30:00+00:00,2019-10-11 20:00:00+00:00,390,390,0,390,390,0,0,0,0,0,0,0,83086618.0,True,True,complete,True,True,True
2019-10-14,2019-10-14 13:30:00+00:00,2019-10-14 20:00:00+00:00,390,390,0,390,390,0,0,0,0,0,0,0,32416819.0,True,True,complete,True,True,True
2019-10-15,2019-10-15 13:30:00+00:00,2019-10-15 20:00:00+00:00,390,390,0,390,390,0,0,0,0,0,0,0,41016640.0,True,True,complete,True,True,True
2019-10-16,2019-10-16 13:30:00+00:00,2019-10-16 20:00:00+00:00,390,390,0,390,390,0,0,0,0,0,0,0,41109374.0,True,True,complete,True,True,True
2019-10-17,2019-10-17 13:30:00+00:00,2019-10-17 20:00:00+00:00,390,390,0,390,390,0,0,0,0,0,0,0,41101462.0,True,True,complete,True,True,True
2019-10-18,2019-10-18 13:30:00+00:00,2019-10-18 20:00:00+00:00,390,390,0,390,390,0,0,0,0,0,0,0,51412015.0,True,True,complete,True,True,True
2019-10-21,2019-10-21 13:30:00+00:00,2019-10-21 20:00:00+00:00,390,390,0,390,390,0,0,0,0,0,0,0,30762185.0,True,True,complete,True,True,True
2019-10-22,2019-10-22 13:30:00+00:00,2019-10-22 20:00:00+00:00,390,390,0,390,390,0,0,0,0,0,0,0,44300249.0,True,True,complete,True,True,True
2019-10-23,2019-10-23 13:30:00+00:00,2019-10-23 20:00:00+00:00,390,390,0,390,390,0,0,0,0,0,0,0,28829475.0,True,True,complete,True,True,True
2019-10-24,2019-10-24 13:30:00+00:00,2019-10-24 20:00:00+00:00,390,390,0,390,390,0,0,0,0,0,0,0,31584211.0,True,True,complete,True,True,True
2019-10-25,2019-10-25 13:30:00+00:00,2019-10-25 20:00:00+00:00,390,390,0,390,390,0,0,0,0,0,0,0,37608706.0,True,True,complete,True,True,True
2019-10-28,2019-10-28 13:30:00+00:00,2019-10-28 20:00:00+00:00,390,390,0,390,390,0,0,0,0,0,0,0,35455963.0,True,True,complete,True,True,True
2019-10-29,2019-10-29 13:30:00+00:00,2019-10-29 20:00:00+00:00,390,390,0,390,390,0,0,0,0,0,0,0,40492129.0,True,True,complete,True,True,True
2019-10-30,2019-10-30 13:30:00+00:00,2019-10-30 20:00:00+00:00,390,390,0,390,390,0,0,0,0,0,0,0,42110308.0,True,True,complete,True,True,True
2019-10-31,2019-10-31 13:30:00+00:00,2019-10-31 20:00:00+00:00,390,390,0,390,390,0,0,0,0,0,0,0,57155370.0,True,True,complete,True,True,True
2019-11-01,2019-11-01 13:30:00+00:00,2019-11-01 20:00:00+00:00,390,390,0,390,390,0,0,0,0,0,0,0,58975585.0,True,True,complete,True,True,True
2019-11-04,2019-11-04 14:30:00+00:00,2019-11-04 21:00:00+00:00,390,390,0,390,390,0,0,0,0,0,0,0,52712996.0,True,True,complete,True,True,True
2019-11-05,2019-11-05 14:30:00+00:00,2019-11-05 21:00:00+00:00,390,390,0,390,390,0,0,0,0,0,0,0,37531682.0,True,True,complete,True,True,True
2019-11-06,2019-11-06 14:30:00+00:00,2019-11-06 21:00:00+00:00,390,390,0,390,390,0,0,0,0,0,0,0,38729749.0,True,True,complete,True,True,True
2019-11-07,2019-11-07 14:30:00+00:00,2019-11-07 21:00:00+00:00,390,390,0,390,390,0,0,0,0,0,0,0,48880049.0,True,True,complete,True,True,True
2019-11-08,2019-11-08 14:30:00+00:00,2019-11-08 21:00:00+00:00,390,390,0,390,390,0,0,0,0,0,0,0,39512946.0,True,True,complete,True,True,True
2019-11-11,2019-11-11 14:30:00+00:00,2019-11-11 21:00:00+00:00,390,390,0,390,390,0,0,0,0,0,0,0,28027972.0,True,True,complete,True,True,True
2019-11-12,2019-11-12 14:30:00+00:00,2019-11-12 21:00:00+00:00,390,390,0,390,390,0,0,0,0,0,0,0,41003231.0,True,True,complete,True,True,True
2019-11-13,2019-11-13 14:30:00+00:00,2019-11-13 21:00:00+00:00,390,390,0,390,390,0,0,0,0,0,0,0,47593126.0,True,True,complete,True,True,True
2019-11-14,2019-11-14 14:30:00+00:00,2019-11-14 21:00:00+00:00,390,390,0,390,390,0,0,0,0,0,0,0,45220480.0,True,True,complete,True,True,True
2019-11-15,2019-11-15 14:30:00+00:00,2019-11-15 21:00:00+00:00,390,390,0,390,390,0,0,0,0,0,0,0,47229312.0,True,True,complete,True,True,True
2019-11-18,2019-11-18 14:30:00+00:00,2019-11-18 21:00:00+00:00,390,390,0,390,390,0,0,0,0,0,0,0,41413696.0,True,True,complete,True,True,True
2019-11-19,2019-11-19 14:30:00+00:00,2019-11-19 21:00:00+00:00,390,390,0,390,390,0,0,0,0,0,0,0,58729588.0,True,True,complete,True,True,True
2019-11-20,2019-11-20 14:30:00+00:00,2019-11-20 21:00:00+00:00,390,390,0,390,390,0,0,0,0,0,0,0,66344718.0,True,True,complete,True,True,True
2019-11-21,2019-11-21 14:30:00+00:00,2019-11-21 21:00:00+00:00,390,390,0,390,390,0,0,0,0,0,0,0,44515834.0,True,True,complete,True,True,True
2019-11-22,2019-11-22 14:30:00+00:00,2019-11-22 21:00:00+00:00,390,390,0,390,390,0,0,0,0,0,0,0,34384436.0,True,True,complete,True,True,True
2019-11-25,2019-11-25 14:30:00+00:00,2019-11-25 21:00:00+00:00,390,390,0,390,390,0,0,0,0,0,0,0,38636286.0,True,True,complete,True,True,True
2019-11-26,2019-11-26 14:30:00+00:00,2019-11-26 21:00:00+00:00,390,390,0,390,390,0,0,0,0,0,0,0,31730823.0,True,True,complete,True,True,True
2019-11-27,2019-11-27 14:30:00+00:00,2019-11-27 21:00:00+00:00,390,390,0,390,390,0,0,0,0,0,0,0,36482652.0,True,True,complete,True,True,True
2019-11-29,2019-11-29 14:30:00+00:00,2019-11-29 18:00:00+00:00,210,210,0,210,210,0,0,0,0,0,0,0,24817176.0,True,True,complete,True,True,True
2019-12-02,2019-12-02 14:30:00+00:00,2019-12-02 21:00:00+00:00,390,390,0,390,390,0,0,0,0,0,0,0,65457247.0,True,True,complete,True,True,True
2019-12-03,2019-12-03 14:30:00+00:00,2019-12-03 21:00:00+00:00,390,390,0,390,390,0,0,0,0,0,0,0,64919573.0,True,True,complete,True,True,True
2019-12-04,2019-12-04 14:30:00+00:00,2019-12-04 21:00:00+00:00,390,390,0,390,390,0,0,0,0,0,0,0,38449570.0,True,True,complete,True,True,True
2019-12-05,2019-12-05 14:30:00+00:00,2019-12-05 21:00:00+00:00,390,390,0,390,390,0,0,0,0,0,0,0,36093798.0,True,True,complete,True,True,True
2019-12-06,2019-12-06 14:30:00+00:00,2019-12-06 21:00:00+00:00,390,390,0,390,390,0,0,0,0,0,0,0,39693430.0,True,True,complete,True,True,True
2019-12-09,2019-12-09 14:30:00+00:00,2019-12-09 21:00:00+00:00,390,390,0,390,390,0,0,0,0,0,0,0,29777009.0,True,True,complete,True,True,True
2019-12-10,2019-12-10 14:30:00+00:00,2019-12-10 21:00:00+00:00,390,390,0,390,390,0,0,0,0,0,0,0,41515177.0,True,True,complete,True,True,True
2019-12-11,2019-12-11 14:30:00+00:00,2019-12-11 21:00:00+00:00,390,390,0,390,390,0,0,0,0,0,0,0,42155886.0,True,True,complete,True,True,True
2019-12-12,2019-12-12 14:30:00+00:00,2019-12-12 21:00:00+00:00,390,390,0,390,390,0,0,0,0,0,0,0,82526101.0,True,True,complete,True,True,True
2019-12-13,2019-12-13 14:30:00+00:00,2019-12-13 21:00:00+00:00,390,390,0,390,390,0,0,0,0,0,0,0,68354536.0,True,True,complete,True,True,True
2019-12-16,2019-12-16 14:30:00+00:00,2019-12-16 21:00:00+00:00,390,390,0,390,390,0,0,0,0,0,0,0,62863912.0,True,True,complete,True,True,True
2019-12-17,2019-12-17 14:30:00+00:00,2019-12-17 21:00:00+00:00,390,390,0,390,390,0,0,0,0,0,0,0,46559563.0,True,True,complete,True,True,True
2019-12-18,2019-12-18 14:30:00+00:00,2019-12-18 21:00:00+00:00,390,390,0,390,390,0,0,0,0,0,0,0,40657637.0,True,True,complete,True,True,True
2019-12-19,2019-12-19 14:30:00+00:00,2019-12-19 21:00:00+00:00,390,390,0,390,390,0,0,0,0,0,0,0,63902659.0,True,True,complete,True,True,True
2019-12-20,2019-12-20 14:30:00+00:00,2019-12-20 21:00:00+00:00,390,390,0,390,390,0,0,0,0,0,0,0,105290465.0,True,True,complete,True,True,True
2019-12-23,2019-12-23 14:30:00+00:00,2019-12-23 21:00:00+00:00,390,390,0,390,390,0,0,0,0,0,0,0,38882372.0,True,True,complete,True,True,True
2019-12-24,2019-12-24 14:30:00+00:00,2019-12-24 18:00:00+00:00,210,210,0,210,210,0,0,0,0,0,0,0,15916112.0,True,True,complete,True,True,True
2019-12-26,2019-12-26 14:30:00+00:00,2019-12-26 21:00:00+00:00,390,390,0,390,390,0,0,0,0,0,0,0,27004979.0,True,True,complete,True,True,True
2019-12-27,2019-12-27 14:30:00+00:00,2019-12-27 21:00:00+00:00,390,390,0,390,390,0,0,0,0,0,0,0,35013208.0,True,True,complete,True,True,True
2019-12-30,2019-12-30 14:30:00+00:00,2019-12-30 21:00:00+00:00,390,390,0,390,390,0,0,0,0,0,0,0,41749307.0,True,True,complete,True,True,True
2019-12-31,2019-12-31 14:30:00+00:00,2019-12-31 21:00:00+00:00,390,390,0,390,390,0,0,0,0,0,0,0,38030665.0,True,True,complete,True,True,True
2020-01-02,2020-01-02 14:30:00+00:00,2020-01-02 21:00:00+00:00,390,390,0,390,390,0,0,0,0,0,0,0,47979053.0,True,True,complete,True,True,True
2020-01-03,2020-01-03 14:30:00+00:00,2020-01-03 21:00:00+00:00,390,390,0,390,390,0,0,0,0,0,0,0,58170896.0,True,True,complete,True,True,True
2020-01-06,2020-01-06 14:30:00+00:00,2020-01-06 21:00:00+00:00,390,390,0,390,390,0,0,0,0,0,0,0,42903537.0,True,True,complete,True,True,True
2020-01-07,2020-01-07 14:30:00+00:00,2020-01-07 21:00:00+00:00,390,390,0,390,390,0,0,0,0,0,0,0,33879807.0,True,True,complete,True,True,True
2020-01-08,2020-01-08 14:30:00+00:00,2020-01-08 21:00:00+00:00,390,390,0,390,390,0,0,0,0,0,0,0,56469927.0,True,True,complete,True,True,True
2020-01-09,2020-01-09 14:30:00+00:00,2020-01-09 21:00:00+00:00,390,390,0,390,390,0,0,0,0,0,0,0,43199099.0,True,True,complete,True,True,True
2020-01-10,2020-01-10 14:30:00+00:00,2020-01-10 21:00:00+00:00,390,390,0,390,390,0,0,0,0,0,0,0,44840145.0,True,True,complete,True,True,True
2020-01-13,2020-01-13 14:30:00+00:00,2020-01-13 21:00:00+00:00,390,390,0,390,390,0,0,0,0,0,0,0,36644542.0,True,True,complete,True,True,True
2020-01-14,2020-01-14 14:30:00+00:00,2020-01-14 21:00:00+00:00,390,390,0,390,390,0,0,0,0,0,0,0,53884622.0,True,True,complete,True,True,True
2020-01-15,2020-01-15 14:30:00+00:00,2020-01-15 21:00:00+00:00,390,390,0,390,390,0,0,0,0,0,0,0,58452832.0,True,True,complete,True,True,True
2020-01-16,2020-01-16 14:30:00+00:00,2020-01-16 21:00:00+00:00,390,390,0,390,390,0,0,0,0,0,0,0,41482157.0,True,True,complete,True,True,True
2020-01-17,2020-01-17 14:30:00+00:00,2020-01-17 21:00:00+00:00,390,390,0,390,390,0,0,0,0,0,0,0,64194439.0,True,True,complete,True,True,True
2020-01-21,2020-01-21 14:30:00+00:00,2020-01-21 21:00:00+00:00,390,390,0,390,390,0,0,0,0,0,0,0,61562007.0,True,True,complete,True,True,True
2020-01-22,2020-01-22 14:30:00+00:00,2020-01-22 21:00:00+00:00,390,390,0,390,390,0,0,0,0,0,0,0,42986044.0,True,True,complete,True,True,True
2020-01-23,2020-01-23 14:30:00+00:00,2020-01-23 21:00:00+00:00,390,390,0,390,390,0,0,0,0,0,0,0,41707401.0,True,True,complete,True,True,True
2020-01-24,2020-01-24 14:30:00+00:00,2020-01-24 21:00:00+00:00,390,390,0,390,390,0,0,0,0,0,0,0,75136453.0,True,True,complete,True,True,True
2020-01-27,2020-01-27 14:30:00+00:00,2020-01-27 21:00:00+00:00,390,390,0,390,390,0,0,0,0,0,0,0,68497253.0,True,True,complete,True,True,True
2020-01-28,2020-01-28 14:30:00+00:00,2020-01-28 21:00:00+00:00,390,390,0,390,390,0,0,0,0,0,0,0,54556826.0,True,True,complete,True,True,True
2020-01-29,2020-01-29 14:30:00+00:00,2020-01-29 21:00:00+00:00,390,390,0,390,390,0,0,0,0,0,0,0,43330052.0,True,True,complete,True,True,True
2020-01-30,2020-01-30 14:30:00+00:00,2020-01-30 21:00:00+00:00,390,390,0,390,390,0,0,0,0,0,0,0,67573874.0,True,True,complete,True,True,True
2020-01-31,2020-01-31 14:30:00+00:00,2020-01-31 21:00:00+00:00,390,390,0,390,390,0,0,0,0,0,0,0,94541972.0,True,True,complete,True,True,True
2020-02-03,2020-02-03 14:30:00+00:00,2020-02-03 21:00:00+00:00,390,390,0,390,390,0,0,0,0,0,0,0,58824068.0,True,True,complete,True,True,True
2020-02-04,2020-02-04 14:30:00+00:00,2020-02-04 21:00:00+00:00,390,390,0,390,390,0,0,0,0,0,0,0,52306141.0,True,True,complete,True,True,True
2020-02-05,2020-02-05 14:30:00+00:00,2020-02-05 21:00:00+00:00,390,390,0,390,390,0,0,0,0,0,0,0,52440935.0,True,True,complete,True,True,True
2020-02-06,2020-02-06 14:30:00+00:00,2020-02-06 21:00:00+00:00,390,390,0,390,390,0,0,0,0,0,0,0,42253202.0,True,True,complete,True,True,True
2020-02-07,2020-02-07 14:30:00+00:00,2020-02-07 21:00:00+00:00,390,390,0,390,390,0,0,0,0,0,0,0,51917587.0,True,True,complete,True,True,True
2020-02-10,2020-02-10 14:30:00+00:00,2020-02-10 21:00:00+00:00,390,390,0,390,390,0,0,0,0,0,0,0,33879248.0,True,True,complete,True,True,True
2020-02-11,2020-02-11 14:30:00+00:00,2020-02-11 21:00:00+00:00,390,390,0,390,390,0,0,0,0,0,0,0,48728750.0,True,True,complete,True,True,True
2020-02-12,2020-02-12 14:30:00+00:00,2020-02-12 21:00:00+00:00,390,390,0,390,390,0,0,0,0,0,0,0,34845637.0,True,True,complete,True,True,True
2020-02-13,2020-02-13 14:30:00+00:00,2020-02-13 21:00:00+00:00,390,390,0,390,390,0,0,0,0,0,0,0,45894846.0,True,True,complete,True,True,True
2020-02-14,2020-02-14 14:30:00+00:00,2020-02-14 21:00:00+00:00,390,390,0,390,390,0,0,0,0,0,0,0,51330679.0,True,True,complete,True,True,True
2020-02-18,2020-02-18 14:30:00+00:00,2020-02-18 21:00:00+00:00,390,390,0,390,390,0,0,0,0,0,0,0,48303320.0,True,True,complete,True,True,True
2020-02-19,2020-02-19 14:30:00+00:00,2020-02-19 21:00:00+00:00,390,390,0,390,390,0,0,0,0,0,0,0,35873258.0,True,True,complete,True,True,True
2020-02-20,2020-02-20 14:30:00+00:00,2020-02-20 21:00:00+00:00,390,390,0,390,390,0,0,0,0,0,0,0,67532331.0,True,True,complete,True,True,True
2020-02-21,2020-02-21 14:30:00+00:00,2020-02-21 21:00:00+00:00,390,390,0,390,390,0,0,0,0,0,0,0,92809214.0,True,True,complete,True,True,True
2020-02-24,2020-02-24 14:30:00+00:00,2020-02-24 21:00:00+00:00,390,390,0,390,390,0,0,0,0,0,0,0,134601758.0,True,True,complete,True,True,True
2020-02-25,2020-02-25 14:30:00+00:00,2020-02-25 21:00:00+00:00,390,390,0,390,390,0,0,0,0,0,0,0,193489283.0,True,True,complete,True,True,True
2020-02-26,2020-02-26 14:30:00+00:00,2020-02-26 21:00:00+00:00,390,390,0,390,390,0,0,0,0,0,0,0,169702630.0,True,True,complete,True,True,True
2020-02-27,2020-02-27 14:30:00+00:00,2020-02-27 21:00:00+00:00,390,390,0,390,390,0,0,0,0,0,0,0,250711593.0,True,True,complete,True,True,True
2020-02-28,2020-02-28 14:30:00+00:00,2020-02-28 21:00:00+00:00,390,390,0,390,390,0,0,0,0,0,0,0,338978811.0,True,True,complete,True,True,True
2020-03-02,2020-03-02 14:30:00+00:00,2020-03-02 21:00:00+00:00,390,390,0,390,390,0,0,0,0,0,0,0,204961628.0,True,True,complete,True,True,True
2020-03-03,2020-03-03 14:30:00+00:00,2020-03-03 21:00:00+00:00,390,390,0,390,390,0,0,0,0,0,0,0,273752082.0,True,True,complete,True,True,True
2020-03-04,2020-03-04 14:30:00+00:00,2020-03-04 21:00:00+00:00,390,390,0,390,390,0,0,0,0,0,0,0,147190265.0,True,True,complete,True,True,True
2020-03-05,2020-03-05 14:30:00+00:00,2020-03-05 21:00:00+00:00,390,390,0,390,390,0,0,0,0,0,0,0,159935358.0,True,True,complete,True,True,True
2020-03-06,2020-03-06 14:30:00+00:00,2020-03-06 21:00:00+00:00,390,390,0,390,390,0,0,0,0,0,0,0,198583645.0,True,True,complete,True,True,True
2020-03-09,2020-03-09 13:30:00+00:00,2020-03-09 20:00:00+00:00,390,390,14,376,376,0,0,0,0,0,0,0,276298662.0,True,True,halt_adjusted,False,True,True
2020-03-10,2020-03-10 13:30:00+00:00,2020-03-10 20:00:00+00:00,390,390,0,390,390,0,0,0,0,0,0,0,246106243.0,True,True,complete,True,True,True
2020-03-11,2020-03-11 13:30:00+00:00,2020-03-11 20:00:00+00:00,390,390,0,390,390,0,0,0,0,0,0,0,231006055.0,True,True,complete,True,True,True
2020-03-12,2020-03-12 13:30:00+00:00,2020-03-12 20:00:00+00:00,390,390,14,376,376,0,0,0,0,0,0,0,345218710.0,True,True,halt_adjusted,False,True,True
2020-03-13,2020-03-13 13:30:00+00:00,2020-03-13 20:00:00+00:00,390,390,0,390,390,0,0,0,0,0,0,0,284728893.0,True,True,complete,True,True,True
2020-03-16,2020-03-16 13:30:00+00:00,2020-03-16 20:00:00+00:00,390,390,14,376,376,0,0,0,0,0,0,0,262416618.0,True,True,halt_adjusted,False,True,True
2020-03-17,2020-03-17 13:30:00+00:00,2020-03-17 20:00:00+00:00,390,390,0,390,390,0,0,0,0,0,0,0,232529988.0,True,True,complete,True,True,True
2020-03-18,2020-03-18 13:30:00+00:00,2020-03-18 20:00:00+00:00,390,390,14,376,376,0,0,0,0,0,0,0,298244128.0,True,True,halt_adjusted,False,True,True
2020-03-19,2020-03-19 13:30:00+00:00,2020-03-19 20:00:00+00:00,390,390,0,390,390,0,0,0,0,0,0,0,260790660.0,True,True,complete,True,True,True
2020-03-20,2020-03-20 13:30:00+00:00,2020-03-20 20:00:00+00:00,390,390,0,390,390,0,0,0,0,0,0,0,302372659.0,True,True,complete,True,True,True
2020-03-23,2020-03-23 13:30:00+00:00,2020-03-23 20:00:00+00:00,390,390,0,390,390,0,0,0,0,0,0,0,279497929.0,True,True,complete,True,True,True
2020-03-24,2020-03-24 13:30:00+00:00,2020-03-24 20:00:00+00:00,390,390,0,390,390,0,0,0,0,0,0,0,211683317.0,True,True,complete,True,True,True
2020-03-25,2020-03-25 13:30:00+00:00,2020-03-25 20:00:00+00:00,390,390,0,390,390,0,0,0,0,0,0,0,276591612.0,True,True,complete,True,True,True
2020-03-26,2020-03-26 13:30:00+00:00,2020-03-26 20:00:00+00:00,390,390,0,390,390,0,0,0,0,0,0,0,221220962.0,True,True,complete,True,True,True
2020-03-27,2020-03-27 13:30:00+00:00,2020-03-27 20:00:00+00:00,390,390,0,390,390,0,0,0,0,0,0,0,191100366.0,True,True,complete,True,True,True
2020-03-30,2020-03-30 13:30:00+00:00,2020-03-30 20:00:00+00:00,390,390,0,390,390,0,0,0,0,0,0,0,139023465.0,True,True,complete,True,True,True
2020-03-31,2020-03-31 13:30:00+00:00,2020-03-31 20:00:00+00:00,390,390,0,390,390,0,0,0,0,0,0,0,159938817.0,True,True,complete,True,True,True
2020-04-01,2020-04-01 13:30:00+00:00,2020-04-01 20:00:00+00:00,390,390,0,390,390,0,0,0,0,0,0,0,169930843.0,True,True,complete,True,True,True
2020-04-02,2020-04-02 13:30:00+00:00,2020-04-02 20:00:00+00:00,390,390,0,390,390,0,0,0,0,0,0,0,155554615.0,True,True,complete,True,True,True
2020-04-03,2020-04-03 13:30:00+00:00,2020-04-03 20:00:00+00:00,390,390,0,390,390,0,0,0,0,0,0,0,119834261.0,True,True,complete,True,True,True
2020-04-06,2020-04-06 13:30:00+00:00,2020-04-06 20:00:00+00:00,390,390,0,390,390,0,0,0,0,0,0,0,158092423.0,True,True,complete,True,True,True
2020-04-07,2020-04-07 13:30:00+00:00,2020-04-07 20:00:00+00:00,390,390,0,390,390,0,0,0,0,0,0,0,179135157.0,True,True,complete,True,True,True
2020-04-08,2020-04-08 13:30:00+00:00,2020-04-08 20:00:00+00:00,390,390,0,390,390,0,0,0,0,0,0,0,136649999.0,True,True,complete,True,True,True
2020-04-09,2020-04-09 13:30:00+00:00,2020-04-09 20:00:00+00:00,390,390,0,390,390,0,0,0,0,0,0,0,162446083.0,True,True,complete,True,True,True
2020-04-13,2020-04-13 13:30:00+00:00,2020-04-13 20:00:00+00:00,390,390,0,390,390,0,0,0,0,0,0,0,103800491.0,True,True,complete,True,True,True
2020-04-14,2020-04-14 13:30:00+00:00,2020-04-14 20:00:00+00:00,390,390,0,390,390,0,0,0,0,0,0,0,121055300.0,True,True,complete,True,True,True
2020-04-15,2020-04-15 13:30:00+00:00,2020-04-15 20:00:00+00:00,390,390,0,390,390,0,0,0,0,0,0,0,108227996.0,True,True,complete,True,True,True
2020-04-16,2020-04-16 13:30:00+00:00,2020-04-16 20:00:00+00:00,390,390,0,390,390,0,0,0,0,0,0,0,109813866.0,True,True,complete,True,True,True
2020-04-17,2020-04-17 13:30:00+00:00,2020-04-17 20:00:00+00:00,390,390,0,390,390,0,0,0,0,0,0,0,127233716.0,True,True,complete,True,True,True
2020-04-20,2020-04-20 13:30:00+00:00,2020-04-20 20:00:00+00:00,390,390,0,390,390,0,0,0,0,0,0,0,88411350.0,True,True,complete,True,True,True
2020-04-21,2020-04-21 13:30:00+00:00,2020-04-21 20:00:00+00:00,390,390,0,390,390,0,0,0,0,0,0,0,114235666.0,True,True,complete,True,True,True
2020-04-22,2020-04-22 13:30:00+00:00,2020-04-22 20:00:00+00:00,390,390,0,390,390,0,0,0,0,0,0,0,81199731.0,True,True,complete,True,True,True
2020-04-23,2020-04-23 13:30:00+00:00,2020-04-23 20:00:00+00:00,390,390,0,390,390,0,0,0,0,0,0,0,97019936.0,True,True,complete,True,True,True
2020-04-24,2020-04-24 13:30:00+00:00,2020-04-24 20:00:00+00:00,390,390,0,390,390,0,0,0,0,0,0,0,72677400.0,True,True,complete,True,True,True
2020-04-27,2020-04-27 13:30:00+00:00,2020-04-27 20:00:00+00:00,390,390,0,390,390,0,0,0,0,0,0,0,67832973.0,True,True,complete,True,True,True
2020-04-28,2020-04-28 13:30:00+00:00,2020-04-28 20:00:00+00:00,390,390,0,390,390,0,0,0,0,0,0,0,96196758.0,True,True,complete,True,True,True
2020-04-29,2020-04-29 13:30:00+00:00,2020-04-29 20:00:00+00:00,390,390,0,390,390,0,0,0,0,0,0,0,102228046.0,True,True,complete,True,True,True
2020-04-30,2020-04-30 13:30:00+00:00,2020-04-30 20:00:00+00:00,390,390,0,390,390,0,0,0,0,0,0,0,101902338.0,True,True,complete,True,True,True
2020-05-01,2020-05-01 13:30:00+00:00,2020-05-01 20:00:00+00:00,390,390,0,390,390,0,0,0,0,0,0,0,110946673.0,True,True,complete,True,True,True
2020-05-04,2020-05-04 13:30:00+00:00,2020-05-04 20:00:00+00:00,390,390,0,390,390,0,0,0,0,0,0,0,69831878.0,True,True,complete,True,True,True
2020-05-05,2020-05-05 13:30:00+00:00,2020-05-05 20:00:00+00:00,390,390,0,390,390,0,0,0,0,0,0,0,71967810.0,True,True,complete,True,True,True
2020-05-06,2020-05-06 13:30:00+00:00,2020-05-06 20:00:00+00:00,390,390,0,390,390,0,0,0,0,0,0,0,65200979.0,True,True,complete,True,True,True
2020-05-07,2020-05-07 13:30:00+00:00,2020-05-07 20:00:00+00:00,390,390,0,390,390,0,0,0,0,0,0,0,68696636.0,True,True,complete,True,True,True
2020-05-08,2020-05-08 13:30:00+00:00,2020-05-08 20:00:00+00:00,390,390,0,390,390,0,0,0,0,0,0,0,61289145.0,True,True,complete,True,True,True
2020-05-11,2020-05-11 13:30:00+00:00,2020-05-11 20:00:00+00:00,390,390,0,390,390,0,0,0,0,0,0,0,62066465.0,True,True,complete,True,True,True
2020-05-12,2020-05-12 13:30:00+00:00,2020-05-12 20:00:00+00:00,390,390,0,390,390,0,0,0,0,0,0,0,81567908.0,True,True,complete,True,True,True
2020-05-13,2020-05-13 13:30:00+00:00,2020-05-13 20:00:00+00:00,390,390,0,390,390,0,0,0,0,0,0,0,125086938.0,True,True,complete,True,True,True
2020-05-14,2020-05-14 13:30:00+00:00,2020-05-14 20:00:00+00:00,390,390,0,390,390,0,0,0,0,0,0,0,109798254.0,True,True,complete,True,True,True
2020-05-15,2020-05-15 13:30:00+00:00,2020-05-15 20:00:00+00:00,390,390,0,390,390,0,0,0,0,0,0,0,90804194.0,True,True,complete,True,True,True
2020-05-18,2020-05-18 13:30:00+00:00,2020-05-18 20:00:00+00:00,390,390,0,390,390,0,0,0,0,0,0,0,100199342.0,True,True,complete,True,True,True
2020-05-19,2020-05-19 13:30:00+00:00,2020-05-19 20:00:00+00:00,390,390,0,390,390,0,0,0,0,0,0,0,78585409.0,True,True,complete,True,True,True
2020-05-20,2020-05-20 13:30:00+00:00,2020-05-20 20:00:00+00:00,390,390,0,390,390,0,0,0,0,0,0,0,66102109.0,True,True,complete,True,True,True
2020-05-21,2020-05-21 13:30:00+00:00,2020-05-21 20:00:00+00:00,390,390,0,390,390,0,0,0,0,0,0,0,68965473.0,True,True,complete,True,True,True
2020-05-22,2020-05-22 13:30:00+00:00,2020-05-22 20:00:00+00:00,390,390,0,390,390,0,0,0,0,0,0,0,53102220.0,True,True,complete,True,True,True
2020-05-26,2020-05-26 13:30:00+00:00,2020-05-26 20:00:00+00:00,390,390,0,390,390,0,0,0,0,0,0,0,79893326.0,True,True,complete,True,True,True
2020-05-27,2020-05-27 13:30:00+00:00,2020-05-27 20:00:00+00:00,390,390,0,390,390,0,0,0,0,0,0,0,91862866.0,True,True,complete,True,True,True
2020-05-28,2020-05-28 13:30:00+00:00,2020-05-28 20:00:00+00:00,390,390,0,390,390,0,0,0,0,0,0,0,80160521.0,True,True,complete,True,True,True
2020-05-29,2020-05-29 13:30:00+00:00,2020-05-29 20:00:00+00:00,390,390,0,390,390,0,0,0,0,0,0,0,101165816.0,True,True,complete,True,True,True
2020-06-01,2020-06-01 13:30:00+00:00,2020-06-01 20:00:00+00:00,390,390,0,390,390,0,0,0,0,0,0,0,46189427.0,True,True,complete,True,True,True
2020-06-02,2020-06-02 13:30:00+00:00,2020-06-02 20:00:00+00:00,390,390,0,390,390,0,0,0,0,0,0,0,66263626.0,True,True,complete,True,True,True
2020-06-03,2020-06-03 13:30:00+00:00,2020-06-03 20:00:00+00:00,390,390,0,390,390,0,0,0,0,0,0,0,78834771.0,True,True,complete,True,True,True
2020-06-04,2020-06-04 13:30:00+00:00,2020-06-04 20:00:00+00:00,390,390,0,390,390,0,0,0,0,0,0,0,68005559.0,True,True,complete,True,True,True
2020-06-05,2020-06-05 13:30:00+00:00,2020-06-05 20:00:00+00:00,390,390,0,390,390,0,0,0,0,0,0,0,122279630.0,True,True,complete,True,True,True
2020-06-08,2020-06-08 13:30:00+00:00,2020-06-08 20:00:00+00:00,390,390,0,390,390,0,0,0,0,0,0,0,64293209.0,True,True,complete,True,True,True
2020-06-09,2020-06-09 13:30:00+00:00,2020-06-09 20:00:00+00:00,390,390,0,390,390,0,0,0,0,0,0,0,67332576.0,True,True,complete,True,True,True
2020-06-10,2020-06-10 13:30:00+00:00,2020-06-10 20:00:00+00:00,390,390,0,390,390,0,0,0,0,0,0,0,83946385.0,True,True,complete,True,True,True
2020-06-11,2020-06-11 13:30:00+00:00,2020-06-11 20:00:00+00:00,390,390,0,390,390,0,0,0,0,0,0,0,181990190.0,True,True,complete,True,True,True
2020-06-12,2020-06-12 13:30:00+00:00,2020-06-12 20:00:00+00:00,390,390,0,390,390,0,0,0,0,0,0,0,168886723.0,True,True,complete,True,True,True
2020-06-15,2020-06-15 13:30:00+00:00,2020-06-15 20:00:00+00:00,390,390,0,390,390,0,0,0,0,0,0,0,123352816.0,True,True,complete,True,True,True
2020-06-16,2020-06-16 13:30:00+00:00,2020-06-16 20:00:00+00:00,390,390,0,390,390,0,0,0,0,0,0,0,121454486.0,True,True,complete,True,True,True
2020-06-17,2020-06-17 13:30:00+00:00,2020-06-17 20:00:00+00:00,390,390,0,390,390,0,0,0,0,0,0,0,73928796.0,True,True,complete,True,True,True
2020-06-18,2020-06-18 13:30:00+00:00,2020-06-18 20:00:00+00:00,390,390,0,390,390,0,0,0,0,0,0,0,64194801.0,True,True,complete,True,True,True
2020-06-19,2020-06-19 13:30:00+00:00,2020-06-19 20:00:00+00:00,390,390,0,390,390,0,0,0,0,0,0,0,112097689.0,True,True,complete,True,True,True
2020-06-22,2020-06-22 13:30:00+00:00,2020-06-22 20:00:00+00:00,390,390,0,390,390,0,0,0,0,0,0,0,63834109.0,True,True,complete,True,True,True
2020-06-23,2020-06-23 13:30:00+00:00,2020-06-23 20:00:00+00:00,390,390,0,390,390,0,0,0,0,0,0,0,59326079.0,True,True,complete,True,True,True
2020-06-24,2020-06-24 13:30:00+00:00,2020-06-24 20:00:00+00:00,390,390,0,390,390,0,0,0,0,0,0,0,114426845.0,True,True,complete,True,True,True
2020-06-25,2020-06-25 13:30:00+00:00,2020-06-25 20:00:00+00:00,390,390,0,390,390,0,0,0,0,0,0,0,79237406.0,True,True,complete,True,True,True
2020-06-26,2020-06-26 13:30:00+00:00,2020-06-26 20:00:00+00:00,390,390,0,390,390,0,0,0,0,0,0,0,108359658.0,True,True,complete,True,True,True
2020-06-29,2020-06-29 13:30:00+00:00,2020-06-29 20:00:00+00:00,390,390,0,390,390,0,0,0,0,0,0,0,67703353.0,True,True,complete,True,True,True
2020-06-30,2020-06-30 13:30:00+00:00,2020-06-30 20:00:00+00:00,390,390,0,390,390,0,0,0,0,0,0,0,84767804.0,True,True,complete,True,True,True
2020-07-01,2020-07-01 13:30:00+00:00,2020-07-01 20:00:00+00:00,390,390,0,390,390,0,0,0,0,0,0,0,61324044.0,True,True,complete,True,True,True
2020-07-02,2020-07-02 13:30:00+00:00,2020-07-02 20:00:00+00:00,390,390,0,390,390,0,0,0,0,0,0,0,58714334.0,True,True,complete,True,True,True
2020-07-06,2020-07-06 13:30:00+00:00,2020-07-06 20:00:00+00:00,390,390,0,390,390,0,0,0,0,0,0,0,51618717.0,True,True,complete,True,True,True
2020-07-07,2020-07-07 13:30:00+00:00,2020-07-07 20:00:00+00:00,390,390,0,390,390,0,0,0,0,0,0,0,71467723.0,True,True,complete,True,True,True
2020-07-08,2020-07-08 13:30:00+00:00,2020-07-08 20:00:00+00:00,390,390,0,390,390,0,0,0,0,0,0,0,48441536.0,True,True,complete,True,True,True
2020-07-09,2020-07-09 13:30:00+00:00,2020-07-09 20:00:00+00:00,390,390,0,390,390,0,0,0,0,0,0,0,74020581.0,True,True,complete,True,True,True
2020-07-10,2020-07-10 13:30:00+00:00,2020-07-10 20:00:00+00:00,390,390,0,390,390,0,0,0,0,0,0,0,49864692.0,True,True,complete,True,True,True
2020-07-13,2020-07-13 13:30:00+00:00,2020-07-13 20:00:00+00:00,390,390,0,390,390,0,0,0,0,0,0,0,87711576.0,True,True,complete,True,True,True
2020-07-14,2020-07-14 13:30:00+00:00,2020-07-14 20:00:00+00:00,390,390,0,390,390,0,0,0,0,0,0,0,79607187.0,True,True,complete,True,True,True
2020-07-15,2020-07-15 13:30:00+00:00,2020-07-15 20:00:00+00:00,390,390,0,390,390,0,0,0,0,0,0,0,75677333.0,True,True,complete,True,True,True
2020-07-16,2020-07-16 13:30:00+00:00,2020-07-16 20:00:00+00:00,390,390,0,390,390,0,0,0,0,0,0,0,47858547.0,True,True,complete,True,True,True
2020-07-17,2020-07-17 13:30:00+00:00,2020-07-17 20:00:00+00:00,390,390,0,390,390,0,0,0,0,0,0,0,53213992.0,True,True,complete,True,True,True
2020-07-20,2020-07-20 13:30:00+00:00,2020-07-20 20:00:00+00:00,390,390,0,390,390,0,0,0,0,0,0,0,48291118.0,True,True,complete,True,True,True
2020-07-21,2020-07-21 13:30:00+00:00,2020-07-21 20:00:00+00:00,390,390,0,390,390,0,0,0,0,0,0,0,49064828.0,True,True,complete,True,True,True
2020-07-22,2020-07-22 13:30:00+00:00,2020-07-22 20:00:00+00:00,390,390,0,390,390,0,0,0,0,0,0,0,45765954.0,True,True,complete,True,True,True
2020-07-23,2020-07-23 13:30:00+00:00,2020-07-23 20:00:00+00:00,390,390,0,390,390,0,0,0,0,0,0,0,68234313.0,True,True,complete,True,True,True
2020-07-24,2020-07-24 13:30:00+00:00,2020-07-24 20:00:00+00:00,390,390,0,390,390,0,0,0,0,0,0,0,58937424.0,True,True,complete,True,True,True
2020-07-27,2020-07-27 13:30:00+00:00,2020-07-27 20:00:00+00:00,390,390,0,390,390,0,0,0,0,0,0,0,42693392.0,True,True,complete,True,True,True
2020-07-28,2020-07-28 13:30:00+00:00,2020-07-28 20:00:00+00:00,390,390,0,390,390,0,0,0,0,0,0,0,49932976.0,True,True,complete,True,True,True
2020-07-29,2020-07-29 13:30:00+00:00,2020-07-29 20:00:00+00:00,390,390,0,390,390,0,0,0,0,0,0,0,43627568.0,True,True,complete,True,True,True
2020-07-30,2020-07-30 13:30:00+00:00,2020-07-30 20:00:00+00:00,390,390,0,390,390,0,0,0,0,0,0,0,53265240.0,True,True,complete,True,True,True
2020-07-31,2020-07-31 13:30:00+00:00,2020-07-31 20:00:00+00:00,390,390,0,390,390,0,0,0,0,0,0,0,65310740.0,True,True,complete,True,True,True
2020-08-03,2020-08-03 13:30:00+00:00,2020-08-03 20:00:00+00:00,390,390,0,390,390,0,0,0,0,0,0,0,45029380.0,True,True,complete,True,True,True
2020-08-04,2020-08-04 13:30:00+00:00,2020-08-04 20:00:00+00:00,390,390,0,390,390,0,0,0,0,0,0,0,37418868.0,True,True,complete,True,True,True
2020-08-05,2020-08-05 13:30:00+00:00,2020-08-05 20:00:00+00:00,390,390,0,390,390,0,0,0,0,0,0,0,36415035.0,True,True,complete,True,True,True
2020-08-06,2020-08-06 13:30:00+00:00,2020-08-06 20:00:00+00:00,390,390,0,390,390,0,0,0,0,0,0,0,38449610.0,True,True,complete,True,True,True
2020-08-07,2020-08-07 13:30:00+00:00,2020-08-07 20:00:00+00:00,390,390,0,390,390,0,0,0,0,0,0,0,49476931.0,True,True,complete,True,True,True
2020-08-10,2020-08-10 13:30:00+00:00,2020-08-10 20:00:00+00:00,390,390,0,390,390,0,0,0,0,0,0,0,38174241.0,True,True,complete,True,True,True
2020-08-11,2020-08-11 13:30:00+00:00,2020-08-11 20:00:00+00:00,390,390,0,390,390,0,0,0,0,0,0,0,59721127.0,True,True,complete,True,True,True
2020-08-12,2020-08-12 13:30:00+00:00,2020-08-12 20:00:00+00:00,390,390,0,390,390,0,0,0,0,0,0,0,46422161.0,True,True,complete,True,True,True
2020-08-13,2020-08-13 13:30:00+00:00,2020-08-13 20:00:00+00:00,390,390,0,390,390,0,0,0,0,0,0,0,36954146.0,True,True,complete,True,True,True
2020-08-14,2020-08-14 13:30:00+00:00,2020-08-14 20:00:00+00:00,390,390,0,390,390,0,0,0,0,0,0,0,41655617.0,True,True,complete,True,True,True
2020-08-17,2020-08-17 13:30:00+00:00,2020-08-17 20:00:00+00:00,390,390,0,390,390,0,0,0,0,0,0,0,28141238.0,True,True,complete,True,True,True
2020-08-18,2020-08-18 13:30:00+00:00,2020-08-18 20:00:00+00:00,390,390,0,390,390,0,0,0,0,0,0,0,33244869.0,True,True,complete,True,True,True
2020-08-19,2020-08-19 13:30:00+00:00,2020-08-19 20:00:00+00:00,390,390,0,390,390,0,0,0,0,0,0,0,58232218.0,True,True,complete,True,True,True
2020-08-20,2020-08-20 13:30:00+00:00,2020-08-20 20:00:00+00:00,390,390,0,390,390,0,0,0,0,0,0,0,36677553.0,True,True,complete,True,True,True
2020-08-21,2020-08-21 13:30:00+00:00,2020-08-21 20:00:00+00:00,390,390,0,390,390,0,0,0,0,0,0,0,43300234.0,True,True,complete,True,True,True
2020-08-24,2020-08-24 13:30:00+00:00,2020-08-24 20:00:00+00:00,390,390,0,390,390,0,0,0,0,0,0,0,38712020.0,True,True,complete,True,True,True
2020-08-25,2020-08-25 13:30:00+00:00,2020-08-25 20:00:00+00:00,390,390,0,390,390,0,0,0,0,0,0,0,32743137.0,True,True,complete,True,True,True
2020-08-26,2020-08-26 13:30:00+00:00,2020-08-26 20:00:00+00:00,390,390,0,390,390,0,0,0,0,0,0,0,43716151.0,True,True,complete,True,True,True
2020-08-27,2020-08-27 13:30:00+00:00,2020-08-27 20:00:00+00:00,390,390,0,390,390,0,0,0,0,0,0,0,52216708.0,True,True,complete,True,True,True
2020-08-28,2020-08-28 13:30:00+00:00,2020-08-28 20:00:00+00:00,390,390,0,390,390,0,0,0,0,0,0,0,42270358.0,True,True,complete,True,True,True
2020-08-31,2020-08-31 13:30:00+00:00,2020-08-31 20:00:00+00:00,390,390,0,390,390,0,0,0,0,0,0,0,51618376.0,True,True,complete,True,True,True
2020-09-01,2020-09-01 13:30:00+00:00,2020-09-01 20:00:00+00:00,390,390,0,390,390,0,0,0,0,0,0,0,46633944.0,True,True,complete,True,True,True
2020-09-02,2020-09-02 13:30:00+00:00,2020-09-02 20:00:00+00:00,390,390,0,390,390,0,0,0,0,0,0,0,63037459.0,True,True,complete,True,True,True
2020-09-03,2020-09-03 13:30:00+00:00,2020-09-03 20:00:00+00:00,390,390,0,390,390,0,0,0,0,0,0,0,130255481.0,True,True,complete,True,True,True
2020-09-04,2020-09-04 13:30:00+00:00,2020-09-04 20:00:00+00:00,390,390,0,390,390,0,0,0,0,0,0,0,117979551.0,True,True,complete,True,True,True
2020-09-08,2020-09-08 13:30:00+00:00,2020-09-08 20:00:00+00:00,390,390,0,390,390,0,0,0,0,0,0,0,98928164.0,True,True,complete,True,True,True
2020-09-09,2020-09-09 13:30:00+00:00,2020-09-09 20:00:00+00:00,390,390,0,390,390,0,0,0,0,0,0,0,78765686.0,True,True,complete,True,True,True
2020-09-10,2020-09-10 13:30:00+00:00,2020-09-10 20:00:00+00:00,390,390,0,390,390,0,0,0,0,0,0,0,81152747.0,True,True,complete,True,True,True
2020-09-11,2020-09-11 13:30:00+00:00,2020-09-11 20:00:00+00:00,390,390,0,390,390,0,0,0,0,0,0,0,72956994.0,True,True,complete,True,True,True
2020-09-14,2020-09-14 13:30:00+00:00,2020-09-14 20:00:00+00:00,390,390,0,390,390,0,0,0,0,0,0,0,54880649.0,True,True,complete,True,True,True
2020-09-15,2020-09-15 13:30:00+00:00,2020-09-15 20:00:00+00:00,390,390,0,390,390,0,0,0,0,0,0,0,45560955.0,True,True,complete,True,True,True
2020-09-16,2020-09-16 13:30:00+00:00,2020-09-16 20:00:00+00:00,390,390,0,390,390,0,0,0,0,0,0,0,71781044.0,True,True,complete,True,True,True
2020-09-17,2020-09-17 13:30:00+00:00,2020-09-17 20:00:00+00:00,390,390,0,390,390,0,0,0,0,0,0,0,81698342.0,True,True,complete,True,True,True
2020-09-18,2020-09-18 13:30:00+00:00,2020-09-18 20:00:00+00:00,390,390,0,390,390,0,0,0,0,0,0,0,88953379.0,True,True,complete,True,True,True
2020-09-21,2020-09-21 13:30:00+00:00,2020-09-21 20:00:00+00:00,390,390,0,390,390,0,0,0,0,0,0,0,86091808.0,True,True,complete,True,True,True
2020-09-22,2020-09-22 13:30:00+00:00,2020-09-22 20:00:00+00:00,390,390,0,390,390,0,0,0,0,0,0,0,55521646.0,True,True,complete,True,True,True
2020-09-23,2020-09-23 13:30:00+00:00,2020-09-23 20:00:00+00:00,390,390,0,390,390,0,0,0,0,0,0,0,78633450.0,True,True,complete,True,True,True
2020-09-24,2020-09-24 13:30:00+00:00,2020-09-24 20:00:00+00:00,390,390,0,390,390,0,0,0,0,0,0,0,69050921.0,True,True,complete,True,True,True
2020-09-25,2020-09-25 13:30:00+00:00,2020-09-25 20:00:00+00:00,390,390,0,390,390,0,0,0,0,0,0,0,59213321.0,True,True,complete,True,True,True
2020-09-28,2020-09-28 13:30:00+00:00,2020-09-28 20:00:00+00:00,390,390,0,390,390,0,0,0,0,0,0,0,55840142.0,True,True,complete,True,True,True
2020-09-29,2020-09-29 13:30:00+00:00,2020-09-29 20:00:00+00:00,390,390,0,390,390,0,0,0,0,0,0,0,41649974.0,True,True,complete,True,True,True
2020-09-30,2020-09-30 13:30:00+00:00,2020-09-30 20:00:00+00:00,390,390,0,390,390,0,0,0,0,0,0,0,79531955.0,True,True,complete,True,True,True
2020-10-01,2020-10-01 13:30:00+00:00,2020-10-01 20:00:00+00:00,390,390,0,390,390,0,0,0,0,0,0,0,77680305.0,True,True,complete,True,True,True
2020-10-02,2020-10-02 13:30:00+00:00,2020-10-02 20:00:00+00:00,390,390,0,390,390,0,0,0,0,0,0,0,76558040.0,True,True,complete,True,True,True
2020-10-05,2020-10-05 13:30:00+00:00,2020-10-05 20:00:00+00:00,390,390,0,390,390,0,0,0,0,0,0,0,39729032.0,True,True,complete,True,True,True
2020-10-06,2020-10-06 13:30:00+00:00,2020-10-06 20:00:00+00:00,390,390,0,390,390,0,0,0,0,0,0,0,80617893.0,True,True,complete,True,True,True
2020-10-07,2020-10-07 13:30:00+00:00,2020-10-07 20:00:00+00:00,390,390,0,390,390,0,0,0,0,0,0,0,42345381.0,True,True,complete,True,True,True
2020-10-08,2020-10-08 13:30:00+00:00,2020-10-08 20:00:00+00:00,390,390,0,390,390,0,0,0,0,0,0,0,36985879.0,True,True,complete,True,True,True
2020-10-09,2020-10-09 13:30:00+00:00,2020-10-09 20:00:00+00:00,390,390,0,390,390,0,0,0,0,0,0,0,49718501.0,True,True,complete,True,True,True
2020-10-12,2020-10-12 13:30:00+00:00,2020-10-12 20:00:00+00:00,390,390,0,390,390,0,0,0,0,0,0,0,62685702.0,True,True,complete,True,True,True
2020-10-13,2020-10-13 13:30:00+00:00,2020-10-13 20:00:00+00:00,390,390,0,390,390,0,0,0,0,0,0,0,64453390.0,True,True,complete,True,True,True
2020-10-14,2020-10-14 13:30:00+00:00,2020-10-14 20:00:00+00:00,390,390,0,390,390,0,0,0,0,0,0,0,49015983.0,True,True,complete,True,True,True
2020-10-15,2020-10-15 13:30:00+00:00,2020-10-15 20:00:00+00:00,390,390,0,390,390,0,0,0,0,0,0,0,53466236.0,True,True,complete,True,True,True
2020-10-16,2020-10-16 13:30:00+00:00,2020-10-16 20:00:00+00:00,390,390,0,390,390,0,0,0,0,0,0,0,64011852.0,True,True,complete,True,True,True
2020-10-19,2020-10-19 13:30:00+00:00,2020-10-19 20:00:00+00:00,390,390,0,390,390,0,0,0,0,0,0,0,58087377.0,True,True,complete,True,True,True
2020-10-20,2020-10-20 13:30:00+00:00,2020-10-20 20:00:00+00:00,390,390,0,390,390,0,0,0,0,0,0,0,51881752.0,True,True,complete,True,True,True
2020-10-21,2020-10-21 13:30:00+00:00,2020-10-21 20:00:00+00:00,390,390,0,390,390,0,0,0,0,0,0,0,55146462.0,True,True,complete,True,True,True
2020-10-22,2020-10-22 13:30:00+00:00,2020-10-22 20:00:00+00:00,390,390,0,390,390,0,0,0,0,0,0,0,47358178.0,True,True,complete,True,True,True
2020-10-23,2020-10-23 13:30:00+00:00,2020-10-23 20:00:00+00:00,390,390,0,390,390,0,0,0,0,0,0,0,40141244.0,True,True,complete,True,True,True
2020-10-26,2020-10-26 13:30:00+00:00,2020-10-26 20:00:00+00:00,390,390,0,390,390,0,0,0,0,0,0,0,81985058.0,True,True,complete,True,True,True
2020-10-27,2020-10-27 13:30:00+00:00,2020-10-27 20:00:00+00:00,390,390,0,390,390,0,0,0,0,0,0,0,51631816.0,True,True,complete,True,True,True
2020-10-28,2020-10-28 13:30:00+00:00,2020-10-28 20:00:00+00:00,390,390,0,390,390,0,0,0,0,0,0,0,110185646.0,True,True,complete,True,True,True
2020-10-29,2020-10-29 13:30:00+00:00,2020-10-29 20:00:00+00:00,390,390,0,390,390,0,0,0,0,0,0,0,77116766.0,True,True,complete,True,True,True
2020-10-30,2020-10-30 13:30:00+00:00,2020-10-30 20:00:00+00:00,390,390,0,390,390,0,0,0,0,0,0,0,96553437.0,True,True,complete,True,True,True
2020-11-02,2020-11-02 14:30:00+00:00,2020-11-02 21:00:00+00:00,390,390,0,390,390,0,0,0,0,0,0,0,72476583.0,True,True,complete,True,True,True
2020-11-03,2020-11-03 14:30:00+00:00,2020-11-03 21:00:00+00:00,390,390,0,390,390,0,0,0,0,0,0,0,78808891.0,True,True,complete,True,True,True
2020-11-04,2020-11-04 14:30:00+00:00,2020-11-04 21:00:00+00:00,390,390,0,390,390,0,0,0,0,0,0,0,111287725.0,True,True,complete,True,True,True
2020-11-05,2020-11-05 14:30:00+00:00,2020-11-05 21:00:00+00:00,390,390,0,390,390,0,0,0,0,0,0,0,72120500.0,True,True,complete,True,True,True
2020-11-06,2020-11-06 14:30:00+00:00,2020-11-06 21:00:00+00:00,390,390,0,390,390,0,0,0,0,0,0,0,59565329.0,True,True,complete,True,True,True
2020-11-09,2020-11-09 14:30:00+00:00,2020-11-09 21:00:00+00:00,390,390,0,390,390,0,0,0,0,0,0,0,143508089.0,True,True,complete,True,True,True
2020-11-10,2020-11-10 14:30:00+00:00,2020-11-10 21:00:00+00:00,390,390,0,390,390,0,0,0,0,0,0,0,71682439.0,True,True,complete,True,True,True
2020-11-11,2020-11-11 14:30:00+00:00,2020-11-11 21:00:00+00:00,390,390,0,390,390,0,0,0,0,0,0,0,45951623.0,True,True,complete,True,True,True
2020-11-12,2020-11-12 14:30:00+00:00,2020-11-12 21:00:00+00:00,390,390,0,390,390,0,0,0,0,0,0,0,58670627.0,True,True,complete,True,True,True
2020-11-13,2020-11-13 14:30:00+00:00,2020-11-13 21:00:00+00:00,390,390,0,390,390,0,0,0,0,0,0,0,49761676.0,True,True,complete,True,True,True
2020-11-16,2020-11-16 14:30:00+00:00,2020-11-16 21:00:00+00:00,390,390,0,390,390,0,0,0,0,0,0,0,60237734.0,True,True,complete,True,True,True
2020-11-17,2020-11-17 14:30:00+00:00,2020-11-17 21:00:00+00:00,390,390,0,390,390,0,0,0,0,0,0,0,56388296.0,True,True,complete,True,True,True
2020-11-18,2020-11-18 14:30:00+00:00,2020-11-18 21:00:00+00:00,390,390,0,390,390,0,0,0,0,0,0,0,57526479.0,True,True,complete,True,True,True
2020-11-19,2020-11-19 14:30:00+00:00,2020-11-19 21:00:00+00:00,390,390,0,390,390,0,0,0,0,0,0,0,50266153.0,True,True,complete,True,True,True
2020-11-20,2020-11-20 14:30:00+00:00,2020-11-20 21:00:00+00:00,390,390,0,390,390,0,0,0,0,0,0,0,49485331.0,True,True,complete,True,True,True
2020-11-23,2020-11-23 14:30:00+00:00,2020-11-23 21:00:00+00:00,390,390,0,390,390,0,0,0,0,0,0,0,50480460.0,True,True,complete,True,True,True
2020-11-24,2020-11-24 14:30:00+00:00,2020-11-24 21:00:00+00:00,390,390,0,390,390,0,0,0,0,0,0,0,55015155.0,True,True,complete,True,True,True
2020-11-25,2020-11-25 14:30:00+00:00,2020-11-25 21:00:00+00:00,390,390,0,390,390,0,0,0,0,0,0,0,35154106.0,True,True,complete,True,True,True
2020-11-27,2020-11-27 14:30:00+00:00,2020-11-27 18:00:00+00:00,210,210,0,210,210,0,0,0,0,0,0,0,23356579.0,True,True,complete,True,True,True
2020-11-30,2020-11-30 14:30:00+00:00,2020-11-30 21:00:00+00:00,390,390,0,390,390,0,0,0,0,0,0,0,66963402.0,True,True,complete,True,True,True
2020-12-01,2020-12-01 14:30:00+00:00,2020-12-01 21:00:00+00:00,390,390,0,390,390,0,0,0,0,0,0,0,63422803.0,True,True,complete,True,True,True
2020-12-02,2020-12-02 14:30:00+00:00,2020-12-02 21:00:00+00:00,390,390,0,390,390,0,0,0,0,0,0,0,37111839.0,True,True,complete,True,True,True
2020-12-03,2020-12-03 14:30:00+00:00,2020-12-03 21:00:00+00:00,390,390,0,390,390,0,0,0,0,0,0,0,51825472.0,True,True,complete,True,True,True
2020-12-04,2020-12-04 14:30:00+00:00,2020-12-04 21:00:00+00:00,390,390,0,390,390,0,0,0,0,0,0,0,40164084.0,True,True,complete,True,True,True
2020-12-07,2020-12-07 14:30:00+00:00,2020-12-07 21:00:00+00:00,390,390,0,390,390,0,0,0,0,0,0,0,40322214.0,True,True,complete,True,True,True
2020-12-08,2020-12-08 14:30:00+00:00,2020-12-08 21:00:00+00:00,390,390,0,390,390,0,0,0,0,0,0,0,32577110.0,True,True,complete,True,True,True
2020-12-09,2020-12-09 14:30:00+00:00,2020-12-09 21:00:00+00:00,390,390,0,390,390,0,0,0,0,0,0,0,60558009.0,True,True,complete,True,True,True
2020-12-10,2020-12-10 14:30:00+00:00,2020-12-10 21:00:00+00:00,390,390,0,390,390,0,0,0,0,0,0,0,47702874.0,True,True,complete,True,True,True
2020-12-11,2020-12-11 14:30:00+00:00,2020-12-11 21:00:00+00:00,390,390,0,390,390,0,0,0,0,0,0,0,47782420.0,True,True,complete,True,True,True
2020-12-14,2020-12-14 14:30:00+00:00,2020-12-14 21:00:00+00:00,390,390,0,390,390,0,0,0,0,0,0,0,54571708.0,True,True,complete,True,True,True
2020-12-15,2020-12-15 14:30:00+00:00,2020-12-15 21:00:00+00:00,390,390,0,390,390,0,0,0,0,0,0,0,50870482.0,True,True,complete,True,True,True
2020-12-16,2020-12-16 14:30:00+00:00,2020-12-16 21:00:00+00:00,390,390,0,390,390,0,0,0,0,0,0,0,47420726.0,True,True,complete,True,True,True
2020-12-17,2020-12-17 14:30:00+00:00,2020-12-17 21:00:00+00:00,390,390,0,390,390,0,0,0,0,0,0,0,50673813.0,True,True,complete,True,True,True
2020-12-18,2020-12-18 14:30:00+00:00,2020-12-18 21:00:00+00:00,390,390,0,390,390,0,0,0,0,0,0,0,88622947.0,True,True,complete,True,True,True
2020-12-21,2020-12-21 14:30:00+00:00,2020-12-21 21:00:00+00:00,390,390,0,390,390,0,0,0,0,0,0,0,73677591.0,True,True,complete,True,True,True
2020-12-22,2020-12-22 14:30:00+00:00,2020-12-22 21:00:00+00:00,390,390,0,390,390,0,0,0,0,0,0,0,40986593.0,True,True,complete,True,True,True
2020-12-23,2020-12-23 14:30:00+00:00,2020-12-23 21:00:00+00:00,390,390,0,390,390,0,0,0,0,0,0,0,37298398.0,True,True,complete,True,True,True
2020-12-24,2020-12-24 14:30:00+00:00,2020-12-24 18:00:00+00:00,210,210,0,210,210,0,0,0,0,0,0,0,20304785.0,True,True,complete,True,True,True
2020-12-28,2020-12-28 14:30:00+00:00,2020-12-28 21:00:00+00:00,390,390,0,390,390,0,0,0,0,0,0,0,31376261.0,True,True,complete,True,True,True
2020-12-29,2020-12-29 14:30:00+00:00,2020-12-29 21:00:00+00:00,390,390,0,390,390,0,0,0,0,0,0,0,44867416.0,True,True,complete,True,True,True
2020-12-30,2020-12-30 14:30:00+00:00,2020-12-30 21:00:00+00:00,390,390,0,390,390,0,0,0,0,0,0,0,40200617.0,True,True,complete,True,True,True
2020-12-31,2020-12-31 14:30:00+00:00,2020-12-31 21:00:00+00:00,390,390,0,390,390,0,0,0,0,0,0,0,52590024.0,True,True,complete,True,True,True
2021-01-04,2021-01-04 14:30:00+00:00,2021-01-04 21:00:00+00:00,390,390,0,390,390,0,0,0,0,0,0,0,92705779.0,True,True,complete,True,True,True
2021-01-05,2021-01-05 14:30:00+00:00,2021-01-05 21:00:00+00:00,390,390,0,390,390,0,0,0,0,0,0,0,53575341.0,True,True,complete,True,True,True
2021-01-06,2021-01-06 14:30:00+00:00,2021-01-06 21:00:00+00:00,390,390,0,390,390,0,0,0,0,0,0,0,91863694.0,True,True,complete,True,True,True
2021-01-07,2021-01-07 14:30:00+00:00,2021-01-07 21:00:00+00:00,390,390,0,390,390,0,0,0,0,0,0,0,58585516.0,True,True,complete,True,True,True
2021-01-08,2021-01-08 14:30:00+00:00,2021-01-08 21:00:00+00:00,390,390,0,390,390,0,0,0,0,0,0,0,60187881.0,True,True,complete,True,True,True
2021-01-11,2021-01-11 14:30:00+00:00,2021-01-11 21:00:00+00:00,390,390,0,390,390,0,0,0,0,0,0,0,44605142.0,True,True,complete,True,True,True
2021-01-12,2021-01-12 14:30:00+00:00,2021-01-12 21:00:00+00:00,390,390,0,390,390,0,0,0,0,0,0,0,45330221.0,True,True,complete,True,True,True
2021-01-13,2021-01-13 14:30:00+00:00,2021-01-13 21:00:00+00:00,390,390,0,390,390,0,0,0,0,0,0,0,38290241.0,True,True,complete,True,True,True
2021-01-14,2021-01-14 14:30:00+00:00,2021-01-14 21:00:00+00:00,390,390,0,390,390,0,0,0,0,0,0,0,40884577.0,True,True,complete,True,True,True
2021-01-15,2021-01-15 14:30:00+00:00,2021-01-15 21:00:00+00:00,390,390,0,390,390,0,0,0,0,0,0,0,78268470.0,True,True,complete,True,True,True
2021-01-19,2021-01-19 14:30:00+00:00,2021-01-19 21:00:00+00:00,390,390,0,390,390,0,0,0,0,0,0,0,41972443.0,True,True,complete,True,True,True
2021-01-20,2021-01-20 14:30:00+00:00,2021-01-20 21:00:00+00:00,390,390,0,390,390,0,0,0,0,0,0,0,51884404.0,True,True,complete,True,True,True
2021-01-21,2021-01-21 14:30:00+00:00,2021-01-21 21:00:00+00:00,390,390,0,390,390,0,0,0,0,0,0,0,41166418.0,True,True,complete,True,True,True
2021-01-22,2021-01-22 14:30:00+00:00,2021-01-22 21:00:00+00:00,390,390,0,390,390,0,0,0,0,0,0,0,38943006.0,True,True,complete,True,True,True
2021-01-25,2021-01-25 14:30:00+00:00,2021-01-25 21:00:00+00:00,390,390,0,390,390,0,0,0,0,0,0,0,61067956.0,True,True,complete,True,True,True
2021-01-26,2021-01-26 14:30:00+00:00,2021-01-26 21:00:00+00:00,390,390,0,390,390,0,0,0,0,0,0,0,36702989.0,True,True,complete,True,True,True
2021-01-27,2021-01-27 14:30:00+00:00,2021-01-27 21:00:00+00:00,390,390,0,390,390,0,0,0,0,0,0,0,99029701.0,True,True,complete,True,True,True
2021-01-28,2021-01-28 14:30:00+00:00,2021-01-28 21:00:00+00:00,390,390,0,390,390,0,0,0,0,0,0,0,74999874.0,True,True,complete,True,True,True
2021-01-29,2021-01-29 14:30:00+00:00,2021-01-29 21:00:00+00:00,390,390,0,390,390,0,0,0,0,0,0,0,106016172.0,True,True,complete,True,True,True
2021-02-01,2021-02-01 14:30:00+00:00,2021-02-01 21:00:00+00:00,390,390,0,390,390,0,0,0,0,0,0,0,63656356.0,True,True,complete,True,True,True
2021-02-02,2021-02-02 14:30:00+00:00,2021-02-02 21:00:00+00:00,390,390,0,390,390,0,0,0,0,0,0,0,53701103.0,True,True,complete,True,True,True
2021-02-03,2021-02-03 14:30:00+00:00,2021-02-03 21:00:00+00:00,390,390,0,390,390,0,0,0,0,0,0,0,43100826.0,True,True,complete,True,True,True
2021-02-04,2021-02-04 14:30:00+00:00,2021-02-04 21:00:00+00:00,390,390,0,390,390,0,0,0,0,0,0,0,40110955.0,True,True,complete,True,True,True
2021-02-05,2021-02-05 14:30:00+00:00,2021-02-05 21:00:00+00:00,390,390,0,390,390,0,0,0,0,0,0,0,39123161.0,True,True,complete,True,True,True
2021-02-08,2021-02-08 14:30:00+00:00,2021-02-08 21:00:00+00:00,390,390,0,390,390,0,0,0,0,0,0,0,33822329.0,True,True,complete,True,True,True
2021-02-09,2021-02-09 14:30:00+00:00,2021-02-09 21:00:00+00:00,390,390,0,390,390,0,0,0,0,0,0,0,30656272.0,True,True,complete,True,True,True
2021-02-10,2021-02-10 14:30:00+00:00,2021-02-10 21:00:00+00:00,390,390,0,390,390,0,0,0,0,0,0,0,53649954.0,True,True,complete,True,True,True
2021-02-11,2021-02-11 14:30:00+00:00,2021-02-11 21:00:00+00:00,390,390,0,390,390,0,0,0,0,0,0,0,38784615.0,True,True,complete,True,True,True
2021-02-12,2021-02-12 14:30:00+00:00,2021-02-12 21:00:00+00:00,390,390,0,390,390,0,0,0,0,0,0,0,39310043.0,True,True,complete,True,True,True
2021-02-16,2021-02-16 14:30:00+00:00,2021-02-16 21:00:00+00:00,390,390,0,390,390,0,0,0,0,0,0,0,42938575.0,True,True,complete,True,True,True
2021-02-17,2021-02-17 14:30:00+00:00,2021-02-17 21:00:00+00:00,390,390,0,390,390,0,0,0,0,0,0,0,44434384.0,True,True,complete,True,True,True
2021-02-18,2021-02-18 14:30:00+00:00,2021-02-18 21:00:00+00:00,390,390,0,390,390,0,0,0,0,0,0,0,52181943.0,True,True,complete,True,True,True
2021-02-19,2021-02-19 14:30:00+00:00,2021-02-19 21:00:00+00:00,390,390,0,390,390,0,0,0,0,0,0,0,65650269.0,True,True,complete,True,True,True
2021-02-22,2021-02-22 14:30:00+00:00,2021-02-22 21:00:00+00:00,390,390,0,390,390,0,0,0,0,0,0,0,56433853.0,True,True,complete,True,True,True
2021-02-23,2021-02-23 14:30:00+00:00,2021-02-23 21:00:00+00:00,390,390,0,390,390,0,0,0,0,0,0,0,98133578.0,True,True,complete,True,True,True
2021-02-24,2021-02-24 14:30:00+00:00,2021-02-24 21:00:00+00:00,390,390,0,390,390,0,0,0,0,0,0,0,64291403.0,True,True,complete,True,True,True
2021-02-25,2021-02-25 14:30:00+00:00,2021-02-25 21:00:00+00:00,390,390,0,390,390,0,0,0,0,0,0,0,136803243.0,True,True,complete,True,True,True
2021-02-26,2021-02-26 14:30:00+00:00,2021-02-26 21:00:00+00:00,390,390,0,390,390,0,0,0,0,0,0,0,134676465.0,True,True,complete,True,True,True
2021-03-01,2021-03-01 14:30:00+00:00,2021-03-01 21:00:00+00:00,390,390,0,390,390,0,0,0,0,0,0,0,91671706.0,True,True,complete,True,True,True
2021-03-02,2021-03-02 14:30:00+00:00,2021-03-02 21:00:00+00:00,390,390,0,390,390,0,0,0,0,0,0,0,70332998.0,True,True,complete,True,True,True
2021-03-03,2021-03-03 14:30:00+00:00,2021-03-03 21:00:00+00:00,390,390,0,390,390,0,0,0,0,0,0,0,104413943.0,True,True,complete,True,True,True
2021-03-04,2021-03-04 14:30:00+00:00,2021-03-04 21:00:00+00:00,390,390,0,390,390,0,0,0,0,0,0,0,168075408.0,True,True,complete,True,True,True
2021-03-05,2021-03-05 14:30:00+00:00,2021-03-05 21:00:00+00:00,390,390,0,390,390,0,0,0,0,0,0,0,133479974.0,True,True,complete,True,True,True
2021-03-08,2021-03-08 14:30:00+00:00,2021-03-08 21:00:00+00:00,390,390,0,390,390,0,0,0,0,0,0,0,106968450.0,True,True,complete,True,True,True
2021-03-09,2021-03-09 14:30:00+00:00,2021-03-09 21:00:00+00:00,390,390,0,390,390,0,0,0,0,0,0,0,97595721.0,True,True,complete,True,True,True
2021-03-10,2021-03-10 14:30:00+00:00,2021-03-10 21:00:00+00:00,390,390,0,390,390,0,0,0,0,0,0,0,101032270.0,True,True,complete,True,True,True
2021-03-11,2021-03-11 14:30:00+00:00,2021-03-11 21:00:00+00:00,390,390,0,390,390,0,0,0,0,0,0,0,76825189.0,True,True,complete,True,True,True
2021-03-12,2021-03-12 14:30:00+00:00,2021-03-12 21:00:00+00:00,390,390,0,390,390,0,0,0,0,0,0,0,56268849.0,True,True,complete,True,True,True
2021-03-15,2021-03-15 13:30:00+00:00,2021-03-15 20:00:00+00:00,390,390,0,390,390,0,0,0,0,0,0,0,64277246.0,True,True,complete,True,True,True
2021-03-16,2021-03-16 13:30:00+00:00,2021-03-16 20:00:00+00:00,390,390,0,390,390,0,0,0,0,0,0,0,65510796.0,True,True,complete,True,True,True
2021-03-17,2021-03-17 13:30:00+00:00,2021-03-17 20:00:00+00:00,390,390,0,390,390,0,0,0,0,0,0,0,82604832.0,True,True,complete,True,True,True
2021-03-18,2021-03-18 13:30:00+00:00,2021-03-18 20:00:00+00:00,390,390,0,390,390,0,0,0,0,0,0,0,98343449.0,True,True,complete,True,True,True
2021-03-19,2021-03-19 13:30:00+00:00,2021-03-19 20:00:00+00:00,390,390,0,390,390,0,0,0,0,0,0,0,93424618.0,True,True,complete,True,True,True
2021-03-22,2021-03-22 13:30:00+00:00,2021-03-22 20:00:00+00:00,390,390,0,390,390,0,0,0,0,0,0,0,61227199.0,True,True,complete,True,True,True
2021-03-23,2021-03-23 13:30:00+00:00,2021-03-23 20:00:00+00:00,390,390,0,390,390,0,0,0,0,0,0,0,79214887.0,True,True,complete,True,True,True
2021-03-24,2021-03-24 13:30:00+00:00,2021-03-24 20:00:00+00:00,390,390,0,390,390,0,0,0,0,0,0,0,85357517.0,True,True,complete,True,True,True
2021-03-25,2021-03-25 13:30:00+00:00,2021-03-25 20:00:00+00:00,390,390,0,390,390,0,0,0,0,0,0,0,101340335.0,True,True,complete,True,True,True
2021-03-26,2021-03-26 13:30:00+00:00,2021-03-26 20:00:00+00:00,390,390,0,390,390,0,0,0,0,0,0,0,97324183.0,True,True,complete,True,True,True
2021-03-29,2021-03-29 13:30:00+00:00,2021-03-29 20:00:00+00:00,390,390,0,390,390,0,0,0,0,0,0,0,87402469.0,True,True,complete,True,True,True
2021-03-30,2021-03-30 13:30:00+00:00,2021-03-30 20:00:00+00:00,390,390,0,390,390,0,0,0,0,0,0,0,65505085.0,True,True,complete,True,True,True
2021-03-31,2021-03-31 13:30:00+00:00,2021-03-31 20:00:00+00:00,390,390,0,390,390,0,0,0,0,0,0,0,89105212.0,True,True,complete,True,True,True
2021-04-01,2021-04-01 13:30:00+00:00,2021-04-01 20:00:00+00:00,390,390,0,390,390,0,0,0,0,0,0,0,87083210.0,True,True,complete,True,True,True
2021-04-05,2021-04-05 13:30:00+00:00,2021-04-05 20:00:00+00:00,390,390,0,390,390,0,0,0,0,0,0,0,82768403.0,True,True,complete,True,True,True
2021-04-06,2021-04-06 13:30:00+00:00,2021-04-06 20:00:00+00:00,390,390,0,390,390,0,0,0,0,0,0,0,54536404.0,True,True,complete,True,True,True
2021-04-07,2021-04-07 13:30:00+00:00,2021-04-07 20:00:00+00:00,390,390,0,390,390,0,0,0,0,0,0,0,50053783.0,True,True,complete,True,True,True
2021-04-08,2021-04-08 13:30:00+00:00,2021-04-08 20:00:00+00:00,390,390,0,390,390,0,0,0,0,0,0,0,50461487.0,True,True,complete,True,True,True
2021-04-09,2021-04-09 13:30:00+00:00,2021-04-09 20:00:00+00:00,390,390,0,390,390,0,0,0,0,0,0,0,53151272.0,True,True,complete,True,True,True
2021-04-12,2021-04-12 13:30:00+00:00,2021-04-12 20:00:00+00:00,390,390,0,390,390,0,0,0,0,0,0,0,51900856.0,True,True,complete,True,True,True
2021-04-13,2021-04-13 13:30:00+00:00,2021-04-13 20:00:00+00:00,390,390,0,390,390,0,0,0,0,0,0,0,50770019.0,True,True,complete,True,True,True
2021-04-14,2021-04-14 13:30:00+00:00,2021-04-14 20:00:00+00:00,390,390,0,390,390,0,0,0,0,0,0,0,54374759.0,True,True,complete,True,True,True
2021-04-15,2021-04-15 13:30:00+00:00,2021-04-15 20:00:00+00:00,390,390,0,390,390,0,0,0,0,0,0,0,55761592.0,True,True,complete,True,True,True
2021-04-16,2021-04-16 13:30:00+00:00,2021-04-16 20:00:00+00:00,390,390,0,390,390,0,0,0,0,0,0,0,68114197.0,True,True,complete,True,True,True
2021-04-19,2021-04-19 13:30:00+00:00,2021-04-19 20:00:00+00:00,390,390,0,390,390,0,0,0,0,0,0,0,68975295.0,True,True,complete,True,True,True
2021-04-20,2021-04-20 13:30:00+00:00,2021-04-20 20:00:00+00:00,390,390,0,390,390,0,0,0,0,0,0,0,70898770.0,True,True,complete,True,True,True
2021-04-21,2021-04-21 13:30:00+00:00,2021-04-21 20:00:00+00:00,390,390,0,390,390,0,0,0,0,0,0,0,54974198.0,True,True,complete,True,True,True
2021-04-22,2021-04-22 13:30:00+00:00,2021-04-22 20:00:00+00:00,390,390,0,390,390,0,0,0,0,0,0,0,90698851.0,True,True,complete,True,True,True
2021-04-23,2021-04-23 13:30:00+00:00,2021-04-23 20:00:00+00:00,390,390,0,390,390,0,0,0,0,0,0,0,62512852.0,True,True,complete,True,True,True
2021-04-26,2021-04-26 13:30:00+00:00,2021-04-26 20:00:00+00:00,390,390,0,390,390,0,0,0,0,0,0,0,45517702.0,True,True,complete,True,True,True
2021-04-27,2021-04-27 13:30:00+00:00,2021-04-27 20:00:00+00:00,390,390,0,390,390,0,0,0,0,0,0,0,47441664.0,True,True,complete,True,True,True
2021-04-28,2021-04-28 13:30:00+00:00,2021-04-28 20:00:00+00:00,390,390,0,390,390,0,0,0,0,0,0,0,46086312.0,True,True,complete,True,True,True
2021-04-29,2021-04-29 13:30:00+00:00,2021-04-29 20:00:00+00:00,390,390,0,390,390,0,0,0,0,0,0,0,72145370.0,True,True,complete,True,True,True
2021-04-30,2021-04-30 13:30:00+00:00,2021-04-30 20:00:00+00:00,390,390,0,390,390,0,0,0,0,0,0,0,73929242.0,True,True,complete,True,True,True
2021-05-03,2021-05-03 13:30:00+00:00,2021-05-03 20:00:00+00:00,390,390,0,390,390,0,0,0,0,0,0,0,61437297.0,True,True,complete,True,True,True
2021-05-04,2021-05-04 13:30:00+00:00,2021-05-04 20:00:00+00:00,390,390,0,390,390,0,0,0,0,0,0,0,89703979.0,True,True,complete,True,True,True
2021-05-05,2021-05-05 13:30:00+00:00,2021-05-05 20:00:00+00:00,390,390,0,390,385,5,0,0,0,5,0,0,52479078.0,True,True,interior_gap,False,False,True
2021-05-06,2021-05-06 13:30:00+00:00,2021-05-06 20:00:00+00:00,390,390,0,390,390,0,0,0,0,0,0,0,66176855.0,True,True,complete,True,True,True
2021-05-07,2021-05-07 13:30:00+00:00,2021-05-07 20:00:00+00:00,390,390,0,390,390,0,0,0,0,0,0,0,58270611.0,True,True,complete,True,True,True
2021-05-10,2021-05-10 13:30:00+00:00,2021-05-10 20:00:00+00:00,390,390,0,390,390,0,0,0,0,0,0,0,72495998.0,True,True,complete,True,True,True
2021-05-11,2021-05-11 13:30:00+00:00,2021-05-11 20:00:00+00:00,390,390,0,390,390,0,0,0,0,0,0,0,106357503.0,True,True,complete,True,True,True
2021-05-12,2021-05-12 13:30:00+00:00,2021-05-12 20:00:00+00:00,390,390,0,390,390,0,0,0,0,0,0,0,118417876.0,True,True,complete,True,True,True
2021-05-13,2021-05-13 13:30:00+00:00,2021-05-13 20:00:00+00:00,390,390,0,390,390,0,0,0,0,0,0,0,98058320.0,True,True,complete,True,True,True
2021-05-14,2021-05-14 13:30:00+00:00,2021-05-14 20:00:00+00:00,390,390,0,390,390,0,0,0,0,0,0,0,69320787.0,True,True,complete,True,True,True
2021-05-17,2021-05-17 13:30:00+00:00,2021-05-17 20:00:00+00:00,390,390,0,390,390,0,0,0,0,0,0,0,59290476.0,True,True,complete,True,True,True
2021-05-18,2021-05-18 13:30:00+00:00,2021-05-18 20:00:00+00:00,390,390,0,390,390,0,0,0,0,0,0,0,52868199.0,True,True,complete,True,True,True
2021-05-19,2021-05-19 13:30:00+00:00,2021-05-19 20:00:00+00:00,390,390,0,390,390,0,0,0,0,0,0,0,95710359.0,True,True,complete,True,True,True
2021-05-20,2021-05-20 13:30:00+00:00,2021-05-20 20:00:00+00:00,390,390,0,390,390,0,0,0,0,0,0,0,70254125.0,True,True,complete,True,True,True
2021-05-21,2021-05-21 13:30:00+00:00,2021-05-21 20:00:00+00:00,390,390,0,390,390,0,0,0,0,0,0,0,68000116.0,True,True,complete,True,True,True
2021-05-24,2021-05-24 13:30:00+00:00,2021-05-24 20:00:00+00:00,390,390,0,390,390,0,0,0,0,0,0,0,46263347.0,True,True,complete,True,True,True
2021-05-25,2021-05-25 13:30:00+00:00,2021-05-25 20:00:00+00:00,390,390,0,390,390,0,0,0,0,0,0,0,52583896.0,True,True,complete,True,True,True
2021-05-26,2021-05-26 13:30:00+00:00,2021-05-26 20:00:00+00:00,390,390,0,390,390,0,0,0,0,0,0,0,38892776.0,True,True,complete,True,True,True
2021-05-27,2021-05-27 13:30:00+00:00,2021-05-27 20:00:00+00:00,390,390,0,390,390,0,0,0,0,0,0,0,49900676.0,True,True,complete,True,True,True
2021-05-28,2021-05-28 13:30:00+00:00,2021-05-28 20:00:00+00:00,390,390,0,390,390,0,0,0,0,0,0,0,50168410.0,True,True,complete,True,True,True
2021-06-01,2021-06-01 13:30:00+00:00,2021-06-01 20:00:00+00:00,390,390,0,390,390,0,0,0,0,0,0,0,48400344.0,True,True,complete,True,True,True
2021-06-02,2021-06-02 13:30:00+00:00,2021-06-02 20:00:00+00:00,390,390,0,390,390,0,0,0,0,0,0,0,41118812.0,True,True,complete,True,True,True
2021-06-03,2021-06-03 13:30:00+00:00,2021-06-03 20:00:00+00:00,390,390,0,390,390,0,0,0,0,0,0,0,52632792.0,True,True,complete,True,True,True
2021-06-04,2021-06-04 13:30:00+00:00,2021-06-04 20:00:00+00:00,390,390,0,390,390,0,0,0,0,0,0,0,45714206.0,True,True,complete,True,True,True
2021-06-07,2021-06-07 13:30:00+00:00,2021-06-07 20:00:00+00:00,390,390,0,390,390,0,0,0,0,0,0,0,42104252.0,True,True,complete,True,True,True
2021-06-08,2021-06-08 13:30:00+00:00,2021-06-08 20:00:00+00:00,390,390,0,390,390,0,0,0,0,0,0,0,40636051.0,True,True,complete,True,True,True
2021-06-09,2021-06-09 13:30:00+00:00,2021-06-09 20:00:00+00:00,390,390,0,390,390,0,0,0,0,0,0,0,38766500.0,True,True,complete,True,True,True
2021-06-10,2021-06-10 13:30:00+00:00,2021-06-10 20:00:00+00:00,390,390,0,390,390,0,0,0,0,0,0,0,43717761.0,True,True,complete,True,True,True
2021-06-11,2021-06-11 13:30:00+00:00,2021-06-11 20:00:00+00:00,390,390,0,390,390,0,0,0,0,0,0,0,37581888.0,True,True,complete,True,True,True
2021-06-14,2021-06-14 13:30:00+00:00,2021-06-14 20:00:00+00:00,390,390,0,390,390,0,0,0,0,0,0,0,33367368.0,True,True,complete,True,True,True
2021-06-15,2021-06-15 13:30:00+00:00,2021-06-15 20:00:00+00:00,390,390,0,390,390,0,0,0,0,0,0,0,43155909.0,True,True,complete,True,True,True
2021-06-16,2021-06-16 13:30:00+00:00,2021-06-16 20:00:00+00:00,390,390,0,390,390,0,0,0,0,0,0,0,74717987.0,True,True,complete,True,True,True
2021-06-17,2021-06-17 13:30:00+00:00,2021-06-17 20:00:00+00:00,390,390,0,390,390,0,0,0,0,0,0,0,75831391.0,True,True,complete,True,True,True
2021-06-18,2021-06-18 13:30:00+00:00,2021-06-18 20:00:00+00:00,390,390,0,390,390,0,0,0,0,0,0,0,93966972.0,True,True,complete,True,True,True
2021-06-21,2021-06-21 13:30:00+00:00,2021-06-21 20:00:00+00:00,390,390,0,390,390,0,0,0,0,0,0,0,64422811.0,True,True,complete,True,True,True
2021-06-22,2021-06-22 13:30:00+00:00,2021-06-22 20:00:00+00:00,390,390,0,390,390,0,0,0,0,0,0,0,51540096.0,True,True,complete,True,True,True
2021-06-23,2021-06-23 13:30:00+00:00,2021-06-23 20:00:00+00:00,390,390,0,390,390,0,0,0,0,0,0,0,42364432.0,True,True,complete,True,True,True
2021-06-24,2021-06-24 13:30:00+00:00,2021-06-24 20:00:00+00:00,390,390,0,390,390,0,0,0,0,0,0,0,40654133.0,True,True,complete,True,True,True
2021-06-25,2021-06-25 13:30:00+00:00,2021-06-25 20:00:00+00:00,390,390,0,390,390,0,0,0,0,0,0,0,51168482.0,True,True,complete,True,True,True
2021-06-28,2021-06-28 13:30:00+00:00,2021-06-28 20:00:00+00:00,390,390,0,390,390,0,0,0,0,0,0,0,44337082.0,True,True,complete,True,True,True
2021-06-29,2021-06-29 13:30:00+00:00,2021-06-29 20:00:00+00:00,390,390,0,390,390,0,0,0,0,0,0,0,32292512.0,True,True,complete,True,True,True
2021-06-30,2021-06-30 13:30:00+00:00,2021-06-30 20:00:00+00:00,390,390,0,390,390,0,0,0,0,0,0,0,47135869.0,True,True,complete,True,True,True
2021-07-01,2021-07-01 13:30:00+00:00,2021-07-01 20:00:00+00:00,390,390,0,390,390,0,0,0,0,0,0,0,44806613.0,True,True,complete,True,True,True
2021-07-02,2021-07-02 13:30:00+00:00,2021-07-02 20:00:00+00:00,390,390,0,390,390,0,0,0,0,0,0,0,46937889.0,True,True,complete,True,True,True
2021-07-06,2021-07-06 13:30:00+00:00,2021-07-06 20:00:00+00:00,390,390,0,390,390,0,0,0,0,0,0,0,60734040.0,True,True,complete,True,True,True
2021-07-07,2021-07-07 13:30:00+00:00,2021-07-07 20:00:00+00:00,390,390,0,390,390,0,0,0,0,0,0,0,56163900.0,True,True,complete,True,True,True
2021-07-08,2021-07-08 13:30:00+00:00,2021-07-08 20:00:00+00:00,390,390,0,390,390,0,0,0,0,0,0,0,84300203.0,True,True,complete,True,True,True
2021-07-09,2021-07-09 13:30:00+00:00,2021-07-09 20:00:00+00:00,390,390,0,390,390,0,0,0,0,0,0,0,60006466.0,True,True,complete,True,True,True
2021-07-12,2021-07-12 13:30:00+00:00,2021-07-12 20:00:00+00:00,390,390,0,390,390,0,0,0,0,0,0,0,42273792.0,True,True,complete,True,True,True
2021-07-13,2021-07-13 13:30:00+00:00,2021-07-13 20:00:00+00:00,390,390,0,390,390,0,0,0,0,0,0,0,46584584.0,True,True,complete,True,True,True
2021-07-14,2021-07-14 13:30:00+00:00,2021-07-14 20:00:00+00:00,390,390,0,390,390,0,0,0,0,0,0,0,55007002.0,True,True,complete,True,True,True
2021-07-15,2021-07-15 13:30:00+00:00,2021-07-15 20:00:00+00:00,390,390,0,390,390,0,0,0,0,0,0,0,50923292.0,True,True,complete,True,True,True
2021-07-16,2021-07-16 13:30:00+00:00,2021-07-16 20:00:00+00:00,390,390,0,390,390,0,0,0,0,0,0,0,68775652.0,True,True,complete,True,True,True
2021-07-19,2021-07-19 13:30:00+00:00,2021-07-19 20:00:00+00:00,390,390,0,390,390,0,0,0,0,0,0,0,129104117.0,True,True,complete,True,True,True
2021-07-20,2021-07-20 13:30:00+00:00,2021-07-20 20:00:00+00:00,390,390,0,390,390,0,0,0,0,0,0,0,88260833.0,True,True,complete,True,True,True
2021-07-21,2021-07-21 13:30:00+00:00,2021-07-21 20:00:00+00:00,390,390,0,390,390,0,0,0,0,0,0,0,54755730.0,True,True,complete,True,True,True
2021-07-22,2021-07-22 13:30:00+00:00,2021-07-22 20:00:00+00:00,390,390,0,390,390,0,0,0,0,0,0,0,42182079.0,True,True,complete,True,True,True
2021-07-23,2021-07-23 13:30:00+00:00,2021-07-23 20:00:00+00:00,390,390,0,390,390,0,0,0,0,0,0,0,53649478.0,True,True,complete,True,True,True
2021-07-26,2021-07-26 13:30:00+00:00,2021-07-26 20:00:00+00:00,390,390,0,390,390,0,0,0,0,0,0,0,39698281.0,True,True,complete,True,True,True
2021-07-27,2021-07-27 13:30:00+00:00,2021-07-27 20:00:00+00:00,390,390,0,390,390,0,0,0,0,0,0,0,61250268.0,True,True,complete,True,True,True
2021-07-28,2021-07-28 13:30:00+00:00,2021-07-28 20:00:00+00:00,390,390,0,390,390,0,0,0,0,0,0,0,48105361.0,True,True,complete,True,True,True
2021-07-29,2021-07-29 13:30:00+00:00,2021-07-29 20:00:00+00:00,390,390,0,390,390,0,0,0,0,0,0,0,41311319.0,True,True,complete,True,True,True
2021-07-30,2021-07-30 13:30:00+00:00,2021-07-30 20:00:00+00:00,390,390,0,390,390,0,0,0,0,0,0,0,56917555.0,True,True,complete,True,True,True
2021-08-02,2021-08-02 13:30:00+00:00,2021-08-02 20:00:00+00:00,390,390,0,390,390,0,0,0,0,0,0,0,54538291.0,True,True,complete,True,True,True
2021-08-03,2021-08-03 13:30:00+00:00,2021-08-03 20:00:00+00:00,390,390,0,390,390,0,0,0,0,0,0,0,52873410.0,True,True,complete,True,True,True
2021-08-04,2021-08-04 13:30:00+00:00,2021-08-04 20:00:00+00:00,390,390,0,390,390,0,0,0,0,0,0,0,40745893.0,True,True,complete,True,True,True
2021-08-05,2021-08-05 13:30:00+00:00,2021-08-05 20:00:00+00:00,390,390,0,390,390,0,0,0,0,0,0,0,35037212.0,True,True,complete,True,True,True
2021-08-06,2021-08-06 13:30:00+00:00,2021-08-06 20:00:00+00:00,390,390,0,390,390,0,0,0,0,0,0,0,40496649.0,True,True,complete,True,True,True
2021-08-09,2021-08-09 13:30:00+00:00,2021-08-09 20:00:00+00:00,390,390,0,390,390,0,0,0,0,0,0,0,36472793.0,True,True,complete,True,True,True
2021-08-10,2021-08-10 13:30:00+00:00,2021-08-10 20:00:00+00:00,390,390,0,390,390,0,0,0,0,0,0,0,39295302.0,True,True,complete,True,True,True
2021-08-11,2021-08-11 13:30:00+00:00,2021-08-11 20:00:00+00:00,390,390,0,390,390,0,0,0,0,0,0,0,36002602.0,True,True,complete,True,True,True
2021-08-12,2021-08-12 13:30:00+00:00,2021-08-12 20:00:00+00:00,390,390,0,390,390,0,0,0,0,0,0,0,35073021.0,True,True,complete,True,True,True
2021-08-13,2021-08-13 13:30:00+00:00,2021-08-13 20:00:00+00:00,390,390,0,390,390,0,0,0,0,0,0,0,32442816.0,True,True,complete,True,True,True
2021-08-16,2021-08-16 13:30:00+00:00,2021-08-16 20:00:00+00:00,390,390,0,390,390,0,0,0,0,0,0,0,52837526.0,True,True,complete,True,True,True
2021-08-17,2021-08-17 13:30:00+00:00,2021-08-17 20:00:00+00:00,390,390,0,390,390,0,0,0,0,0,0,0,85285091.0,True,True,complete,True,True,True
2021-08-18,2021-08-18 13:30:00+00:00,2021-08-18 20:00:00+00:00,390,390,0,390,390,0,0,0,0,0,0,0,70970902.0,True,True,complete,True,True,True
2021-08-19,2021-08-19 13:30:00+00:00,2021-08-19 20:00:00+00:00,390,390,0,390,390,0,0,0,0,0,0,0,85105037.0,True,True,complete,True,True,True
2021-08-20,2021-08-20 13:30:00+00:00,2021-08-20 20:00:00+00:00,390,390,0,390,390,0,0,0,0,0,0,0,63430355.0,True,True,complete,True,True,True
2021-08-23,2021-08-23 13:30:00+00:00,2021-08-23 20:00:00+00:00,390,390,0,390,390,0,0,0,0,0,0,0,49657996.0,True,True,complete,True,True,True
2021-08-24,2021-08-24 13:30:00+00:00,2021-08-24 20:00:00+00:00,390,390,0,390,390,0,0,0,0,0,0,0,33383594.0,True,True,complete,True,True,True
2021-08-25,2021-08-25 13:30:00+00:00,2021-08-25 20:00:00+00:00,390,390,0,390,390,0,0,0,0,0,0,0,35332435.0,True,True,complete,True,True,True
2021-08-26,2021-08-26 13:30:00+00:00,2021-08-26 20:00:00+00:00,390,390,0,390,390,0,0,0,0,0,0,0,53757462.0,True,True,complete,True,True,True
2021-08-27,2021-08-27 13:30:00+00:00,2021-08-27 20:00:00+00:00,390,390,0,390,390,0,0,0,0,0,0,0,55257475.0,True,True,complete,True,True,True
2021-08-30,2021-08-30 13:30:00+00:00,2021-08-30 20:00:00+00:00,390,390,0,390,390,0,0,0,0,0,0,0,42138327.0,True,True,complete,True,True,True
2021-08-31,2021-08-31 13:30:00+00:00,2021-08-31 20:00:00+00:00,390,390,0,390,390,0,0,0,0,0,0,0,48997179.0,True,True,complete,True,True,True
2021-09-01,2021-09-01 13:30:00+00:00,2021-09-01 20:00:00+00:00,390,390,0,390,390,0,0,0,0,0,0,0,43096474.0,True,True,complete,True,True,True
2021-09-02,2021-09-02 13:30:00+00:00,2021-09-02 20:00:00+00:00,390,390,0,390,390,0,0,0,0,0,0,0,39287298.0,True,True,complete,True,True,True
2021-09-03,2021-09-03 13:30:00+00:00,2021-09-03 20:00:00+00:00,390,390,0,390,390,0,0,0,0,0,0,0,37908081.0,True,True,complete,True,True,True
2021-09-07,2021-09-07 13:30:00+00:00,2021-09-07 20:00:00+00:00,390,390,0,390,390,0,0,0,0,0,0,0,46187072.0,True,True,complete,True,True,True
2021-09-08,2021-09-08 13:30:00+00:00,2021-09-08 20:00:00+00:00,390,390,0,390,390,0,0,0,0,0,0,0,51687175.0,True,True,complete,True,True,True
2021-09-09,2021-09-09 13:30:00+00:00,2021-09-09 20:00:00+00:00,390,390,0,390,390,0,0,0,0,0,0,0,51729133.0,True,True,complete,True,True,True
2021-09-10,2021-09-10 13:30:00+00:00,2021-09-10 20:00:00+00:00,390,390,0,390,390,0,0,0,0,0,0,0,76040914.0,True,True,complete,True,True,True
2021-09-13,2021-09-13 13:30:00+00:00,2021-09-13 20:00:00+00:00,390,390,0,390,390,0,0,0,0,0,0,0,75306565.0,True,True,complete,True,True,True
2021-09-14,2021-09-14 13:30:00+00:00,2021-09-14 20:00:00+00:00,390,390,0,390,390,0,0,0,0,0,0,0,68303871.0,True,True,complete,True,True,True
2021-09-15,2021-09-15 13:30:00+00:00,2021-09-15 20:00:00+00:00,390,390,0,390,390,0,0,0,0,0,0,0,69490897.0,True,True,complete,True,True,True
2021-09-16,2021-09-16 13:30:00+00:00,2021-09-16 20:00:00+00:00,390,390,0,390,390,0,0,0,0,0,0,0,69403240.0,True,True,complete,True,True,True
2021-09-17,2021-09-17 13:30:00+00:00,2021-09-17 20:00:00+00:00,390,390,0,390,390,0,0,0,0,0,0,0,100430767.0,True,True,complete,True,True,True
2021-09-20,2021-09-20 13:30:00+00:00,2021-09-20 20:00:00+00:00,390,390,0,390,390,0,0,0,0,0,0,0,150094979.0,True,True,complete,True,True,True
2021-09-21,2021-09-21 13:30:00+00:00,2021-09-21 20:00:00+00:00,390,390,0,390,390,0,0,0,0,0,0,0,82477669.0,True,True,complete,True,True,True
2021-09-22,2021-09-22 13:30:00+00:00,2021-09-22 20:00:00+00:00,390,390,0,390,390,0,0,0,0,0,0,0,92277868.0,True,True,complete,True,True,True
2021-09-23,2021-09-23 13:30:00+00:00,2021-09-23 20:00:00+00:00,390,390,0,390,390,0,0,0,0,0,0,0,68103776.0,True,True,complete,True,True,True
2021-09-24,2021-09-24 13:30:00+00:00,2021-09-24 20:00:00+00:00,390,390,0,390,390,0,0,0,0,0,0,0,52447404.0,True,True,complete,True,True,True
2021-09-27,2021-09-27 13:30:00+00:00,2021-09-27 20:00:00+00:00,390,390,0,390,390,0,0,0,0,0,0,0,51732671.0,True,True,complete,True,True,True
2021-09-28,2021-09-28 13:30:00+00:00,2021-09-28 20:00:00+00:00,390,390,0,390,390,0,0,0,0,0,0,0,115617467.0,True,True,complete,True,True,True
2021-09-29,2021-09-29 13:30:00+00:00,2021-09-29 20:00:00+00:00,390,390,0,390,390,0,0,0,0,0,0,0,70706879.0,True,True,complete,True,True,True
2021-09-30,2021-09-30 13:30:00+00:00,2021-09-30 20:00:00+00:00,390,390,0,390,390,0,0,0,0,0,0,0,117208281.0,True,True,complete,True,True,True
2021-10-01,2021-10-01 13:30:00+00:00,2021-10-01 20:00:00+00:00,390,390,0,390,390,0,0,0,0,0,0,0,111155453.0,True,True,complete,True,True,True
2021-10-04,2021-10-04 13:30:00+00:00,2021-10-04 20:00:00+00:00,390,390,0,390,390,0,0,0,0,0,0,0,112999867.0,True,True,complete,True,True,True
2021-10-05,2021-10-05 13:30:00+00:00,2021-10-05 20:00:00+00:00,390,390,0,390,390,0,0,0,0,0,0,0,82724356.0,True,True,complete,True,True,True
2021-10-06,2021-10-06 13:30:00+00:00,2021-10-06 20:00:00+00:00,390,390,0,390,390,0,0,0,0,0,0,0,100846612.0,True,True,complete,True,True,True
2021-10-07,2021-10-07 13:30:00+00:00,2021-10-07 20:00:00+00:00,390,390,0,390,390,0,0,0,0,0,0,0,64442878.0,True,True,complete,True,True,True
2021-10-08,2021-10-08 13:30:00+00:00,2021-10-08 20:00:00+00:00,390,390,0,390,390,0,0,0,0,0,0,0,58260636.0,True,True,complete,True,True,True
2021-10-11,2021-10-11 13:30:00+00:00,2021-10-11 20:00:00+00:00,390,390,0,390,390,0,0,0,0,0,0,0,55450664.0,True,True,complete,True,True,True
2021-10-12,2021-10-12 13:30:00+00:00,2021-10-12 20:00:00+00:00,390,390,0,390,390,0,0,0,0,0,0,0,61982758.0,True,True,complete,True,True,True
2021-10-13,2021-10-13 13:30:00+00:00,2021-10-13 20:00:00+00:00,390,390,0,390,390,0,0,0,0,0,0,0,64864715.0,True,True,complete,True,True,True
2021-10-14,2021-10-14 13:30:00+00:00,2021-10-14 20:00:00+00:00,390,390,0,390,390,0,0,0,0,0,0,0,60219471.0,True,True,complete,True,True,True
2021-10-15,2021-10-15 13:30:00+00:00,2021-10-15 20:00:00+00:00,390,390,0,390,390,0,0,0,0,0,0,0,56748098.0,True,True,complete,True,True,True
2021-10-18,2021-10-18 13:30:00+00:00,2021-10-18 20:00:00+00:00,390,390,0,390,390,0,0,0,0,0,0,0,53334712.0,True,True,complete,True,True,True
2021-10-19,2021-10-19 13:30:00+00:00,2021-10-19 20:00:00+00:00,390,390,0,390,390,0,0,0,0,0,0,0,41834574.0,True,True,complete,True,True,True
2021-10-20,2021-10-20 13:30:00+00:00,2021-10-20 20:00:00+00:00,390,390,0,390,390,0,0,0,0,0,0,0,42463562.0,True,True,complete,True,True,True
2021-10-21,2021-10-21 13:30:00+00:00,2021-10-21 20:00:00+00:00,390,390,0,390,390,0,0,0,0,0,0,0,36552471.0,True,True,complete,True,True,True
2021-10-22,2021-10-22 13:30:00+00:00,2021-10-22 20:00:00+00:00,390,390,0,390,390,0,0,0,0,0,0,0,52177237.0,True,True,complete,True,True,True
2021-10-25,2021-10-25 13:30:00+00:00,2021-10-25 20:00:00+00:00,390,390,0,390,390,0,0,0,0,0,0,0,38729057.0,True,True,complete,True,True,True
2021-10-26,2021-10-26 13:30:00+00:00,2021-10-26 20:00:00+00:00,390,390,0,390,390,0,0,0,0,0,0,0,51067964.0,True,True,complete,True,True,True
2021-10-27,2021-10-27 13:30:00+00:00,2021-10-27 20:00:00+00:00,390,390,0,390,390,0,0,0,0,0,0,0,49441105.0,True,True,complete,True,True,True
2021-10-28,2021-10-28 13:30:00+00:00,2021-10-28 20:00:00+00:00,390,390,0,390,390,0,0,0,0,0,0,0,43988443.0,True,True,complete,True,True,True
2021-10-29,2021-10-29 13:30:00+00:00,2021-10-29 20:00:00+00:00,390,390,0,390,390,0,0,0,0,0,0,0,60051160.0,True,True,complete,True,True,True
2021-11-01,2021-11-01 13:30:00+00:00,2021-11-01 20:00:00+00:00,390,390,0,390,390,0,0,0,0,0,0,0,42444575.0,True,True,complete,True,True,True
2021-11-02,2021-11-02 13:30:00+00:00,2021-11-02 20:00:00+00:00,390,390,0,390,390,0,0,0,0,0,0,0,42101557.0,True,True,complete,True,True,True
2021-11-03,2021-11-03 13:30:00+00:00,2021-11-03 20:00:00+00:00,390,390,0,390,390,0,0,0,0,0,0,0,45001115.0,True,True,complete,True,True,True
2021-11-04,2021-11-04 13:30:00+00:00,2021-11-04 20:00:00+00:00,390,390,0,390,390,0,0,0,0,0,0,0,45894415.0,True,True,complete,True,True,True
2021-11-05,2021-11-05 13:30:00+00:00,2021-11-05 20:00:00+00:00,390,390,0,390,390,0,0,0,0,0,0,0,56325814.0,True,True,complete,True,True,True
2021-11-08,2021-11-08 14:30:00+00:00,2021-11-08 21:00:00+00:00,390,390,0,390,390,0,0,0,0,0,0,0,39206471.0,True,True,complete,True,True,True
2021-11-09,2021-11-09 14:30:00+00:00,2021-11-09 21:00:00+00:00,390,390,0,390,390,0,0,0,0,0,0,0,47648340.0,True,True,complete,True,True,True
2021-11-10,2021-11-10 14:30:00+00:00,2021-11-10 21:00:00+00:00,390,390,0,390,390,0,0,0,0,0,0,0,63839195.0,True,True,complete,True,True,True
2021-11-11,2021-11-11 14:30:00+00:00,2021-11-11 21:00:00+00:00,390,390,0,390,390,0,0,0,0,0,0,0,31932056.0,True,True,complete,True,True,True
2021-11-12,2021-11-12 14:30:00+00:00,2021-11-12 21:00:00+00:00,390,390,0,390,390,0,0,0,0,0,0,0,44959422.0,True,True,complete,True,True,True
2021-11-15,2021-11-15 14:30:00+00:00,2021-11-15 21:00:00+00:00,390,390,0,390,390,0,0,0,0,0,0,0,40186300.0,True,True,complete,True,True,True
2021-11-16,2021-11-16 14:30:00+00:00,2021-11-16 21:00:00+00:00,390,390,0,390,390,0,0,0,0,0,0,0,41921691.0,True,True,complete,True,True,True
2021-11-17,2021-11-17 14:30:00+00:00,2021-11-17 21:00:00+00:00,390,390,0,390,390,0,0,0,0,0,0,0,40270668.0,True,True,complete,True,True,True
2021-11-18,2021-11-18 14:30:00+00:00,2021-11-18 21:00:00+00:00,390,390,0,390,390,0,0,0,0,0,0,0,45422091.0,True,True,complete,True,True,True
2021-11-19,2021-11-19 14:30:00+00:00,2021-11-19 21:00:00+00:00,390,390,0,390,390,0,0,0,0,0,0,0,49314523.0,True,True,complete,True,True,True
2021-11-22,2021-11-22 14:30:00+00:00,2021-11-22 21:00:00+00:00,390,390,0,390,390,0,0,0,0,0,0,0,61740735.0,True,True,complete,True,True,True
2021-11-23,2021-11-23 14:30:00+00:00,2021-11-23 21:00:00+00:00,390,390,0,390,390,0,0,0,0,0,0,0,63217308.0,True,True,complete,True,True,True
2021-11-24,2021-11-24 14:30:00+00:00,2021-11-24 21:00:00+00:00,390,390,0,390,390,0,0,0,0,0,0,0,54687676.0,True,True,complete,True,True,True
2021-11-26,2021-11-26 14:30:00+00:00,2021-11-26 18:00:00+00:00,210,210,0,210,210,0,0,0,0,0,0,0,94207358.0,True,True,complete,True,True,True
2021-11-29,2021-11-29 14:30:00+00:00,2021-11-29 21:00:00+00:00,390,390,0,390,390,0,0,0,0,0,0,0,68674471.0,True,True,complete,True,True,True
2021-11-30,2021-11-30 14:30:00+00:00,2021-11-30 21:00:00+00:00,390,390,0,390,390,0,0,0,0,0,0,0,127062075.0,True,True,complete,True,True,True
2021-12-01,2021-12-01 14:30:00+00:00,2021-12-01 21:00:00+00:00,390,390,0,390,390,0,0,0,0,0,0,0,113049125.0,True,True,complete,True,True,True
2021-12-02,2021-12-02 14:30:00+00:00,2021-12-02 21:00:00+00:00,390,390,0,390,390,0,0,0,0,0,0,0,110387087.0,True,True,complete,True,True,True
2021-12-03,2021-12-03 14:30:00+00:00,2021-12-03 21:00:00+00:00,390,390,0,390,390,0,0,0,0,0,0,0,125323724.0,True,True,complete,True,True,True
2021-12-06,2021-12-06 14:30:00+00:00,2021-12-06 21:00:00+00:00,390,390,0,390,390,0,0,0,0,0,0,0,89022413.0,True,True,complete,True,True,True
2021-12-07,2021-12-07 14:30:00+00:00,2021-12-07 21:00:00+00:00,390,390,0,390,390,0,0,0,0,0,0,0,79632040.0,True,True,complete,True,True,True
2021-12-08,2021-12-08 14:30:00+00:00,2021-12-08 21:00:00+00:00,390,390,0,390,390,0,0,0,0,0,0,0,63070417.0,True,True,complete,True,True,True
2021-12-09,2021-12-09 14:30:00+00:00,2021-12-09 21:00:00+00:00,390,390,0,390,390,0,0,0,0,0,0,0,55250204.0,True,True,complete,True,True,True
2021-12-10,2021-12-10 14:30:00+00:00,2021-12-10 21:00:00+00:00,390,390,0,390,390,0,0,0,0,0,0,0,65377224.0,True,True,complete,True,True,True
2021-12-13,2021-12-13 14:30:00+00:00,2021-12-13 21:00:00+00:00,390,390,0,390,390,0,0,0,0,0,0,0,72946530.0,True,True,complete,True,True,True
2021-12-14,2021-12-14 14:30:00+00:00,2021-12-14 21:00:00+00:00,390,390,0,390,390,0,0,0,0,0,0,0,84812054.0,True,True,complete,True,True,True
2021-12-15,2021-12-15 14:30:00+00:00,2021-12-15 21:00:00+00:00,390,390,0,390,390,0,0,0,0,0,0,0,98375037.0,True,True,complete,True,True,True
2021-12-16,2021-12-16 14:30:00+00:00,2021-12-16 21:00:00+00:00,390,390,0,390,390,0,0,0,0,0,0,0,100738015.0,True,True,complete,True,True,True
2021-12-17,2021-12-17 14:30:00+00:00,2021-12-17 21:00:00+00:00,390,390,0,390,390,0,0,0,0,0,0,0,114237593.0,True,True,complete,True,True,True
2021-12-20,2021-12-20 14:30:00+00:00,2021-12-20 21:00:00+00:00,390,390,0,390,390,0,0,0,0,0,0,0,90219657.0,True,True,complete,True,True,True
2021-12-21,2021-12-21 14:30:00+00:00,2021-12-21 21:00:00+00:00,390,390,0,390,390,0,0,0,0,0,0,0,62924464.0,True,True,complete,True,True,True
2021-12-22,2021-12-22 14:30:00+00:00,2021-12-22 21:00:00+00:00,390,390,0,390,390,0,0,0,0,0,0,0,50190282.0,True,True,complete,True,True,True
2021-12-23,2021-12-23 14:30:00+00:00,2021-12-23 21:00:00+00:00,390,390,0,390,390,0,0,0,0,0,0,0,47424142.0,True,True,complete,True,True,True
2021-12-27,2021-12-27 14:30:00+00:00,2021-12-27 21:00:00+00:00,390,390,0,390,390,0,0,0,0,0,0,0,46656046.0,True,True,complete,True,True,True
2021-12-28,2021-12-28 14:30:00+00:00,2021-12-28 21:00:00+00:00,390,390,0,390,390,0,0,0,0,0,0,0,37676533.0,True,True,complete,True,True,True
2021-12-29,2021-12-29 14:30:00+00:00,2021-12-29 21:00:00+00:00,390,390,0,390,390,0,0,0,0,0,0,0,44368320.0,True,True,complete,True,True,True
2021-12-30,2021-12-30 14:30:00+00:00,2021-12-30 21:00:00+00:00,390,390,0,390,390,0,0,0,0,0,0,0,44801522.0,True,True,complete,True,True,True
2021-12-31,2021-12-31 14:30:00+00:00,2021-12-31 21:00:00+00:00,390,390,0,390,390,0,0,0,0,0,0,0,51372700.0,True,True,complete,True,True,True
2022-01-03,2022-01-03 14:30:00+00:00,2022-01-03 21:00:00+00:00,390,390,0,390,390,0,0,0,0,0,0,0,57317113.0,True,True,complete,True,True,True
2022-01-04,2022-01-04 14:30:00+00:00,2022-01-04 21:00:00+00:00,390,390,0,390,390,0,0,0,0,0,0,0,59350581.0,True,True,complete,True,True,True
2022-01-05,2022-01-05 14:30:00+00:00,2022-01-05 21:00:00+00:00,390,390,0,390,390,0,0,0,0,0,0,0,87760901.0,True,True,complete,True,True,True
2022-01-06,2022-01-06 14:30:00+00:00,2022-01-06 21:00:00+00:00,390,390,0,390,390,0,0,0,0,0,0,0,78969151.0,True,True,complete,True,True,True
2022-01-07,2022-01-07 14:30:00+00:00,2022-01-07 21:00:00+00:00,390,390,0,390,390,0,0,0,0,0,0,0,70888059.0,True,True,complete,True,True,True
2022-01-10,2022-01-10 14:30:00+00:00,2022-01-10 21:00:00+00:00,390,390,0,390,390,0,0,0,0,0,0,0,107508889.0,True,True,complete,True,True,True
2022-01-11,2022-01-11 14:30:00+00:00,2022-01-11 21:00:00+00:00,390,390,0,390,390,0,0,0,0,0,0,0,68006178.0,True,True,complete,True,True,True
2022-01-12,2022-01-12 14:30:00+00:00,2022-01-12 21:00:00+00:00,390,390,0,390,390,0,0,0,0,0,0,0,59880875.0,True,True,complete,True,True,True
2022-01-13,2022-01-13 14:30:00+00:00,2022-01-13 21:00:00+00:00,390,390,0,390,390,0,0,0,0,0,0,0,79378658.0,True,True,complete,True,True,True
2022-01-14,2022-01-14 14:30:00+00:00,2022-01-14 21:00:00+00:00,390,390,0,390,390,0,0,0,0,0,0,0,84746223.0,True,True,complete,True,True,True
2022-01-18,2022-01-18 14:30:00+00:00,2022-01-18 21:00:00+00:00,390,390,0,390,390,0,0,0,0,0,0,0,96179909.0,True,True,complete,True,True,True
2022-01-19,2022-01-19 14:30:00+00:00,2022-01-19 21:00:00+00:00,390,390,0,390,390,0,0,0,0,0,0,0,95833122.0,True,True,complete,True,True,True
2022-01-20,2022-01-20 14:30:00+00:00,2022-01-20 21:00:00+00:00,390,390,0,390,390,0,0,0,0,0,0,0,106006041.0,True,True,complete,True,True,True
2022-01-21,2022-01-21 14:30:00+00:00,2022-01-21 21:00:00+00:00,390,390,0,390,390,0,0,0,0,0,0,0,175820725.0,True,True,complete,True,True,True
2022-01-24,2022-01-24 14:30:00+00:00,2022-01-24 21:00:00+00:00,390,390,0,390,390,0,0,0,0,0,0,0,234471415.0,True,True,complete,True,True,True
2022-01-25,2022-01-25 14:30:00+00:00,2022-01-25 21:00:00+00:00,390,390,0,390,390,0,0,0,0,0,0,0,148629511.0,True,True,complete,True,True,True
2022-01-26,2022-01-26 14:30:00+00:00,2022-01-26 21:00:00+00:00,390,390,0,390,390,0,0,0,0,0,0,0,175341412.0,True,True,complete,True,True,True
2022-01-27,2022-01-27 14:30:00+00:00,2022-01-27 21:00:00+00:00,390,390,0,390,390,0,0,0,0,0,0,0,137269711.0,True,True,complete,True,True,True
2022-01-28,2022-01-28 14:30:00+00:00,2022-01-28 21:00:00+00:00,390,390,0,390,390,0,0,0,0,0,0,0,142767004.0,True,True,complete,True,True,True
2022-01-31,2022-01-31 14:30:00+00:00,2022-01-31 21:00:00+00:00,390,390,0,390,390,0,0,0,0,0,0,0,128736080.0,True,True,complete,True,True,True
2022-02-01,2022-02-01 14:30:00+00:00,2022-02-01 21:00:00+00:00,390,390,0,390,390,0,0,0,0,0,0,0,107368858.0,True,True,complete,True,True,True
2022-02-02,2022-02-02 14:30:00+00:00,2022-02-02 21:00:00+00:00,390,390,0,390,390,0,0,0,0,0,0,0,99684039.0,True,True,complete,True,True,True
2022-02-03,2022-02-03 14:30:00+00:00,2022-02-03 21:00:00+00:00,390,390,0,390,390,0,0,0,0,0,0,0,99822086.0,True,True,complete,True,True,True
2022-02-04,2022-02-04 14:30:00+00:00,2022-02-04 21:00:00+00:00,390,390,0,390,390,0,0,0,0,0,0,0,99446863.0,True,True,complete,True,True,True
2022-02-07,2022-02-07 14:30:00+00:00,2022-02-07 21:00:00+00:00,390,390,0,390,390,0,0,0,0,0,0,0,77877062.0,True,True,complete,True,True,True
2022-02-08,2022-02-08 14:30:00+00:00,2022-02-08 21:00:00+00:00,390,390,0,390,390,0,0,0,0,0,0,0,71838316.0,True,True,complete,True,True,True
2022-02-09,2022-02-09 14:30:00+00:00,2022-02-09 21:00:00+00:00,390,390,0,390,390,0,0,0,0,0,0,0,80145442.0,True,True,complete,True,True,True
2022-02-10,2022-02-10 14:30:00+00:00,2022-02-10 21:00:00+00:00,390,390,0,390,390,0,0,0,0,0,0,0,122313749.0,True,True,complete,True,True,True
2022-02-11,2022-02-11 14:30:00+00:00,2022-02-11 21:00:00+00:00,390,390,0,390,390,0,0,0,0,0,0,0,136549704.0,True,True,complete,True,True,True
2022-02-14,2022-02-14 14:30:00+00:00,2022-02-14 21:00:00+00:00,390,390,0,390,390,0,0,0,0,0,0,0,109246035.0,True,True,complete,True,True,True
2022-02-15,2022-02-15 14:30:00+00:00,2022-02-15 21:00:00+00:00,390,390,0,390,390,0,0,0,0,0,0,0,77908939.0,True,True,complete,True,True,True
2022-02-16,2022-02-16 14:30:00+00:00,2022-02-16 21:00:00+00:00,390,390,0,390,390,0,0,0,0,0,0,0,74232093.0,True,True,complete,True,True,True
2022-02-17,2022-02-17 14:30:00+00:00,2022-02-17 21:00:00+00:00,390,390,0,390,390,0,0,0,0,0,0,0,88792400.0,True,True,complete,True,True,True
2022-02-18,2022-02-18 14:30:00+00:00,2022-02-18 21:00:00+00:00,390,390,0,390,390,0,0,0,0,0,0,0,114590289.0,True,True,complete,True,True,True
2022-02-22,2022-02-22 14:30:00+00:00,2022-02-22 21:00:00+00:00,390,390,0,390,390,0,0,0,0,0,0,0,108675650.0,True,True,complete,True,True,True
2022-02-23,2022-02-23 14:30:00+00:00,2022-02-23 21:00:00+00:00,390,390,0,390,390,0,0,0,0,0,0,0,113922212.0,True,True,complete,True,True,True
2022-02-24,2022-02-24 14:30:00+00:00,2022-02-24 21:00:00+00:00,390,390,0,390,390,0,0,0,0,0,0,0,192943456.0,True,True,complete,True,True,True
2022-02-25,2022-02-25 14:30:00+00:00,2022-02-25 21:00:00+00:00,390,390,0,390,390,0,0,0,0,0,0,0,109408349.0,True,True,complete,True,True,True
2022-02-28,2022-02-28 14:30:00+00:00,2022-02-28 21:00:00+00:00,390,390,0,390,390,0,0,0,0,0,0,0,127637056.0,True,True,complete,True,True,True
2022-03-01,2022-03-01 14:30:00+00:00,2022-03-01 21:00:00+00:00,390,390,0,390,390,0,0,0,0,0,0,0,125217869.0,True,True,complete,True,True,True
2022-03-02,2022-03-02 14:30:00+00:00,2022-03-02 21:00:00+00:00,390,390,0,390,390,0,0,0,0,0,0,0,107172572.0,True,True,complete,True,True,True
2022-03-03,2022-03-03 14:30:00+00:00,2022-03-03 21:00:00+00:00,390,390,0,390,390,0,0,0,0,0,0,0,93627843.0,True,True,complete,True,True,True
2022-03-04,2022-03-04 14:30:00+00:00,2022-03-04 21:00:00+00:00,390,390,0,390,390,0,0,0,0,0,0,0,104518849.0,True,True,complete,True,True,True
2022-03-07,2022-03-07 14:30:00+00:00,2022-03-07 21:00:00+00:00,390,390,0,390,390,0,0,0,0,0,0,0,118285087.0,True,True,complete,True,True,True
2022-03-08,2022-03-08 14:30:00+00:00,2022-03-08 21:00:00+00:00,390,390,0,390,390,0,0,0,0,0,0,0,147808242.0,True,True,complete,True,True,True
2022-03-09,2022-03-09 14:30:00+00:00,2022-03-09 21:00:00+00:00,390,390,0,390,390,0,0,0,0,0,0,0,98151656.0,True,True,complete,True,True,True
2022-03-10,2022-03-10 14:30:00+00:00,2022-03-10 21:00:00+00:00,390,390,0,390,390,0,0,0,0,0,0,0,84520224.0,True,True,complete,True,True,True
2022-03-11,2022-03-11 14:30:00+00:00,2022-03-11 21:00:00+00:00,390,390,0,390,390,0,0,0,0,0,0,0,81643768.0,True,True,complete,True,True,True
2022-03-14,2022-03-14 13:30:00+00:00,2022-03-14 20:00:00+00:00,390,390,0,390,390,0,0,0,0,0,0,0,87162256.0,True,True,complete,True,True,True
2022-03-15,2022-03-15 13:30:00+00:00,2022-03-15 20:00:00+00:00,390,390,0,390,390,0,0,0,0,0,0,0,93568102.0,True,True,complete,True,True,True
2022-03-16,2022-03-16 13:30:00+00:00,2022-03-16 20:00:00+00:00,390,390,0,390,390,0,0,0,0,0,0,0,127340731.0,True,True,complete,True,True,True
2022-03-17,2022-03-17 13:30:00+00:00,2022-03-17 20:00:00+00:00,390,390,0,390,390,0,0,0,0,0,0,0,84594333.0,True,True,complete,True,True,True
2022-03-18,2022-03-18 13:30:00+00:00,2022-03-18 20:00:00+00:00,390,390,0,390,390,0,0,0,0,0,0,0,86592190.0,True,True,complete,True,True,True
2022-03-21,2022-03-21 13:30:00+00:00,2022-03-21 20:00:00+00:00,390,390,0,390,390,0,0,0,0,0,0,0,80494725.0,True,True,complete,True,True,True
2022-03-22,2022-03-22 13:30:00+00:00,2022-03-22 20:00:00+00:00,390,390,0,390,390,0,0,0,0,0,0,0,67771999.0,True,True,complete,True,True,True
2022-03-23,2022-03-23 13:30:00+00:00,2022-03-23 20:00:00+00:00,390,390,0,390,390,0,0,0,0,0,0,0,64962823.0,True,True,complete,True,True,True
2022-03-24,2022-03-24 13:30:00+00:00,2022-03-24 20:00:00+00:00,390,390,0,390,390,0,0,0,0,0,0,0,56445423.0,True,True,complete,True,True,True
2022-03-25,2022-03-25 13:30:00+00:00,2022-03-25 20:00:00+00:00,390,390,0,390,390,0,0,0,0,0,0,0,67111530.0,True,True,complete,True,True,True
2022-03-28,2022-03-28 13:30:00+00:00,2022-03-28 20:00:00+00:00,390,390,0,390,390,0,0,0,0,0,0,0,59839054.0,True,True,complete,True,True,True
2022-03-29,2022-03-29 13:30:00+00:00,2022-03-29 20:00:00+00:00,390,390,0,390,390,0,0,0,0,0,0,0,80229235.0,True,True,complete,True,True,True
2022-03-30,2022-03-30 13:30:00+00:00,2022-03-30 20:00:00+00:00,390,390,0,390,390,0,0,0,0,0,0,0,68141667.0,True,True,complete,True,True,True
2022-03-31,2022-03-31 13:30:00+00:00,2022-03-31 20:00:00+00:00,390,390,0,390,390,0,0,0,0,0,0,0,94232845.0,True,True,complete,True,True,True
2022-04-01,2022-04-01 13:30:00+00:00,2022-04-01 20:00:00+00:00,390,390,0,390,390,0,0,0,0,0,0,0,71216636.0,True,True,complete,True,True,True
2022-04-04,2022-04-04 13:30:00+00:00,2022-04-04 20:00:00+00:00,390,390,0,390,390,0,0,0,0,0,0,0,49814560.0,True,True,complete,True,True,True
2022-04-05,2022-04-05 13:30:00+00:00,2022-04-05 20:00:00+00:00,390,390,0,390,390,0,0,0,0,0,0,0,66754477.0,True,True,complete,True,True,True
2022-04-06,2022-04-06 13:30:00+00:00,2022-04-06 20:00:00+00:00,390,390,0,390,390,0,0,0,0,0,0,0,98386458.0,True,True,complete,True,True,True
2022-04-07,2022-04-07 13:30:00+00:00,2022-04-07 20:00:00+00:00,390,390,0,390,390,0,0,0,0,0,0,0,68846414.0,True,True,complete,True,True,True
2022-04-08,2022-04-08 13:30:00+00:00,2022-04-08 20:00:00+00:00,390,390,0,390,390,0,0,0,0,0,0,0,67073008.0,True,True,complete,True,True,True
2022-04-11,2022-04-11 13:30:00+00:00,2022-04-11 20:00:00+00:00,390,390,0,390,390,0,0,0,0,0,0,0,77926709.0,True,True,complete,True,True,True
2022-04-12,2022-04-12 13:30:00+00:00,2022-04-12 20:00:00+00:00,390,390,0,390,390,0,0,0,0,0,0,0,75097676.0,True,True,complete,True,True,True
2022-04-13,2022-04-13 13:30:00+00:00,2022-04-13 20:00:00+00:00,390,390,0,390,390,0,0,0,0,0,0,0,63093377.0,True,True,complete,True,True,True
2022-04-14,2022-04-14 13:30:00+00:00,2022-04-14 20:00:00+00:00,390,390,0,390,390,0,0,0,0,0,0,0,77587867.0,True,True,complete,True,True,True
2022-04-18,2022-04-18 13:30:00+00:00,2022-04-18 20:00:00+00:00,390,390,0,390,390,0,0,0,0,0,0,0,54912907.0,True,True,complete,True,True,True
2022-04-19,2022-04-19 13:30:00+00:00,2022-04-19 20:00:00+00:00,390,390,0,390,390,0,0,0,0,0,0,0,66046905.0,True,True,complete,True,True,True
2022-04-20,2022-04-20 13:30:00+00:00,2022-04-20 20:00:00+00:00,390,390,0,390,390,0,0,0,0,0,0,0,59298587.0,True,True,complete,True,True,True
2022-04-21,2022-04-21 13:30:00+00:00,2022-04-21 20:00:00+00:00,390,390,0,390,390,0,0,0,0,0,0,0,77922998.0,True,True,complete,True,True,True
2022-04-22,2022-04-22 13:30:00+00:00,2022-04-22 20:00:00+00:00,390,390,0,390,390,0,0,0,0,0,0,0,104559290.0,True,True,complete,True,True,True
2022-04-25,2022-04-25 13:30:00+00:00,2022-04-25 20:00:00+00:00,390,390,0,390,390,0,0,0,0,0,0,0,107179930.0,True,True,complete,True,True,True
2022-04-26,2022-04-26 13:30:00+00:00,2022-04-26 20:00:00+00:00,390,390,0,390,390,0,0,0,0,0,0,0,91521220.0,True,True,complete,True,True,True
2022-04-27,2022-04-27 13:30:00+00:00,2022-04-27 20:00:00+00:00,390,390,0,390,390,0,0,0,0,0,0,0,105651312.0,True,True,complete,True,True,True
2022-04-28,2022-04-28 13:30:00+00:00,2022-04-28 20:00:00+00:00,390,390,0,390,390,0,0,0,0,0,0,0,94488223.0,True,True,complete,True,True,True
2022-04-29,2022-04-29 13:30:00+00:00,2022-04-29 20:00:00+00:00,390,390,0,390,390,0,0,0,0,0,0,0,117023205.0,True,True,complete,True,True,True
2022-05-02,2022-05-02 13:30:00+00:00,2022-05-02 20:00:00+00:00,390,390,0,390,390,0,0,0,0,0,0,0,147243519.0,True,True,complete,True,True,True
2022-05-03,2022-05-03 13:30:00+00:00,2022-05-03 20:00:00+00:00,390,390,0,390,390,0,0,0,0,0,0,0,90609861.0,True,True,complete,True,True,True
2022-05-04,2022-05-04 13:30:00+00:00,2022-05-04 20:00:00+00:00,390,390,0,390,390,0,0,0,0,0,0,0,131646635.0,True,True,complete,True,True,True
2022-05-05,2022-05-05 13:30:00+00:00,2022-05-05 20:00:00+00:00,390,390,0,390,390,0,0,0,0,0,0,0,157138839.0,True,True,complete,True,True,True
2022-05-06,2022-05-06 13:30:00+00:00,2022-05-06 20:00:00+00:00,390,390,0,390,390,0,0,0,0,0,0,0,133042667.0,True,True,complete,True,True,True
2022-05-09,2022-05-09 13:30:00+00:00,2022-05-09 20:00:00+00:00,390,390,0,390,390,0,0,0,0,0,0,0,136952193.0,True,True,complete,True,True,True
2022-05-10,2022-05-10 13:30:00+00:00,2022-05-10 20:00:00+00:00,390,390,0,390,390,0,0,0,0,0,0,0,121250995.0,True,True,complete,True,True,True
2022-05-11,2022-05-11 13:30:00+00:00,2022-05-11 20:00:00+00:00,390,390,0,390,390,0,0,0,0,0,0,0,123094938.0,True,True,complete,True,True,True
2022-05-12,2022-05-12 13:30:00+00:00,2022-05-12 20:00:00+00:00,390,390,0,390,390,0,0,0,0,0,0,0,116343118.0,True,True,complete,True,True,True
2022-05-13,2022-05-13 13:30:00+00:00,2022-05-13 20:00:00+00:00,390,390,0,390,390,0,0,0,0,0,0,0,93327333.0,True,True,complete,True,True,True
2022-05-16,2022-05-16 13:30:00+00:00,2022-05-16 20:00:00+00:00,390,390,0,390,390,0,0,0,0,0,0,0,70501660.0,True,True,complete,True,True,True
2022-05-17,2022-05-17 13:30:00+00:00,2022-05-17 20:00:00+00:00,390,390,0,390,390,0,0,0,0,0,0,0,74338911.0,True,True,complete,True,True,True
2022-05-18,2022-05-18 13:30:00+00:00,2022-05-18 20:00:00+00:00,390,390,0,390,390,0,0,0,0,0,0,0,100209753.0,True,True,complete,True,True,True
2022-05-19,2022-05-19 13:30:00+00:00,2022-05-19 20:00:00+00:00,390,390,0,390,390,0,0,0,0,0,0,0,88394581.0,True,True,complete,True,True,True
2022-05-20,2022-05-20 13:30:00+00:00,2022-05-20 20:00:00+00:00,390,390,0,390,390,0,0,0,0,0,0,0,113721227.0,True,True,complete,True,True,True
2022-05-23,2022-05-23 13:30:00+00:00,2022-05-23 20:00:00+00:00,390,390,0,390,390,0,0,0,0,0,0,0,68005029.0,True,True,complete,True,True,True
2022-05-24,2022-05-24 13:30:00+00:00,2022-05-24 20:00:00+00:00,390,390,0,390,390,0,0,0,0,0,0,0,81485872.0,True,True,complete,True,True,True
2022-05-25,2022-05-25 13:30:00+00:00,2022-05-25 20:00:00+00:00,390,390,0,390,390,0,0,0,0,0,0,0,77597235.0,True,True,complete,True,True,True
2022-05-26,2022-05-26 13:30:00+00:00,2022-05-26 20:00:00+00:00,390,390,0,390,390,0,0,0,0,0,0,0,69105763.0,True,True,complete,True,True,True
2022-05-27,2022-05-27 13:30:00+00:00,2022-05-27 20:00:00+00:00,390,390,0,390,390,0,0,0,0,0,0,0,70157629.0,True,True,complete,True,True,True
2022-05-31,2022-05-31 13:30:00+00:00,2022-05-31 20:00:00+00:00,390,390,0,390,390,0,0,0,0,0,0,0,77713608.0,True,True,complete,True,True,True
2022-06-01,2022-06-01 13:30:00+00:00,2022-06-01 20:00:00+00:00,390,390,0,390,390,0,0,0,0,0,0,0,78516075.0,True,True,complete,True,True,True
2022-06-02,2022-06-02 13:30:00+00:00,2022-06-02 20:00:00+00:00,390,390,0,390,390,0,0,0,0,0,0,0,68821931.0,True,True,complete,True,True,True
2022-06-03,2022-06-03 13:30:00+00:00,2022-06-03 20:00:00+00:00,390,390,0,390,390,0,0,0,0,0,0,0,64670829.0,True,True,complete,True,True,True
2022-06-06,2022-06-06 13:30:00+00:00,2022-06-06 20:00:00+00:00,390,390,0,390,390,0,0,0,0,0,0,0,51547263.0,True,True,complete,True,True,True
2022-06-07,2022-06-07 13:30:00+00:00,2022-06-07 20:00:00+00:00,390,390,0,390,390,0,0,0,0,0,0,0,50697211.0,True,True,complete,True,True,True
2022-06-08,2022-06-08 13:30:00+00:00,2022-06-08 20:00:00+00:00,390,390,0,390,390,0,0,0,0,0,0,0,54737579.0,True,True,complete,True,True,True
2022-06-09,2022-06-09 13:30:00+00:00,2022-06-09 20:00:00+00:00,390,390,0,390,390,0,0,0,0,0,0,0,73168739.0,True,True,complete,True,True,True
2022-06-10,2022-06-10 13:30:00+00:00,2022-06-10 20:00:00+00:00,390,390,0,390,390,0,0,0,0,0,0,0,110307340.0,True,True,complete,True,True,True
2022-06-13,2022-06-13 13:30:00+00:00,2022-06-13 20:00:00+00:00,390,390,0,390,390,0,0,0,0,0,0,0,136262812.0,True,True,complete,True,True,True
2022-06-14,2022-06-14 13:30:00+00:00,2022-06-14 20:00:00+00:00,390,390,0,390,390,0,0,0,0,0,0,0,95990812.0,True,True,complete,True,True,True
2022-06-15,2022-06-15 13:30:00+00:00,2022-06-15 20:00:00+00:00,390,390,0,390,390,0,0,0,0,0,0,0,111286575.0,True,True,complete,True,True,True
2022-06-16,2022-06-16 13:30:00+00:00,2022-06-16 20:00:00+00:00,390,390,0,390,390,0,0,0,0,0,0,0,111364352.0,True,True,complete,True,True,True
2022-06-17,2022-06-17 13:30:00+00:00,2022-06-17 20:00:00+00:00,390,390,0,390,390,0,0,0,0,0,0,0,91272240.0,True,True,complete,True,True,True
2022-06-21,2022-06-21 13:30:00+00:00,2022-06-21 20:00:00+00:00,390,390,0,390,390,0,0,0,0,0,0,0,66888064.0,True,True,complete,True,True,True
2022-06-22,2022-06-22 13:30:00+00:00,2022-06-22 20:00:00+00:00,390,390,0,390,390,0,0,0,0,0,0,0,75839557.0,True,True,complete,True,True,True
2022-06-23,2022-06-23 13:30:00+00:00,2022-06-23 20:00:00+00:00,390,390,0,390,390,0,0,0,0,0,0,0,67486309.0,True,True,complete,True,True,True
2022-06-24,2022-06-24 13:30:00+00:00,2022-06-24 20:00:00+00:00,390,390,0,390,390,0,0,0,0,0,0,0,79139102.0,True,True,complete,True,True,True
2022-06-27,2022-06-27 13:30:00+00:00,2022-06-27 20:00:00+00:00,390,390,0,390,390,0,0,0,0,0,0,0,57798437.0,True,True,complete,True,True,True
2022-06-28,2022-06-28 13:30:00+00:00,2022-06-28 20:00:00+00:00,390,390,0,390,390,0,0,0,0,0,0,0,74402220.0,True,True,complete,True,True,True
2022-06-29,2022-06-29 13:30:00+00:00,2022-06-29 20:00:00+00:00,390,390,0,390,390,0,0,0,0,0,0,0,59432531.0,True,True,complete,True,True,True
2022-06-30,2022-06-30 13:30:00+00:00,2022-06-30 20:00:00+00:00,390,390,0,390,390,0,0,0,0,0,0,0,94100744.0,True,True,complete,True,True,True
2022-07-01,2022-07-01 13:30:00+00:00,2022-07-01 20:00:00+00:00,390,390,0,390,390,0,0,0,0,0,0,0,65500231.0,True,True,complete,True,True,True
2022-07-05,2022-07-05 13:30:00+00:00,2022-07-05 20:00:00+00:00,390,390,0,390,390,0,0,0,0,0,0,0,69676680.0,True,True,complete,True,True,True
2022-07-06,2022-07-06 13:30:00+00:00,2022-07-06 20:00:00+00:00,390,390,0,390,390,0,0,0,0,0,0,0,62526239.0,True,True,complete,True,True,True
2022-07-07,2022-07-07 13:30:00+00:00,2022-07-07 20:00:00+00:00,390,390,0,390,390,0,0,0,0,0,0,0,54935727.0,True,True,complete,True,True,True
2022-07-08,2022-07-08 13:30:00+00:00,2022-07-08 20:00:00+00:00,390,390,0,390,390,0,0,0,0,0,0,0,59764689.0,True,True,complete,True,True,True
2022-07-11,2022-07-11 13:30:00+00:00,2022-07-11 20:00:00+00:00,390,390,0,390,390,0,0,0,0,0,0,0,49966426.0,True,True,complete,True,True,True
2022-07-12,2022-07-12 13:30:00+00:00,2022-07-12 20:00:00+00:00,390,390,0,390,390,0,0,0,0,0,0,0,52887638.0,True,True,complete,True,True,True
2022-07-13,2022-07-13 13:30:00+00:00,2022-07-13 20:00:00+00:00,390,390,0,390,390,0,0,0,0,0,0,0,70737305.0,True,True,complete,True,True,True
2022-07-14,2022-07-14 13:30:00+00:00,2022-07-14 20:00:00+00:00,390,390,0,390,390,0,0,0,0,0,0,0,75842877.0,True,True,complete,True,True,True
2022-07-15,2022-07-15 13:30:00+00:00,2022-07-15 20:00:00+00:00,390,390,0,390,390,0,0,0,0,0,0,0,67639496.0,True,True,complete,True,True,True
2022-07-18,2022-07-18 13:30:00+00:00,2022-07-18 20:00:00+00:00,390,390,0,390,390,0,0,0,0,0,0,0,53532412.0,True,True,complete,True,True,True
2022-07-19,2022-07-19 13:30:00+00:00,2022-07-19 20:00:00+00:00,390,390,0,390,390,0,0,0,0,0,0,0,66727994.0,True,True,complete,True,True,True
2022-07-20,2022-07-20 13:30:00+00:00,2022-07-20 20:00:00+00:00,390,390,0,390,390,0,0,0,0,0,0,0,61290358.0,True,True,complete,True,True,True
2022-07-21,2022-07-21 13:30:00+00:00,2022-07-21 20:00:00+00:00,390,390,0,390,390,0,0,0,0,0,0,0,55714063.0,True,True,complete,True,True,True
2022-07-22,2022-07-22 13:30:00+00:00,2022-07-22 20:00:00+00:00,390,390,0,390,390,0,0,0,0,0,0,0,60566920.0,True,True,complete,True,True,True
2022-07-25,2022-07-25 13:30:00+00:00,2022-07-25 20:00:00+00:00,390,390,0,390,390,0,0,0,0,0,0,0,44580877.0,True,True,complete,True,True,True
2022-07-26,2022-07-26 13:30:00+00:00,2022-07-26 20:00:00+00:00,390,390,0,390,390,0,0,0,0,0,0,0,45770539.0,True,True,complete,True,True,True
2022-07-27,2022-07-27 13:30:00+00:00,2022-07-27 20:00:00+00:00,390,390,0,390,390,0,0,0,0,0,0,0,69544341.0,True,True,complete,True,True,True
2022-07-28,2022-07-28 13:30:00+00:00,2022-07-28 20:00:00+00:00,390,390,0,390,390,0,0,0,0,0,0,0,61886303.0,True,True,complete,True,True,True
2022-07-29,2022-07-29 13:30:00+00:00,2022-07-29 20:00:00+00:00,390,390,0,390,390,0,0,0,0,0,0,0,66646186.0,True,True,complete,True,True,True
2022-08-01,2022-08-01 13:30:00+00:00,2022-08-01 20:00:00+00:00,390,390,0,390,390,0,0,0,0,0,0,0,60222657.0,True,True,complete,True,True,True
2022-08-02,2022-08-02 13:30:00+00:00,2022-08-02 20:00:00+00:00,390,390,0,390,390,0,0,0,0,0,0,0,54727402.0,True,True,complete,True,True,True
2022-08-03,2022-08-03 13:30:00+00:00,2022-08-03 20:00:00+00:00,390,390,0,390,390,0,0,0,0,0,0,0,56114622.0,True,True,complete,True,True,True
2022-08-04,2022-08-04 13:30:00+00:00,2022-08-04 20:00:00+00:00,390,390,0,390,390,0,0,0,0,0,0,0,39937155.0,True,True,complete,True,True,True
2022-08-05,2022-08-05 13:30:00+00:00,2022-08-05 20:00:00+00:00,390,390,0,390,390,0,0,0,0,0,0,0,49454990.0,True,True,complete,True,True,True
2022-08-08,2022-08-08 13:30:00+00:00,2022-08-08 20:00:00+00:00,390,390,0,390,390,0,0,0,0,0,0,0,48783676.0,True,True,complete,True,True,True
2022-08-09,2022-08-09 13:30:00+00:00,2022-08-09 20:00:00+00:00,390,390,0,390,390,0,0,0,0,0,0,0,40333326.0,True,True,complete,True,True,True
2022-08-10,2022-08-10 13:30:00+00:00,2022-08-10 20:00:00+00:00,390,390,0,390,390,0,0,0,0,0,0,0,57268790.0,True,True,complete,True,True,True
2022-08-11,2022-08-11 13:30:00+00:00,2022-08-11 20:00:00+00:00,390,390,0,390,390,0,0,0,0,0,0,0,51019479.0,True,True,complete,True,True,True
2022-08-12,2022-08-12 13:30:00+00:00,2022-08-12 20:00:00+00:00,390,390,0,390,390,0,0,0,0,0,0,0,51000622.0,True,True,complete,True,True,True
2022-08-15,2022-08-15 13:30:00+00:00,2022-08-15 20:00:00+00:00,390,390,0,390,390,0,0,0,0,0,0,0,46322405.0,True,True,complete,True,True,True
2022-08-16,2022-08-16 13:30:00+00:00,2022-08-16 20:00:00+00:00,390,390,0,390,390,0,0,0,0,0,0,0,50856109.0,True,True,complete,True,True,True
2022-08-17,2022-08-17 13:30:00+00:00,2022-08-17 20:00:00+00:00,390,390,0,390,390,0,0,0,0,0,0,0,56452460.0,True,True,complete,True,True,True
2022-08-18,2022-08-18 13:30:00+00:00,2022-08-18 20:00:00+00:00,390,390,0,390,390,0,0,0,0,0,0,0,41136412.0,True,True,complete,True,True,True
2022-08-19,2022-08-19 13:30:00+00:00,2022-08-19 20:00:00+00:00,390,390,0,390,390,0,0,0,0,0,0,0,57393805.0,True,True,complete,True,True,True
2022-08-22,2022-08-22 13:30:00+00:00,2022-08-22 20:00:00+00:00,390,390,0,390,390,0,0,0,0,0,0,0,62089144.0,True,True,complete,True,True,True
2022-08-23,2022-08-23 13:30:00+00:00,2022-08-23 20:00:00+00:00,390,390,0,390,390,0,0,0,0,0,0,0,43697595.0,True,True,complete,True,True,True
2022-08-24,2022-08-24 13:30:00+00:00,2022-08-24 20:00:00+00:00,390,390,0,390,390,0,0,0,0,0,0,0,39385623.0,True,True,complete,True,True,True
2022-08-25,2022-08-25 13:30:00+00:00,2022-08-25 20:00:00+00:00,390,390,0,390,390,0,0,0,0,0,0,0,43545861.0,True,True,complete,True,True,True
2022-08-26,2022-08-26 13:30:00+00:00,2022-08-26 20:00:00+00:00,390,390,0,390,390,0,0,0,0,0,0,0,86504716.0,True,True,complete,True,True,True
2022-08-29,2022-08-29 13:30:00+00:00,2022-08-29 20:00:00+00:00,390,390,0,390,390,0,0,0,0,0,0,0,60420566.0,True,True,complete,True,True,True
2022-08-30,2022-08-30 13:30:00+00:00,2022-08-30 20:00:00+00:00,390,390,0,390,390,0,0,0,0,0,0,0,77341644.0,True,True,complete,True,True,True
2022-08-31,2022-08-31 13:30:00+00:00,2022-08-31 20:00:00+00:00,390,390,0,390,390,0,0,0,0,0,0,0,61360548.0,True,True,complete,True,True,True
2022-09-01,2022-09-01 13:30:00+00:00,2022-09-01 20:00:00+00:00,390,390,0,390,390,0,0,0,0,0,0,0,70577856.0,True,True,complete,True,True,True
2022-09-02,2022-09-02 13:30:00+00:00,2022-09-02 20:00:00+00:00,390,390,0,390,390,0,0,0,0,0,0,0,81305332.0,True,True,complete,True,True,True
2022-09-06,2022-09-06 13:30:00+00:00,2022-09-06 20:00:00+00:00,390,390,0,390,390,0,0,0,0,0,0,0,68108078.0,True,True,complete,True,True,True
2022-09-07,2022-09-07 13:30:00+00:00,2022-09-07 20:00:00+00:00,390,390,0,390,390,0,0,0,0,0,0,0,60895535.0,True,True,complete,True,True,True
2022-09-08,2022-09-08 13:30:00+00:00,2022-09-08 20:00:00+00:00,390,390,0,390,390,0,0,0,0,0,0,0,70302157.0,True,True,complete,True,True,True
2022-09-09,2022-09-09 13:30:00+00:00,2022-09-09 20:00:00+00:00,390,390,0,390,390,0,0,0,0,0,0,0,62667946.0,True,True,complete,True,True,True
2022-09-12,2022-09-12 13:30:00+00:00,2022-09-12 20:00:00+00:00,390,390,0,390,390,0,0,0,0,0,0,0,59050056.0,True,True,complete,True,True,True
2022-09-13,2022-09-13 13:30:00+00:00,2022-09-13 20:00:00+00:00,390,390,0,390,390,0,0,0,0,0,0,0,99162204.0,True,True,complete,True,True,True
2022-09-14,2022-09-14 13:30:00+00:00,2022-09-14 20:00:00+00:00,390,390,0,390,390,0,0,0,0,0,0,0,72043139.0,True,True,complete,True,True,True
2022-09-15,2022-09-15 13:30:00+00:00,2022-09-15 20:00:00+00:00,390,390,0,390,390,0,0,0,0,0,0,0,76823141.0,True,True,complete,True,True,True
2022-09-16,2022-09-16 13:30:00+00:00,2022-09-16 20:00:00+00:00,390,390,0,390,390,0,0,0,0,0,0,0,84754389.0,True,True,complete,True,True,True
2022-09-19,2022-09-19 13:30:00+00:00,2022-09-19 20:00:00+00:00,390,390,0,390,390,0,0,0,0,0,0,0,60307703.0,True,True,complete,True,True,True
2022-09-20,2022-09-20 13:30:00+00:00,2022-09-20 20:00:00+00:00,390,390,0,390,390,0,0,0,0,0,0,0,66848216.0,True,True,complete,True,True,True
2022-09-21,2022-09-21 13:30:00+00:00,2022-09-21 20:00:00+00:00,390,390,0,390,390,0,0,0,0,0,0,0,94268917.0,True,True,complete,True,True,True
2022-09-22,2022-09-22 13:30:00+00:00,2022-09-22 20:00:00+00:00,390,390,0,390,390,0,0,0,0,0,0,0,79070488.0,True,True,complete,True,True,True
2022-09-23,2022-09-23 13:30:00+00:00,2022-09-23 20:00:00+00:00,390,390,0,390,390,0,0,0,0,0,0,0,102103557.0,True,True,complete,True,True,True
2022-09-26,2022-09-26 13:30:00+00:00,2022-09-26 20:00:00+00:00,390,390,0,390,390,0,0,0,0,0,0,0,79206237.0,True,True,complete,True,True,True
2022-09-27,2022-09-27 13:30:00+00:00,2022-09-27 20:00:00+00:00,390,390,0,390,390,0,0,0,0,0,0,0,97239496.0,True,True,complete,True,True,True
2022-09-28,2022-09-28 13:30:00+00:00,2022-09-28 20:00:00+00:00,390,390,0,390,390,0,0,0,0,0,0,0,88932074.0,True,True,complete,True,True,True
2022-09-29,2022-09-29 13:30:00+00:00,2022-09-29 20:00:00+00:00,390,390,0,390,390,0,0,0,0,0,0,0,96083547.0,True,True,complete,True,True,True
2022-09-30,2022-09-30 13:30:00+00:00,2022-09-30 20:00:00+00:00,390,390,0,390,390,0,0,0,0,0,0,0,113536556.0,True,True,complete,True,True,True
2022-10-03,2022-10-03 13:30:00+00:00,2022-10-03 20:00:00+00:00,390,390,0,390,390,0,0,0,0,0,0,0,78984587.0,True,True,complete,True,True,True
2022-10-04,2022-10-04 13:30:00+00:00,2022-10-04 20:00:00+00:00,390,390,0,390,390,0,0,0,0,0,0,0,87449609.0,True,True,complete,True,True,True
2022-10-05,2022-10-05 13:30:00+00:00,2022-10-05 20:00:00+00:00,390,390,0,390,390,0,0,0,0,0,0,0,76598713.0,True,True,complete,True,True,True
2022-10-06,2022-10-06 13:30:00+00:00,2022-10-06 20:00:00+00:00,390,390,0,390,390,0,0,0,0,0,0,0,72725704.0,True,True,complete,True,True,True
2022-10-07,2022-10-07 13:30:00+00:00,2022-10-07 20:00:00+00:00,390,390,0,390,390,0,0,0,0,0,0,0,86053145.0,True,True,complete,True,True,True
2022-10-10,2022-10-10 13:30:00+00:00,2022-10-10 20:00:00+00:00,390,390,0,390,390,0,0,0,0,0,0,0,65506171.0,True,True,complete,True,True,True
2022-10-11,2022-10-11 13:30:00+00:00,2022-10-11 20:00:00+00:00,390,390,0,390,390,0,0,0,0,0,0,0,82192488.0,True,True,complete,True,True,True
2022-10-12,2022-10-12 13:30:00+00:00,2022-10-12 20:00:00+00:00,390,390,0,390,390,0,0,0,0,0,0,0,65222608.0,True,True,complete,True,True,True
2022-10-13,2022-10-13 13:30:00+00:00,2022-10-13 20:00:00+00:00,390,390,0,390,390,0,0,0,0,0,0,0,127514835.0,True,True,complete,True,True,True
2022-10-14,2022-10-14 13:30:00+00:00,2022-10-14 20:00:00+00:00,390,390,0,390,390,0,0,0,0,0,0,0,104204986.0,True,True,complete,True,True,True
2022-10-17,2022-10-17 13:30:00+00:00,2022-10-17 20:00:00+00:00,390,390,0,390,390,0,0,0,0,0,0,0,81392517.0,True,True,complete,True,True,True
2022-10-18,2022-10-18 13:30:00+00:00,2022-10-18 20:00:00+00:00,390,390,0,390,390,0,0,0,0,0,0,0,86053289.0,True,True,complete,True,True,True
2022-10-19,2022-10-19 13:30:00+00:00,2022-10-19 20:00:00+00:00,390,390,0,390,390,0,0,0,0,0,0,0,68280808.0,True,True,complete,True,True,True
2022-10-20,2022-10-20 13:30:00+00:00,2022-10-20 20:00:00+00:00,390,390,0,390,390,0,0,0,0,0,0,0,77783337.0,True,True,complete,True,True,True
2022-10-21,2022-10-21 13:30:00+00:00,2022-10-21 20:00:00+00:00,390,390,0,390,390,0,0,0,0,0,0,0,108716102.0,True,True,complete,True,True,True
2022-10-24,2022-10-24 13:30:00+00:00,2022-10-24 20:00:00+00:00,390,390,0,390,390,0,0,0,0,0,0,0,71357838.0,True,True,complete,True,True,True
2022-10-25,2022-10-25 13:30:00+00:00,2022-10-25 20:00:00+00:00,390,390,0,390,390,0,0,0,0,0,0,0,68659172.0,True,True,complete,True,True,True
2022-10-26,2022-10-26 13:30:00+00:00,2022-10-26 20:00:00+00:00,390,390,0,390,390,0,0,0,0,0,0,0,92233788.0,True,True,complete,True,True,True
2022-10-27,2022-10-27 13:30:00+00:00,2022-10-27 20:00:00+00:00,390,390,0,390,390,0,0,0,0,0,0,0,68823433.0,True,True,complete,True,True,True
2022-10-28,2022-10-28 13:30:00+00:00,2022-10-28 20:00:00+00:00,390,390,0,390,390,0,0,0,0,0,0,0,82432994.0,True,True,complete,True,True,True
2022-10-31,2022-10-31 13:30:00+00:00,2022-10-31 20:00:00+00:00,390,390,0,390,390,0,0,0,0,0,0,0,79722443.0,True,True,complete,True,True,True
2022-11-01,2022-11-01 13:30:00+00:00,2022-11-01 20:00:00+00:00,390,390,0,390,390,0,0,0,0,0,0,0,73909328.0,True,True,complete,True,True,True
2022-11-02,2022-11-02 13:30:00+00:00,2022-11-02 20:00:00+00:00,390,390,0,390,390,0,0,0,0,0,0,0,114087647.0,True,True,complete,True,True,True
2022-11-03,2022-11-03 13:30:00+00:00,2022-11-03 20:00:00+00:00,390,390,0,390,390,0,0,0,0,0,0,0,74531375.0,True,True,complete,True,True,True
2022-11-04,2022-11-04 13:30:00+00:00,2022-11-04 20:00:00+00:00,390,390,0,390,390,0,0,0,0,0,0,0,82496298.0,True,True,complete,True,True,True
2022-11-07,2022-11-07 14:30:00+00:00,2022-11-07 21:00:00+00:00,390,390,0,390,390,0,0,0,0,0,0,0,56080393.0,True,True,complete,True,True,True
2022-11-08,2022-11-08 14:30:00+00:00,2022-11-08 21:00:00+00:00,390,390,0,390,390,0,0,0,0,0,0,0,74520450.0,True,True,complete,True,True,True
2022-11-09,2022-11-09 14:30:00+00:00,2022-11-09 21:00:00+00:00,390,390,0,390,390,0,0,0,0,0,0,0,66789848.0,True,True,complete,True,True,True
2022-11-10,2022-11-10 14:30:00+00:00,2022-11-10 21:00:00+00:00,390,390,0,390,390,0,0,0,0,0,0,0,114056299.0,True,True,complete,True,True,True
2022-11-11,2022-11-11 14:30:00+00:00,2022-11-11 21:00:00+00:00,390,390,0,390,390,0,0,0,0,0,0,0,78123214.0,True,True,complete,True,True,True
2022-11-14,2022-11-14 14:30:00+00:00,2022-11-14 21:00:00+00:00,390,390,0,390,390,0,0,0,0,0,0,0,61863319.0,True,True,complete,True,True,True
2022-11-15,2022-11-15 14:30:00+00:00,2022-11-15 21:00:00+00:00,390,390,0,390,390,0,0,0,0,0,0,0,79057228.0,True,True,complete,True,True,True
2022-11-16,2022-11-16 14:30:00+00:00,2022-11-16 21:00:00+00:00,390,390,0,390,390,0,0,0,0,0,0,0,55916452.0,True,True,complete,True,True,True
2022-11-17,2022-11-17 14:30:00+00:00,2022-11-17 21:00:00+00:00,390,390,0,390,390,0,0,0,0,0,0,0,60715336.0,True,True,complete,True,True,True
2022-11-18,2022-11-18 14:30:00+00:00,2022-11-18 21:00:00+00:00,390,390,0,390,390,0,0,0,0,0,0,0,73075366.0,True,True,complete,True,True,True
2022-11-21,2022-11-21 14:30:00+00:00,2022-11-21 21:00:00+00:00,390,390,0,390,390,0,0,0,0,0,0,0,42926489.0,True,True,complete,True,True,True
2022-11-22,2022-11-22 14:30:00+00:00,2022-11-22 21:00:00+00:00,390,390,0,390,390,0,0,0,0,0,0,0,48970388.0,True,True,complete,True,True,True
2022-11-23,2022-11-23 14:30:00+00:00,2022-11-23 21:00:00+00:00,390,390,0,390,390,0,0,0,0,0,0,0,57991396.0,True,True,complete,True,True,True
2022-11-25,2022-11-25 14:30:00+00:00,2022-11-25 18:00:00+00:00,210,210,0,210,210,0,0,0,0,0,0,0,23655084.0,True,True,complete,True,True,True
2022-11-28,2022-11-28 14:30:00+00:00,2022-11-28 21:00:00+00:00,390,390,0,390,390,0,0,0,0,0,0,0,51085373.0,True,True,complete,True,True,True
2022-11-29,2022-11-29 14:30:00+00:00,2022-11-29 21:00:00+00:00,390,390,0,390,390,0,0,0,0,0,0,0,48264395.0,True,True,complete,True,True,True
2022-11-30,2022-11-30 14:30:00+00:00,2022-11-30 21:00:00+00:00,390,390,0,390,390,0,0,0,0,0,0,0,111455063.0,True,True,complete,True,True,True
2022-12-01,2022-12-01 14:30:00+00:00,2022-12-01 21:00:00+00:00,390,390,0,390,390,0,0,0,0,0,0,0,65978746.0,True,True,complete,True,True,True
2022-12-02,2022-12-02 14:30:00+00:00,2022-12-02 21:00:00+00:00,390,390,0,390,390,0,0,0,0,0,0,0,69400929.0,True,True,complete,True,True,True
2022-12-05,2022-12-05 14:30:00+00:00,2022-12-05 21:00:00+00:00,390,390,0,390,390,0,0,0,0,0,0,0,65038178.0,True,True,complete,True,True,True
2022-12-06,2022-12-06 14:30:00+00:00,2022-12-06 21:00:00+00:00,390,390,0,390,390,0,0,0,0,0,0,0,69974746.0,True,True,complete,True,True,True
2022-12-07,2022-12-07 14:30:00+00:00,2022-12-07 21:00:00+00:00,390,390,0,390,390,0,0,0,0,0,0,0,55146658.0,True,True,complete,True,True,True
2022-12-08,2022-12-08 14:30:00+00:00,2022-12-08 21:00:00+00:00,390,390,0,390,390,0,0,0,0,0,0,0,52016675.0,True,True,complete,True,True,True
2022-12-09,2022-12-09 14:30:00+00:00,2022-12-09 21:00:00+00:00,390,390,0,390,390,0,0,0,0,0,0,0,62435564.0,True,True,complete,True,True,True
2022-12-12,2022-12-12 14:30:00+00:00,2022-12-12 21:00:00+00:00,390,390,0,390,390,0,0,0,0,0,0,0,61023514.0,True,True,complete,True,True,True
2022-12-13,2022-12-13 14:30:00+00:00,2022-12-13 21:00:00+00:00,390,390,0,390,390,0,0,0,0,0,0,0,103123958.0,True,True,complete,True,True,True
2022-12-14,2022-12-14 14:30:00+00:00,2022-12-14 21:00:00+00:00,390,390,0,390,390,0,0,0,0,0,0,0,97301720.0,True,True,complete,True,True,True
2022-12-15,2022-12-15 14:30:00+00:00,2022-12-15 21:00:00+00:00,390,390,0,390,390,0,0,0,0,0,0,0,96502007.0,True,True,complete,True,True,True
2022-12-16,2022-12-16 14:30:00+00:00,2022-12-16 21:00:00+00:00,390,390,0,390,390,0,0,0,0,0,0,0,100616884.0,True,True,complete,True,True,True
2022-12-19,2022-12-19 14:30:00+00:00,2022-12-19 21:00:00+00:00,390,390,0,390,390,0,0,0,0,0,0,0,62650420.0,True,True,complete,True,True,True
2022-12-20,2022-12-20 14:30:00+00:00,2022-12-20 21:00:00+00:00,390,390,0,390,390,0,0,0,0,0,0,0,62200044.0,True,True,complete,True,True,True
2022-12-21,2022-12-21 14:30:00+00:00,2022-12-21 21:00:00+00:00,390,390,0,390,390,0,0,0,0,0,0,0,62804314.0,True,True,complete,True,True,True
2022-12-22,2022-12-22 14:30:00+00:00,2022-12-22 21:00:00+00:00,390,390,0,390,390,0,0,0,0,0,0,0,84106655.0,True,True,complete,True,True,True
2022-12-23,2022-12-23 14:30:00+00:00,2022-12-23 21:00:00+00:00,390,390,0,390,390,0,0,0,0,0,0,0,49412786.0,True,True,complete,True,True,True
2022-12-27,2022-12-27 14:30:00+00:00,2022-12-27 21:00:00+00:00,390,390,0,390,390,0,0,0,0,0,0,0,45201672.0,True,True,complete,True,True,True
2022-12-28,2022-12-28 14:30:00+00:00,2022-12-28 21:00:00+00:00,390,390,0,390,390,0,0,0,0,0,0,0,60756074.0,True,True,complete,True,True,True
2022-12-29,2022-12-29 14:30:00+00:00,2022-12-29 21:00:00+00:00,390,390,0,390,390,0,0,0,0,0,0,0,56111163.0,True,True,complete,True,True,True
2022-12-30,2022-12-30 14:30:00+00:00,2022-12-30 21:00:00+00:00,390,390,0,390,390,0,0,0,0,0,0,0,67892116.0,True,True,complete,True,True,True
2023-01-03,2023-01-03 14:30:00+00:00,2023-01-03 21:00:00+00:00,390,390,0,390,390,0,0,0,0,0,0,0,65207779.0,True,True,complete,True,True,True
2023-01-04,2023-01-04 14:30:00+00:00,2023-01-04 21:00:00+00:00,390,390,0,390,390,0,0,0,0,0,0,0,73197143.0,True,True,complete,True,True,True
2023-01-05,2023-01-05 14:30:00+00:00,2023-01-05 21:00:00+00:00,390,390,0,390,390,0,0,0,0,0,0,0,65413827.0,True,True,complete,True,True,True
2023-01-06,2023-01-06 14:30:00+00:00,2023-01-06 21:00:00+00:00,390,390,0,390,390,0,0,0,0,0,0,0,86145091.0,True,True,complete,True,True,True
2023-01-09,2023-01-09 14:30:00+00:00,2023-01-09 21:00:00+00:00,390,390,0,390,390,0,0,0,0,0,0,0,64317561.0,True,True,complete,True,True,True
2023-01-10,2023-01-10 14:30:00+00:00,2023-01-10 21:00:00+00:00,390,390,0,390,390,0,0,0,0,0,0,0,52494145.0,True,True,complete,True,True,True
2023-01-11,2023-01-11 14:30:00+00:00,2023-01-11 21:00:00+00:00,390,390,0,390,390,0,0,0,0,0,0,0,59948437.0,True,True,complete,True,True,True
2023-01-12,2023-01-12 14:30:00+00:00,2023-01-12 21:00:00+00:00,390,390,0,390,390,0,0,0,0,0,0,0,73856002.0,True,True,complete,True,True,True
2023-01-13,2023-01-13 14:30:00+00:00,2023-01-13 21:00:00+00:00,390,390,0,390,390,0,0,0,0,0,0,0,54930336.0,True,True,complete,True,True,True
2023-01-17,2023-01-17 14:30:00+00:00,2023-01-17 21:00:00+00:00,390,390,0,390,390,0,0,0,0,0,0,0,52307330.0,True,True,complete,True,True,True
2023-01-18,2023-01-18 14:30:00+00:00,2023-01-18 21:00:00+00:00,390,390,0,390,390,0,0,0,0,0,0,0,80889471.0,True,True,complete,True,True,True
2023-01-19,2023-01-19 14:30:00+00:00,2023-01-19 21:00:00+00:00,390,390,0,390,390,0,0,0,0,0,0,0,71976056.0,True,True,complete,True,True,True
2023-01-20,2023-01-20 14:30:00+00:00,2023-01-20 21:00:00+00:00,390,390,0,390,390,0,0,0,0,0,0,0,78896206.0,True,True,complete,True,True,True
2023-01-23,2023-01-23 14:30:00+00:00,2023-01-23 21:00:00+00:00,390,390,0,390,390,0,0,0,0,0,0,0,72676853.0,True,True,complete,True,True,True
2023-01-24,2023-01-24 14:30:00+00:00,2023-01-24 21:00:00+00:00,390,390,0,390,390,0,0,0,0,0,0,0,51697298.0,True,True,complete,True,True,True
2023-01-25,2023-01-25 14:30:00+00:00,2023-01-25 21:00:00+00:00,390,390,0,390,390,0,0,0,0,0,0,0,71139666.0,True,True,complete,True,True,True
2023-01-26,2023-01-26 14:30:00+00:00,2023-01-26 21:00:00+00:00,390,390,0,390,390,0,0,0,0,0,0,0,60395244.0,True,True,complete,True,True,True
2023-01-27,2023-01-27 14:30:00+00:00,2023-01-27 21:00:00+00:00,390,390,0,390,390,0,0,0,0,0,0,0,58527592.0,True,True,complete,True,True,True
2023-01-30,2023-01-30 14:30:00+00:00,2023-01-30 21:00:00+00:00,390,390,0,390,390,0,0,0,0,0,0,0,60168607.0,True,True,complete,True,True,True
2023-01-31,2023-01-31 14:30:00+00:00,2023-01-31 21:00:00+00:00,390,390,0,390,390,0,0,0,0,0,0,0,64543014.0,True,True,complete,True,True,True
2023-02-01,2023-02-01 14:30:00+00:00,2023-02-01 21:00:00+00:00,390,390,0,390,390,0,0,0,0,0,0,0,91587853.0,True,True,complete,True,True,True
2023-02-02,2023-02-02 14:30:00+00:00,2023-02-02 21:00:00+00:00,390,390,0,390,390,0,0,0,0,0,0,0,86925740.0,True,True,complete,True,True,True
2023-02-03,2023-02-03 14:30:00+00:00,2023-02-03 21:00:00+00:00,390,390,0,390,390,0,0,0,0,0,0,0,76040514.0,True,True,complete,True,True,True
2023-02-06,2023-02-06 14:30:00+00:00,2023-02-06 21:00:00+00:00,390,390,0,390,390,0,0,0,0,0,0,0,50698597.0,True,True,complete,True,True,True
2023-02-07,2023-02-07 14:30:00+00:00,2023-02-07 21:00:00+00:00,390,390,0,390,390,0,0,0,0,0,0,0,79411744.0,True,True,complete,True,True,True
2023-02-08,2023-02-08 14:30:00+00:00,2023-02-08 21:00:00+00:00,390,390,0,390,390,0,0,0,0,0,0,0,67352766.0,True,True,complete,True,True,True
2023-02-09,2023-02-09 14:30:00+00:00,2023-02-09 21:00:00+00:00,390,390,0,390,390,0,0,0,0,0,0,0,70425832.0,True,True,complete,True,True,True
2023-02-10,2023-02-10 14:30:00+00:00,2023-02-10 21:00:00+00:00,390,390,0,390,390,0,0,0,0,0,0,0,60227490.0,True,True,complete,True,True,True
2023-02-13,2023-02-13 14:30:00+00:00,2023-02-13 21:00:00+00:00,390,390,0,390,390,0,0,0,0,0,0,0,57568630.0,True,True,complete,True,True,True
2023-02-14,2023-02-14 14:30:00+00:00,2023-02-14 21:00:00+00:00,390,390,0,390,390,0,0,0,0,0,0,0,74418628.0,True,True,complete,True,True,True
2023-02-15,2023-02-15 14:30:00+00:00,2023-02-15 21:00:00+00:00,390,390,0,390,390,0,0,0,0,0,0,0,52678985.0,True,True,complete,True,True,True
2023-02-16,2023-02-16 14:30:00+00:00,2023-02-16 21:00:00+00:00,390,390,0,390,390,0,0,0,0,0,0,0,66774256.0,True,True,complete,True,True,True
2023-02-17,2023-02-17 14:30:00+00:00,2023-02-17 21:00:00+00:00,390,390,0,390,390,0,0,0,0,0,0,0,70959371.0,True,True,complete,True,True,True
2023-02-21,2023-02-21 14:30:00+00:00,2023-02-21 21:00:00+00:00,390,390,0,390,390,0,0,0,0,0,0,0,70101515.0,True,True,complete,True,True,True
2023-02-22,2023-02-22 14:30:00+00:00,2023-02-22 21:00:00+00:00,390,390,0,390,390,0,0,0,0,0,0,0,71269072.0,True,True,complete,True,True,True
2023-02-23,2023-02-23 14:30:00+00:00,2023-02-23 21:00:00+00:00,390,390,0,390,390,0,0,0,0,0,0,0,86865864.0,True,True,complete,True,True,True
2023-02-24,2023-02-24 14:30:00+00:00,2023-02-24 21:00:00+00:00,390,390,0,390,390,0,0,0,0,0,0,0,94313596.0,True,True,complete,True,True,True
2023-02-27,2023-02-27 14:30:00+00:00,2023-02-27 21:00:00+00:00,390,390,0,390,390,0,0,0,0,0,0,0,71299486.0,True,True,complete,True,True,True
2023-02-28,2023-02-28 14:30:00+00:00,2023-02-28 21:00:00+00:00,390,390,0,390,390,0,0,0,0,0,0,0,76435589.0,True,True,complete,True,True,True
2023-03-01,2023-03-01 14:30:00+00:00,2023-03-01 21:00:00+00:00,390,390,0,390,390,0,0,0,0,0,0,0,84488923.0,True,True,complete,True,True,True
2023-03-02,2023-03-02 14:30:00+00:00,2023-03-02 21:00:00+00:00,390,390,0,390,390,0,0,0,0,0,0,0,75967646.0,True,True,complete,True,True,True
2023-03-03,2023-03-03 14:30:00+00:00,2023-03-03 21:00:00+00:00,390,390,0,390,390,0,0,0,0,0,0,0,77865751.0,True,True,complete,True,True,True
2023-03-06,2023-03-06 14:30:00+00:00,2023-03-06 21:00:00+00:00,390,390,0,390,390,0,0,0,0,0,0,0,65131257.0,True,True,complete,True,True,True
2023-03-07,2023-03-07 14:30:00+00:00,2023-03-07 21:00:00+00:00,390,390,0,390,390,0,0,0,0,0,0,0,97934113.0,True,True,complete,True,True,True
2023-03-08,2023-03-08 14:30:00+00:00,2023-03-08 21:00:00+00:00,390,390,0,390,390,0,0,0,0,0,0,0,66781696.0,True,True,complete,True,True,True
2023-03-09,2023-03-09 14:30:00+00:00,2023-03-09 21:00:00+00:00,390,390,0,390,390,0,0,0,0,0,0,0,99094189.0,True,True,complete,True,True,True
2023-03-10,2023-03-10 14:30:00+00:00,2023-03-10 21:00:00+00:00,390,390,0,390,390,0,0,0,0,0,0,0,158100231.0,True,True,complete,True,True,True
2023-03-13,2023-03-13 13:30:00+00:00,2023-03-13 20:00:00+00:00,390,390,0,390,390,0,0,0,0,0,0,0,136212256.0,True,True,complete,True,True,True
2023-03-14,2023-03-14 13:30:00+00:00,2023-03-14 20:00:00+00:00,390,390,0,390,390,0,0,0,0,0,0,0,128235699.0,True,True,complete,True,True,True
2023-03-15,2023-03-15 13:30:00+00:00,2023-03-15 20:00:00+00:00,390,390,0,390,390,0,0,0,0,0,0,0,147049603.0,True,True,complete,True,True,True
2023-03-16,2023-03-16 13:30:00+00:00,2023-03-16 20:00:00+00:00,390,390,0,390,390,0,0,0,0,0,0,0,123193344.0,True,True,complete,True,True,True
2023-03-17,2023-03-17 13:30:00+00:00,2023-03-17 20:00:00+00:00,390,390,0,390,390,0,0,0,0,0,0,0,119479063.0,True,True,complete,True,True,True
2023-03-20,2023-03-20 13:30:00+00:00,2023-03-20 20:00:00+00:00,390,390,0,390,390,0,0,0,0,0,0,0,84660056.0,True,True,complete,True,True,True
2023-03-21,2023-03-21 13:30:00+00:00,2023-03-21 20:00:00+00:00,390,390,0,390,390,0,0,0,0,0,0,0,78738802.0,True,True,complete,True,True,True
2023-03-22,2023-03-22 13:30:00+00:00,2023-03-22 20:00:00+00:00,390,390,0,390,390,0,0,0,0,0,0,0,98529486.0,True,True,complete,True,True,True
2023-03-23,2023-03-23 13:30:00+00:00,2023-03-23 20:00:00+00:00,390,390,0,390,390,0,0,0,0,0,0,0,105721874.0,True,True,complete,True,True,True
2023-03-24,2023-03-24 13:30:00+00:00,2023-03-24 20:00:00+00:00,390,390,0,390,390,0,0,0,0,0,0,0,91172542.0,True,True,complete,True,True,True
2023-03-27,2023-03-27 13:30:00+00:00,2023-03-27 20:00:00+00:00,390,390,0,390,390,0,0,0,0,0,0,0,64136661.0,True,True,complete,True,True,True
2023-03-28,2023-03-28 13:30:00+00:00,2023-03-28 20:00:00+00:00,390,390,0,390,390,0,0,0,0,0,0,0,54213460.0,True,True,complete,True,True,True
2023-03-29,2023-03-29 13:30:00+00:00,2023-03-29 20:00:00+00:00,390,390,0,390,390,0,0,0,0,0,0,0,68015840.0,True,True,complete,True,True,True
2023-03-30,2023-03-30 13:30:00+00:00,2023-03-30 20:00:00+00:00,390,390,0,390,390,0,0,0,0,0,0,0,61564473.0,True,True,complete,True,True,True
2023-03-31,2023-03-31 13:30:00+00:00,2023-03-31 20:00:00+00:00,390,390,0,390,390,0,0,0,0,0,0,0,92231088.0,True,True,complete,True,True,True
2023-04-03,2023-04-03 13:30:00+00:00,2023-04-03 20:00:00+00:00,390,390,0,390,390,0,0,0,0,0,0,0,58851263.0,True,True,complete,True,True,True
2023-04-04,2023-04-04 13:30:00+00:00,2023-04-04 20:00:00+00:00,390,390,0,390,390,0,0,0,0,0,0,0,60660163.0,True,True,complete,True,True,True
2023-04-05,2023-04-05 13:30:00+00:00,2023-04-05 20:00:00+00:00,390,390,0,390,390,0,0,0,0,0,0,0,57673594.0,True,True,complete,True,True,True
2023-04-06,2023-04-06 13:30:00+00:00,2023-04-06 20:00:00+00:00,390,390,0,390,390,0,0,0,0,0,0,0,54804438.0,True,True,complete,True,True,True
2023-04-10,2023-04-10 13:30:00+00:00,2023-04-10 20:00:00+00:00,390,390,0,390,390,0,0,0,0,0,0,0,56789608.0,True,True,complete,True,True,True
2023-04-11,2023-04-11 13:30:00+00:00,2023-04-11 20:00:00+00:00,390,390,0,390,390,0,0,0,0,0,0,0,50352758.0,True,True,complete,True,True,True
2023-04-12,2023-04-12 13:30:00+00:00,2023-04-12 20:00:00+00:00,390,390,0,390,390,0,0,0,0,0,0,0,73998937.0,True,True,complete,True,True,True
2023-04-13,2023-04-13 13:30:00+00:00,2023-04-13 20:00:00+00:00,390,390,0,390,390,0,0,0,0,0,0,0,73088100.0,True,True,complete,True,True,True
2023-04-14,2023-04-14 13:30:00+00:00,2023-04-14 20:00:00+00:00,390,390,0,390,390,0,0,0,0,0,0,0,68382863.0,True,True,complete,True,True,True
2023-04-17,2023-04-17 13:30:00+00:00,2023-04-17 20:00:00+00:00,390,390,0,390,390,0,0,0,0,0,0,0,60561534.0,True,True,complete,True,True,True
2023-04-18,2023-04-18 13:30:00+00:00,2023-04-18 20:00:00+00:00,390,390,0,390,390,0,0,0,0,0,0,0,57037622.0,True,True,complete,True,True,True
2023-04-19,2023-04-19 13:30:00+00:00,2023-04-19 20:00:00+00:00,390,390,0,390,390,0,0,0,0,0,0,0,48939578.0,True,True,complete,True,True,True
2023-04-20,2023-04-20 13:30:00+00:00,2023-04-20 20:00:00+00:00,390,390,0,390,390,0,0,0,0,0,0,0,66132299.0,True,True,complete,True,True,True
2023-04-21,2023-04-21 13:30:00+00:00,2023-04-21 20:00:00+00:00,390,390,0,390,390,0,0,0,0,0,0,0,63632850.0,True,True,complete,True,True,True
2023-04-24,2023-04-24 13:30:00+00:00,2023-04-24 20:00:00+00:00,390,390,0,390,390,0,0,0,0,0,0,0,56861944.0,True,True,complete,True,True,True
2023-04-25,2023-04-25 13:30:00+00:00,2023-04-25 20:00:00+00:00,390,390,0,390,390,0,0,0,0,0,0,0,78398616.0,True,True,complete,True,True,True
2023-04-26,2023-04-26 13:30:00+00:00,2023-04-26 20:00:00+00:00,390,390,0,390,390,0,0,0,0,0,0,0,68242882.0,True,True,complete,True,True,True
2023-04-27,2023-04-27 13:30:00+00:00,2023-04-27 20:00:00+00:00,390,390,0,390,390,0,0,0,0,0,0,0,77131190.0,True,True,complete,True,True,True
2023-04-28,2023-04-28 13:30:00+00:00,2023-04-28 20:00:00+00:00,390,390,0,390,390,0,0,0,0,0,0,0,73740953.0,True,True,complete,True,True,True
2023-05-01,2023-05-01 13:30:00+00:00,2023-05-01 20:00:00+00:00,390,390,0,390,390,0,0,0,0,0,0,0,55301975.0,True,True,complete,True,True,True
2023-05-02,2023-05-02 13:30:00+00:00,2023-05-02 20:00:00+00:00,390,390,0,390,390,0,0,0,0,0,0,0,96635218.0,True,True,complete,True,True,True
2023-05-03,2023-05-03 13:30:00+00:00,2023-05-03 20:00:00+00:00,390,390,0,390,390,0,0,0,0,0,0,0,80148160.0,True,True,complete,True,True,True
2023-05-04,2023-05-04 13:30:00+00:00,2023-05-04 20:00:00+00:00,390,390,0,390,390,0,0,0,0,0,0,0,82153833.0,True,True,complete,True,True,True
2023-05-05,2023-05-05 13:30:00+00:00,2023-05-05 20:00:00+00:00,390,390,0,390,390,0,0,0,0,0,0,0,70552859.0,True,True,complete,True,True,True
2023-05-08,2023-05-08 13:30:00+00:00,2023-05-08 20:00:00+00:00,390,390,0,390,390,0,0,0,0,0,0,0,45277253.0,True,True,complete,True,True,True
2023-05-09,2023-05-09 13:30:00+00:00,2023-05-09 20:00:00+00:00,390,390,0,390,390,0,0,0,0,0,0,0,42696177.0,True,True,complete,True,True,True
2023-05-10,2023-05-10 13:30:00+00:00,2023-05-10 20:00:00+00:00,390,390,0,390,390,0,0,0,0,0,0,0,82904773.0,True,True,complete,True,True,True
2023-05-11,2023-05-11 13:30:00+00:00,2023-05-11 20:00:00+00:00,390,390,0,390,390,0,0,0,0,0,0,0,58375284.0,True,True,complete,True,True,True
2023-05-12,2023-05-12 13:30:00+00:00,2023-05-12 20:00:00+00:00,390,390,0,390,390,0,0,0,0,0,0,0,58347740.0,True,True,complete,True,True,True
2023-05-15,2023-05-15 13:30:00+00:00,2023-05-15 20:00:00+00:00,390,390,0,390,390,0,0,0,0,0,0,0,47176832.0,True,True,complete,True,True,True
2023-05-16,2023-05-16 13:30:00+00:00,2023-05-16 20:00:00+00:00,390,390,0,390,390,0,0,0,0,0,0,0,49750107.0,True,True,complete,True,True,True
2023-05-17,2023-05-17 13:30:00+00:00,2023-05-17 20:00:00+00:00,390,390,0,390,390,0,0,0,0,0,0,0,78732051.0,True,True,complete,True,True,True
2023-05-18,2023-05-18 13:30:00+00:00,2023-05-18 20:00:00+00:00,390,390,0,390,390,0,0,0,0,0,0,0,83671240.0,True,True,complete,True,True,True
2023-05-19,2023-05-19 13:30:00+00:00,2023-05-19 20:00:00+00:00,390,390,0,390,390,0,0,0,0,0,0,0,89054659.0,True,True,complete,True,True,True
2023-05-22,2023-05-22 13:30:00+00:00,2023-05-22 20:00:00+00:00,390,390,0,390,390,0,0,0,0,0,0,0,54270973.0,True,True,complete,True,True,True
2023-05-23,2023-05-23 13:30:00+00:00,2023-05-23 20:00:00+00:00,390,390,0,390,390,0,0,0,0,0,0,0,73251250.0,True,True,complete,True,True,True
2023-05-24,2023-05-24 13:30:00+00:00,2023-05-24 20:00:00+00:00,390,390,0,390,390,0,0,0,0,0,0,0,73906681.0,True,True,complete,True,True,True
2023-05-25,2023-05-25 13:30:00+00:00,2023-05-25 20:00:00+00:00,390,390,0,390,390,0,0,0,0,0,0,0,78690142.0,True,True,complete,True,True,True
2023-05-26,2023-05-26 13:30:00+00:00,2023-05-26 20:00:00+00:00,390,390,0,390,390,0,0,0,0,0,0,0,74820693.0,True,True,complete,True,True,True
2023-05-30,2023-05-30 13:30:00+00:00,2023-05-30 20:00:00+00:00,390,390,0,390,390,0,0,0,0,0,0,0,64170304.0,True,True,complete,True,True,True
2023-05-31,2023-05-31 13:30:00+00:00,2023-05-31 20:00:00+00:00,390,390,0,390,390,0,0,0,0,0,0,0,85810414.0,True,True,complete,True,True,True
2023-06-01,2023-06-01 13:30:00+00:00,2023-06-01 20:00:00+00:00,390,390,0,390,390,0,0,0,0,0,0,0,78265779.0,True,True,complete,True,True,True
2023-06-02,2023-06-02 13:30:00+00:00,2023-06-02 20:00:00+00:00,390,390,0,390,390,0,0,0,0,0,0,0,79592565.0,True,True,complete,True,True,True
2023-06-05,2023-06-05 13:30:00+00:00,2023-06-05 20:00:00+00:00,390,390,0,390,386,4,0,0,0,4,0,0,65150969.0,True,True,interior_gap,False,False,True
2023-06-06,2023-06-06 13:30:00+00:00,2023-06-06 20:00:00+00:00,390,390,0,390,390,0,0,0,0,0,0,0,56201516.0,True,True,complete,True,True,True
2023-06-07,2023-06-07 13:30:00+00:00,2023-06-07 20:00:00+00:00,390,390,0,390,390,0,0,0,0,0,0,0,73828896.0,True,True,complete,True,True,True
2023-06-08,2023-06-08 13:30:00+00:00,2023-06-08 20:00:00+00:00,390,390,0,390,390,0,0,0,0,0,0,0,53269905.0,True,True,complete,True,True,True
2023-06-09,2023-06-09 13:30:00+00:00,2023-06-09 20:00:00+00:00,390,390,0,390,390,0,0,0,0,0,0,0,70743952.0,True,True,complete,True,True,True
2023-06-12,2023-06-12 13:30:00+00:00,2023-06-12 20:00:00+00:00,390,390,0,390,390,0,0,0,0,0,0,0,66092803.0,True,True,complete,True,True,True
2023-06-13,2023-06-13 13:30:00+00:00,2023-06-13 20:00:00+00:00,390,390,0,390,390,0,0,0,0,0,0,0,82100266.0,True,True,complete,True,True,True
2023-06-14,2023-06-14 13:30:00+00:00,2023-06-14 20:00:00+00:00,390,390,0,390,390,0,0,0,0,0,0,0,87545364.0,True,True,complete,True,True,True
2023-06-15,2023-06-15 13:30:00+00:00,2023-06-15 20:00:00+00:00,390,390,0,390,390,0,0,0,0,0,0,0,94835423.0,True,True,complete,True,True,True
2023-06-16,2023-06-16 13:30:00+00:00,2023-06-16 20:00:00+00:00,390,390,0,390,390,0,0,0,0,0,0,0,93594632.0,True,True,complete,True,True,True
2023-06-20,2023-06-20 13:30:00+00:00,2023-06-20 20:00:00+00:00,390,390,0,390,390,0,0,0,0,0,0,0,66896718.0,True,True,complete,True,True,True
2023-06-21,2023-06-21 13:30:00+00:00,2023-06-21 20:00:00+00:00,390,390,0,390,390,0,0,0,0,0,0,0,68676506.0,True,True,complete,True,True,True
2023-06-22,2023-06-22 13:30:00+00:00,2023-06-22 20:00:00+00:00,390,390,0,390,390,0,0,0,0,0,0,0,58163510.0,True,True,complete,True,True,True
2023-06-23,2023-06-23 13:30:00+00:00,2023-06-23 20:00:00+00:00,390,390,0,390,390,0,0,0,0,0,0,0,74325389.0,True,True,complete,True,True,True
2023-06-26,2023-06-26 13:30:00+00:00,2023-06-26 20:00:00+00:00,390,390,0,390,390,0,0,0,0,0,0,0,60473131.0,True,True,complete,True,True,True
2023-06-27,2023-06-27 13:30:00+00:00,2023-06-27 20:00:00+00:00,390,390,0,390,390,0,0,0,0,0,0,0,64616506.0,True,True,complete,True,True,True
2023-06-28,2023-06-28 13:30:00+00:00,2023-06-28 20:00:00+00:00,390,390,0,390,390,0,0,0,0,0,0,0,63793375.0,True,True,complete,True,True,True
2023-06-29,2023-06-29 13:30:00+00:00,2023-06-29 20:00:00+00:00,390,390,0,390,390,0,0,0,0,0,0,0,58041337.0,True,True,complete,True,True,True
2023-06-30,2023-06-30 13:30:00+00:00,2023-06-30 20:00:00+00:00,390,390,0,390,390,0,0,0,0,0,0,0,79845494.0,True,True,complete,True,True,True
2023-07-03,2023-07-03 13:30:00+00:00,2023-07-03 17:00:00+00:00,210,210,0,210,210,0,0,0,0,0,0,0,29789508.0,True,True,complete,True,True,True
2023-07-05,2023-07-05 13:30:00+00:00,2023-07-05 20:00:00+00:00,390,390,0,390,390,0,0,0,0,0,0,0,50205415.0,True,True,complete,True,True,True
2023-07-06,2023-07-06 13:30:00+00:00,2023-07-06 20:00:00+00:00,390,390,0,390,390,0,0,0,0,0,0,0,68930343.0,True,True,complete,True,True,True
2023-07-07,2023-07-07 13:30:00+00:00,2023-07-07 20:00:00+00:00,390,390,0,390,390,0,0,0,0,0,0,0,67042185.0,True,True,complete,True,True,True
2023-07-10,2023-07-10 13:30:00+00:00,2023-07-10 20:00:00+00:00,390,390,0,390,390,0,0,0,0,0,0,0,52316405.0,True,True,complete,True,True,True
2023-07-11,2023-07-11 13:30:00+00:00,2023-07-11 20:00:00+00:00,390,390,0,390,390,0,0,0,0,0,0,0,54955987.0,True,True,complete,True,True,True
2023-07-12,2023-07-12 13:30:00+00:00,2023-07-12 20:00:00+00:00,390,390,0,390,390,0,0,0,0,0,0,0,75445252.0,True,True,complete,True,True,True
2023-07-13,2023-07-13 13:30:00+00:00,2023-07-13 20:00:00+00:00,390,390,0,390,390,0,0,0,0,0,0,0,60919446.0,True,True,complete,True,True,True
2023-07-14,2023-07-14 13:30:00+00:00,2023-07-14 20:00:00+00:00,390,390,0,390,390,0,0,0,0,0,0,0,61070948.0,True,True,complete,True,True,True
2023-07-17,2023-07-17 13:30:00+00:00,2023-07-17 20:00:00+00:00,390,390,0,390,390,0,0,0,0,0,0,0,44528499.0,True,True,complete,True,True,True
2023-07-18,2023-07-18 13:30:00+00:00,2023-07-18 20:00:00+00:00,390,390,0,390,390,0,0,0,0,0,0,0,64085857.0,True,True,complete,True,True,True
2023-07-19,2023-07-19 13:30:00+00:00,2023-07-19 20:00:00+00:00,390,390,0,390,390,0,0,0,0,0,0,0,57748207.0,True,True,complete,True,True,True
2023-07-20,2023-07-20 13:30:00+00:00,2023-07-20 20:00:00+00:00,390,390,0,390,390,0,0,0,0,0,0,0,61444023.0,True,True,complete,True,True,True
2023-07-21,2023-07-21 13:30:00+00:00,2023-07-21 20:00:00+00:00,390,390,0,390,390,0,0,0,0,0,0,0,58235634.0,True,True,complete,True,True,True
2023-07-24,2023-07-24 13:30:00+00:00,2023-07-24 20:00:00+00:00,390,390,0,390,390,0,0,0,0,0,0,0,47592741.0,True,True,complete,True,True,True
2023-07-25,2023-07-25 13:30:00+00:00,2023-07-25 20:00:00+00:00,390,390,0,390,390,0,0,0,0,0,0,0,47277087.0,True,True,complete,True,True,True
2023-07-26,2023-07-26 13:30:00+00:00,2023-07-26 20:00:00+00:00,390,390,0,390,390,0,0,0,0,0,0,0,61865540.0,True,True,complete,True,True,True
2023-07-27,2023-07-27 13:30:00+00:00,2023-07-27 20:00:00+00:00,390,390,0,390,390,0,0,0,0,0,0,0,80444428.0,True,True,complete,True,True,True
2023-07-28,2023-07-28 13:30:00+00:00,2023-07-28 20:00:00+00:00,390,390,0,390,390,0,0,0,0,0,0,0,69126724.0,True,True,complete,True,True,True
2023-07-31,2023-07-31 13:30:00+00:00,2023-07-31 20:00:00+00:00,390,390,0,390,390,0,0,0,0,0,0,0,49040934.0,True,True,complete,True,True,True
2023-08-01,2023-08-01 13:30:00+00:00,2023-08-01 20:00:00+00:00,390,390,0,390,390,0,0,0,0,0,0,0,47687149.0,True,True,complete,True,True,True
2023-08-02,2023-08-02 13:30:00+00:00,2023-08-02 20:00:00+00:00,390,390,0,390,390,0,0,0,0,0,0,0,78053683.0,True,True,complete,True,True,True
2023-08-03,2023-08-03 13:30:00+00:00,2023-08-03 20:00:00+00:00,390,390,0,390,390,0,0,0,0,0,0,0,56154147.0,True,True,complete,True,True,True
2023-08-04,2023-08-04 13:30:00+00:00,2023-08-04 20:00:00+00:00,390,390,0,390,390,0,0,0,0,0,0,0,85836952.0,True,True,complete,True,True,True
2023-08-07,2023-08-07 13:30:00+00:00,2023-08-07 20:00:00+00:00,390,390,0,390,390,0,0,0,0,0,0,0,48425043.0,True,True,complete,True,True,True
2023-08-08,2023-08-08 13:30:00+00:00,2023-08-08 20:00:00+00:00,390,390,0,390,390,0,0,0,0,0,0,0,63418459.0,True,True,complete,True,True,True
2023-08-09,2023-08-09 13:30:00+00:00,2023-08-09 20:00:00+00:00,390,390,0,390,390,0,0,0,0,0,0,0,66306644.0,True,True,complete,True,True,True
2023-08-10,2023-08-10 13:30:00+00:00,2023-08-10 20:00:00+00:00,390,390,0,390,390,0,0,0,0,0,0,0,82625211.0,True,True,complete,True,True,True
2023-08-11,2023-08-11 13:30:00+00:00,2023-08-11 20:00:00+00:00,390,390,0,390,390,0,0,0,0,0,0,0,58771347.0,True,True,complete,True,True,True
2023-08-14,2023-08-14 13:30:00+00:00,2023-08-14 20:00:00+00:00,390,390,0,390,390,0,0,0,0,0,0,0,42205438.0,True,True,complete,True,True,True
2023-08-15,2023-08-15 13:30:00+00:00,2023-08-15 20:00:00+00:00,390,390,0,390,390,0,0,0,0,0,0,0,63929671.0,True,True,complete,True,True,True
2023-08-16,2023-08-16 13:30:00+00:00,2023-08-16 20:00:00+00:00,390,390,0,390,390,0,0,0,0,0,0,0,67557145.0,True,True,complete,True,True,True
2023-08-17,2023-08-17 13:30:00+00:00,2023-08-17 20:00:00+00:00,390,390,0,390,390,0,0,0,0,0,0,0,79658852.0,True,True,complete,True,True,True
2023-08-18,2023-08-18 13:30:00+00:00,2023-08-18 20:00:00+00:00,390,390,0,390,390,0,0,0,0,0,0,0,86391881.0,True,True,complete,True,True,True
2023-08-21,2023-08-21 13:30:00+00:00,2023-08-21 20:00:00+00:00,390,390,0,390,390,0,0,0,0,0,0,0,61048834.0,True,True,complete,True,True,True
2023-08-22,2023-08-22 13:30:00+00:00,2023-08-22 20:00:00+00:00,390,390,0,390,390,0,0,0,0,0,0,0,56187782.0,True,True,complete,True,True,True
2023-08-23,2023-08-23 13:30:00+00:00,2023-08-23 20:00:00+00:00,390,390,0,390,390,0,0,0,0,0,0,0,56095388.0,True,True,complete,True,True,True
2023-08-24,2023-08-24 13:30:00+00:00,2023-08-24 20:00:00+00:00,390,390,0,390,390,0,0,0,0,0,0,0,78017721.0,True,True,complete,True,True,True
2023-08-25,2023-08-25 13:30:00+00:00,2023-08-25 20:00:00+00:00,390,390,0,390,390,0,0,0,0,0,0,0,87897188.0,True,True,complete,True,True,True
2023-08-28,2023-08-28 13:30:00+00:00,2023-08-28 20:00:00+00:00,390,390,0,390,390,0,0,0,0,0,0,0,54453045.0,True,True,complete,True,True,True
2023-08-29,2023-08-29 13:30:00+00:00,2023-08-29 20:00:00+00:00,390,390,0,390,390,0,0,0,0,0,0,0,73492603.0,True,True,complete,True,True,True
2023-08-30,2023-08-30 13:30:00+00:00,2023-08-30 20:00:00+00:00,390,390,0,390,390,0,0,0,0,0,0,0,58371632.0,True,True,complete,True,True,True
2023-08-31,2023-08-31 13:30:00+00:00,2023-08-31 20:00:00+00:00,390,390,0,390,390,0,0,0,0,0,0,0,55523826.0,True,True,complete,True,True,True
2023-09-01,2023-09-01 13:30:00+00:00,2023-09-01 20:00:00+00:00,390,390,0,390,390,0,0,0,0,0,0,0,48891822.0,True,True,complete,True,True,True
2023-09-05,2023-09-05 13:30:00+00:00,2023-09-05 20:00:00+00:00,390,390,0,390,390,0,0,0,0,0,0,0,50296403.0,True,True,complete,True,True,True
2023-09-06,2023-09-06 13:30:00+00:00,2023-09-06 20:00:00+00:00,390,390,0,390,390,0,0,0,0,0,0,0,62273787.0,True,True,complete,True,True,True
2023-09-07,2023-09-07 13:30:00+00:00,2023-09-07 20:00:00+00:00,390,390,0,390,390,0,0,0,0,0,0,0,59708229.0,True,True,complete,True,True,True
2023-09-08,2023-09-08 13:30:00+00:00,2023-09-08 20:00:00+00:00,390,390,0,390,390,0,0,0,0,0,0,0,51847124.0,True,True,complete,True,True,True
2023-09-11,2023-09-11 13:30:00+00:00,2023-09-11 20:00:00+00:00,390,390,0,390,390,0,0,0,0,0,0,0,50183126.0,True,True,complete,True,True,True
2023-09-12,2023-09-12 13:30:00+00:00,2023-09-12 20:00:00+00:00,390,390,0,390,390,0,0,0,0,0,0,0,58621105.0,True,True,complete,True,True,True
2023-09-13,2023-09-13 13:30:00+00:00,2023-09-13 20:00:00+00:00,390,390,0,390,390,0,0,0,0,0,0,0,53128924.0,True,True,complete,True,True,True
2023-09-14,2023-09-14 13:30:00+00:00,2023-09-14 20:00:00+00:00,390,390,0,390,390,0,0,0,0,0,0,0,71037829.0,True,True,complete,True,True,True
2023-09-15,2023-09-15 13:30:00+00:00,2023-09-15 20:00:00+00:00,390,390,0,390,390,0,0,0,0,0,0,0,95428553.0,True,True,complete,True,True,True
2023-09-18,2023-09-18 13:30:00+00:00,2023-09-18 20:00:00+00:00,390,390,0,390,390,0,0,0,0,0,0,0,49995021.0,True,True,complete,True,True,True
2023-09-19,2023-09-19 13:30:00+00:00,2023-09-19 20:00:00+00:00,390,390,0,390,390,0,0,0,0,0,0,0,54949665.0,True,True,complete,True,True,True
2023-09-20,2023-09-20 13:30:00+00:00,2023-09-20 20:00:00+00:00,390,390,0,390,390,0,0,0,0,0,0,0,66028310.0,True,True,complete,True,True,True
2023-09-21,2023-09-21 13:30:00+00:00,2023-09-21 20:00:00+00:00,390,390,0,390,390,0,0,0,0,0,0,0,90840539.0,True,True,complete,True,True,True
2023-09-22,2023-09-22 13:30:00+00:00,2023-09-22 20:00:00+00:00,390,390,0,390,390,0,0,0,0,0,0,0,81909390.0,True,True,complete,True,True,True
2023-09-25,2023-09-25 13:30:00+00:00,2023-09-25 20:00:00+00:00,390,390,0,390,390,0,0,0,0,0,0,0,59456510.0,True,True,complete,True,True,True
2023-09-26,2023-09-26 13:30:00+00:00,2023-09-26 20:00:00+00:00,390,390,0,390,390,0,0,0,0,0,0,0,81074135.0,True,True,complete,True,True,True
2023-09-27,2023-09-27 13:30:00+00:00,2023-09-27 20:00:00+00:00,390,390,0,390,390,0,0,0,0,0,0,0,92810957.0,True,True,complete,True,True,True
2023-09-28,2023-09-28 13:30:00+00:00,2023-09-28 20:00:00+00:00,390,390,0,390,390,0,0,0,0,0,0,0,82189776.0,True,True,complete,True,True,True
2023-09-29,2023-09-29 13:30:00+00:00,2023-09-29 20:00:00+00:00,390,390,0,390,390,0,0,0,0,0,0,0,98427744.0,True,True,complete,True,True,True
2023-10-02,2023-10-02 13:30:00+00:00,2023-10-02 20:00:00+00:00,390,390,0,390,390,0,0,0,0,0,0,0,77982772.0,True,True,complete,True,True,True
2023-10-03,2023-10-03 13:30:00+00:00,2023-10-03 20:00:00+00:00,390,390,0,390,390,0,0,0,0,0,0,0,92376625.0,True,True,complete,True,True,True
2023-10-04,2023-10-04 13:30:00+00:00,2023-10-04 20:00:00+00:00,390,390,0,390,390,0,0,0,0,0,0,0,77302008.0,True,True,complete,True,True,True
2023-10-05,2023-10-05 13:30:00+00:00,2023-10-05 20:00:00+00:00,390,390,0,390,390,0,0,0,0,0,0,0,61951231.0,True,True,complete,True,True,True
2023-10-06,2023-10-06 13:30:00+00:00,2023-10-06 20:00:00+00:00,390,390,0,390,390,0,0,0,0,0,0,0,96914125.0,True,True,complete,True,True,True
2023-10-09,2023-10-09 13:30:00+00:00,2023-10-09 20:00:00+00:00,390,390,0,390,390,0,0,0,0,0,0,0,68045415.0,True,True,complete,True,True,True
2023-10-10,2023-10-10 13:30:00+00:00,2023-10-10 20:00:00+00:00,390,390,0,390,390,0,0,0,0,0,0,0,71914550.0,True,True,complete,True,True,True
2023-10-11,2023-10-11 13:30:00+00:00,2023-10-11 20:00:00+00:00,390,390,0,390,390,0,0,0,0,0,0,0,55229715.0,True,True,complete,True,True,True
2023-10-12,2023-10-12 13:30:00+00:00,2023-10-12 20:00:00+00:00,390,390,0,390,390,0,0,0,0,0,0,0,72690967.0,True,True,complete,True,True,True
2023-10-13,2023-10-13 13:30:00+00:00,2023-10-13 20:00:00+00:00,390,390,0,390,390,0,0,0,0,0,0,0,82766343.0,True,True,complete,True,True,True
2023-10-16,2023-10-16 13:30:00+00:00,2023-10-16 20:00:00+00:00,390,390,0,390,390,0,0,0,0,0,0,0,65887608.0,True,True,complete,True,True,True
2023-10-17,2023-10-17 13:30:00+00:00,2023-10-17 20:00:00+00:00,390,390,0,390,390,0,0,0,0,0,0,0,69319410.0,True,True,complete,True,True,True
2023-10-18,2023-10-18 13:30:00+00:00,2023-10-18 20:00:00+00:00,390,390,0,390,390,0,0,0,0,0,0,0,85561275.0,True,True,complete,True,True,True
2023-10-19,2023-10-19 13:30:00+00:00,2023-10-19 20:00:00+00:00,390,390,0,390,390,0,0,0,0,0,0,0,110810767.0,True,True,complete,True,True,True
2023-10-20,2023-10-20 13:30:00+00:00,2023-10-20 20:00:00+00:00,390,390,0,390,390,0,0,0,0,0,0,0,108702054.0,True,True,complete,True,True,True
2023-10-23,2023-10-23 13:30:00+00:00,2023-10-23 20:00:00+00:00,390,390,0,390,390,0,0,0,0,0,0,0,82456647.0,True,True,complete,True,True,True
2023-10-24,2023-10-24 13:30:00+00:00,2023-10-24 20:00:00+00:00,390,390,0,390,390,0,0,0,0,0,0,0,67599671.0,True,True,complete,True,True,True
2023-10-25,2023-10-25 13:30:00+00:00,2023-10-25 20:00:00+00:00,390,390,0,390,390,0,0,0,0,0,0,0,85026532.0,True,True,complete,True,True,True
2023-10-26,2023-10-26 13:30:00+00:00,2023-10-26 20:00:00+00:00,390,390,0,390,390,0,0,0,0,0,0,0,101294839.0,True,True,complete,True,True,True
2023-10-27,2023-10-27 13:30:00+00:00,2023-10-27 20:00:00+00:00,390,390,0,390,390,0,0,0,0,0,0,0,96146492.0,True,True,complete,True,True,True
2023-10-30,2023-10-30 13:30:00+00:00,2023-10-30 20:00:00+00:00,390,390,0,390,390,0,0,0,0,0,0,0,79797600.0,True,True,complete,True,True,True
2023-10-31,2023-10-31 13:30:00+00:00,2023-10-31 20:00:00+00:00,390,390,0,390,390,0,0,0,0,0,0,0,68240308.0,True,True,complete,True,True,True
2023-11-01,2023-11-01 13:30:00+00:00,2023-11-01 20:00:00+00:00,390,390,0,390,390,0,0,0,0,0,0,0,90817434.0,True,True,complete,True,True,True
2023-11-02,2023-11-02 13:30:00+00:00,2023-11-02 20:00:00+00:00,390,390,0,390,390,0,0,0,0,0,0,0,82143864.0,True,True,complete,True,True,True
2023-11-03,2023-11-03 13:30:00+00:00,2023-11-03 20:00:00+00:00,390,390,0,390,390,0,0,0,0,0,0,0,86504493.0,True,True,complete,True,True,True
2023-11-06,2023-11-06 14:30:00+00:00,2023-11-06 21:00:00+00:00,390,390,0,390,390,0,0,0,0,0,0,0,60967305.0,True,True,complete,True,True,True
2023-11-07,2023-11-07 14:30:00+00:00,2023-11-07 21:00:00+00:00,390,390,0,390,390,0,0,0,0,0,0,0,59128548.0,True,True,complete,True,True,True
2023-11-08,2023-11-08 14:30:00+00:00,2023-11-08 21:00:00+00:00,390,390,0,390,390,0,0,0,0,0,0,0,54696438.0,True,True,complete,True,True,True
2023-11-09,2023-11-09 14:30:00+00:00,2023-11-09 21:00:00+00:00,390,390,0,390,390,0,0,0,0,0,0,0,73275097.0,True,True,complete,True,True,True
2023-11-10,2023-11-10 14:30:00+00:00,2023-11-10 21:00:00+00:00,390,390,0,390,390,0,0,0,0,0,0,0,78035761.0,True,True,complete,True,True,True
2023-11-13,2023-11-13 14:30:00+00:00,2023-11-13 21:00:00+00:00,390,390,0,390,390,0,0,0,0,0,0,0,46775412.0,True,True,complete,True,True,True
2023-11-14,2023-11-14 14:30:00+00:00,2023-11-14 21:00:00+00:00,390,390,0,390,390,0,0,0,0,0,0,0,85509900.0,True,True,complete,True,True,True
2023-11-15,2023-11-15 14:30:00+00:00,2023-11-15 21:00:00+00:00,390,390,0,390,390,0,0,0,0,0,0,0,68734796.0,True,True,complete,True,True,True
2023-11-16,2023-11-16 14:30:00+00:00,2023-11-16 21:00:00+00:00,390,390,0,390,390,0,0,0,0,0,0,0,60542029.0,True,True,complete,True,True,True
2023-11-17,2023-11-17 14:30:00+00:00,2023-11-17 21:00:00+00:00,390,390,0,390,390,0,0,0,0,0,0,0,69133811.0,True,True,complete,True,True,True
2023-11-20,2023-11-20 14:30:00+00:00,2023-11-20 21:00:00+00:00,390,390,0,390,390,0,0,0,0,0,0,0,61759978.0,True,True,complete,True,True,True
2023-11-21,2023-11-21 14:30:00+00:00,2023-11-21 21:00:00+00:00,390,390,0,390,390,0,0,0,0,0,0,0,44414329.0,True,True,complete,True,True,True
2023-11-22,2023-11-22 14:30:00+00:00,2023-11-22 21:00:00+00:00,390,390,0,390,390,0,0,0,0,0,0,0,53461780.0,True,True,complete,True,True,True
2023-11-24,2023-11-24 14:30:00+00:00,2023-11-24 18:00:00+00:00,210,210,0,210,210,0,0,0,0,0,0,0,24519735.0,True,True,complete,True,True,True
2023-11-27,2023-11-27 14:30:00+00:00,2023-11-27 21:00:00+00:00,390,390,0,390,390,0,0,0,0,0,0,0,45461042.0,True,True,complete,True,True,True
2023-11-28,2023-11-28 14:30:00+00:00,2023-11-28 21:00:00+00:00,390,390,0,390,390,0,0,0,0,0,0,0,55969440.0,True,True,complete,True,True,True
2023-11-29,2023-11-29 14:30:00+00:00,2023-11-29 21:00:00+00:00,390,390,0,390,390,0,0,0,0,0,0,0,56578148.0,True,True,complete,True,True,True
2023-11-30,2023-11-30 14:30:00+00:00,2023-11-30 21:00:00+00:00,390,390,0,390,390,0,0,0,0,0,0,0,66625171.0,True,True,complete,True,True,True
2023-12-01,2023-12-01 14:30:00+00:00,2023-12-01 21:00:00+00:00,390,390,0,390,390,0,0,0,0,0,0,0,73369630.0,True,True,complete,True,True,True
2023-12-04,2023-12-04 14:30:00+00:00,2023-12-04 21:00:00+00:00,390,390,0,390,390,0,0,0,0,0,0,0,65066163.0,True,True,complete,True,True,True
2023-12-05,2023-12-05 14:30:00+00:00,2023-12-05 21:00:00+00:00,390,390,0,390,390,0,0,0,0,0,0,0,61841742.0,True,True,complete,True,True,True
2023-12-06,2023-12-06 14:30:00+00:00,2023-12-06 21:00:00+00:00,390,390,0,390,390,0,0,0,0,0,0,0,58429544.0,True,True,complete,True,True,True
2023-12-07,2023-12-07 14:30:00+00:00,2023-12-07 21:00:00+00:00,390,390,0,390,390,0,0,0,0,0,0,0,57860154.0,True,True,complete,True,True,True
2023-12-08,2023-12-08 14:30:00+00:00,2023-12-08 21:00:00+00:00,390,390,0,390,390,0,0,0,0,0,0,0,65783360.0,True,True,complete,True,True,True
2023-12-11,2023-12-11 14:30:00+00:00,2023-12-11 21:00:00+00:00,390,390,0,390,390,0,0,0,0,0,0,0,56513900.0,True,True,complete,True,True,True
2023-12-12,2023-12-12 14:30:00+00:00,2023-12-12 21:00:00+00:00,390,390,0,390,390,0,0,0,0,0,0,0,56018514.0,True,True,complete,True,True,True
2023-12-13,2023-12-13 14:30:00+00:00,2023-12-13 21:00:00+00:00,390,390,0,390,390,0,0,0,0,0,0,0,81127671.0,True,True,complete,True,True,True
2023-12-14,2023-12-14 14:30:00+00:00,2023-12-14 21:00:00+00:00,390,390,0,390,390,0,0,0,0,0,0,0,93155120.0,True,True,complete,True,True,True
2023-12-15,2023-12-15 14:30:00+00:00,2023-12-15 21:00:00+00:00,390,390,0,390,390,0,0,0,0,0,0,0,112972800.0,True,True,complete,True,True,True
2023-12-18,2023-12-18 14:30:00+00:00,2023-12-18 21:00:00+00:00,390,390,0,390,390,0,0,0,0,0,0,0,53231019.0,True,True,complete,True,True,True
2023-12-19,2023-12-19 14:30:00+00:00,2023-12-19 21:00:00+00:00,390,390,0,390,390,0,0,0,0,0,0,0,46624296.0,True,True,complete,True,True,True
2023-12-20,2023-12-20 14:30:00+00:00,2023-12-20 21:00:00+00:00,390,390,0,390,390,0,0,0,0,0,0,0,83980361.0,True,True,complete,True,True,True
2023-12-21,2023-12-21 14:30:00+00:00,2023-12-21 21:00:00+00:00,390,390,0,390,390,0,0,0,0,0,0,0,69882228.0,True,True,complete,True,True,True
2023-12-22,2023-12-22 14:30:00+00:00,2023-12-22 21:00:00+00:00,390,390,0,390,390,0,0,0,0,0,0,0,57028327.0,True,True,complete,True,True,True
2023-12-26,2023-12-26 14:30:00+00:00,2023-12-26 21:00:00+00:00,390,390,0,390,390,0,0,0,0,0,0,0,45276629.0,True,True,complete,True,True,True
2023-12-27,2023-12-27 14:30:00+00:00,2023-12-27 21:00:00+00:00,390,390,0,390,390,0,0,0,0,0,0,0,55664430.0,True,True,complete,True,True,True
2023-12-28,2023-12-28 14:30:00+00:00,2023-12-28 21:00:00+00:00,390,390,0,390,390,0,0,0,0,0,0,0,58028901.0,True,True,complete,True,True,True
2023-12-29,2023-12-29 14:30:00+00:00,2023-12-29 21:00:00+00:00,390,390,0,390,390,0,0,0,0,0,0,0,94331535.0,True,True,complete,True,True,True
2024-01-02,2024-01-02 14:30:00+00:00,2024-01-02 21:00:00+00:00,390,390,0,390,390,0,0,0,0,0,0,0,90713604.0,True,True,complete,True,True,True
2024-01-03,2024-01-03 14:30:00+00:00,2024-01-03 21:00:00+00:00,390,390,0,390,390,0,0,0,0,0,0,0,88865344.0,True,True,complete,True,True,True
2024-01-04,2024-01-04 14:30:00+00:00,2024-01-04 21:00:00+00:00,390,390,0,390,390,0,0,0,0,0,0,0,67407292.0,True,True,complete,True,True,True
2024-01-05,2024-01-05 14:30:00+00:00,2024-01-05 21:00:00+00:00,390,390,0,390,390,0,0,0,0,0,0,0,72761600.0,True,True,complete,True,True,True
2024-01-08,2024-01-08 14:30:00+00:00,2024-01-08 21:00:00+00:00,390,390,0,390,390,0,0,0,0,0,0,0,66595182.0,True,True,complete,True,True,True
2024-01-09,2024-01-09 14:30:00+00:00,2024-01-09 21:00:00+00:00,390,390,0,390,390,0,0,0,0,0,0,0,58357321.0,True,True,complete,True,True,True
2024-01-10,2024-01-10 14:30:00+00:00,2024-01-10 21:00:00+00:00,390,390,0,390,390,0,0,0,0,0,0,0,55878320.0,True,True,complete,True,True,True
2024-01-11,2024-01-11 14:30:00+00:00,2024-01-11 21:00:00+00:00,390,390,0,390,390,0,0,0,0,0,0,0,67355476.0,True,True,complete,True,True,True
2024-01-12,2024-01-12 14:30:00+00:00,2024-01-12 21:00:00+00:00,390,390,0,390,390,0,0,0,0,0,0,0,50909809.0,True,True,complete,True,True,True
2024-01-16,2024-01-16 14:30:00+00:00,2024-01-16 21:00:00+00:00,390,390,0,390,390,0,0,0,0,0,0,0,74018086.0,True,True,complete,True,True,True
2024-01-17,2024-01-17 14:30:00+00:00,2024-01-17 21:00:00+00:00,390,390,0,390,390,0,0,0,0,0,0,0,60286706.0,True,True,complete,True,True,True
2024-01-18,2024-01-18 14:30:00+00:00,2024-01-18 21:00:00+00:00,390,390,0,390,390,0,0,0,0,0,0,0,77696386.0,True,True,complete,True,True,True
2024-01-19,2024-01-19 14:30:00+00:00,2024-01-19 21:00:00+00:00,390,390,0,390,390,0,0,0,0,0,0,0,92539345.0,True,True,complete,True,True,True
2024-01-22,2024-01-22 14:30:00+00:00,2024-01-22 21:00:00+00:00,390,390,0,390,390,0,0,0,0,0,0,0,66730479.0,True,True,complete,True,True,True
2024-01-23,2024-01-23 14:30:00+00:00,2024-01-23 21:00:00+00:00,390,390,0,390,390,0,0,0,0,0,0,0,43193070.0,True,True,complete,True,True,True
2024-01-24,2024-01-24 14:30:00+00:00,2024-01-24 21:00:00+00:00,390,390,0,390,390,0,0,0,0,0,0,0,71075266.0,True,True,complete,True,True,True
2024-01-25,2024-01-25 14:30:00+00:00,2024-01-25 21:00:00+00:00,390,390,0,390,390,0,0,0,0,0,0,0,62487394.0,True,True,complete,True,True,True
2024-01-26,2024-01-26 14:30:00+00:00,2024-01-26 21:00:00+00:00,390,390,0,390,390,0,0,0,0,0,0,0,58585060.0,True,True,complete,True,True,True
2024-01-29,2024-01-29 14:30:00+00:00,2024-01-29 21:00:00+00:00,390,390,0,390,390,0,0,0,0,0,0,0,49676262.0,True,True,complete,True,True,True
2024-01-30,2024-01-30 14:30:00+00:00,2024-01-30 21:00:00+00:00,390,390,0,390,390,0,0,0,0,0,0,0,48413815.0,True,True,complete,True,True,True
2024-01-31,2024-01-31 14:30:00+00:00,2024-01-31 21:00:00+00:00,390,390,0,390,390,0,0,0,0,0,0,0,102937185.0,True,True,complete,True,True,True
2024-02-01,2024-02-01 14:30:00+00:00,2024-02-01 21:00:00+00:00,390,390,0,390,390,0,0,0,0,0,0,0,78829700.0,True,True,complete,True,True,True
2024-02-02,2024-02-02 14:30:00+00:00,2024-02-02 21:00:00+00:00,390,390,0,390,390,0,0,0,0,0,0,0,82604856.0,True,True,complete,True,True,True
2024-02-05,2024-02-05 14:30:00+00:00,2024-02-05 21:00:00+00:00,390,390,0,390,390,0,0,0,0,0,0,0,66265926.0,True,True,complete,True,True,True
2024-02-06,2024-02-06 14:30:00+00:00,2024-02-06 21:00:00+00:00,390,390,0,390,390,0,0,0,0,0,0,0,50597371.0,True,True,complete,True,True,True
2024-02-07,2024-02-07 14:30:00+00:00,2024-02-07 21:00:00+00:00,390,390,0,390,390,0,0,0,0,0,0,0,61377998.0,True,True,complete,True,True,True
2024-02-08,2024-02-08 14:30:00+00:00,2024-02-08 21:00:00+00:00,390,390,0,390,390,0,0,0,0,0,0,0,44317912.0,True,True,complete,True,True,True
2024-02-09,2024-02-09 14:30:00+00:00,2024-02-09 21:00:00+00:00,390,390,0,390,390,0,0,0,0,0,0,0,52898818.0,True,True,complete,True,True,True
2024-02-12,2024-02-12 14:30:00+00:00,2024-02-12 21:00:00+00:00,390,390,0,390,390,0,0,0,0,0,0,0,45518357.0,True,True,complete,True,True,True
2024-02-13,2024-02-13 14:30:00+00:00,2024-02-13 21:00:00+00:00,390,390,0,390,390,0,0,0,0,0,0,0,95342878.0,True,True,complete,True,True,True
2024-02-14,2024-02-14 14:30:00+00:00,2024-02-14 21:00:00+00:00,390,390,0,390,390,0,0,0,0,0,0,0,62125903.0,True,True,complete,True,True,True
2024-02-15,2024-02-15 14:30:00+00:00,2024-02-15 21:00:00+00:00,390,390,0,390,390,0,0,0,0,0,0,0,53839630.0,True,True,complete,True,True,True
2024-02-16,2024-02-16 14:30:00+00:00,2024-02-16 21:00:00+00:00,390,390,0,390,390,0,0,0,0,0,0,0,64160813.0,True,True,complete,True,True,True
2024-02-20,2024-02-20 14:30:00+00:00,2024-02-20 21:00:00+00:00,390,390,0,390,390,0,0,0,0,0,0,0,63545531.0,True,True,complete,True,True,True
2024-02-21,2024-02-21 14:30:00+00:00,2024-02-21 21:00:00+00:00,390,390,0,390,390,0,0,0,0,0,0,0,49685033.0,True,True,complete,True,True,True
2024-02-22,2024-02-22 14:30:00+00:00,2024-02-22 21:00:00+00:00,390,390,0,390,390,0,0,0,0,0,0,0,68885845.0,True,True,complete,True,True,True
2024-02-23,2024-02-23 14:30:00+00:00,2024-02-23 21:00:00+00:00,390,390,0,390,390,0,0,0,0,0,0,0,52194385.0,True,True,complete,True,True,True
2024-02-26,2024-02-26 14:30:00+00:00,2024-02-26 21:00:00+00:00,390,390,0,390,390,0,0,0,0,0,0,0,43758607.0,True,True,complete,True,True,True
2024-02-27,2024-02-27 14:30:00+00:00,2024-02-27 21:00:00+00:00,390,390,0,390,390,0,0,0,0,0,0,0,41026526.0,True,True,complete,True,True,True
2024-02-28,2024-02-28 14:30:00+00:00,2024-02-28 21:00:00+00:00,390,390,0,390,390,0,0,0,0,0,0,0,48335707.0,True,True,complete,True,True,True
2024-02-29,2024-02-29 14:30:00+00:00,2024-02-29 21:00:00+00:00,390,390,0,390,390,0,0,0,0,0,0,0,65281519.0,True,True,complete,True,True,True
2024-03-01,2024-03-01 14:30:00+00:00,2024-03-01 21:00:00+00:00,390,390,0,390,390,0,0,0,0,0,0,0,59375750.0,True,True,complete,True,True,True
2024-03-04,2024-03-04 14:30:00+00:00,2024-03-04 21:00:00+00:00,390,390,0,390,390,0,0,0,0,0,0,0,43176661.0,True,True,complete,True,True,True
2024-03-05,2024-03-05 14:30:00+00:00,2024-03-05 21:00:00+00:00,390,390,0,390,390,0,0,0,0,0,0,0,66526962.0,True,True,complete,True,True,True
2024-03-06,2024-03-06 14:30:00+00:00,2024-03-06 21:00:00+00:00,390,390,0,390,390,0,0,0,0,0,0,0,60033351.0,True,True,complete,True,True,True
2024-03-07,2024-03-07 14:30:00+00:00,2024-03-07 21:00:00+00:00,390,390,0,390,390,0,0,0,0,0,0,0,51618938.0,True,True,complete,True,True,True
2024-03-08,2024-03-08 14:30:00+00:00,2024-03-08 21:00:00+00:00,390,390,0,390,390,0,0,0,0,0,0,0,73889438.0,True,True,complete,True,True,True
2024-03-11,2024-03-11 13:30:00+00:00,2024-03-11 20:00:00+00:00,390,390,0,390,390,0,0,0,0,0,0,0,51316092.0,True,True,complete,True,True,True
2024-03-12,2024-03-12 13:30:00+00:00,2024-03-12 20:00:00+00:00,390,390,0,390,390,0,0,0,0,0,0,0,62256087.0,True,True,complete,True,True,True
2024-03-13,2024-03-13 13:30:00+00:00,2024-03-13 20:00:00+00:00,390,390,0,390,390,0,0,0,0,0,0,0,47097019.0,True,True,complete,True,True,True
2024-03-14,2024-03-14 13:30:00+00:00,2024-03-14 20:00:00+00:00,390,390,0,390,390,0,0,0,0,0,0,0,90246682.0,True,True,complete,True,True,True
2024-03-15,2024-03-15 13:30:00+00:00,2024-03-15 20:00:00+00:00,390,390,0,390,390,0,0,0,0,0,0,0,89899297.0,True,True,complete,True,True,True
2024-03-18,2024-03-18 13:30:00+00:00,2024-03-18 20:00:00+00:00,390,390,0,390,390,0,0,0,0,0,0,0,64328739.0,True,True,complete,True,True,True
2024-03-19,2024-03-19 13:30:00+00:00,2024-03-19 20:00:00+00:00,390,390,0,390,390,0,0,0,0,0,0,0,52404330.0,True,True,complete,True,True,True
2024-03-20,2024-03-20 13:30:00+00:00,2024-03-20 20:00:00+00:00,390,390,0,390,390,0,0,0,0,0,0,0,60476597.0,True,True,complete,True,True,True
2024-03-21,2024-03-21 13:30:00+00:00,2024-03-21 20:00:00+00:00,390,390,0,390,390,0,0,0,0,0,0,0,51642431.0,True,True,complete,True,True,True
2024-03-22,2024-03-22 13:30:00+00:00,2024-03-22 20:00:00+00:00,390,390,0,390,390,0,0,0,0,0,0,0,50820000.0,True,True,complete,True,True,True
2024-03-25,2024-03-25 13:30:00+00:00,2024-03-25 20:00:00+00:00,390,390,0,390,390,0,0,0,0,0,0,0,39125804.0,True,True,complete,True,True,True
2024-03-26,2024-03-26 13:30:00+00:00,2024-03-26 20:00:00+00:00,390,390,0,390,390,0,0,0,0,0,0,0,50288681.0,True,True,complete,True,True,True
2024-03-27,2024-03-27 13:30:00+00:00,2024-03-27 20:00:00+00:00,390,390,0,390,390,0,0,0,0,0,0,0,65757312.0,True,True,complete,True,True,True
2024-03-28,2024-03-28 13:30:00+00:00,2024-03-28 20:00:00+00:00,390,390,0,390,390,0,0,0,0,0,0,0,68667179.0,True,True,complete,True,True,True
2024-04-01,2024-04-01 13:30:00+00:00,2024-04-01 20:00:00+00:00,390,390,0,390,390,0,0,0,0,0,0,0,51890054.0,True,True,complete,True,True,True
2024-04-02,2024-04-02 13:30:00+00:00,2024-04-02 20:00:00+00:00,390,390,0,390,390,0,0,0,0,0,0,0,63568986.0,True,True,complete,True,True,True
2024-04-03,2024-04-03 13:30:00+00:00,2024-04-03 20:00:00+00:00,390,390,0,390,390,0,0,0,0,0,0,0,52446685.0,True,True,complete,True,True,True
2024-04-04,2024-04-04 13:30:00+00:00,2024-04-04 20:00:00+00:00,390,390,0,390,390,0,0,0,0,0,0,0,87926291.0,True,True,complete,True,True,True
2024-04-05,2024-04-05 13:30:00+00:00,2024-04-05 20:00:00+00:00,390,390,0,390,390,0,0,0,0,0,0,0,64389248.0,True,True,complete,True,True,True
2024-04-08,2024-04-08 13:30:00+00:00,2024-04-08 20:00:00+00:00,390,390,0,390,390,0,0,0,0,0,0,0,42226864.0,True,True,complete,True,True,True
2024-04-09,2024-04-09 13:30:00+00:00,2024-04-09 20:00:00+00:00,390,390,0,390,390,0,0,0,0,0,0,0,59076986.0,True,True,complete,True,True,True
2024-04-10,2024-04-10 13:30:00+00:00,2024-04-10 20:00:00+00:00,390,390,0,390,390,0,0,0,0,0,0,0,72663782.0,True,True,complete,True,True,True
2024-04-11,2024-04-11 13:30:00+00:00,2024-04-11 20:00:00+00:00,390,390,0,390,390,0,0,0,0,0,0,0,59625538.0,True,True,complete,True,True,True
2024-04-12,2024-04-12 13:30:00+00:00,2024-04-12 20:00:00+00:00,390,390,0,390,390,0,0,0,0,0,0,0,83200785.0,True,True,complete,True,True,True
2024-04-15,2024-04-15 13:30:00+00:00,2024-04-15 20:00:00+00:00,390,390,0,390,390,0,0,0,0,0,0,0,80257467.0,True,True,complete,True,True,True
2024-04-16,2024-04-16 13:30:00+00:00,2024-04-16 20:00:00+00:00,390,390,0,390,390,0,0,0,0,0,0,0,65065893.0,True,True,complete,True,True,True
2024-04-17,2024-04-17 13:30:00+00:00,2024-04-17 20:00:00+00:00,390,390,0,390,390,0,0,0,0,0,0,0,68019433.0,True,True,complete,True,True,True
2024-04-18,2024-04-18 13:30:00+00:00,2024-04-18 20:00:00+00:00,390,390,0,390,390,0,0,0,0,0,0,0,64916537.0,True,True,complete,True,True,True
2024-04-19,2024-04-19 13:30:00+00:00,2024-04-19 20:00:00+00:00,390,390,0,390,390,0,0,0,0,0,0,0,84482368.0,True,True,complete,True,True,True
2024-04-22,2024-04-22 13:30:00+00:00,2024-04-22 20:00:00+00:00,390,390,0,390,390,0,0,0,0,0,0,0,59181569.0,True,True,complete,True,True,True
2024-04-23,2024-04-23 13:30:00+00:00,2024-04-23 20:00:00+00:00,390,390,0,390,390,0,0,0,0,0,0,0,53808839.0,True,True,complete,True,True,True
2024-04-24,2024-04-24 13:30:00+00:00,2024-04-24 20:00:00+00:00,390,390,0,390,390,0,0,0,0,0,0,0,47466523.0,True,True,complete,True,True,True
2024-04-25,2024-04-25 13:30:00+00:00,2024-04-25 20:00:00+00:00,390,390,0,390,390,0,0,0,0,0,0,0,56999758.0,True,True,complete,True,True,True
2024-04-26,2024-04-26 13:30:00+00:00,2024-04-26 20:00:00+00:00,390,390,0,390,390,0,0,0,0,0,0,0,49869444.0,True,True,complete,True,True,True
2024-04-29,2024-04-29 13:30:00+00:00,2024-04-29 20:00:00+00:00,390,390,0,390,390,0,0,0,0,0,0,0,38666554.0,True,True,complete,True,True,True
2024-04-30,2024-04-30 13:30:00+00:00,2024-04-30 20:00:00+00:00,390,390,0,390,390,0,0,0,0,0,0,0,64148970.0,True,True,complete,True,True,True
2024-05-01,2024-05-01 13:30:00+00:00,2024-05-01 20:00:00+00:00,390,390,0,390,390,0,0,0,0,0,0,0,70862006.0,True,True,complete,True,True,True
2024-05-02,2024-05-02 13:30:00+00:00,2024-05-02 20:00:00+00:00,390,390,0,390,390,0,0,0,0,0,0,0,54792217.0,True,True,complete,True,True,True
2024-05-03,2024-05-03 13:30:00+00:00,2024-05-03 20:00:00+00:00,390,390,0,390,390,0,0,0,0,0,0,0,60720169.0,True,True,complete,True,True,True
2024-05-06,2024-05-06 13:30:00+00:00,2024-05-06 20:00:00+00:00,390,390,0,390,390,0,0,0,0,0,0,0,41588306.0,True,True,complete,True,True,True
2024-05-07,2024-05-07 13:30:00+00:00,2024-05-07 20:00:00+00:00,390,390,0,390,390,0,0,0,0,0,0,0,43903436.0,True,True,complete,True,True,True
2024-05-08,2024-05-08 13:30:00+00:00,2024-05-08 20:00:00+00:00,390,390,0,390,390,0,0,0,0,0,0,0,35403039.0,True,True,complete,True,True,True
2024-05-09,2024-05-09 13:30:00+00:00,2024-05-09 20:00:00+00:00,390,390,0,390,390,0,0,0,0,0,0,0,37756943.0,True,True,complete,True,True,True
2024-05-10,2024-05-10 13:30:00+00:00,2024-05-10 20:00:00+00:00,390,390,0,390,390,0,0,0,0,0,0,0,40723179.0,True,True,complete,True,True,True
2024-05-13,2024-05-13 13:30:00+00:00,2024-05-13 20:00:00+00:00,390,390,0,390,390,0,0,0,0,0,0,0,32471894.0,True,True,complete,True,True,True
2024-05-14,2024-05-14 13:30:00+00:00,2024-05-14 20:00:00+00:00,390,390,0,390,390,0,0,0,0,0,0,0,45310100.0,True,True,complete,True,True,True
2024-05-15,2024-05-15 13:30:00+00:00,2024-05-15 20:00:00+00:00,390,390,0,390,390,0,0,0,0,0,0,0,49483576.0,True,True,complete,True,True,True
2024-05-16,2024-05-16 13:30:00+00:00,2024-05-16 20:00:00+00:00,390,390,0,390,390,0,0,0,0,0,0,0,41817729.0,True,True,complete,True,True,True
2024-05-17,2024-05-17 13:30:00+00:00,2024-05-17 20:00:00+00:00,390,390,0,390,390,0,0,0,0,0,0,0,48673613.0,True,True,complete,True,True,True
2024-05-20,2024-05-20 13:30:00+00:00,2024-05-20 20:00:00+00:00,390,390,0,390,390,0,0,0,0,0,0,0,30739708.0,True,True,complete,True,True,True
2024-05-21,2024-05-21 13:30:00+00:00,2024-05-21 20:00:00+00:00,390,390,0,390,390,0,0,0,0,0,0,0,27951458.0,True,True,complete,True,True,True
2024-05-22,2024-05-22 13:30:00+00:00,2024-05-22 20:00:00+00:00,390,390,0,390,390,0,0,0,0,0,0,0,35969378.0,True,True,complete,True,True,True
2024-05-23,2024-05-23 13:30:00+00:00,2024-05-23 20:00:00+00:00,390,390,0,390,390,0,0,0,0,0,0,0,48504587.0,True,True,complete,True,True,True
2024-05-24,2024-05-24 13:30:00+00:00,2024-05-24 20:00:00+00:00,390,390,0,390,390,0,0,0,0,0,0,0,32021735.0,True,True,complete,True,True,True
2024-05-28,2024-05-28 13:30:00+00:00,2024-05-28 20:00:00+00:00,390,390,0,390,390,0,0,0,0,0,0,0,29462648.0,True,True,complete,True,True,True
2024-05-29,2024-05-29 13:30:00+00:00,2024-05-29 20:00:00+00:00,390,390,0,390,390,0,0,0,0,0,0,0,36000859.0,True,True,complete,True,True,True
2024-05-30,2024-05-30 13:30:00+00:00,2024-05-30 20:00:00+00:00,390,390,0,390,390,0,0,0,0,0,0,0,37042080.0,True,True,complete,True,True,True
2024-05-31,2024-05-31 13:30:00+00:00,2024-05-31 20:00:00+00:00,390,390,0,390,390,0,0,0,0,0,0,0,64469968.0,True,True,complete,True,True,True
2024-06-03,2024-06-03 13:30:00+00:00,2024-06-03 20:00:00+00:00,390,390,0,390,390,0,0,0,0,0,0,0,40628206.0,True,True,complete,True,True,True
2024-06-04,2024-06-04 13:30:00+00:00,2024-06-04 20:00:00+00:00,390,390,0,390,390,0,0,0,0,0,0,0,29372577.0,True,True,complete,True,True,True
2024-06-05,2024-06-05 13:30:00+00:00,2024-06-05 20:00:00+00:00,390,390,0,390,390,0,0,0,0,0,0,0,37443228.0,True,True,complete,True,True,True
2024-06-06,2024-06-06 13:30:00+00:00,2024-06-06 20:00:00+00:00,390,390,0,390,390,0,0,0,0,0,0,0,25537377.0,True,True,complete,True,True,True
2024-06-07,2024-06-07 13:30:00+00:00,2024-06-07 20:00:00+00:00,390,390,0,390,390,0,0,0,0,0,0,0,32741936.0,True,True,complete,True,True,True
2024-06-10,2024-06-10 13:30:00+00:00,2024-06-10 20:00:00+00:00,390,390,0,390,390,0,0,0,0,0,0,0,30090888.0,True,True,complete,True,True,True
2024-06-11,2024-06-11 13:30:00+00:00,2024-06-11 20:00:00+00:00,390,390,0,390,390,0,0,0,0,0,0,0,29849661.0,True,True,complete,True,True,True
2024-06-12,2024-06-12 13:30:00+00:00,2024-06-12 20:00:00+00:00,390,390,0,390,390,0,0,0,0,0,0,0,48094586.0,True,True,complete,True,True,True
2024-06-13,2024-06-13 13:30:00+00:00,2024-06-13 20:00:00+00:00,390,390,0,390,390,0,0,0,0,0,0,0,33488411.0,True,True,complete,True,True,True
2024-06-14,2024-06-14 13:30:00+00:00,2024-06-14 20:00:00+00:00,390,390,0,390,390,0,0,0,0,0,0,0,29589682.0,True,True,complete,True,True,True
2024-06-17,2024-06-17 13:30:00+00:00,2024-06-17 20:00:00+00:00,390,390,0,390,390,0,0,0,0,0,0,0,45912698.0,True,True,complete,True,True,True
2024-06-18,2024-06-18 13:30:00+00:00,2024-06-18 20:00:00+00:00,390,390,0,390,390,0,0,0,0,0,0,0,33726534.0,True,True,complete,True,True,True
2024-06-20,2024-06-20 13:30:00+00:00,2024-06-20 20:00:00+00:00,390,390,0,390,390,0,0,0,0,0,0,0,52763482.0,True,True,complete,True,True,True
2024-06-21,2024-06-21 13:30:00+00:00,2024-06-21 20:00:00+00:00,390,390,0,390,390,0,0,0,0,0,0,0,46963242.0,True,True,complete,True,True,True
2024-06-24,2024-06-24 13:30:00+00:00,2024-06-24 20:00:00+00:00,390,390,0,390,390,0,0,0,0,0,0,0,37132577.0,True,True,complete,True,True,True
2024-06-25,2024-06-25 13:30:00+00:00,2024-06-25 20:00:00+00:00,390,390,0,390,390,0,0,0,0,0,0,0,32724560.0,True,True,complete,True,True,True
2024-06-26,2024-06-26 13:30:00+00:00,2024-06-26 20:00:00+00:00,390,390,0,390,390,0,0,0,0,0,0,0,29735786.0,True,True,complete,True,True,True
2024-06-27,2024-06-27 13:30:00+00:00,2024-06-27 20:00:00+00:00,390,390,0,390,390,0,0,0,0,0,0,0,28628381.0,True,True,complete,True,True,True
2024-06-28,2024-06-28 13:30:00+00:00,2024-06-28 20:00:00+00:00,390,390,0,390,390,0,0,0,0,0,0,0,58345531.0,True,True,complete,True,True,True
2024-07-01,2024-07-01 13:30:00+00:00,2024-07-01 20:00:00+00:00,390,390,0,390,390,0,0,0,0,0,0,0,31343663.0,True,True,complete,True,True,True
2024-07-02,2024-07-02 13:30:00+00:00,2024-07-02 20:00:00+00:00,390,390,0,390,390,0,0,0,0,0,0,0,32468075.0,True,True,complete,True,True,True
2024-07-03,2024-07-03 13:30:00+00:00,2024-07-03 17:00:00+00:00,210,210,0,210,210,0,0,0,0,0,0,0,25828148.0,True,True,complete,True,True,True
2024-07-05,2024-07-05 13:30:00+00:00,2024-07-05 20:00:00+00:00,390,390,0,390,390,0,0,0,0,0,0,0,33049414.0,True,True,complete,True,True,True
2024-07-08,2024-07-08 13:30:00+00:00,2024-07-08 20:00:00+00:00,390,390,0,390,390,0,0,0,0,0,0,0,25366699.0,True,True,complete,True,True,True
2024-07-09,2024-07-09 13:30:00+00:00,2024-07-09 20:00:00+00:00,390,390,0,390,390,0,0,0,0,0,0,0,23497089.0,True,True,complete,True,True,True
2024-07-10,2024-07-10 13:30:00+00:00,2024-07-10 20:00:00+00:00,390,390,0,390,390,0,0,0,0,0,0,0,31208886.0,True,True,complete,True,True,True
2024-07-11,2024-07-11 13:30:00+00:00,2024-07-11 20:00:00+00:00,390,390,0,390,390,0,0,0,0,0,0,0,43008009.0,True,True,complete,True,True,True
2024-07-12,2024-07-12 13:30:00+00:00,2024-07-12 20:00:00+00:00,390,390,0,390,390,0,0,0,0,0,0,0,42979723.0,True,True,complete,True,True,True
2024-07-15,2024-07-15 13:30:00+00:00,2024-07-15 20:00:00+00:00,390,390,0,390,390,0,0,0,0,0,0,0,33280185.0,True,True,complete,True,True,True
2024-07-16,2024-07-16 13:30:00+00:00,2024-07-16 20:00:00+00:00,390,390,0,390,390,0,0,0,0,0,0,0,30751859.0,True,True,complete,True,True,True
2024-07-17,2024-07-17 13:30:00+00:00,2024-07-17 20:00:00+00:00,390,390,0,390,390,0,0,0,0,0,0,0,43900684.0,True,True,complete,True,True,True
2024-07-18,2024-07-18 13:30:00+00:00,2024-07-18 20:00:00+00:00,390,390,0,390,390,0,0,0,0,0,0,0,48218023.0,True,True,complete,True,True,True
2024-07-19,2024-07-19 13:30:00+00:00,2024-07-19 20:00:00+00:00,390,390,0,390,390,0,0,0,0,0,0,0,54122438.0,True,True,complete,True,True,True
2024-07-22,2024-07-22 13:30:00+00:00,2024-07-22 20:00:00+00:00,390,390,0,390,390,0,0,0,0,0,0,0,33903619.0,True,True,complete,True,True,True
2024-07-23,2024-07-23 13:30:00+00:00,2024-07-23 20:00:00+00:00,390,390,0,390,390,0,0,0,0,0,0,0,27483423.0,True,True,complete,True,True,True
2024-07-24,2024-07-24 13:30:00+00:00,2024-07-24 20:00:00+00:00,390,390,0,390,390,0,0,0,0,0,0,0,57648085.0,True,True,complete,True,True,True
2024-07-25,2024-07-25 13:30:00+00:00,2024-07-25 20:00:00+00:00,390,390,0,390,390,0,0,0,0,0,0,0,52162350.0,True,True,complete,True,True,True
2024-07-26,2024-07-26 13:30:00+00:00,2024-07-26 20:00:00+00:00,390,390,0,390,390,0,0,0,0,0,0,0,44748064.0,True,True,complete,True,True,True
2024-07-29,2024-07-29 13:30:00+00:00,2024-07-29 20:00:00+00:00,390,390,0,390,390,0,0,0,0,0,0,0,30628964.0,True,True,complete,True,True,True
2024-07-30,2024-07-30 13:30:00+00:00,2024-07-30 20:00:00+00:00,390,390,0,390,390,0,0,0,0,0,0,0,39077095.0,True,True,complete,True,True,True
2024-07-31,2024-07-31 13:30:00+00:00,2024-07-31 20:00:00+00:00,390,390,0,390,390,0,0,0,0,0,0,0,52798529.0,True,True,complete,True,True,True
2024-08-01,2024-08-01 13:30:00+00:00,2024-08-01 20:00:00+00:00,390,390,0,390,390,0,0,0,0,0,0,0,63624946.0,True,True,complete,True,True,True
2024-08-02,2024-08-02 13:30:00+00:00,2024-08-02 20:00:00+00:00,390,390,0,390,390,0,0,0,0,0,0,0,68373034.0,True,True,complete,True,True,True
2024-08-05,2024-08-05 13:30:00+00:00,2024-08-05 20:00:00+00:00,390,390,0,390,390,0,0,0,0,0,0,0,112728886.0,True,True,complete,True,True,True
2024-08-06,2024-08-06 13:30:00+00:00,2024-08-06 20:00:00+00:00,390,390,0,390,390,0,0,0,0,0,0,0,67679251.0,True,True,complete,True,True,True
2024-08-07,2024-08-07 13:30:00+00:00,2024-08-07 20:00:00+00:00,390,390,0,390,390,0,0,0,0,0,0,0,58543750.0,True,True,complete,True,True,True
2024-08-08,2024-08-08 13:30:00+00:00,2024-08-08 20:00:00+00:00,390,390,0,390,390,0,0,0,0,0,0,0,50599578.0,True,True,complete,True,True,True
2024-08-09,2024-08-09 13:30:00+00:00,2024-08-09 20:00:00+00:00,390,390,0,390,390,0,0,0,0,0,0,0,37431649.0,True,True,complete,True,True,True
2024-08-12,2024-08-12 13:30:00+00:00,2024-08-12 20:00:00+00:00,390,390,0,390,390,0,0,0,0,0,0,0,36304774.0,True,True,complete,True,True,True
2024-08-13,2024-08-13 13:30:00+00:00,2024-08-13 20:00:00+00:00,390,390,0,390,390,0,0,0,0,0,0,0,41577792.0,True,True,complete,True,True,True
2024-08-14,2024-08-14 13:30:00+00:00,2024-08-14 20:00:00+00:00,390,390,0,390,390,0,0,0,0,0,0,0,35483419.0,True,True,complete,True,True,True
2024-08-15,2024-08-15 13:30:00+00:00,2024-08-15 20:00:00+00:00,390,390,0,390,390,0,0,0,0,0,0,0,49707339.0,True,True,complete,True,True,True
2024-08-16,2024-08-16 13:30:00+00:00,2024-08-16 20:00:00+00:00,390,390,0,390,390,0,0,0,0,0,0,0,36031085.0,True,True,complete,True,True,True
2024-08-19,2024-08-19 13:30:00+00:00,2024-08-19 20:00:00+00:00,390,390,0,390,390,0,0,0,0,0,0,0,32112062.0,True,True,complete,True,True,True
2024-08-20,2024-08-20 13:30:00+00:00,2024-08-20 20:00:00+00:00,390,390,0,390,390,0,0,0,0,0,0,0,28953666.0,True,True,complete,True,True,True
2024-08-21,2024-08-21 13:30:00+00:00,2024-08-21 20:00:00+00:00,390,390,0,390,390,0,0,0,0,0,0,0,33829338.0,True,True,complete,True,True,True
2024-08-22,2024-08-22 13:30:00+00:00,2024-08-22 20:00:00+00:00,390,390,0,390,390,0,0,0,0,0,0,0,43517256.0,True,True,complete,True,True,True
2024-08-23,2024-08-23 13:30:00+00:00,2024-08-23 20:00:00+00:00,390,390,0,390,390,0,0,0,0,0,0,0,42766603.0,True,True,complete,True,True,True
2024-08-26,2024-08-26 13:30:00+00:00,2024-08-26 20:00:00+00:00,390,390,0,390,390,0,0,0,0,0,0,0,30540964.0,True,True,complete,True,True,True
2024-08-27,2024-08-27 13:30:00+00:00,2024-08-27 20:00:00+00:00,390,390,0,390,390,0,0,0,0,0,0,0,27770291.0,True,True,complete,True,True,True
2024-08-28,2024-08-28 13:30:00+00:00,2024-08-28 20:00:00+00:00,390,390,0,390,390,0,0,0,0,0,0,0,31851085.0,True,True,complete,True,True,True
2024-08-29,2024-08-29 13:30:00+00:00,2024-08-29 20:00:00+00:00,390,390,0,390,390,0,0,0,0,0,0,0,32474365.0,True,True,complete,True,True,True
2024-08-30,2024-08-30 13:30:00+00:00,2024-08-30 20:00:00+00:00,390,390,0,390,390,0,0,0,0,0,0,0,43501464.0,True,True,complete,True,True,True
2024-09-03,2024-09-03 13:30:00+00:00,2024-09-03 20:00:00+00:00,390,390,0,390,390,0,0,0,0,0,0,0,50753885.0,True,True,complete,True,True,True
2024-09-04,2024-09-04 13:30:00+00:00,2024-09-04 20:00:00+00:00,390,390,0,390,390,0,0,0,0,0,0,0,39276171.0,True,True,complete,True,True,True
2024-09-05,2024-09-05 13:30:00+00:00,2024-09-05 20:00:00+00:00,390,390,0,390,390,0,0,0,0,0,0,0,36034657.0,True,True,complete,True,True,True
2024-09-06,2024-09-06 13:30:00+00:00,2024-09-06 20:00:00+00:00,390,390,0,390,390,0,0,0,0,0,0,0,57347256.0,True,True,complete,True,True,True
2024-09-09,2024-09-09 13:30:00+00:00,2024-09-09 20:00:00+00:00,390,390,0,390,390,0,0,0,0,0,0,0,34204750.0,True,True,complete,True,True,True
2024-09-10,2024-09-10 13:30:00+00:00,2024-09-10 20:00:00+00:00,390,390,0,390,390,0,0,0,0,0,0,0,32642138.0,True,True,complete,True,True,True
2024-09-11,2024-09-11 13:30:00+00:00,2024-09-11 20:00:00+00:00,390,390,0,390,390,0,0,0,0,0,0,0,61993053.0,True,True,complete,True,True,True
2024-09-12,2024-09-12 13:30:00+00:00,2024-09-12 20:00:00+00:00,390,390,0,390,390,0,0,0,0,0,0,0,43305070.0,True,True,complete,True,True,True
2024-09-13,2024-09-13 13:30:00+00:00,2024-09-13 20:00:00+00:00,390,390,0,390,390,0,0,0,0,0,0,0,31827878.0,True,True,complete,True,True,True
2024-09-16,2024-09-16 13:30:00+00:00,2024-09-16 20:00:00+00:00,390,390,0,390,390,0,0,0,0,0,0,0,33355684.0,True,True,complete,True,True,True
2024-09-17,2024-09-17 13:30:00+00:00,2024-09-17 20:00:00+00:00,390,390,0,390,390,0,0,0,0,0,0,0,39138165.0,True,True,complete,True,True,True
2024-09-18,2024-09-18 13:30:00+00:00,2024-09-18 20:00:00+00:00,390,390,0,390,390,0,0,0,0,0,0,0,51914824.0,True,True,complete,True,True,True
2024-09-19,2024-09-19 13:30:00+00:00,2024-09-19 20:00:00+00:00,390,390,0,390,390,0,0,0,0,0,0,0,61457540.0,True,True,complete,True,True,True
2024-09-20,2024-09-20 13:30:00+00:00,2024-09-20 20:00:00+00:00,390,390,0,390,390,0,0,0,0,0,0,0,60620959.0,True,True,complete,True,True,True
2024-09-23,2024-09-23 13:30:00+00:00,2024-09-23 20:00:00+00:00,390,390,0,390,390,0,0,0,0,0,0,0,28156314.0,True,True,complete,True,True,True
2024-09-24,2024-09-24 13:30:00+00:00,2024-09-24 20:00:00+00:00,390,390,0,390,390,0,0,0,0,0,0,0,36254718.0,True,True,complete,True,True,True
2024-09-25,2024-09-25 13:30:00+00:00,2024-09-25 20:00:00+00:00,390,390,0,390,390,0,0,0,0,0,0,0,31552973.0,True,True,complete,True,True,True
2024-09-26,2024-09-26 13:30:00+00:00,2024-09-26 20:00:00+00:00,390,390,0,390,390,0,0,0,0,0,0,0,38707546.0,True,True,complete,True,True,True
2024-09-27,2024-09-27 13:30:00+00:00,2024-09-27 20:00:00+00:00,390,390,0,390,390,0,0,0,0,0,0,0,32976287.0,True,True,complete,True,True,True
2024-09-30,2024-09-30 13:30:00+00:00,2024-09-30 20:00:00+00:00,390,390,0,390,390,0,0,0,0,0,0,0,47313273.0,True,True,complete,True,True,True
2024-10-01,2024-10-01 13:30:00+00:00,2024-10-01 20:00:00+00:00,390,390,0,390,390,0,0,0,0,0,0,0,64454466.0,True,True,complete,True,True,True
2024-10-02,2024-10-02 13:30:00+00:00,2024-10-02 20:00:00+00:00,390,390,0,390,390,0,0,0,0,0,0,0,32550927.0,True,True,complete,True,True,True
2024-10-03,2024-10-03 13:30:00+00:00,2024-10-03 20:00:00+00:00,390,390,0,390,390,0,0,0,0,0,0,0,35984087.0,True,True,complete,True,True,True
2024-10-04,2024-10-04 13:30:00+00:00,2024-10-04 20:00:00+00:00,390,390,0,390,390,0,0,0,0,0,0,0,35371426.0,True,True,complete,True,True,True
2024-10-07,2024-10-07 13:30:00+00:00,2024-10-07 20:00:00+00:00,390,390,0,390,390,0,0,0,0,0,0,0,39768786.0,True,True,complete,True,True,True
2024-10-08,2024-10-08 13:30:00+00:00,2024-10-08 20:00:00+00:00,390,390,0,390,390,0,0,0,0,0,0,0,32765557.0,True,True,complete,True,True,True
2024-10-09,2024-10-09 13:30:00+00:00,2024-10-09 20:00:00+00:00,390,390,0,390,390,0,0,0,0,0,0,0,32742500.0,True,True,complete,True,True,True
2024-10-10,2024-10-10 13:30:00+00:00,2024-10-10 20:00:00+00:00,390,390,0,390,390,0,0,0,0,0,0,0,34675440.0,True,True,complete,True,True,True
2024-10-11,2024-10-11 13:30:00+00:00,2024-10-11 20:00:00+00:00,390,390,0,390,390,0,0,0,0,0,0,0,32935093.0,True,True,complete,True,True,True
2024-10-14,2024-10-14 13:30:00+00:00,2024-10-14 20:00:00+00:00,390,390,0,390,390,0,0,0,0,0,0,0,30163930.0,True,True,complete,True,True,True
2024-10-15,2024-10-15 13:30:00+00:00,2024-10-15 20:00:00+00:00,390,390,0,390,390,0,0,0,0,0,0,0,43758523.0,True,True,complete,True,True,True
2024-10-16,2024-10-16 13:30:00+00:00,2024-10-16 20:00:00+00:00,390,390,0,390,390,0,0,0,0,0,0,0,26358704.0,True,True,complete,True,True,True
2024-10-17,2024-10-17 13:30:00+00:00,2024-10-17 20:00:00+00:00,390,390,0,390,390,0,0,0,0,0,0,0,28302707.0,True,True,complete,True,True,True
2024-10-18,2024-10-18 13:30:00+00:00,2024-10-18 20:00:00+00:00,390,390,0,390,390,0,0,0,0,0,0,0,32143868.0,True,True,complete,True,True,True
2024-10-21,2024-10-21 13:30:00+00:00,2024-10-21 20:00:00+00:00,390,390,0,390,390,0,0,0,0,0,0,0,29316147.0,True,True,complete,True,True,True
2024-10-22,2024-10-22 13:30:00+00:00,2024-10-22 20:00:00+00:00,390,390,0,390,390,0,0,0,0,0,0,0,25947186.0,True,True,complete,True,True,True
2024-10-23,2024-10-23 13:30:00+00:00,2024-10-23 20:00:00+00:00,390,390,0,390,390,0,0,0,0,0,0,0,40926148.0,True,True,complete,True,True,True
2024-10-24,2024-10-24 13:30:00+00:00,2024-10-24 20:00:00+00:00,390,390,0,390,390,0,0,0,0,0,0,0,27386454.0,True,True,complete,True,True,True
2024-10-25,2024-10-25 13:30:00+00:00,2024-10-25 20:00:00+00:00,390,390,0,390,390,0,0,0,0,0,0,0,37541981.0,True,True,complete,True,True,True
2024-10-28,2024-10-28 13:30:00+00:00,2024-10-28 20:00:00+00:00,390,390,0,390,390,0,0,0,0,0,0,0,25910997.0,True,True,complete,True,True,True
2024-10-29,2024-10-29 13:30:00+00:00,2024-10-29 20:00:00+00:00,390,390,0,390,390,0,0,0,0,0,0,0,34098803.0,True,True,complete,True,True,True
2024-10-30,2024-10-30 13:30:00+00:00,2024-10-30 20:00:00+00:00,390,390,0,390,390,0,0,0,0,0,0,0,32502240.0,True,True,complete,True,True,True
2024-10-31,2024-10-31 13:30:00+00:00,2024-10-31 20:00:00+00:00,390,390,0,390,390,0,0,0,0,0,0,0,45159333.0,True,True,complete,True,True,True
2024-11-01,2024-11-01 13:30:00+00:00,2024-11-01 20:00:00+00:00,390,390,0,390,390,0,0,0,0,0,0,0,35253766.0,True,True,complete,True,True,True
2024-11-04,2024-11-04 14:30:00+00:00,2024-11-04 21:00:00+00:00,390,390,0,390,390,0,0,0,0,0,0,0,31806091.0,True,True,complete,True,True,True
2024-11-05,2024-11-05 14:30:00+00:00,2024-11-05 21:00:00+00:00,390,390,0,390,390,0,0,0,0,0,0,0,34745959.0,True,True,complete,True,True,True
2024-11-06,2024-11-06 14:30:00+00:00,2024-11-06 21:00:00+00:00,390,390,0,390,390,0,0,0,0,0,0,0,55531967.0,True,True,complete,True,True,True
2024-11-07,2024-11-07 14:30:00+00:00,2024-11-07 21:00:00+00:00,390,390,0,390,390,0,0,0,0,0,0,0,38693313.0,True,True,complete,True,True,True
2024-11-08,2024-11-08 14:30:00+00:00,2024-11-08 21:00:00+00:00,390,390,0,390,390,0,0,0,0,0,0,0,37284774.0,True,True,complete,True,True,True
2024-11-11,2024-11-11 14:30:00+00:00,2024-11-11 21:00:00+00:00,390,390,0,390,390,0,0,0,0,0,0,0,29324977.0,True,True,complete,True,True,True
2024-11-12,2024-11-12 14:30:00+00:00,2024-11-12 21:00:00+00:00,390,390,0,390,390,0,0,0,0,0,0,0,32773944.0,True,True,complete,True,True,True
2024-11-13,2024-11-13 14:30:00+00:00,2024-11-13 21:00:00+00:00,390,390,0,390,390,0,0,0,0,0,0,0,38519458.0,True,True,complete,True,True,True
2024-11-14,2024-11-14 14:30:00+00:00,2024-11-14 21:00:00+00:00,390,390,0,390,390,0,0,0,0,0,0,0,31839562.0,True,True,complete,True,True,True
2024-11-15,2024-11-15 14:30:00+00:00,2024-11-15 21:00:00+00:00,390,390,0,390,390,0,0,0,0,0,0,0,60553315.0,True,True,complete,True,True,True
2024-11-18,2024-11-18 14:30:00+00:00,2024-11-18 21:00:00+00:00,390,390,0,390,390,0,0,0,0,0,0,0,29537658.0,True,True,complete,True,True,True
2024-11-19,2024-11-19 14:30:00+00:00,2024-11-19 21:00:00+00:00,390,390,0,390,390,0,0,0,0,0,0,0,36053468.0,True,True,complete,True,True,True
2024-11-20,2024-11-20 14:30:00+00:00,2024-11-20 21:00:00+00:00,390,390,0,390,390,0,0,0,0,0,0,0,40145146.0,True,True,complete,True,True,True
2024-11-21,2024-11-21 14:30:00+00:00,2024-11-21 21:00:00+00:00,390,390,0,390,390,0,0,0,0,0,0,0,39028939.0,True,True,complete,True,True,True
2024-11-22,2024-11-22 14:30:00+00:00,2024-11-22 21:00:00+00:00,390,390,0,390,390,0,0,0,0,0,0,0,29135433.0,True,True,complete,True,True,True
2024-11-25,2024-11-25 14:30:00+00:00,2024-11-25 21:00:00+00:00,390,390,0,390,390,0,0,0,0,0,0,0,34324742.0,True,True,complete,True,True,True
2024-11-26,2024-11-26 14:30:00+00:00,2024-11-26 21:00:00+00:00,390,390,0,390,390,0,0,0,0,0,0,0,33039068.0,True,True,complete,True,True,True
2024-11-27,2024-11-27 14:30:00+00:00,2024-11-27 21:00:00+00:00,390,390,0,390,390,0,0,0,0,0,0,0,28403414.0,True,True,complete,True,True,True
2024-11-29,2024-11-29 14:30:00+00:00,2024-11-29 18:00:00+00:00,210,210,0,210,210,0,0,0,0,0,0,0,20793986.0,True,True,complete,True,True,True
2024-12-02,2024-12-02 14:30:00+00:00,2024-12-02 21:00:00+00:00,390,390,0,390,390,0,0,0,0,0,0,0,25494565.0,True,True,complete,True,True,True
2024-12-03,2024-12-03 14:30:00+00:00,2024-12-03 21:00:00+00:00,390,390,0,390,390,0,0,0,0,0,0,0,22302804.0,True,True,complete,True,True,True
2024-12-04,2024-12-04 14:30:00+00:00,2024-12-04 21:00:00+00:00,390,390,0,390,390,0,0,0,0,0,0,0,32164459.0,True,True,complete,True,True,True
2024-12-05,2024-12-05 14:30:00+00:00,2024-12-05 21:00:00+00:00,390,390,0,390,390,0,0,0,0,0,0,0,24702031.0,True,True,complete,True,True,True
2024-12-06,2024-12-06 14:30:00+00:00,2024-12-06 21:00:00+00:00,390,390,0,390,390,0,0,0,0,0,0,0,24018988.0,True,True,complete,True,True,True
2024-12-09,2024-12-09 14:30:00+00:00,2024-12-09 21:00:00+00:00,390,390,0,390,390,0,0,0,0,0,0,0,29095794.0,True,True,complete,True,True,True
2024-12-10,2024-12-10 14:30:00+00:00,2024-12-10 21:00:00+00:00,390,390,0,390,390,0,0,0,0,0,0,0,29621867.0,True,True,complete,True,True,True
2024-12-11,2024-12-11 14:30:00+00:00,2024-12-11 21:00:00+00:00,390,390,0,390,390,0,0,0,0,0,0,0,21595360.0,True,True,complete,True,True,True
2024-12-12,2024-12-12 14:30:00+00:00,2024-12-12 21:00:00+00:00,390,390,0,390,390,0,0,0,0,0,0,0,23592182.0,True,True,complete,True,True,True
2024-12-13,2024-12-13 14:30:00+00:00,2024-12-13 21:00:00+00:00,390,390,0,390,390,0,0,0,0,0,0,0,27508897.0,True,True,complete,True,True,True
2024-12-16,2024-12-16 14:30:00+00:00,2024-12-16 21:00:00+00:00,390,390,0,390,390,0,0,0,0,0,0,0,31665226.0,True,True,complete,True,True,True
2024-12-17,2024-12-17 14:30:00+00:00,2024-12-17 21:00:00+00:00,390,390,0,390,390,0,0,0,0,0,0,0,36981423.0,True,True,complete,True,True,True
2024-12-18,2024-12-18 14:30:00+00:00,2024-12-18 21:00:00+00:00,390,390,0,390,390,0,0,0,0,0,0,0,77634271.0,True,True,complete,True,True,True
2024-12-19,2024-12-19 14:30:00+00:00,2024-12-19 21:00:00+00:00,390,390,0,390,390,0,0,0,0,0,0,0,68419774.0,True,True,complete,True,True,True
2024-12-20,2024-12-20 14:30:00+00:00,2024-12-20 21:00:00+00:00,390,390,0,390,390,0,0,0,0,0,0,0,94967520.0,True,True,complete,True,True,True
2024-12-23,2024-12-23 14:30:00+00:00,2024-12-23 21:00:00+00:00,390,390,0,390,390,0,0,0,0,0,0,0,38757469.0,True,True,complete,True,True,True
2024-12-24,2024-12-24 14:30:00+00:00,2024-12-24 18:00:00+00:00,210,210,0,210,210,0,0,0,0,0,0,0,22291241.0,True,True,complete,True,True,True
2024-12-26,2024-12-26 14:30:00+00:00,2024-12-26 21:00:00+00:00,390,390,0,390,390,0,0,0,0,0,0,0,24599125.0,True,True,complete,True,True,True
2024-12-27,2024-12-27 14:30:00+00:00,2024-12-27 21:00:00+00:00,390,390,0,390,390,0,0,0,0,0,0,0,51880981.0,True,True,complete,True,True,True
2024-12-30,2024-12-30 14:30:00+00:00,2024-12-30 21:00:00+00:00,390,390,0,390,390,0,0,0,0,0,0,0,43904491.0,True,True,complete,True,True,True
2024-12-31,2024-12-31 14:30:00+00:00,2024-12-31 21:00:00+00:00,390,390,0,390,390,0,0,0,0,0,0,0,43409856.0,True,True,complete,True,True,True
2025-01-02,2025-01-02 14:30:00+00:00,2025-01-02 21:00:00+00:00,390,390,0,390,390,0,0,0,0,0,0,0,43342228.0,True,True,complete,True,True,True
2025-01-03,2025-01-03 14:30:00+00:00,2025-01-03 21:00:00+00:00,390,390,0,390,390,0,0,0,0,0,0,0,32458873.0,True,True,complete,True,True,True
2025-01-06,2025-01-06 14:30:00+00:00,2025-01-06 21:00:00+00:00,390,390,0,390,390,0,0,0,0,0,0,0,39103461.0,True,True,complete,True,True,True
2025-01-07,2025-01-07 14:30:00+00:00,2025-01-07 21:00:00+00:00,390,390,0,390,390,0,0,0,0,0,0,0,44840087.0,True,True,complete,True,True,True
2025-01-08,2025-01-08 14:30:00+00:00,2025-01-08 21:00:00+00:00,390,390,0,390,390,0,0,0,0,0,0,0,38381068.0,True,True,complete,True,True,True
2025-01-10,2025-01-10 14:30:00+00:00,2025-01-10 21:00:00+00:00,390,390,0,390,390,0,0,0,0,0,0,0,58273434.0,True,True,complete,True,True,True
2025-01-13,2025-01-13 14:30:00+00:00,2025-01-13 21:00:00+00:00,390,390,0,390,390,0,0,0,0,0,0,0,37130411.0,True,True,complete,True,True,True
2025-01-14,2025-01-14 14:30:00+00:00,2025-01-14 21:00:00+00:00,390,390,0,390,390,0,0,0,0,0,0,0,41038855.0,True,True,complete,True,True,True
2025-01-15,2025-01-15 14:30:00+00:00,2025-01-15 21:00:00+00:00,390,390,0,390,390,0,0,0,0,0,0,0,42172331.0,True,True,complete,True,True,True
2025-01-16,2025-01-16 14:30:00+00:00,2025-01-16 21:00:00+00:00,390,390,0,390,390,0,0,0,0,0,0,0,30998660.0,True,True,complete,True,True,True
2025-01-17,2025-01-17 14:30:00+00:00,2025-01-17 21:00:00+00:00,390,390,0,390,390,0,0,0,0,0,0,0,49441264.0,True,True,complete,True,True,True
2025-01-21,2025-01-21 14:30:00+00:00,2025-01-21 21:00:00+00:00,390,390,0,390,390,0,0,0,0,0,0,0,32413035.0,True,True,complete,True,True,True
2025-01-22,2025-01-22 14:30:00+00:00,2025-01-22 21:00:00+00:00,390,390,0,390,390,0,0,0,0,0,0,0,33750236.0,True,True,complete,True,True,True
2025-01-23,2025-01-23 14:30:00+00:00,2025-01-23 21:00:00+00:00,390,390,0,390,390,0,0,0,0,0,0,0,29167011.0,True,True,complete,True,True,True
2025-01-24,2025-01-24 14:30:00+00:00,2025-01-24 21:00:00+00:00,390,390,0,390,390,0,0,0,0,0,0,0,27973073.0,True,True,complete,True,True,True
2025-01-27,2025-01-27 14:30:00+00:00,2025-01-27 21:00:00+00:00,390,390,0,390,390,0,0,0,0,0,0,0,55043739.0,True,True,complete,True,True,True
2025-01-28,2025-01-28 14:30:00+00:00,2025-01-28 21:00:00+00:00,390,390,0,390,390,0,0,0,0,0,0,0,36258491.0,True,True,complete,True,True,True
2025-01-29,2025-01-29 14:30:00+00:00,2025-01-29 21:00:00+00:00,390,390,0,390,390,0,0,0,0,0,0,0,28922832.0,True,True,complete,True,True,True
2025-01-30,2025-01-30 14:30:00+00:00,2025-01-30 21:00:00+00:00,390,390,0,390,390,0,0,0,0,0,0,0,32515675.0,True,True,complete,True,True,True
2025-01-31,2025-01-31 14:30:00+00:00,2025-01-31 21:00:00+00:00,390,390,0,390,390,0,0,0,0,0,0,0,51290331.0,True,True,complete,True,True,True
2025-02-03,2025-02-03 14:30:00+00:00,2025-02-03 21:00:00+00:00,390,390,0,390,390,0,0,0,0,0,0,0,54332438.0,True,True,complete,True,True,True
2025-02-04,2025-02-04 14:30:00+00:00,2025-02-04 21:00:00+00:00,390,390,0,390,390,0,0,0,0,0,0,0,26747893.0,True,True,complete,True,True,True
2025-02-05,2025-02-05 14:30:00+00:00,2025-02-05 21:00:00+00:00,390,390,0,390,390,0,0,0,0,0,0,0,24411774.0,True,True,complete,True,True,True
2025-02-06,2025-02-06 14:30:00+00:00,2025-02-06 21:00:00+00:00,390,390,0,390,390,0,0,0,0,0,0,0,26142296.0,True,True,complete,True,True,True
2025-02-07,2025-02-07 14:30:00+00:00,2025-02-07 21:00:00+00:00,390,390,0,390,390,0,0,0,0,0,0,0,43175372.0,True,True,complete,True,True,True
2025-02-10,2025-02-10 14:30:00+00:00,2025-02-10 21:00:00+00:00,390,390,0,390,390,0,0,0,0,0,0,0,22358289.0,True,True,complete,True,True,True
2025-02-11,2025-02-11 14:30:00+00:00,2025-02-11 21:00:00+00:00,390,390,0,390,390,0,0,0,0,0,0,0,24665956.0,True,True,complete,True,True,True
2025-02-12,2025-02-12 14:30:00+00:00,2025-02-12 21:00:00+00:00,390,390,0,390,390,0,0,0,0,0,0,0,37243923.0,True,True,complete,True,True,True
2025-02-13,2025-02-13 14:30:00+00:00,2025-02-13 21:00:00+00:00,390,390,0,390,390,0,0,0,0,0,0,0,34531573.0,True,True,complete,True,True,True
2025-02-14,2025-02-14 14:30:00+00:00,2025-02-14 21:00:00+00:00,390,390,0,390,390,0,0,0,0,0,0,0,22778286.0,True,True,complete,True,True,True
2025-02-18,2025-02-18 14:30:00+00:00,2025-02-18 21:00:00+00:00,390,390,0,390,390,0,0,0,0,0,0,0,23238186.0,True,True,complete,True,True,True
2025-02-19,2025-02-19 14:30:00+00:00,2025-02-19 21:00:00+00:00,390,390,0,390,390,0,0,0,0,0,0,0,25771327.0,True,True,complete,True,True,True
2025-02-20,2025-02-20 14:30:00+00:00,2025-02-20 21:00:00+00:00,390,390,0,390,390,0,0,0,0,0,0,0,31577118.0,True,True,complete,True,True,True
2025-02-21,2025-02-21 14:30:00+00:00,2025-02-21 21:00:00+00:00,390,390,0,390,390,0,0,0,0,0,0,0,60798662.0,True,True,complete,True,True,True
2025-02-24,2025-02-24 14:30:00+00:00,2025-02-24 21:00:00+00:00,390,390,0,390,390,0,0,0,0,0,0,0,40681128.0,True,True,complete,True,True,True
2025-02-25,2025-02-25 14:30:00+00:00,2025-02-25 21:00:00+00:00,390,390,0,390,390,0,0,0,0,0,0,0,51080753.0,True,True,complete,True,True,True
2025-02-26,2025-02-26 14:30:00+00:00,2025-02-26 21:00:00+00:00,390,390,0,390,390,0,0,0,0,0,0,0,36865353.0,True,True,complete,True,True,True
2025-02-27,2025-02-27 14:30:00+00:00,2025-02-27 21:00:00+00:00,390,390,0,390,390,0,0,0,0,0,0,0,57035643.0,True,True,complete,True,True,True
2025-02-28,2025-02-28 14:30:00+00:00,2025-02-28 21:00:00+00:00,390,390,0,390,390,0,0,0,0,0,0,0,70587410.0,True,True,complete,True,True,True
2025-03-03,2025-03-03 14:30:00+00:00,2025-03-03 21:00:00+00:00,390,390,0,390,390,0,0,0,0,0,0,0,62759351.0,True,True,complete,True,True,True
2025-03-04,2025-03-04 14:30:00+00:00,2025-03-04 21:00:00+00:00,390,390,0,390,390,0,0,0,0,0,0,0,88994590.0,True,True,complete,True,True,True
2025-03-05,2025-03-05 14:30:00+00:00,2025-03-05 21:00:00+00:00,390,390,0,390,390,0,0,0,0,0,0,0,61545205.0,True,True,complete,True,True,True
2025-03-06,2025-03-06 14:30:00+00:00,2025-03-06 21:00:00+00:00,390,390,0,390,390,0,0,0,0,0,0,0,65354797.0,True,True,complete,True,True,True
2025-03-07,2025-03-07 14:30:00+00:00,2025-03-07 21:00:00+00:00,390,390,0,390,390,0,0,0,0,0,0,0,71364334.0,True,True,complete,True,True,True
2025-03-10,2025-03-10 13:30:00+00:00,2025-03-10 20:00:00+00:00,390,390,0,390,390,0,0,0,0,0,0,0,81047487.0,True,True,complete,True,True,True
2025-03-11,2025-03-11 13:30:00+00:00,2025-03-11 20:00:00+00:00,390,390,0,390,390,0,0,0,0,0,0,0,74780923.0,True,True,complete,True,True,True
2025-03-12,2025-03-12 13:30:00+00:00,2025-03-12 20:00:00+00:00,390,390,0,390,390,0,0,0,0,0,0,0,56377158.0,True,True,complete,True,True,True
2025-03-13,2025-03-13 13:30:00+00:00,2025-03-13 20:00:00+00:00,390,390,0,390,390,0,0,0,0,0,0,0,57191460.0,True,True,complete,True,True,True
2025-03-14,2025-03-14 13:30:00+00:00,2025-03-14 20:00:00+00:00,390,390,0,390,390,0,0,0,0,0,0,0,53652087.0,True,True,complete,True,True,True
2025-03-17,2025-03-17 13:30:00+00:00,2025-03-17 20:00:00+00:00,390,390,0,390,390,0,0,0,0,0,0,0,40701676.0,True,True,complete,True,True,True
2025-03-18,2025-03-18 13:30:00+00:00,2025-03-18 20:00:00+00:00,390,390,0,390,390,0,0,0,0,0,0,0,45334683.0,True,True,complete,True,True,True
2025-03-19,2025-03-19 13:30:00+00:00,2025-03-19 20:00:00+00:00,390,390,0,390,390,0,0,0,0,0,0,0,49328562.0,True,True,complete,True,True,True
2025-03-20,2025-03-20 13:30:00+00:00,2025-03-20 20:00:00+00:00,390,390,0,390,390,0,0,0,0,0,0,0,49139909.0,True,True,complete,True,True,True
2025-03-21,2025-03-21 13:30:00+00:00,2025-03-21 20:00:00+00:00,390,390,0,390,390,0,0,0,0,0,0,0,63456885.0,True,True,complete,True,True,True
2025-03-24,2025-03-24 13:30:00+00:00,2025-03-24 20:00:00+00:00,390,390,0,390,390,0,0,0,0,0,0,0,45047321.0,True,True,complete,True,True,True
2025-03-25,2025-03-25 13:30:00+00:00,2025-03-25 20:00:00+00:00,390,390,0,390,390,0,0,0,0,0,0,0,32523229.0,True,True,complete,True,True,True
2025-03-26,2025-03-26 13:30:00+00:00,2025-03-26 20:00:00+00:00,390,390,0,390,390,0,0,0,0,0,0,0,42692041.0,True,True,complete,True,True,True
2025-03-27,2025-03-27 13:30:00+00:00,2025-03-27 20:00:00+00:00,390,390,0,390,390,0,0,0,0,0,0,0,37701788.0,True,True,complete,True,True,True
2025-03-28,2025-03-28 13:30:00+00:00,2025-03-28 20:00:00+00:00,390,390,0,390,390,0,0,0,0,0,0,0,58137887.0,True,True,complete,True,True,True
2025-03-31,2025-03-31 13:30:00+00:00,2025-03-31 20:00:00+00:00,390,390,0,390,390,0,0,0,0,0,0,0,69153436.0,True,True,complete,True,True,True
2025-04-01,2025-04-01 13:30:00+00:00,2025-04-01 20:00:00+00:00,390,390,0,390,390,0,0,0,0,0,0,0,46731764.0,True,True,complete,True,True,True
2025-04-02,2025-04-02 13:30:00+00:00,2025-04-02 20:00:00+00:00,390,390,0,390,390,0,0,0,0,0,0,0,47681917.0,True,True,complete,True,True,True
2025-04-03,2025-04-03 13:30:00+00:00,2025-04-03 20:00:00+00:00,390,390,0,390,390,0,0,0,0,0,0,0,102508061.0,True,True,complete,True,True,True
2025-04-04,2025-04-04 13:30:00+00:00,2025-04-04 20:00:00+00:00,390,390,0,390,390,0,0,0,0,0,0,0,172413136.0,True,True,complete,True,True,True
2025-04-07,2025-04-07 13:30:00+00:00,2025-04-07 20:00:00+00:00,390,390,0,390,390,0,0,0,0,0,0,0,220789128.0,True,True,complete,True,True,True
2025-04-08,2025-04-08 13:30:00+00:00,2025-04-08 20:00:00+00:00,390,390,0,390,390,0,0,0,0,0,0,0,143796337.0,True,True,complete,True,True,True
2025-04-09,2025-04-09 13:30:00+00:00,2025-04-09 20:00:00+00:00,390,390,0,390,390,0,0,0,0,0,0,0,199229781.0,True,True,complete,True,True,True
2025-04-10,2025-04-10 13:30:00+00:00,2025-04-10 20:00:00+00:00,390,390,0,390,390,0,0,0,0,0,0,0,141739962.0,True,True,complete,True,True,True
2025-04-11,2025-04-11 13:30:00+00:00,2025-04-11 20:00:00+00:00,390,390,0,390,390,0,0,0,0,0,0,0,80417869.0,True,True,complete,True,True,True
2025-04-14,2025-04-14 13:30:00+00:00,2025-04-14 20:00:00+00:00,390,390,0,390,390,0,0,0,0,0,0,0,60553282.0,True,True,complete,True,True,True
2025-04-15,2025-04-15 13:30:00+00:00,2025-04-15 20:00:00+00:00,390,390,0,390,390,0,0,0,0,0,0,0,48383625.0,True,True,complete,True,True,True
2025-04-16,2025-04-16 13:30:00+00:00,2025-04-16 20:00:00+00:00,390,390,0,390,390,0,0,0,0,0,0,0,67041038.0,True,True,complete,True,True,True
2025-04-17,2025-04-17 13:30:00+00:00,2025-04-17 20:00:00+00:00,390,390,0,390,390,0,0,0,0,0,0,0,66889969.0,True,True,complete,True,True,True
2025-04-21,2025-04-21 13:30:00+00:00,2025-04-21 20:00:00+00:00,390,390,0,390,390,0,0,0,0,0,0,0,61086938.0,True,True,complete,True,True,True
2025-04-22,2025-04-22 13:30:00+00:00,2025-04-22 20:00:00+00:00,390,390,0,390,390,0,0,0,0,0,0,0,62844664.0,True,True,complete,True,True,True
2025-04-23,2025-04-23 13:30:00+00:00,2025-04-23 20:00:00+00:00,390,390,0,390,390,0,0,0,0,0,0,0,79374328.0,True,True,complete,True,True,True
2025-04-24,2025-04-24 13:30:00+00:00,2025-04-24 20:00:00+00:00,390,390,0,390,390,0,0,0,0,0,0,0,51951692.0,True,True,complete,True,True,True
2025-04-25,2025-04-25 13:30:00+00:00,2025-04-25 20:00:00+00:00,390,390,0,390,390,0,0,0,0,0,0,0,49924055.0,True,True,complete,True,True,True
2025-04-28,2025-04-28 13:30:00+00:00,2025-04-28 20:00:00+00:00,390,390,0,390,390,0,0,0,0,0,0,0,39961032.0,True,True,complete,True,True,True
2025-04-29,2025-04-29 13:30:00+00:00,2025-04-29 20:00:00+00:00,390,390,0,390,390,0,0,0,0,0,0,0,40287390.0,True,True,complete,True,True,True
2025-04-30,2025-04-30 13:30:00+00:00,2025-04-30 20:00:00+00:00,390,390,0,390,390,0,0,0,0,0,0,0,72383716.0,True,True,complete,True,True,True
2025-05-01,2025-05-01 13:30:00+00:00,2025-05-01 20:00:00+00:00,390,390,0,390,390,0,0,0,0,0,0,0,51847324.0,True,True,complete,True,True,True
2025-05-02,2025-05-02 13:30:00+00:00,2025-05-02 20:00:00+00:00,390,390,0,390,390,0,0,0,0,0,0,0,49576433.0,True,True,complete,True,True,True
2025-05-05,2025-05-05 13:30:00+00:00,2025-05-05 20:00:00+00:00,390,390,0,390,390,0,0,0,0,0,0,0,34064126.0,True,True,complete,True,True,True
2025-05-06,2025-05-06 13:30:00+00:00,2025-05-06 20:00:00+00:00,390,390,0,390,390,0,0,0,0,0,0,0,40320869.0,True,True,complete,True,True,True
2025-05-07,2025-05-07 13:30:00+00:00,2025-05-07 20:00:00+00:00,390,390,0,390,390,0,0,0,0,0,0,0,45555445.0,True,True,complete,True,True,True
2025-05-08,2025-05-08 13:30:00+00:00,2025-05-08 20:00:00+00:00,390,390,0,390,390,0,0,0,0,0,0,0,55533520.0,True,True,complete,True,True,True
2025-05-09,2025-05-09 13:30:00+00:00,2025-05-09 20:00:00+00:00,390,390,0,390,390,0,0,0,0,0,0,0,31570466.0,True,True,complete,True,True,True
2025-05-12,2025-05-12 13:30:00+00:00,2025-05-12 20:00:00+00:00,390,390,0,390,390,0,0,0,0,0,0,0,65396569.0,True,True,complete,True,True,True
2025-05-13,2025-05-13 13:30:00+00:00,2025-05-13 20:00:00+00:00,390,390,0,390,390,0,0,0,0,0,0,0,58872429.0,True,True,complete,True,True,True
2025-05-14,2025-05-14 13:30:00+00:00,2025-05-14 20:00:00+00:00,390,390,0,390,390,0,0,0,0,0,0,0,55170532.0,True,True,complete,True,True,True
2025-05-15,2025-05-15 13:30:00+00:00,2025-05-15 20:00:00+00:00,390,390,0,390,390,0,0,0,0,0,0,0,62039944.0,True,True,complete,True,True,True
2025-05-16,2025-05-16 13:30:00+00:00,2025-05-16 20:00:00+00:00,390,390,0,390,390,0,0,0,0,0,0,0,59740675.0,True,True,complete,True,True,True
2025-05-19,2025-05-19 13:30:00+00:00,2025-05-19 20:00:00+00:00,390,390,0,390,390,0,0,0,0,0,0,0,59519940.0,True,True,complete,True,True,True
2025-05-20,2025-05-20 13:30:00+00:00,2025-05-20 20:00:00+00:00,390,390,0,390,390,0,0,0,0,0,0,0,52782847.0,True,True,complete,True,True,True
2025-05-21,2025-05-21 13:30:00+00:00,2025-05-21 20:00:00+00:00,390,390,0,390,390,0,0,0,0,0,0,0,84354624.0,True,True,complete,True,True,True
2025-05-22,2025-05-22 13:30:00+00:00,2025-05-22 20:00:00+00:00,390,390,0,390,390,0,0,0,0,0,0,0,64468069.0,True,True,complete,True,True,True
2025-05-23,2025-05-23 13:30:00+00:00,2025-05-23 20:00:00+00:00,390,390,0,390,390,0,0,0,0,0,0,0,63799167.0,True,True,complete,True,True,True
2025-05-27,2025-05-27 13:30:00+00:00,2025-05-27 20:00:00+00:00,390,390,0,390,390,0,0,0,0,0,0,0,65763134.0,True,True,complete,True,True,True
2025-05-28,2025-05-28 13:30:00+00:00,2025-05-28 20:00:00+00:00,390,390,0,390,390,0,0,0,0,0,0,0,57646937.0,True,True,complete,True,True,True
2025-05-29,2025-05-29 13:30:00+00:00,2025-05-29 20:00:00+00:00,390,390,0,390,390,0,0,0,0,0,0,0,61107131.0,True,True,complete,True,True,True
2025-05-30,2025-05-30 13:30:00+00:00,2025-05-30 20:00:00+00:00,390,390,0,390,390,0,0,0,0,0,0,0,77038843.0,True,True,complete,True,True,True
2025-06-02,2025-06-02 13:30:00+00:00,2025-06-02 20:00:00+00:00,390,390,0,390,390,0,0,0,0,0,0,0,54268931.0,True,True,complete,True,True,True
2025-06-03,2025-06-03 13:30:00+00:00,2025-06-03 20:00:00+00:00,390,390,0,390,390,0,0,0,0,0,0,0,56957017.0,True,True,complete,True,True,True
2025-06-04,2025-06-04 13:30:00+00:00,2025-06-04 20:00:00+00:00,390,390,0,390,390,0,0,0,0,0,0,0,52203659.0,True,True,complete,True,True,True
2025-06-05,2025-06-05 13:30:00+00:00,2025-06-05 20:00:00+00:00,390,390,0,390,390,0,0,0,0,0,0,0,82081529.0,True,True,complete,True,True,True
2025-06-06,2025-06-06 13:30:00+00:00,2025-06-06 20:00:00+00:00,390,390,0,390,390,0,0,0,0,0,0,0,59170038.0,True,True,complete,True,True,True
2025-06-09,2025-06-09 13:30:00+00:00,2025-06-09 20:00:00+00:00,390,390,0,390,390,0,0,0,0,0,0,0,47092036.0,True,True,complete,True,True,True
2025-06-10,2025-06-10 13:30:00+00:00,2025-06-10 20:00:00+00:00,390,390,0,390,390,0,0,0,0,0,0,0,55994414.0,True,True,complete,True,True,True
2025-06-11,2025-06-11 13:30:00+00:00,2025-06-11 20:00:00+00:00,390,390,0,390,390,0,0,0,0,0,0,0,65832443.0,True,True,complete,True,True,True
2025-06-12,2025-06-12 13:30:00+00:00,2025-06-12 20:00:00+00:00,390,390,0,390,390,0,0,0,0,0,0,0,56610000.0,True,True,complete,True,True,True
2025-06-13,2025-06-13 13:30:00+00:00,2025-06-13 20:00:00+00:00,390,390,0,390,390,0,0,0,0,0,0,0,79316135.0,True,True,complete,True,True,True
2025-06-16,2025-06-16 13:30:00+00:00,2025-06-16 20:00:00+00:00,390,390,0,390,390,0,0,0,0,0,0,0,66952880.0,True,True,complete,True,True,True
2025-06-17,2025-06-17 13:30:00+00:00,2025-06-17 20:00:00+00:00,390,390,0,390,390,0,0,0,0,0,0,0,67943152.0,True,True,complete,True,True,True
2025-06-18,2025-06-18 13:30:00+00:00,2025-06-18 20:00:00+00:00,390,390,0,390,390,0,0,0,0,0,0,0,63870881.0,True,True,complete,True,True,True
2025-06-20,2025-06-20 13:30:00+00:00,2025-06-20 20:00:00+00:00,390,390,0,390,390,0,0,0,0,0,0,0,78737902.0,True,True,complete,True,True,True
2025-06-23,2025-06-23 13:30:00+00:00,2025-06-23 20:00:00+00:00,390,390,0,390,390,0,0,0,0,0,0,0,77429134.0,True,True,complete,True,True,True
2025-06-24,2025-06-24 13:30:00+00:00,2025-06-24 20:00:00+00:00,390,390,0,390,390,0,0,0,0,0,0,0,58607741.0,True,True,complete,True,True,True
2025-06-25,2025-06-25 13:30:00+00:00,2025-06-25 20:00:00+00:00,390,390,0,390,390,0,0,0,0,0,0,0,55964245.0,True,True,complete,True,True,True
2025-06-26,2025-06-26 13:30:00+00:00,2025-06-26 20:00:00+00:00,390,390,0,390,390,0,0,0,0,0,0,0,68192472.0,True,True,complete,True,True,True
2025-06-27,2025-06-27 13:30:00+00:00,2025-06-27 20:00:00+00:00,390,390,0,390,390,0,0,0,0,0,0,0,77911292.0,True,True,complete,True,True,True
2025-06-30,2025-06-30 13:30:00+00:00,2025-06-30 20:00:00+00:00,390,390,0,390,390,0,0,0,0,0,0,0,77963539.0,True,True,complete,True,True,True
2025-07-01,2025-07-01 13:30:00+00:00,2025-07-01 20:00:00+00:00,390,390,0,390,390,0,0,0,0,0,0,0,63325651.0,True,True,complete,True,True,True
2025-07-02,2025-07-02 13:30:00+00:00,2025-07-02 20:00:00+00:00,390,390,0,390,390,0,0,0,0,0,0,0,57504399.0,True,True,complete,True,True,True
2025-07-03,2025-07-03 13:30:00+00:00,2025-07-03 17:00:00+00:00,210,210,0,210,210,0,0,0,0,0,0,0,43417898.0,True,True,complete,True,True,True
2025-07-07,2025-07-07 13:30:00+00:00,2025-07-07 20:00:00+00:00,390,390,0,390,390,0,0,0,0,0,0,0,67358423.0,True,True,complete,True,True,True
2025-07-08,2025-07-08 13:30:00+00:00,2025-07-08 20:00:00+00:00,390,390,0,390,390,0,0,0,0,0,0,0,55172257.0,True,True,complete,True,True,True
2025-07-09,2025-07-09 13:30:00+00:00,2025-07-09 20:00:00+00:00,390,390,0,390,390,0,0,0,0,0,0,0,58947309.0,True,True,complete,True,True,True
2025-07-10,2025-07-10 13:30:00+00:00,2025-07-10 20:00:00+00:00,390,390,0,390,390,0,0,0,0,0,0,0,51949372.0,True,True,complete,True,True,True
2025-07-11,2025-07-11 13:30:00+00:00,2025-07-11 20:00:00+00:00,390,390,0,390,390,0,0,0,0,0,0,0,57536901.0,True,True,complete,True,True,True
2025-07-14,2025-07-14 13:30:00+00:00,2025-07-14 20:00:00+00:00,390,390,0,390,390,0,0,0,0,0,0,0,46886252.0,True,True,complete,True,True,True
2025-07-15,2025-07-15 13:30:00+00:00,2025-07-15 20:00:00+00:00,390,390,0,390,390,0,0,0,0,0,0,0,66184041.0,True,True,complete,True,True,True
2025-07-16,2025-07-16 13:30:00+00:00,2025-07-16 20:00:00+00:00,390,390,0,390,390,0,0,0,0,0,0,0,82793015.0,True,True,complete,True,True,True
2025-07-17,2025-07-17 13:30:00+00:00,2025-07-17 20:00:00+00:00,390,390,0,390,390,0,0,0,0,0,0,0,60311627.0,True,True,complete,True,True,True
2025-07-18,2025-07-18 13:30:00+00:00,2025-07-18 20:00:00+00:00,390,390,0,390,390,0,0,0,0,0,0,0,53954962.0,True,True,complete,True,True,True
2025-07-21,2025-07-21 13:30:00+00:00,2025-07-21 20:00:00+00:00,390,390,0,390,390,0,0,0,0,0,0,0,56026195.0,True,True,complete,True,True,True
2025-07-22,2025-07-22 13:30:00+00:00,2025-07-22 20:00:00+00:00,390,390,0,390,390,0,0,0,0,0,0,0,54418648.0,True,True,complete,True,True,True
2025-07-23,2025-07-23 13:30:00+00:00,2025-07-23 20:00:00+00:00,390,390,0,390,390,0,0,0,0,0,0,0,62717274.0,True,True,complete,True,True,True
2025-07-24,2025-07-24 13:30:00+00:00,2025-07-24 20:00:00+00:00,390,390,0,390,390,0,0,0,0,0,0,0,63855379.0,True,True,complete,True,True,True
2025-07-25,2025-07-25 13:30:00+00:00,2025-07-25 20:00:00+00:00,390,390,0,390,390,0,0,0,0,0,0,0,49644512.0,True,True,complete,True,True,True
2025-07-28,2025-07-28 13:30:00+00:00,2025-07-28 20:00:00+00:00,390,390,0,390,390,0,0,0,0,0,0,0,48453731.0,True,True,complete,True,True,True
2025-07-29,2025-07-29 13:30:00+00:00,2025-07-29 20:00:00+00:00,390,390,0,390,390,0,0,0,0,0,0,0,55504442.0,True,True,complete,True,True,True
2025-07-30,2025-07-30 13:30:00+00:00,2025-07-30 20:00:00+00:00,390,390,0,390,390,0,0,0,0,0,0,0,68949831.0,True,True,complete,True,True,True
2025-07-31,2025-07-31 13:30:00+00:00,2025-07-31 20:00:00+00:00,390,390,0,390,390,0,0,0,0,0,0,0,89223206.0,True,True,complete,True,True,True
2025-08-01,2025-08-01 13:30:00+00:00,2025-08-01 20:00:00+00:00,390,390,0,390,390,0,0,0,0,0,0,0,125853653.0,True,True,complete,True,True,True
2025-08-04,2025-08-04 13:30:00+00:00,2025-08-04 20:00:00+00:00,390,390,0,390,390,0,0,0,0,0,0,0,63769139.0,True,True,complete,True,True,True
2025-08-05,2025-08-05 13:30:00+00:00,2025-08-05 20:00:00+00:00,390,390,0,390,390,0,0,0,0,0,0,0,61907275.0,True,True,complete,True,True,True
2025-08-06,2025-08-06 13:30:00+00:00,2025-08-06 20:00:00+00:00,390,390,0,390,390,0,0,0,0,0,0,0,57977686.0,True,True,complete,True,True,True
2025-08-07,2025-08-07 13:30:00+00:00,2025-08-07 20:00:00+00:00,390,390,0,390,390,0,0,0,0,0,0,0,66729036.0,True,True,complete,True,True,True
2025-08-08,2025-08-08 13:30:00+00:00,2025-08-08 20:00:00+00:00,390,390,0,390,390,0,0,0,0,0,0,0,55650540.0,True,True,complete,True,True,True
2025-08-11,2025-08-11 13:30:00+00:00,2025-08-11 20:00:00+00:00,390,390,0,390,390,0,0,0,0,0,0,0,53168483.0,True,True,complete,True,True,True
2025-08-12,2025-08-12 13:30:00+00:00,2025-08-12 20:00:00+00:00,390,390,0,390,390,0,0,0,0,0,0,0,55719546.0,True,True,complete,True,True,True
2025-08-13,2025-08-13 13:30:00+00:00,2025-08-13 20:00:00+00:00,390,390,0,390,390,0,0,0,0,0,0,0,54105177.0,True,True,complete,True,True,True
2025-08-14,2025-08-14 13:30:00+00:00,2025-08-14 20:00:00+00:00,390,390,0,390,390,0,0,0,0,0,0,0,49736167.0,True,True,complete,True,True,True
2025-08-15,2025-08-15 13:30:00+00:00,2025-08-15 20:00:00+00:00,390,390,0,390,390,0,0,0,0,0,0,0,58778297.0,True,True,complete,True,True,True
2025-08-18,2025-08-18 13:30:00+00:00,2025-08-18 20:00:00+00:00,390,390,0,390,390,0,0,0,0,0,0,0,40003278.0,True,True,complete,True,True,True
2025-08-19,2025-08-19 13:30:00+00:00,2025-08-19 20:00:00+00:00,390,390,0,390,390,0,0,0,0,0,0,0,60333429.0,True,True,complete,True,True,True
2025-08-20,2025-08-20 13:30:00+00:00,2025-08-20 20:00:00+00:00,390,390,0,390,390,0,0,0,0,0,0,0,77583028.0,True,True,complete,True,True,True
2025-08-21,2025-08-21 13:30:00+00:00,2025-08-21 20:00:00+00:00,390,390,0,390,390,0,0,0,0,0,0,0,46616977.0,True,True,complete,True,True,True
2025-08-22,2025-08-22 13:30:00+00:00,2025-08-22 20:00:00+00:00,390,390,0,390,390,0,0,0,0,0,0,0,77136272.0,True,True,complete,True,True,True
2025-08-25,2025-08-25 13:30:00+00:00,2025-08-25 20:00:00+00:00,390,390,0,390,390,0,0,0,0,0,0,0,45841818.0,True,True,complete,True,True,True
2025-08-26,2025-08-26 13:30:00+00:00,2025-08-26 20:00:00+00:00,390,390,0,390,390,0,0,0,0,0,0,0,45085930.0,True,True,complete,True,True,True
2025-08-27,2025-08-27 13:30:00+00:00,2025-08-27 20:00:00+00:00,390,390,0,390,390,0,0,0,0,0,0,0,40389342.0,True,True,complete,True,True,True
2025-08-28,2025-08-28 13:30:00+00:00,2025-08-28 20:00:00+00:00,390,390,0,390,390,0,0,0,0,0,0,0,55164109.0,True,True,complete,True,True,True
2025-08-29,2025-08-29 13:30:00+00:00,2025-08-29 20:00:00+00:00,390,390,0,390,390,0,0,0,0,0,0,0,63549838.0,True,True,complete,True,True,True
2025-09-02,2025-09-02 13:30:00+00:00,2025-09-02 20:00:00+00:00,390,390,0,390,390,0,0,0,0,0,0,0,67449530.0,True,True,complete,True,True,True
2025-09-03,2025-09-03 13:30:00+00:00,2025-09-03 20:00:00+00:00,390,390,0,390,390,0,0,0,0,0,0,0,62456520.0,True,True,complete,True,True,True
2025-09-04,2025-09-04 13:30:00+00:00,2025-09-04 20:00:00+00:00,390,390,0,390,390,0,0,0,0,0,0,0,55018554.0,True,True,complete,True,True,True
2025-09-05,2025-09-05 13:30:00+00:00,2025-09-05 20:00:00+00:00,390,390,0,390,390,0,0,0,0,0,0,0,76621642.0,True,True,complete,True,True,True
2025-09-08,2025-09-08 13:30:00+00:00,2025-09-08 20:00:00+00:00,390,390,0,390,390,0,0,0,0,0,0,0,55288972.0,True,True,complete,True,True,True
2025-09-09,2025-09-09 13:30:00+00:00,2025-09-09 20:00:00+00:00,390,390,0,390,390,0,0,0,0,0,0,0,51145155.0,True,True,complete,True,True,True
2025-09-10,2025-09-10 13:30:00+00:00,2025-09-10 20:00:00+00:00,390,390,0,390,390,0,0,0,0,0,0,0,67540618.0,True,True,complete,True,True,True
2025-09-11,2025-09-11 13:30:00+00:00,2025-09-11 20:00:00+00:00,390,390,0,390,390,0,0,0,0,0,0,0,61367010.0,True,True,complete,True,True,True
2025-09-12,2025-09-12 13:30:00+00:00,2025-09-12 20:00:00+00:00,390,390,0,390,390,0,0,0,0,0,0,0,62819473.0,True,True,complete,True,True,True
2025-09-15,2025-09-15 13:30:00+00:00,2025-09-15 20:00:00+00:00,390,390,0,390,390,0,0,0,0,0,0,0,57634938.0,True,True,complete,True,True,True
2025-09-16,2025-09-16 13:30:00+00:00,2025-09-16 20:00:00+00:00,390,390,0,390,390,0,0,0,0,0,0,0,54847002.0,True,True,complete,True,True,True
2025-09-17,2025-09-17 13:30:00+00:00,2025-09-17 20:00:00+00:00,390,390,0,390,390,0,0,0,0,0,0,0,82841914.0,True,True,complete,True,True,True
2025-09-18,2025-09-18 13:30:00+00:00,2025-09-18 20:00:00+00:00,390,390,0,390,390,0,0,0,0,0,0,0,81776890.0,True,True,complete,True,True,True
2025-09-19,2025-09-19 13:30:00+00:00,2025-09-19 20:00:00+00:00,390,390,0,390,390,0,0,0,0,0,0,0,80767669.0,True,True,complete,True,True,True
2025-09-22,2025-09-22 13:30:00+00:00,2025-09-22 20:00:00+00:00,390,390,0,390,390,0,0,0,0,0,0,0,61198875.0,True,True,complete,True,True,True
2025-09-23,2025-09-23 13:30:00+00:00,2025-09-23 20:00:00+00:00,390,390,0,390,390,0,0,0,0,0,0,0,70188340.0,True,True,complete,True,True,True
2025-09-24,2025-09-24 13:30:00+00:00,2025-09-24 20:00:00+00:00,390,390,0,390,390,0,0,0,0,0,0,0,60000025.0,True,True,complete,True,True,True
2025-09-25,2025-09-25 13:30:00+00:00,2025-09-25 20:00:00+00:00,390,390,0,390,390,0,0,0,0,0,0,0,79967737.0,True,True,complete,True,True,True
2025-09-26,2025-09-26 13:30:00+00:00,2025-09-26 20:00:00+00:00,390,390,0,390,390,0,0,0,0,0,0,0,59099230.0,True,True,complete,True,True,True
2025-09-29,2025-09-29 13:30:00+00:00,2025-09-29 20:00:00+00:00,390,390,0,390,390,0,0,0,0,0,0,0,65967949.0,True,True,complete,True,True,True
2025-09-30,2025-09-30 13:30:00+00:00,2025-09-30 20:00:00+00:00,390,390,0,390,390,0,0,0,0,0,0,0,68863657.0,True,True,complete,True,True,True
2025-10-01,2025-10-01 13:30:00+00:00,2025-10-01 20:00:00+00:00,390,390,0,390,390,0,0,0,0,0,0,0,62183998.0,True,True,complete,True,True,True
2025-10-02,2025-10-02 13:30:00+00:00,2025-10-02 20:00:00+00:00,390,390,0,390,390,0,0,0,0,0,0,0,50868677.0,True,True,complete,True,True,True
2025-10-03,2025-10-03 13:30:00+00:00,2025-10-03 20:00:00+00:00,390,390,0,390,390,0,0,0,0,0,0,0,63489978.0,True,True,complete,True,True,True
2025-10-06,2025-10-06 13:30:00+00:00,2025-10-06 20:00:00+00:00,390,390,0,390,390,0,0,0,0,0,0,0,48809334.0,True,True,complete,True,True,True
2025-10-07,2025-10-07 13:30:00+00:00,2025-10-07 20:00:00+00:00,390,390,0,390,390,0,0,0,0,0,0,0,64913506.0,True,True,complete,True,True,True
2025-10-08,2025-10-08 13:30:00+00:00,2025-10-08 20:00:00+00:00,390,390,0,390,390,0,0,0,0,0,0,0,52315623.0,True,True,complete,True,True,True
2025-10-09,2025-10-09 13:30:00+00:00,2025-10-09 20:00:00+00:00,390,390,0,390,390,0,0,0,0,0,0,0,58879385.0,True,True,complete,True,True,True
2025-10-10,2025-10-10 13:30:00+00:00,2025-10-10 20:00:00+00:00,390,390,0,390,390,0,0,0,0,0,0,0,140773232.0,True,True,complete,True,True,True
2025-10-13,2025-10-13 13:30:00+00:00,2025-10-13 20:00:00+00:00,390,390,0,390,390,0,0,0,0,0,0,0,69879924.0,True,True,complete,True,True,True
2025-10-14,2025-10-14 13:30:00+00:00,2025-10-14 20:00:00+00:00,390,390,0,390,390,0,0,0,0,0,0,0,79672853.0,True,True,complete,True,True,True
2025-10-15,2025-10-15 13:30:00+00:00,2025-10-15 20:00:00+00:00,390,390,0,390,390,0,0,0,0,0,0,0,74195013.0,True,True,complete,True,True,True
2025-10-16,2025-10-16 13:30:00+00:00,2025-10-16 20:00:00+00:00,390,390,0,390,390,0,0,0,0,0,0,0,99224587.0,True,True,complete,True,True,True
2025-10-17,2025-10-17 13:30:00+00:00,2025-10-17 20:00:00+00:00,390,390,0,390,390,0,0,0,0,0,0,0,80669364.0,True,True,complete,True,True,True
2025-10-20,2025-10-20 13:30:00+00:00,2025-10-20 20:00:00+00:00,390,390,0,390,390,0,0,0,0,0,0,0,51623836.0,True,True,complete,True,True,True
2025-10-21,2025-10-21 13:30:00+00:00,2025-10-21 20:00:00+00:00,390,390,0,390,390,0,0,0,0,0,0,0,50010452.0,True,True,complete,True,True,True
2025-10-22,2025-10-22 13:30:00+00:00,2025-10-22 20:00:00+00:00,390,390,0,390,390,0,0,0,0,0,0,0,73418593.0,True,True,complete,True,True,True
2025-10-23,2025-10-23 13:30:00+00:00,2025-10-23 20:00:00+00:00,390,390,0,390,390,0,0,0,0,0,0,0,56355041.0,True,True,complete,True,True,True
2025-10-24,2025-10-24 13:30:00+00:00,2025-10-24 20:00:00+00:00,390,390,0,390,390,0,0,0,0,0,0,0,57065173.0,True,True,complete,True,True,True
2025-10-27,2025-10-27 13:30:00+00:00,2025-10-27 20:00:00+00:00,390,390,0,390,390,0,0,0,0,0,0,0,53391620.0,True,True,complete,True,True,True
2025-10-28,2025-10-28 13:30:00+00:00,2025-10-28 20:00:00+00:00,390,390,0,390,390,0,0,0,0,0,0,0,53564212.0,True,True,complete,True,True,True
2025-10-29,2025-10-29 13:30:00+00:00,2025-10-29 20:00:00+00:00,390,390,0,390,390,0,0,0,0,0,0,0,76643366.0,True,True,complete,True,True,True
2025-10-30,2025-10-30 13:30:00+00:00,2025-10-30 20:00:00+00:00,390,390,0,390,390,0,0,0,0,0,0,0,64593085.0,True,True,complete,True,True,True
2025-10-31,2025-10-31 13:30:00+00:00,2025-10-31 20:00:00+00:00,390,390,0,390,390,0,0,0,0,0,0,0,73391263.0,True,True,complete,True,True,True
2025-11-03,2025-11-03 14:30:00+00:00,2025-11-03 21:00:00+00:00,390,390,0,390,390,0,0,0,0,0,0,0,49040779.0,True,True,complete,True,True,True
2025-11-04,2025-11-04 14:30:00+00:00,2025-11-04 21:00:00+00:00,390,390,0,390,390,0,0,0,0,0,0,0,67181248.0,True,True,complete,True,True,True
2025-11-05,2025-11-05 14:30:00+00:00,2025-11-05 21:00:00+00:00,390,390,0,390,390,0,0,0,0,0,0,0,60618313.0,True,True,complete,True,True,True
2025-11-06,2025-11-06 14:30:00+00:00,2025-11-06 21:00:00+00:00,390,390,0,390,390,0,0,0,0,0,0,0,74002661.0,True,True,complete,True,True,True
2025-11-07,2025-11-07 14:30:00+00:00,2025-11-07 21:00:00+00:00,390,390,0,390,390,0,0,0,0,0,0,0,88993252.0,True,True,complete,True,True,True
2025-11-10,2025-11-10 14:30:00+00:00,2025-11-10 21:00:00+00:00,390,390,0,390,390,0,0,0,0,0,0,0,64663477.0,True,True,complete,True,True,True
2025-11-11,2025-11-11 14:30:00+00:00,2025-11-11 21:00:00+00:00,390,390,0,390,390,0,0,0,0,0,0,0,50407269.0,True,True,complete,True,True,True
2025-11-12,2025-11-12 14:30:00+00:00,2025-11-12 21:00:00+00:00,390,390,0,390,390,0,0,0,0,0,0,0,53989216.0,True,True,complete,True,True,True
2025-11-13,2025-11-13 14:30:00+00:00,2025-11-13 21:00:00+00:00,390,390,0,390,390,0,0,0,0,0,0,0,86745413.0,True,True,complete,True,True,True
2025-11-14,2025-11-14 14:30:00+00:00,2025-11-14 21:00:00+00:00,390,390,0,390,390,0,0,0,0,0,0,0,87268335.0,True,True,complete,True,True,True
2025-11-17,2025-11-17 14:30:00+00:00,2025-11-17 21:00:00+00:00,390,390,0,390,390,0,0,0,0,0,0,0,79160656.0,True,True,complete,True,True,True
2025-11-18,2025-11-18 14:30:00+00:00,2025-11-18 21:00:00+00:00,390,390,0,390,390,0,0,0,0,0,0,0,105081981.0,True,True,complete,True,True,True
2025-11-19,2025-11-19 14:30:00+00:00,2025-11-19 21:00:00+00:00,390,390,0,390,390,0,0,0,0,0,0,0,82153294.0,True,True,complete,True,True,True
2025-11-20,2025-11-20 14:30:00+00:00,2025-11-20 21:00:00+00:00,390,390,0,390,390,0,0,0,0,0,0,0,150121592.0,True,True,complete,True,True,True
2025-11-21,2025-11-21 14:30:00+00:00,2025-11-21 21:00:00+00:00,390,390,0,390,390,0,0,0,0,0,0,0,109393088.0,True,True,complete,True,True,True
2025-11-24,2025-11-24 14:30:00+00:00,2025-11-24 21:00:00+00:00,390,390,0,390,390,0,0,0,0,0,0,0,62905468.0,True,True,complete,True,True,True
2025-11-25,2025-11-25 14:30:00+00:00,2025-11-25 21:00:00+00:00,390,390,0,390,390,0,0,0,0,0,0,0,71015389.0,True,True,complete,True,True,True
2025-11-26,2025-11-26 14:30:00+00:00,2025-11-26 21:00:00+00:00,390,390,0,390,390,0,0,0,0,0,0,0,63036335.0,True,True,complete,True,True,True
2025-11-28,2025-11-28 14:30:00+00:00,2025-11-28 18:00:00+00:00,210,210,0,210,210,0,0,0,0,0,0,0,36875719.0,True,True,complete,True,True,True
2025-12-01,2025-12-01 14:30:00+00:00,2025-12-01 21:00:00+00:00,390,390,0,390,390,0,0,0,0,0,0,0,53436152.0,True,True,complete,True,True,True
2025-12-02,2025-12-02 14:30:00+00:00,2025-12-02 21:00:00+00:00,390,390,0,390,390,0,0,0,0,0,0,0,54409559.0,True,True,complete,True,True,True
2025-12-03,2025-12-03 14:30:00+00:00,2025-12-03 21:00:00+00:00,390,390,0,390,390,0,0,0,0,0,0,0,49960482.0,True,True,complete,True,True,True
2025-12-04,2025-12-04 14:30:00+00:00,2025-12-04 21:00:00+00:00,390,390,0,390,390,0,0,0,0,0,0,0,55551400.0,True,True,complete,True,True,True
2025-12-05,2025-12-05 14:30:00+00:00,2025-12-05 21:00:00+00:00,390,390,0,390,390,0,0,0,0,0,0,0,54921947.0,True,True,complete,True,True,True
2025-12-08,2025-12-08 14:30:00+00:00,2025-12-08 21:00:00+00:00,390,390,0,390,390,0,0,0,0,0,0,0,48211804.0,True,True,complete,True,True,True
2025-12-09,2025-12-09 14:30:00+00:00,2025-12-09 21:00:00+00:00,390,390,0,390,390,0,0,0,0,0,0,0,47253175.0,True,True,complete,True,True,True
2025-12-10,2025-12-10 14:30:00+00:00,2025-12-10 21:00:00+00:00,390,390,0,390,390,0,0,0,0,0,0,0,73762243.0,True,True,complete,True,True,True
2025-12-11,2025-12-11 14:30:00+00:00,2025-12-11 21:00:00+00:00,390,390,0,390,390,0,0,0,0,0,0,0,71048668.0,True,True,complete,True,True,True
2025-12-12,2025-12-12 14:30:00+00:00,2025-12-12 21:00:00+00:00,390,390,0,390,390,0,0,0,0,0,0,0,96796393.0,True,True,complete,True,True,True
2025-12-15,2025-12-15 14:30:00+00:00,2025-12-15 21:00:00+00:00,390,390,0,390,390,0,0,0,0,0,0,0,81631177.0,True,True,complete,True,True,True
2025-12-16,2025-12-16 14:30:00+00:00,2025-12-16 21:00:00+00:00,390,390,0,390,390,0,0,0,0,0,0,0,88951731.0,True,True,complete,True,True,True
2025-12-17,2025-12-17 14:30:00+00:00,2025-12-17 21:00:00+00:00,390,390,0,390,390,0,0,0,0,0,0,0,90407841.0,True,True,complete,True,True,True
2025-12-18,2025-12-18 14:30:00+00:00,2025-12-18 21:00:00+00:00,390,390,0,390,390,0,0,0,0,0,0,0,97179718.0,True,True,complete,True,True,True
2025-12-19,2025-12-19 14:30:00+00:00,2025-12-19 21:00:00+00:00,390,390,0,390,390,0,0,0,0,0,0,0,84843489.0,True,True,complete,True,True,True
2025-12-22,2025-12-22 14:30:00+00:00,2025-12-22 21:00:00+00:00,390,390,0,390,390,0,0,0,0,0,0,0,54934508.0,True,True,complete,True,True,True
2025-12-23,2025-12-23 14:30:00+00:00,2025-12-23 21:00:00+00:00,390,390,0,390,390,0,0,0,0,0,0,0,55380138.0,True,True,complete,True,True,True
2025-12-24,2025-12-24 14:30:00+00:00,2025-12-24 18:00:00+00:00,210,210,0,210,210,0,0,0,0,0,0,0,34294147.0,True,True,complete,True,True,True
2025-12-26,2025-12-26 14:30:00+00:00,2025-12-26 21:00:00+00:00,390,390,0,390,390,0,0,0,0,0,0,0,37430521.0,True,True,complete,True,True,True
2025-12-29,2025-12-29 14:30:00+00:00,2025-12-29 21:00:00+00:00,390,390,0,390,390,0,0,0,0,0,0,0,52426341.0,True,True,complete,True,True,True
2025-12-30,2025-12-30 14:30:00+00:00,2025-12-30 21:00:00+00:00,390,390,0,390,390,0,0,0,0,0,0,0,40077125.0,True,True,complete,True,True,True
2025-12-31,2025-12-31 14:30:00+00:00,2025-12-31 21:00:00+00:00,390,390,0,390,390,0,0,0,0,0,0,0,60472244.0,True,True,complete,True,True,True
2026-01-02,2026-01-02 14:30:00+00:00,2026-01-02 21:00:00+00:00,390,390,0,390,390,0,0,0,0,0,0,0,80773664.0,True,True,complete,True,True,True
2026-01-05,2026-01-05 14:30:00+00:00,2026-01-05 21:00:00+00:00,390,390,0,390,390,0,0,0,0,0,0,0,63274433.0,True,True,complete,True,True,True
2026-01-06,2026-01-06 14:30:00+00:00,2026-01-06 21:00:00+00:00,390,390,0,390,390,0,0,0,0,0,0,0,62602286.0,True,True,complete,True,True,True
2026-01-07,2026-01-07 14:30:00+00:00,2026-01-07 21:00:00+00:00,390,390,0,390,390,0,0,0,0,0,0,0,69480564.0,True,True,complete,True,True,True
2026-01-08,2026-01-08 14:30:00+00:00,2026-01-08 21:00:00+00:00,390,390,0,390,390,0,0,0,0,0,0,0,58198697.0,True,True,complete,True,True,True
2026-01-09,2026-01-09 14:30:00+00:00,2026-01-09 21:00:00+00:00,390,390,0,390,390,0,0,0,0,0,0,0,64544215.0,True,True,complete,True,True,True
2026-01-12,2026-01-12 14:30:00+00:00,2026-01-12 21:00:00+00:00,390,390,0,390,390,0,0,0,0,0,0,0,57463458.0,True,True,complete,True,True,True
2026-01-13,2026-01-13 14:30:00+00:00,2026-01-13 21:00:00+00:00,390,390,0,390,390,0,0,0,0,0,0,0,68678562.0,True,True,complete,True,True,True
2026-01-14,2026-01-14 14:30:00+00:00,2026-01-14 21:00:00+00:00,390,390,0,390,390,0,0,0,0,0,0,0,84148249.0,True,True,complete,True,True,True
2026-01-15,2026-01-15 14:30:00+00:00,2026-01-15 21:00:00+00:00,390,390,0,390,390,0,0,0,0,0,0,0,67660303.0,True,True,complete,True,True,True
2026-01-16,2026-01-16 14:30:00+00:00,2026-01-16 21:00:00+00:00,390,390,0,390,390,0,0,0,0,0,0,0,67534251.0,True,True,complete,True,True,True
2026-01-20,2026-01-20 14:30:00+00:00,2026-01-20 21:00:00+00:00,390,390,0,390,390,0,0,0,0,0,0,0,98627742.0,True,True,complete,True,True,True
2026-01-21,2026-01-21 14:30:00+00:00,2026-01-21 21:00:00+00:00,390,390,0,390,390,0,0,0,0,0,0,0,112299404.0,True,True,complete,True,True,True
2026-01-22,2026-01-22 14:30:00+00:00,2026-01-22 21:00:00+00:00,390,390,0,390,390,0,0,0,0,0,0,0,64123628.0,True,True,complete,True,True,True
2026-01-23,2026-01-23 14:30:00+00:00,2026-01-23 21:00:00+00:00,390,390,0,390,390,0,0,0,0,0,0,0,54406153.0,True,True,complete,True,True,True
2026-01-26,2026-01-26 14:30:00+00:00,2026-01-26 21:00:00+00:00,390,390,0,390,390,0,0,0,0,0,0,0,51443894.0,True,True,complete,True,True,True
2026-01-27,2026-01-27 14:30:00+00:00,2026-01-27 21:00:00+00:00,390,390,0,390,390,0,0,0,0,0,0,0,45956223.0,True,True,complete,True,True,True
2026-01-28,2026-01-28 14:30:00+00:00,2026-01-28 21:00:00+00:00,390,390,0,390,390,0,0,0,0,0,0,0,53815944.0,True,True,complete,True,True,True
2026-01-29,2026-01-29 14:30:00+00:00,2026-01-29 21:00:00+00:00,390,390,0,390,390,0,0,0,0,0,0,0,89022712.0,True,True,complete,True,True,True
2026-01-30,2026-01-30 14:30:00+00:00,2026-01-30 21:00:00+00:00,390,390,0,390,390,0,0,0,0,0,0,0,82413325.0,True,True,complete,True,True,True
2026-02-02,2026-02-02 14:30:00+00:00,2026-02-02 21:00:00+00:00,390,390,0,390,390,0,0,0,0,0,0,0,70762200.0,True,True,complete,True,True,True
2026-02-03,2026-02-03 14:30:00+00:00,2026-02-03 21:00:00+00:00,390,390,0,390,390,0,0,0,0,0,0,0,96570401.0,True,True,complete,True,True,True
2026-02-04,2026-02-04 14:30:00+00:00,2026-02-04 21:00:00+00:00,390,390,0,390,390,0,0,0,0,0,0,0,96200757.0,True,True,complete,True,True,True
2026-02-05,2026-02-05 14:30:00+00:00,2026-02-05 21:00:00+00:00,390,390,0,390,390,0,0,0,0,0,0,0,97704085.0,True,True,complete,True,True,True
2026-02-06,2026-02-06 14:30:00+00:00,2026-02-06 21:00:00+00:00,390,390,0,390,390,0,0,0,0,0,0,0,79363632.0,True,True,complete,True,True,True
2026-02-09,2026-02-09 14:30:00+00:00,2026-02-09 21:00:00+00:00,390,390,0,390,390,0,0,0,0,0,0,0,63567999.0,True,True,complete,True,True,True
2026-02-10,2026-02-10 14:30:00+00:00,2026-02-10 21:00:00+00:00,390,390,0,390,390,0,0,0,0,0,0,0,58271484.0,True,True,complete,True,True,True
2026-02-11,2026-02-11 14:30:00+00:00,2026-02-11 21:00:00+00:00,390,390,0,390,390,0,0,0,0,0,0,0,70060541.0,True,True,complete,True,True,True
2026-02-12,2026-02-12 14:30:00+00:00,2026-02-12 21:00:00+00:00,390,390,0,390,390,0,0,0,0,0,0,0,106605162.0,True,True,complete,True,True,True
2026-02-13,2026-02-13 14:30:00+00:00,2026-02-13 21:00:00+00:00,390,390,0,390,390,0,0,0,0,0,0,0,80950141.0,True,True,complete,True,True,True
2026-02-17,2026-02-17 14:30:00+00:00,2026-02-17 21:00:00+00:00,390,390,0,390,390,0,0,0,0,0,0,0,74286768.0,True,True,complete,True,True,True
2026-02-18,2026-02-18 14:30:00+00:00,2026-02-18 21:00:00+00:00,390,390,0,390,390,0,0,0,0,0,0,0,65193081.0,True,True,complete,True,True,True
2026-02-19,2026-02-19 14:30:00+00:00,2026-02-19 21:00:00+00:00,390,390,0,390,390,0,0,0,0,0,0,0,53561268.0,True,True,complete,True,True,True
2026-02-20,2026-02-20 14:30:00+00:00,2026-02-20 21:00:00+00:00,390,390,0,390,390,0,0,0,0,0,0,0,88863194.0,True,True,complete,True,True,True
2026-02-23,2026-02-23 14:30:00+00:00,2026-02-23 21:00:00+00:00,390,390,0,390,390,0,0,0,0,0,0,0,80779696.0,True,True,complete,True,True,True
2026-02-24,2026-02-24 14:30:00+00:00,2026-02-24 21:00:00+00:00,390,390,0,390,390,0,0,0,0,0,0,0,62626508.0,True,True,complete,True,True,True
2026-02-25,2026-02-25 14:30:00+00:00,2026-02-25 21:00:00+00:00,390,390,0,390,390,0,0,0,0,0,0,0,48496875.0,True,True,complete,True,True,True
2026-02-26,2026-02-26 14:30:00+00:00,2026-02-26 21:00:00+00:00,390,390,0,390,390,0,0,0,0,0,0,0,66158721.0,True,True,complete,True,True,True
2026-02-27,2026-02-27 14:30:00+00:00,2026-02-27 21:00:00+00:00,390,390,0,390,390,0,0,0,0,0,0,0,69217411.0,True,True,complete,True,True,True
2026-03-02,2026-03-02 14:30:00+00:00,2026-03-02 21:00:00+00:00,390,390,0,390,390,0,0,0,0,0,0,0,76593648.0,True,True,complete,True,True,True
2026-03-03,2026-03-03 14:30:00+00:00,2026-03-03 21:00:00+00:00,390,390,0,390,390,0,0,0,0,0,0,0,93963976.0,True,True,complete,True,True,True
2026-03-04,2026-03-04 14:30:00+00:00,2026-03-04 21:00:00+00:00,390,390,0,390,390,0,0,0,0,0,0,0,65024035.0,True,True,complete,True,True,True
2026-03-05,2026-03-05 14:30:00+00:00,2026-03-05 21:00:00+00:00,390,390,0,390,390,0,0,0,0,0,0,0,95411594.0,True,True,complete,True,True,True
2026-03-06,2026-03-06 14:30:00+00:00,2026-03-06 21:00:00+00:00,390,390,0,390,390,0,0,0,0,0,0,0,86727888.0,True,True,complete,True,True,True
2026-03-09,2026-03-09 13:30:00+00:00,2026-03-09 20:00:00+00:00,390,390,0,390,390,0,0,0,0,0,0,0,89237641.0,True,True,complete,True,True,True
2026-03-10,2026-03-10 13:30:00+00:00,2026-03-10 20:00:00+00:00,390,390,0,390,390,0,0,0,0,0,0,0,72747525.0,True,True,complete,True,True,True
2026-03-11,2026-03-11 13:30:00+00:00,2026-03-11 20:00:00+00:00,390,390,0,390,390,0,0,0,0,0,0,0,58665300.0,True,True,complete,True,True,True
2026-03-12,2026-03-12 13:30:00+00:00,2026-03-12 20:00:00+00:00,390,390,0,390,390,0,0,0,0,0,0,0,91151212.0,True,True,complete,True,True,True
2026-03-13,2026-03-13 13:30:00+00:00,2026-03-13 20:00:00+00:00,390,390,0,390,390,0,0,0,0,0,0,0,79747729.0,True,True,complete,True,True,True
2026-03-16,2026-03-16 13:30:00+00:00,2026-03-16 20:00:00+00:00,390,390,0,390,390,0,0,0,0,0,0,0,73524587.0,True,True,complete,True,True,True
2026-03-17,2026-03-17 13:30:00+00:00,2026-03-17 20:00:00+00:00,390,390,0,390,390,0,0,0,0,0,0,0,63219426.0,True,True,complete,True,True,True
2026-03-18,2026-03-18 13:30:00+00:00,2026-03-18 20:00:00+00:00,390,390,0,390,390,0,0,0,0,0,0,0,66727172.0,True,True,complete,True,True,True
2026-03-19,2026-03-19 13:30:00+00:00,2026-03-19 20:00:00+00:00,390,390,0,390,390,0,0,0,0,0,0,0,96075891.0,True,True,complete,True,True,True
2026-03-20,2026-03-20 13:30:00+00:00,2026-03-20 20:00:00+00:00,390,390,0,390,390,0,0,0,0,0,0,0,131635911.0,True,True,complete,True,True,True
2026-03-23,2026-03-23 13:30:00+00:00,2026-03-23 20:00:00+00:00,390,390,0,390,390,0,0,0,0,0,0,0,104337600.0,True,True,complete,True,True,True
2026-03-24,2026-03-24 13:30:00+00:00,2026-03-24 20:00:00+00:00,390,390,0,390,390,0,0,0,0,0,0,0,77566736.0,True,True,complete,True,True,True
2026-03-25,2026-03-25 13:30:00+00:00,2026-03-25 20:00:00+00:00,390,390,0,390,390,0,0,0,0,0,0,0,81690695.0,True,True,complete,True,True,True
2026-03-26,2026-03-26 13:30:00+00:00,2026-03-26 20:00:00+00:00,390,390,0,390,390,0,0,0,0,0,0,0,84452239.0,True,True,complete,True,True,True
2026-03-27,2026-03-27 13:30:00+00:00,2026-03-27 20:00:00+00:00,390,390,0,390,390,0,0,0,0,0,0,0,88971974.0,True,True,complete,True,True,True
2026-03-30,2026-03-30 13:30:00+00:00,2026-03-30 20:00:00+00:00,390,390,0,390,390,0,0,0,0,0,0,0,88640507.0,True,True,complete,True,True,True
2026-03-31,2026-03-31 13:30:00+00:00,2026-03-31 20:00:00+00:00,390,390,0,390,390,0,0,0,0,0,0,0,126354347.0,True,True,complete,True,True,True
2026-04-01,2026-04-01 13:30:00+00:00,2026-04-01 20:00:00+00:00,390,390,0,390,390,0,0,0,0,0,0,0,83802984.0,True,True,complete,True,True,True
2026-04-02,2026-04-02 13:30:00+00:00,2026-04-02 20:00:00+00:00,390,390,0,390,390,0,0,0,0,0,0,0,59497305.0,True,True,complete,True,True,True
2026-04-06,2026-04-06 13:30:00+00:00,2026-04-06 20:00:00+00:00,390,390,0,390,390,0,0,0,0,0,0,0,33541681.0,True,True,complete,True,True,True
2026-04-07,2026-04-07 13:30:00+00:00,2026-04-07 20:00:00+00:00,390,390,0,390,390,0,0,0,0,0,0,0,55482966.0,True,True,complete,True,True,True
2026-04-08,2026-04-08 13:30:00+00:00,2026-04-08 20:00:00+00:00,390,390,0,390,390,0,0,0,0,0,0,0,80672493.0,True,True,complete,True,True,True
2026-04-09,2026-04-09 13:30:00+00:00,2026-04-09 20:00:00+00:00,390,390,0,390,390,0,0,0,0,0,0,0,50017964.0,True,True,complete,True,True,True
2026-04-10,2026-04-10 13:30:00+00:00,2026-04-10 20:00:00+00:00,390,390,0,390,390,0,0,0,0,0,0,0,35882308.0,True,True,complete,True,True,True
2026-04-13,2026-04-13 13:30:00+00:00,2026-04-13 20:00:00+00:00,390,390,0,390,390,0,0,0,0,0,0,0,41949566.0,True,True,complete,True,True,True
2026-04-14,2026-04-14 13:30:00+00:00,2026-04-14 20:00:00+00:00,390,390,0,390,390,0,0,0,0,0,0,0,53266439.0,True,True,complete,True,True,True
2026-04-15,2026-04-15 13:30:00+00:00,2026-04-15 20:00:00+00:00,390,390,0,390,390,0,0,0,0,0,0,0,49984579.0,True,True,complete,True,True,True
2026-04-16,2026-04-16 13:30:00+00:00,2026-04-16 20:00:00+00:00,390,390,0,390,390,0,0,0,0,0,0,0,42731508.0,True,True,complete,True,True,True
2026-04-17,2026-04-17 13:30:00+00:00,2026-04-17 20:00:00+00:00,390,390,0,390,390,0,0,0,0,0,0,0,59832571.0,True,True,complete,True,True,True
2026-04-20,2026-04-20 13:30:00+00:00,2026-04-20 20:00:00+00:00,390,390,0,390,390,0,0,0,0,0,0,0,36046423.0,True,True,complete,True,True,True
2026-04-21,2026-04-21 13:30:00+00:00,2026-04-21 20:00:00+00:00,390,390,0,390,390,0,0,0,0,0,0,0,49255757.0,True,True,complete,True,True,True
2026-04-22,2026-04-22 13:30:00+00:00,2026-04-22 20:00:00+00:00,390,390,0,390,390,0,0,0,0,0,0,0,32950635.0,True,True,complete,True,True,True
2026-04-23,2026-04-23 13:30:00+00:00,2026-04-23 20:00:00+00:00,390,390,0,390,390,0,0,0,0,0,0,0,49226487.0,True,True,complete,True,True,True
2026-04-24,2026-04-24 13:30:00+00:00,2026-04-24 20:00:00+00:00,390,390,0,390,390,0,0,0,0,0,0,0,37669275.0,True,True,complete,True,True,True
2026-04-27,2026-04-27 13:30:00+00:00,2026-04-27 20:00:00+00:00,390,390,0,390,390,0,0,0,0,0,0,0,29098348.0,True,True,complete,True,True,True
2026-04-28,2026-04-28 13:30:00+00:00,2026-04-28 20:00:00+00:00,390,390,0,390,390,0,0,0,0,0,0,0,34688826.0,True,True,complete,True,True,True
2026-04-29,2026-04-29 13:30:00+00:00,2026-04-29 20:00:00+00:00,390,390,0,390,390,0,0,0,0,0,0,0,33561551.0,True,True,complete,True,True,True
2026-04-30,2026-04-30 13:30:00+00:00,2026-04-30 20:00:00+00:00,390,390,0,390,390,0,0,0,0,0,0,0,52505172.0,True,True,complete,True,True,True
2026-05-01,2026-05-01 13:30:00+00:00,2026-05-01 20:00:00+00:00,390,390,0,390,390,0,0,0,0,0,0,0,35912807.0,True,True,complete,True,True,True
2026-05-04,2026-05-04 13:30:00+00:00,2026-05-04 20:00:00+00:00,390,390,0,390,390,0,0,0,0,0,0,0,44975796.0,True,True,complete,True,True,True
2026-05-05,2026-05-05 13:30:00+00:00,2026-05-05 20:00:00+00:00,390,390,0,390,390,0,0,0,0,0,0,0,29904395.0,True,True,complete,True,True,True
2026-05-06,2026-05-06 13:30:00+00:00,2026-05-06 20:00:00+00:00,390,390,0,390,390,0,0,0,0,0,0,0,40528198.0,True,True,complete,True,True,True
2026-05-07,2026-05-07 13:30:00+00:00,2026-05-07 20:00:00+00:00,390,390,0,390,390,0,0,0,0,0,0,0,43124967.0,True,True,complete,True,True,True
2026-05-08,2026-05-08 13:30:00+00:00,2026-05-08 20:00:00+00:00,390,390,0,390,390,0,0,0,0,0,0,0,38731895.0,True,True,complete,True,True,True
2026-05-11,2026-05-11 13:30:00+00:00,2026-05-11 20:00:00+00:00,390,390,0,390,390,0,0,0,0,0,0,0,39035408.0,True,True,complete,True,True,True
2026-05-12,2026-05-12 13:30:00+00:00,2026-05-12 20:00:00+00:00,390,390,0,390,390,0,0,0,0,0,0,0,44440139.0,True,True,complete,True,True,True
2026-05-13,2026-05-13 13:30:00+00:00,2026-05-13 20:00:00+00:00,390,390,0,390,390,0,0,0,0,0,0,0,36196286.0,True,True,complete,True,True,True
2026-05-14,2026-05-14 13:30:00+00:00,2026-05-14 20:00:00+00:00,390,390,0,390,390,0,0,0,0,0,0,0,37335489.0,True,True,complete,True,True,True
2026-05-15,2026-05-15 13:30:00+00:00,2026-05-15 20:00:00+00:00,390,390,0,390,390,0,0,0,0,0,0,0,48793392.0,True,True,complete,True,True,True
2026-05-18,2026-05-18 13:30:00+00:00,2026-05-18 20:00:00+00:00,390,390,0,390,390,0,0,0,0,0,0,0,39620221.0,True,True,complete,True,True,True
2026-05-19,2026-05-19 13:30:00+00:00,2026-05-19 20:00:00+00:00,390,390,0,390,390,0,0,0,0,0,0,0,46914782.0,True,True,complete,True,True,True
2026-05-20,2026-05-20 13:30:00+00:00,2026-05-20 20:00:00+00:00,390,390,0,390,390,0,0,0,0,0,0,0,37763360.0,True,True,complete,True,True,True
2026-05-21,2026-05-21 13:30:00+00:00,2026-05-21 20:00:00+00:00,390,390,0,390,390,0,0,0,0,0,0,0,38108357.0,True,True,complete,True,True,True
2026-05-22,2026-05-22 13:30:00+00:00,2026-05-22 20:00:00+00:00,390,390,0,390,390,0,0,0,0,0,0,0,30158685.0,True,True,complete,True,True,True
2026-05-26,2026-05-26 13:30:00+00:00,2026-05-26 20:00:00+00:00,390,390,0,390,390,0,0,0,0,0,0,0,35122197.0,True,True,complete,True,True,True
2026-05-27,2026-05-27 13:30:00+00:00,2026-05-27 20:00:00+00:00,390,390,0,390,390,0,0,0,0,0,0,0,33884194.0,True,True,complete,True,True,True
2026-05-28,2026-05-28 13:30:00+00:00,2026-05-28 20:00:00+00:00,390,390,0,390,390,0,0,0,0,0,0,0,34636061.0,True,True,complete,True,True,True
2026-05-29,2026-05-29 13:30:00+00:00,2026-05-29 20:00:00+00:00,390,390,0,390,390,0,0,0,0,0,0,0,42235827.0,True,True,complete,True,True,True
2026-06-01,2026-06-01 13:30:00+00:00,2026-06-01 20:00:00+00:00,390,390,0,390,390,0,0,0,0,0,0,0,37212251.0,True,True,complete,True,True,True
2026-06-02,2026-06-02 13:30:00+00:00,2026-06-02 20:00:00+00:00,390,390,0,390,390,0,0,0,0,0,0,0,26421677.0,True,True,complete,True,True,True
2026-06-03,2026-06-03 13:30:00+00:00,2026-06-03 20:00:00+00:00,390,390,0,390,390,0,0,0,0,0,0,0,41502128.0,True,True,complete,True,True,True
2026-06-04,2026-06-04 13:30:00+00:00,2026-06-04 20:00:00+00:00,390,390,0,390,390,0,0,0,0,0,0,0,41767322.0,True,True,complete,True,True,True
2026-06-05,2026-06-05 13:30:00+00:00,2026-06-05 20:00:00+00:00,390,390,0,390,390,0,0,0,0,0,0,0,74999469.0,True,True,complete,True,True,True
2026-06-08,2026-06-08 13:30:00+00:00,2026-06-08 20:00:00+00:00,390,390,0,390,390,0,0,0,0,0,0,0,39822470.0,True,True,complete,True,True,True
2026-06-09,2026-06-09 13:30:00+00:00,2026-06-09 20:00:00+00:00,390,390,0,390,390,0,0,0,0,0,0,0,73765792.0,True,True,complete,True,True,True
2026-06-10,2026-06-10 13:30:00+00:00,2026-06-10 20:00:00+00:00,390,390,0,390,390,0,0,0,0,0,0,0,48346497.0,True,True,complete,True,True,True
2026-06-11,2026-06-11 13:30:00+00:00,2026-06-11 20:00:00+00:00,390,390,0,390,390,0,0,0,0,0,0,0,71071056.0,True,True,complete,True,True,True
2026-06-12,2026-06-12 13:30:00+00:00,2026-06-12 20:00:00+00:00,390,390,0,390,390,0,0,0,0,0,0,0,45147029.0,True,True,complete,True,True,True
2026-06-15,2026-06-15 13:30:00+00:00,2026-06-15 20:00:00+00:00,390,390,0,390,390,0,0,0,0,0,0,0,44020621.0,True,True,complete,True,True,True
2026-06-16,2026-06-16 13:30:00+00:00,2026-06-16 20:00:00+00:00,390,390,0,390,390,0,0,0,0,0,0,0,45413756.0,True,True,complete,True,True,True
2026-06-17,2026-06-17 13:30:00+00:00,2026-06-17 20:00:00+00:00,390,390,0,390,390,0,0,0,0,0,0,0,69072231.0,True,True,complete,True,True,True
2026-06-18,2026-06-18 13:30:00+00:00,2026-06-18 20:00:00+00:00,390,390,0,390,390,0,0,0,0,0,0,0,69635231.0,True,True,complete,True,True,True
2026-06-22,2026-06-22 13:30:00+00:00,2026-06-22 20:00:00+00:00,390,390,0,390,390,0,0,0,0,0,0,0,40067977.0,True,True,complete,True,True,True
2026-06-23,2026-06-23 13:30:00+00:00,2026-06-23 20:00:00+00:00,390,390,0,390,390,0,0,0,0,0,0,0,53465916.0,True,True,complete,True,True,True
2026-06-24,2026-06-24 13:30:00+00:00,2026-06-24 20:00:00+00:00,390,390,0,390,390,0,0,0,0,0,0,0,43378002.0,True,True,complete,True,True,True
2026-06-25,2026-06-25 13:30:00+00:00,2026-06-25 20:00:00+00:00,390,390,0,390,390,0,0,0,0,0,0,0,44430832.0,True,True,complete,True,True,True
2026-06-26,2026-06-26 13:30:00+00:00,2026-06-26 20:00:00+00:00,390,390,0,390,390,0,0,0,0,0,0,0,49609511.0,True,True,complete,True,True,True
2026-06-29,2026-06-29 13:30:00+00:00,2026-06-29 20:00:00+00:00,390,390,0,390,390,0,0,0,0,0,0,0,46182766.0,True,True,complete,True,True,True
2026-06-30,2026-06-30 13:30:00+00:00,2026-06-30 20:00:00+00:00,390,390,0,390,390,0,0,0,0,0,0,0,42768296.0,True,True,complete,True,True,True
2026-07-01,2026-07-01 13:30:00+00:00,2026-07-01 20:00:00+00:00,390,390,0,390,390,0,0,0,0,0,0,0,37286276.0,True,True,complete,True,True,True
2026-07-02,2026-07-02 13:30:00+00:00,2026-07-02 20:00:00+00:00,390,390,0,390,390,0,0,0,0,0,0,0,43986428.0,True,True,complete,True,True,True
2026-07-06,2026-07-06 13:30:00+00:00,2026-07-06 20:00:00+00:00,390,390,0,390,390,0,0,0,0,0,0,0,42056829.0,True,True,complete,True,True,True
2026-07-07,2026-07-07 13:30:00+00:00,2026-07-07 20:00:00+00:00,390,390,0,390,390,0,0,0,0,0,0,0,38562141.0,True,True,complete,True,True,True
2026-07-08,2026-07-08 13:30:00+00:00,2026-07-08 20:00:00+00:00,390,390,0,390,390,0,0,0,0,0,0,0,35719682.0,True,True,complete,True,True,True
2026-07-09,2026-07-09 13:30:00+00:00,2026-07-09 20:00:00+00:00,390,390,0,390,390,0,0,0,0,0,0,0,33586835.0,True,True,complete,True,True,True
