cell_id,session_date,direction,entry_minute,entry_price,shares,gross,holding_minutes,exit_minute,exit_price,exit_reason
corrected_execution__halt_aware__with_dividends__slip_0p0025,2007-10-12,long,31,53.11,4563,1779.5700000000024,360.0,390,53.5,end_of_session
corrected_execution__halt_aware__with_dividends__slip_0p0025,2007-10-15,short,91,53.35,4269,1152.6300000000128,300.0,390,53.08,end_of_session
corrected_execution__halt_aware__with_dividends__slip_0p0025,2007-10-19,short,31,53.44,4013,3940.766,360.0,390,52.458,end_of_session
corrected_execution__halt_aware__with_dividends__slip_0p0025,2007-10-22,long,31,52.66,3525,-387.74999999999807,60.0,91,52.55,scheduled_fill
corrected_execution__halt_aware__with_dividends__slip_0p0025,2007-10-22,long,121,52.69,3525,315.48750000000354,210.0,331,52.7795,scheduled_fill
corrected_execution__halt_aware__with_dividends__slip_0p0025,2007-10-24,short,91,53.28,3103,93.09000000000302,240.0,331,53.25,scheduled_fill
corrected_execution__halt_aware__with_dividends__slip_0p0025,2007-10-25,short,31,53.3,3023,-1243.9645000000119,30.0,61,53.7115,scheduled_fill
corrected_execution__halt_aware__with_dividends__slip_0p0025,2007-10-25,short,151,53.15,3023,-423.2200000000016,180.0,331,53.29,scheduled_fill
corrected_execution__halt_aware__with_dividends__slip_0p0025,2007-10-25,short,361,53.16,3023,-90.69000000000331,30.0,390,53.19,end_of_session
corrected_execution__halt_aware__with_dividends__slip_0p0025,2007-11-01,short,361,54.2,3112,407.6720000000008,30.0,390,54.069,end_of_session
corrected_execution__halt_aware__with_dividends__slip_0p0025,2007-11-02,short,31,53.851,3017,-178.0029999999923,30.0,61,53.91,scheduled_fill
corrected_execution__halt_aware__with_dividends__slip_0p0025,2007-11-07,short,361,53.78,3080,1355.1999999999932,30.0,390,53.34,end_of_session
corrected_execution__halt_aware__with_dividends__slip_0p0025,2007-11-08,short,31,52.77,2822,1777.860000000004,330.0,361,52.14,scheduled_fill
corrected_execution__halt_aware__with_dividends__slip_0p0025,2007-11-09,short,91,50.49,2903,-232.23999999999495,30.0,121,50.57,scheduled_fill
corrected_execution__halt_aware__with_dividends__slip_0p0025,2007-11-12,short,271,49.43,2601,1690.3899000000063,120.0,390,48.7801,end_of_session
corrected_execution__halt_aware__with_dividends__slip_0p0025,2007-11-13,long,61,49.72,2804,-28.03999999999496,150.0,211,49.71,scheduled_fill
corrected_execution__halt_aware__with_dividends__slip_0p0025,2007-11-13,long,241,49.94,2804,2271.2400000000075,150.0,390,50.75,end_of_session
corrected_execution__halt_aware__with_dividends__slip_0p0025,2007-11-16,short,61,49.4401,2273,-477.10269999999446,30.0,91,49.65,scheduled_fill
corrected_execution__halt_aware__with_dividends__slip_0p0025,2007-11-19,short,121,49.78,2223,-377.91000000000383,60.0,181,49.95,scheduled_fill
corrected_execution__halt_aware__with_dividends__slip_0p0025,2007-11-19,short,211,49.76,2223,-266.76000000001017,90.0,301,49.88,scheduled_fill
corrected_execution__halt_aware__with_dividends__slip_0p0025,2007-11-20,long,31,50.39,2222,88.87999999999793,120.0,151,50.43,scheduled_fill
corrected_execution__halt_aware__with_dividends__slip_0p0025,2007-11-20,short,301,49.21,2222,-599.9399999999912,60.0,361,49.48,scheduled_fill
corrected_execution__halt_aware__with_dividends__slip_0p0025,2007-11-21,short,91,49.04,2300,-454.0200000000041,30.0,121,49.2374,scheduled_fill
corrected_execution__halt_aware__with_dividends__slip_0p0025,2007-11-23,long,181,49.9,2300,-322.0000000000013,30.0,210,49.76,end_of_session
corrected_execution__halt_aware__with_dividends__slip_0p0025,2007-11-26,long,31,50.2801,2258,-474.40579999999346,30.0,61,50.07,scheduled_fill
corrected_execution__halt_aware__with_dividends__slip_0p0025,2007-11-26,short,361,49.2499,2258,744.9141999999887,30.0,390,48.92,end_of_session
corrected_execution__halt_aware__with_dividends__slip_0p0025,2007-11-27,long,91,49.96,2267,-725.4400000000005,180.0,271,49.64,scheduled_fill
corrected_execution__halt_aware__with_dividends__slip_0p0025,2007-11-28,long,61,50.9299,2088,1378.2887999999998,330.0,390,51.59,end_of_session
corrected_execution__halt_aware__with_dividends__slip_0p0025,2007-11-30,short,181,51.39,2022,-242.6399999999948,30.0,211,51.51,scheduled_fill
corrected_execution__halt_aware__with_dividends__slip_0p0025,2007-12-05,long,121,51.71,3075,-738.0000000000063,180.0,301,51.47,scheduled_fill
corrected_execution__halt_aware__with_dividends__slip_0p0025,2007-12-06,long,361,52.17,2928,439.19999999999584,30.0,390,52.32,end_of_session
corrected_execution__halt_aware__with_dividends__slip_0p0025,2007-12-11,short,301,52.1,3060,2356.20000000001,90.0,390,51.33,end_of_session
corrected_execution__halt_aware__with_dividends__slip_0p0025,2007-12-13,short,91,51.02,2928,-292.79999999998336,30.0,121,51.12,scheduled_fill
corrected_execution__halt_aware__with_dividends__slip_0p0025,2007-12-17,short,61,50.58,3068,-30.98680000000408,30.0,91,50.5901,scheduled_fill
corrected_execution__halt_aware__with_dividends__slip_0p0025,2007-12-17,short,121,50.41,3068,1963.5199999999804,270.0,390,49.77,end_of_session
corrected_execution__halt_aware__with_dividends__slip_0p0025,2007-12-18,short,151,49.36,3024,-362.87999999999226,60.0,211,49.48,scheduled_fill
corrected_execution__halt_aware__with_dividends__slip_0p0025,2007-12-19,long,31,50.06,3785,0.0,30.0,61,50.06,scheduled_fill
corrected_execution__halt_aware__with_dividends__slip_0p0025,2007-12-24,long,31,52.17,3183,159.14999999999094,60.0,91,52.22,scheduled_fill
corrected_execution__halt_aware__with_dividends__slip_0p0025,2007-12-26,long,271,52.54,3180,159.00000000001356,60.0,331,52.59,scheduled_fill
corrected_execution__halt_aware__with_dividends__slip_0p0025,2007-12-27,short,181,52.11,3410,-5.684341886080802e-14,30.0,211,52.11,scheduled_fill
corrected_execution__halt_aware__with_dividends__slip_0p0025,2007-12-28,short,211,51.48,3403,-340.30000000000473,30.0,241,51.58,scheduled_fill
corrected_execution__halt_aware__with_dividends__slip_0p0025,2007-12-31,short,181,51.3,3427,-203.56380000001258,30.0,211,51.3594,scheduled_fill
corrected_execution__halt_aware__with_dividends__slip_0p0025,2008-01-02,long,31,51.3701,3385,-508.0885000000064,30.0,61,51.22,scheduled_fill
corrected_execution__halt_aware__with_dividends__slip_0p0025,2008-01-02,short,91,50.95,3385,1861.7500000000164,300.0,390,50.4,end_of_session
corrected_execution__halt_aware__with_dividends__slip_0p0025,2008-01-03,short,31,50.29,3678,-386.19000000001495,30.0,61,50.395,scheduled_fill
corrected_execution__halt_aware__with_dividends__slip_0p0025,2008-01-04,short,31,49.62,3767,4821.759999999981,360.0,390,48.34,end_of_session
corrected_execution__halt_aware__with_dividends__slip_0p0025,2008-01-07,long,31,48.5201,3091,-1916.7291000000023,30.0,61,47.9,scheduled_fill
corrected_execution__halt_aware__with_dividends__slip_0p0025,2008-01-07,short,61,47.9,3091,-1514.590000000006,90.0,151,48.39,scheduled_fill
corrected_execution__halt_aware__with_dividends__slip_0p0025,2008-01-07,short,301,47.9001,3091,-803.350899999984,90.0,390,48.16,end_of_session
corrected_execution__halt_aware__with_dividends__slip_0p0025,2008-01-08,long,61,48.6,3001,-180.06000000000694,30.0,91,48.54,scheduled_fill
corrected_execution__halt_aware__with_dividends__slip_0p0025,2008-01-08,long,301,48.71,3001,-1680.560000000007,30.0,331,48.15,scheduled_fill
corrected_execution__halt_aware__with_dividends__slip_0p0025,2008-01-08,short,361,47.44,3001,1296.4319999999852,30.0,390,47.008,end_of_session
corrected_execution__halt_aware__with_dividends__slip_0p0025,2008-01-09,long,31,47.31,3066,-337.2599999999985,30.0,61,47.2,scheduled_fill
corrected_execution__halt_aware__with_dividends__slip_0p0025,2008-01-09,long,91,47.4099,3066,-858.1733999999932,30.0,121,47.13,scheduled_fill
corrected_execution__halt_aware__with_dividends__slip_0p0025,2008-01-11,short,61,47.46,2807,-56.13999999998876,30.0,91,47.48,scheduled_fill
corrected_execution__halt_aware__with_dividends__slip_0p0025,2008-01-11,short,121,47.38,2807,-336.83999999999276,30.0,151,47.5,scheduled_fill
corrected_execution__halt_aware__with_dividends__slip_0p0025,2008-01-11,short,181,47.32,2807,-254.03349999999637,30.0,211,47.4105,scheduled_fill
corrected_execution__halt_aware__with_dividends__slip_0p0025,2008-01-11,short,241,47.25,2807,505.5407000000092,150.0,390,47.0699,end_of_session
corrected_execution__halt_aware__with_dividends__slip_0p0025,2008-01-15,short,61,47.07,2911,1339.0600000000031,330.0,390,46.61,end_of_session
corrected_execution__halt_aware__with_dividends__slip_0p0025,2008-01-16,short,61,45.91,2953,-383.89000000000794,60.0,121,46.04,scheduled_fill
corrected_execution__halt_aware__with_dividends__slip_0p0025,2008-01-17,long,31,46.52,2997,-1498.5000000000002,30.0,61,46.02,scheduled_fill
corrected_execution__halt_aware__with_dividends__slip_0p0025,2008-01-17,short,151,45.82,2997,29.969999999994037,60.0,211,45.81,scheduled_fill
corrected_execution__halt_aware__with_dividends__slip_0p0025,2008-01-17,short,301,45.66,2997,59.93999999998812,30.0,331,45.64,scheduled_fill
corrected_execution__halt_aware__with_dividends__slip_0p0025,2008-01-17,short,361,45.5,2997,449.5499999999959,30.0,390,45.35,end_of_session
corrected_execution__halt_aware__with_dividends__slip_0p0025,2008-01-18,long,61,45.99,3006,-480.9600000000112,30.0,91,45.83,scheduled_fill
corrected_execution__halt_aware__with_dividends__slip_0p0025,2008-01-18,short,151,45.09,3006,-1653.2999999999918,30.0,181,45.64,scheduled_fill
corrected_execution__halt_aware__with_dividends__slip_0p0025,2008-01-23,short,211,41.95,3065,-551.6999999999991,30.0,241,42.13,scheduled_fill
corrected_execution__halt_aware__with_dividends__slip_0p0025,2008-01-24,long,31,44.747,2928,-1250.255999999999,30.0,61,44.32,scheduled_fill
corrected_execution__halt_aware__with_dividends__slip_0p0025,2008-01-24,long,121,44.53,2928,-497.760000000005,60.0,181,44.36,scheduled_fill
corrected_execution__halt_aware__with_dividends__slip_0p0025,2008-01-25,short,211,44.52,2560,537.6000000000022,150.0,361,44.31,scheduled_fill
corrected_execution__halt_aware__with_dividends__slip_0p0025,2008-01-30,long,301,45.07,3076,-276.84000000001106,60.0,361,44.98,scheduled_fill
corrected_execution__halt_aware__with_dividends__slip_0p0025,2008-01-31,long,151,44.87,3368,-707.2800000000029,30.0,181,44.66,scheduled_fill
corrected_execution__halt_aware__with_dividends__slip_0p0025,2008-01-31,long,271,44.89,3368,808.3200000000071,120.0,390,45.13,end_of_session
corrected_execution__halt_aware__with_dividends__slip_0p0025,2008-02-04,short,181,45.09,3117,-249.35999999999464,30.0,211,45.17,scheduled_fill
corrected_execution__halt_aware__with_dividends__slip_0p0025,2008-02-04,short,241,45.03,3117,-374.0399999999919,30.0,271,45.15,scheduled_fill
corrected_execution__halt_aware__with_dividends__slip_0p0025,2008-02-07,long,241,43.35,3402,68.03999999998666,60.0,301,43.37,scheduled_fill
corrected_execution__halt_aware__with_dividends__slip_0p0025,2008-02-08,long,91,43.63,3349,-184.19499999999906,30.0,121,43.575,scheduled_fill
corrected_execution__halt_aware__with_dividends__slip_0p0025,2008-02-14,short,91,44.49,3244,1725.8080000000102,300.0,390,43.958,end_of_session
corrected_execution__halt_aware__with_dividends__slip_0p0025,2008-02-15,short,31,43.64,3366,-504.8999999999953,30.0,61,43.79,scheduled_fill
corrected_execution__halt_aware__with_dividends__slip_0p0025,2008-02-20,long,181,43.8,3393,-441.08999999998457,30.0,211,43.67,scheduled_fill
corrected_execution__halt_aware__with_dividends__slip_0p0025,2008-02-20,long,331,44.02,3393,-407.16000000001543,30.0,361,43.9,scheduled_fill
corrected_execution__halt_aware__with_dividends__slip_0p0025,2008-02-22,short,91,43.15,3370,-168.50000000001447,30.0,121,43.2,scheduled_fill
corrected_execution__halt_aware__with_dividends__slip_0p0025,2008-02-22,short,151,43.1301,3370,371.0369999999855,180.0,331,43.02,scheduled_fill
corrected_execution__halt_aware__with_dividends__slip_0p0025,2008-02-22,short,361,42.85,3370,-2291.5999999999985,30.0,390,43.53,end_of_session
corrected_execution__halt_aware__with_dividends__slip_0p0025,2008-02-25,long,61,43.9199,3390,-169.16100000000318,30.0,91,43.87,scheduled_fill
corrected_execution__halt_aware__with_dividends__slip_0p0025,2008-02-26,long,181,44.26,3379,-67.57999999998658,30.0,211,44.24,scheduled_fill
corrected_execution__halt_aware__with_dividends__slip_0p0025,2008-02-27,long,151,44.3901,3967,-516.106699999995,30.0,181,44.26,scheduled_fill
corrected_execution__halt_aware__with_dividends__slip_0p0025,2008-02-29,short,61,43.29,4411,-308.7700000000013,120.0,181,43.36,scheduled_fill
corrected_execution__halt_aware__with_dividends__slip_0p0025,2008-02-29,short,271,43.15,4411,802.8019999999782,120.0,390,42.968,end_of_session
corrected_execution__halt_aware__with_dividends__slip_0p0025,2008-03-03,short,31,42.73,3805,-799.0500000000031,30.0,61,42.94,scheduled_fill
corrected_execution__halt_aware__with_dividends__slip_0p0025,2008-03-03,short,91,42.66,3805,-722.9500000000185,60.0,151,42.85,scheduled_fill
corrected_execution__halt_aware__with_dividends__slip_0p0025,2008-03-03,short,331,42.27,3805,-722.9499999999913,30.0,361,42.46,scheduled_fill
corrected_execution__halt_aware__with_dividends__slip_0p0025,2008-03-05,long,61,43.25,3823,38.22999999999239,60.0,121,43.26,scheduled_fill
corrected_execution__halt_aware__with_dividends__slip_0p0025,2008-03-06,short,181,42.76,4449,2758.3799999999887,210.0,390,42.14,end_of_session
corrected_execution__halt_aware__with_dividends__slip_0p0025,2008-03-07,long,31,42.4,4510,-947.100000000004,90.0,121,42.19,scheduled_fill
corrected_execution__halt_aware__with_dividends__slip_0p0025,2008-03-07,short,301,41.48,4510,-1127.5,30.0,331,41.73,scheduled_fill
corrected_execution__halt_aware__with_dividends__slip_0p0025,2008-03-10,short,121,41.67,4404,-180.5639999999859,90.0,211,41.711,scheduled_fill
corrected_execution__halt_aware__with_dividends__slip_0p0025,2008-03-10,short,241,41.52,4404,1233.1200000000044,150.0,390,41.24,end_of_session
corrected_execution__halt_aware__with_dividends__slip_0p0025,2008-03-12,long,121,43.3285,3111,-524.2035000000052,30.0,151,43.16,scheduled_fill
corrected_execution__halt_aware__with_dividends__slip_0p0025,2008-03-13,short,91,41.96,3201,-1187.571000000007,30.0,121,42.331,scheduled_fill
corrected_execution__halt_aware__with_dividends__slip_0p0025,2008-03-13,long,241,42.97,3201,224.07000000000093,150.0,390,43.04,end_of_session
corrected_execution__halt_aware__with_dividends__slip_0p0025,2008-03-14,short,31,42.34,3044,-547.9199999999989,330.0,361,42.52,scheduled_fill
corrected_execution__halt_aware__with_dividends__slip_0p0025,2008-03-18,long,211,42.63,2992,-688.1600000000119,90.0,301,42.4,scheduled_fill
corrected_execution__halt_aware__with_dividends__slip_0p0025,2008-03-18,long,331,42.91,2992,1142.9440000000152,60.0,390,43.292,end_of_session
corrected_execution__halt_aware__with_dividends__slip_0p0025,2008-03-19,short,361,42.66,2368,852.4799999999987,30.0,390,42.3,end_of_session
corrected_execution__halt_aware__with_dividends__slip_0p0025,2008-03-20,long,361,42.93,2363,354.44999999999663,30.0,390,43.08,end_of_session
corrected_execution__halt_aware__with_dividends__slip_0p0025,2008-03-24,long,31,43.62,2377,2234.3800000000115,360.0,390,44.56,end_of_session
corrected_execution__halt_aware__with_dividends__slip_0p0025,2008-03-27,short,91,44.1,2170,-65.10000000000244,30.0,121,44.13,scheduled_fill
corrected_execution__halt_aware__with_dividends__slip_0p0025,2008-03-31,long,31,43.93,2209,-905.6899999999923,30.0,61,43.52,scheduled_fill
corrected_execution__halt_aware__with_dividends__slip_0p0025,2008-04-01,long,91,44.86,2232,1607.0399999999977,300.0,390,45.58,end_of_session
corrected_execution__halt_aware__with_dividends__slip_0p0025,2008-04-04,long,241,46.308,2158,-276.2240000000003,30.0,271,46.18,scheduled_fill
corrected_execution__halt_aware__with_dividends__slip_0p0025,2008-04-09,short,31,45.09,2634,579.4800000000159,360.0,390,44.87,end_of_session
corrected_execution__halt_aware__with_dividends__slip_0p0025,2008-04-10,long,61,45.4001,2843,511.45569999998844,330.0,390,45.58,end_of_session
corrected_execution__halt_aware__with_dividends__slip_0p0025,2008-04-11,short,181,44.6594,2876,-116.76560000001396,30.0,211,44.7,scheduled_fill
corrected_execution__halt_aware__with_dividends__slip_0p0025,2008-04-11,short,241,44.59,2876,862.8000000000125,150.0,390,44.29,end_of_session
corrected_execution__halt_aware__with_dividends__slip_0p0025,2008-04-14,short,31,44.05,3002,-359.93980000000374,30.0,61,44.1699,scheduled_fill
corrected_execution__halt_aware__with_dividends__slip_0p0025,2008-04-15,short,121,43.75,3002,-361.7409999999995,60.0,181,43.8705,scheduled_fill
corrected_execution__halt_aware__with_dividends__slip_0p0025,2008-04-16,long,61,45.02,2962,1036.6999999999834,330.0,390,45.37,end_of_session
corrected_execution__halt_aware__with_dividends__slip_0p0025,2008-04-17,short,151,45.03,2807,-106.66599999999073,30.0,181,45.068,scheduled_fill
corrected_execution__halt_aware__with_dividends__slip_0p0025,2008-04-18,long,181,46.87,2781,-194.6700000000008,30.0,211,46.8,scheduled_fill
corrected_execution__halt_aware__with_dividends__slip_0p0025,2008-04-18,long,241,46.92,2781,-472.7700000000047,60.0,301,46.75,scheduled_fill
corrected_execution__halt_aware__with_dividends__slip_0p0025,2008-04-22,short,61,46.53,3012,-216.86399999998682,30.0,91,46.602,scheduled_fill
corrected_execution__halt_aware__with_dividends__slip_0p0025,2008-04-22,short,151,46.33,3012,90.3600000000038,240.0,390,46.3,end_of_session
corrected_execution__halt_aware__with_dividends__slip_0p0025,2008-04-23,long,91,46.999,2882,-141.21799999999854,30.0,121,46.95,scheduled_fill
corrected_execution__halt_aware__with_dividends__slip_0p0025,2008-04-24,short,31,46.61,2827,-593.6700000000023,90.0,121,46.82,scheduled_fill
corrected_execution__halt_aware__with_dividends__slip_0p0025,2008-04-24,long,181,47.32,2827,28.269999999994326,210.0,390,47.33,end_of_session
corrected_execution__halt_aware__with_dividends__slip_0p0025,2008-04-25,short,31,46.93,2761,-82.83000000000305,270.0,301,46.96,scheduled_fill
corrected_execution__halt_aware__with_dividends__slip_0p0025,2008-04-30,short,361,47.16,2878,-25.902000000000996,30.0,390,47.169,end_of_session
corrected_execution__halt_aware__with_dividends__slip_0p0025,2008-05-01,long,31,47.63,2905,3108.3500000000013,360.0,390,48.7,end_of_session
corrected_execution__halt_aware__with_dividends__slip_0p0025,2008-05-06,short,31,48.27,3104,-124.15999999999735,30.0,61,48.31,scheduled_fill
corrected_execution__halt_aware__with_dividends__slip_0p0025,2008-05-07,short,271,48.35,3390,1220.3999999999978,120.0,390,47.99,end_of_session
corrected_execution__halt_aware__with_dividends__slip_0p0025,2008-05-08,long,121,48.52,3123,-218.61000000000092,30.0,151,48.45,scheduled_fill
corrected_execution__halt_aware__with_dividends__slip_0p0025,2008-05-12,long,151,48.78,3615,1117.034999999991,240.0,390,49.089,end_of_session
corrected_execution__halt_aware__with_dividends__slip_0p0025,2008-05-14,long,31,49.66,3721,111.6300000000041,90.0,121,49.69,scheduled_fill
corrected_execution__halt_aware__with_dividends__slip_0p0025,2008-05-14,long,271,49.88,3721,-706.9900000000181,60.0,331,49.69,scheduled_fill
corrected_execution__halt_aware__with_dividends__slip_0p0025,2008-05-15,long,181,49.63,3754,-187.7000000000158,120.0,301,49.58,scheduled_fill
corrected_execution__halt_aware__with_dividends__slip_0p0025,2008-05-15,long,331,49.7401,3754,787.9646000000175,60.0,390,49.95,end_of_session
corrected_execution__halt_aware__with_dividends__slip_0p0025,2008-05-16,short,61,49.69,3598,-35.98000000001845,90.0,151,49.7,scheduled_fill
corrected_execution__halt_aware__with_dividends__slip_0p0025,2008-05-19,long,61,50.25,3589,-251.58889999998743,30.0,91,50.1799,scheduled_fill
corrected_execution__halt_aware__with_dividends__slip_0p0025,2008-05-20,short,31,49.2099,3541,35.05589999998139,60.0,91,49.2,scheduled_fill
corrected_execution__halt_aware__with_dividends__slip_0p0025,2008-05-20,short,121,49.07,3541,-459.9758999999973,60.0,181,49.1999,scheduled_fill
corrected_execution__halt_aware__with_dividends__slip_0p0025,2008-05-20,short,271,49.0,3541,-141.6399999999971,60.0,331,49.04,scheduled_fill
corrected_execution__halt_aware__with_dividends__slip_0p0025,2008-05-21,short,301,48.3299,3529,564.6400000000132,90.0,390,48.1699,end_of_session
corrected_execution__halt_aware__with_dividends__slip_0p0025,2008-05-23,short,211,47.85,4088,-408.8000000000057,30.0,241,47.95,scheduled_fill
corrected_execution__halt_aware__with_dividends__slip_0p0025,2008-05-27,long,31,48.548,4052,-72.93600000000313,90.0,121,48.53,scheduled_fill
corrected_execution__halt_aware__with_dividends__slip_0p0025,2008-05-27,long,271,48.7,4052,0.0,30.0,301,48.7,scheduled_fill
corrected_execution__halt_aware__with_dividends__slip_0p0025,2008-05-27,long,331,48.9899,4052,324.5652000000065,60.0,390,49.07,end_of_session
corrected_execution__halt_aware__with_dividends__slip_0p0025,2008-05-29,long,31,49.52,4152,-41.52000000002124,90.0,121,49.51,scheduled_fill
corrected_execution__halt_aware__with_dividends__slip_0p0025,2008-05-29,long,151,49.69,4152,124.56000000000518,240.0,390,49.72,end_of_session
corrected_execution__halt_aware__with_dividends__slip_0p0025,2008-05-30,long,61,50.09,4074,-484.806000000028,30.0,91,49.971,scheduled_fill
corrected_execution__halt_aware__with_dividends__slip_0p0025,2008-06-02,short,31,49.69,4090,1267.8999999999812,360.0,390,49.38,end_of_session
corrected_execution__halt_aware__with_dividends__slip_0p0025,2008-06-03,short,271,48.95,4268,-896.2799999999734,90.0,361,49.16,scheduled_fill
corrected_execution__halt_aware__with_dividends__slip_0p0025,2008-06-04,long,61,49.55,4281,-42.809999999990595,270.0,331,49.54,scheduled_fill
corrected_execution__halt_aware__with_dividends__slip_0p0025,2008-06-05,long,31,50.1,4090,327.1999999999942,270.0,301,50.18,scheduled_fill
corrected_execution__halt_aware__with_dividends__slip_0p0025,2008-06-05,long,331,50.35,4090,777.099999999991,60.0,390,50.54,end_of_session
corrected_execution__halt_aware__with_dividends__slip_0p0025,2008-06-06,short,61,49.86,4048,40.479999999991946,30.0,91,49.85,scheduled_fill
corrected_execution__halt_aware__with_dividends__slip_0p0025,2008-06-06,short,121,49.6,4048,2145.440000000005,270.0,390,49.07,end_of_session
corrected_execution__halt_aware__with_dividends__slip_0p0025,2008-06-09,short,31,48.64,3417,-205.02000000000785,180.0,211,48.7,scheduled_fill
corrected_execution__halt_aware__with_dividends__slip_0p0025,2008-06-09,short,241,48.3501,3417,-1230.1199999999983,150.0,390,48.7101,end_of_session
corrected_execution__halt_aware__with_dividends__slip_0p0025,2008-06-11,short,31,48.2,3455,518.2500000000194,60.0,91,48.05,scheduled_fill
corrected_execution__halt_aware__with_dividends__slip_0p0025,2008-06-11,short,121,47.79,3455,1416.5499999999884,270.0,390,47.38,end_of_session
corrected_execution__halt_aware__with_dividends__slip_0p0025,2008-06-12,long,31,48.01,3474,-1076.9399999999832,30.0,61,47.7,scheduled_fill
corrected_execution__halt_aware__with_dividends__slip_0p0025,2008-06-13,long,61,48.36,3453,-794.1899999999891,150.0,211,48.13,scheduled_fill
corrected_execution__halt_aware__with_dividends__slip_0p0025,2008-06-16,long,271,48.93,3155,-536.3500000000054,30.0,301,48.76,scheduled_fill
corrected_execution__halt_aware__with_dividends__slip_0p0025,2008-06-16,long,331,48.92,3155,-252.39999999999458,30.0,361,48.84,scheduled_fill
corrected_execution__halt_aware__with_dividends__slip_0p0025,2008-06-19,long,181,48.54,3307,-330.70000000000465,30.0,211,48.44,scheduled_fill
corrected_execution__halt_aware__with_dividends__slip_0p0025,2008-06-19,long,241,48.56,3307,-294.3230000000189,30.0,271,48.471,scheduled_fill
corrected_execution__halt_aware__with_dividends__slip_0p0025,2008-06-19,long,301,48.65,3307,396.84000000001527,90.0,390,48.77,end_of_session
corrected_execution__halt_aware__with_dividends__slip_0p0025,2008-06-20,short,31,47.95,3129,1661.4990000000194,360.0,390,47.419,end_of_session
corrected_execution__halt_aware__with_dividends__slip_0p0025,2008-06-25,long,31,47.191,3064,88.85599999998885,30.0,61,47.22,scheduled_fill
corrected_execution__halt_aware__with_dividends__slip_0p0025,2008-06-25,long,91,47.5919,3064,-396.17520000000195,180.0,271,47.4626,scheduled_fill
corrected_execution__halt_aware__with_dividends__slip_0p0025,2008-06-25,long,301,47.66,3064,-459.5999999999955,90.0,390,47.51,end_of_session
corrected_execution__halt_aware__with_dividends__slip_0p0025,2008-06-26,short,91,46.13,3108,1367.5200000000148,300.0,390,45.69,end_of_session
corrected_execution__halt_aware__with_dividends__slip_0p0025,2008-06-27,short,271,45.15,2976,-1130.8800000000076,30.0,301,45.53,scheduled_fill
corrected_execution__halt_aware__with_dividends__slip_0p0025,2008-07-01,long,331,45.72,2999,-239.9199999999949,30.0,361,45.64,scheduled_fill
corrected_execution__halt_aware__with_dividends__slip_0p0025,2008-07-02,short,151,45.29,2976,-386.8800000000076,90.0,241,45.42,scheduled_fill
corrected_execution__halt_aware__with_dividends__slip_0p0025,2008-07-02,short,301,45.26,2976,1636.7999999999915,90.0,390,44.71,end_of_session
corrected_execution__halt_aware__with_dividends__slip_0p0025,2008-07-07,long,31,45.39,3165,-316.50000000000443,60.0,91,45.29,scheduled_fill
corrected_execution__halt_aware__with_dividends__slip_0p0025,2008-07-08,long,31,45.24,3211,-256.8800000000173,30.0,61,45.16,scheduled_fill
corrected_execution__halt_aware__with_dividends__slip_0p0025,2008-07-08,long,121,45.26,3211,-321.1000000000046,30.0,151,45.16,scheduled_fill
corrected_execution__halt_aware__with_dividends__slip_0p0025,2008-07-08,long,181,45.41,3211,-385.319999999992,60.0,241,45.29,scheduled_fill
corrected_execution__halt_aware__with_dividends__slip_0p0025,2008-07-08,long,331,45.69,3211,899.0800000000038,60.0,390,45.97,end_of_session
corrected_execution__halt_aware__with_dividends__slip_0p0025,2008-07-09,short,31,45.69,2807,-645.610000000011,30.0,61,45.92,scheduled_fill
corrected_execution__halt_aware__with_dividends__slip_0p0025,2008-07-09,short,331,45.36,2807,1684.2000000000041,60.0,390,44.76,end_of_session
corrected_execution__halt_aware__with_dividends__slip_0p0025,2008-07-11,short,61,44.44,2826,-706.5000000000001,30.0,91,44.69,scheduled_fill
corrected_execution__halt_aware__with_dividends__slip_0p0025,2008-07-11,short,121,44.36,2826,-1299.960000000002,210.0,331,44.82,scheduled_fill
corrected_execution__halt_aware__with_dividends__slip_0p0025,2008-07-14,short,151,44.21,2902,-145.09999999999187,30.0,181,44.26,scheduled_fill
corrected_execution__halt_aware__with_dividends__slip_0p0025,2008-07-15,short,31,43.72,2975,59.499999999987935,60.0,91,43.7,scheduled_fill
corrected_execution__halt_aware__with_dividends__slip_0p0025,2008-07-16,long,91,44.64,2949,58.979999999988166,30.0,121,44.66,scheduled_fill
corrected_execution__halt_aware__with_dividends__slip_0p0025,2008-07-16,long,151,44.72,2949,1887.3600000000022,240.0,390,45.36,end_of_session
corrected_execution__halt_aware__with_dividends__slip_0p0025,2008-07-18,short,31,44.83,3325,-731.1675000000088,90.0,121,45.0499,scheduled_fill
corrected_execution__halt_aware__with_dividends__slip_0p0025,2008-07-21,short,151,44.53,3208,-352.8799999999982,30.0,181,44.64,scheduled_fill
corrected_execution__halt_aware__with_dividends__slip_0p0025,2008-07-23,long,61,45.52,3337,-1200.986300000011,90.0,151,45.1601,scheduled_fill
corrected_execution__halt_aware__with_dividends__slip_0p0025,2008-07-25,long,91,45.31,3429,-411.48000000001565,30.0,121,45.19,scheduled_fill
corrected_execution__halt_aware__with_dividends__slip_0p0025,2008-07-28,short,211,44.62,3290,924.4899999999966,180.0,390,44.339,end_of_session
corrected_execution__halt_aware__with_dividends__slip_0p0025,2008-07-29,long,31,44.86,3396,1731.9599999999932,360.0,390,45.37,end_of_session
corrected_execution__halt_aware__with_dividends__slip_0p0025,2008-07-31,long,31,45.749,3508,389.3879999999896,90.0,121,45.86,scheduled_fill
corrected_execution__halt_aware__with_dividends__slip_0p0025,2008-08-01,short,31,44.6,3641,-691.789999999992,60.0,91,44.79,scheduled_fill
corrected_execution__halt_aware__with_dividends__slip_0p0025,2008-08-01,short,121,44.77,3641,-728.1999999999846,30.0,151,44.97,scheduled_fill
corrected_execution__halt_aware__with_dividends__slip_0p0025,2008-08-01,short,211,44.7,3641,-1055.8899999999967,30.0,241,44.99,scheduled_fill
corrected_execution__halt_aware__with_dividends__slip_0p0025,2008-08-04,short,91,44.47,3529,-247.03000000000102,30.0,121,44.54,scheduled_fill
corrected_execution__halt_aware__with_dividends__slip_0p0025,2008-08-05,long,121,45.32,3426,2158.380000000009,270.0,390,45.95,end_of_session
corrected_execution__halt_aware__with_dividends__slip_0p0025,2008-08-06,long,241,46.41,3104,-279.35999999998853,30.0,271,46.32,scheduled_fill
corrected_execution__halt_aware__with_dividends__slip_0p0025,2008-08-06,long,301,46.5285,3104,345.7855999999881,90.0,390,46.6399,end_of_session
corrected_execution__halt_aware__with_dividends__slip_0p0025,2008-08-08,long,31,46.65,3084,2035.440000000011,360.0,390,47.31,end_of_session
corrected_execution__halt_aware__with_dividends__slip_0p0025,2008-08-11,long,121,47.76,2925,-320.28749999999184,210.0,331,47.6505,scheduled_fill
corrected_execution__halt_aware__with_dividends__slip_0p0025,2008-08-13,short,151,47.29,2901,-202.77990000001176,30.0,181,47.3599,scheduled_fill
corrected_execution__halt_aware__with_dividends__slip_0p0025,2008-08-14,long,151,48.24,3009,90.27000000000311,120.0,271,48.27,scheduled_fill
corrected_execution__halt_aware__with_dividends__slip_0p0025,2008-08-14,long,301,48.31,3009,-240.72000000001617,30.0,331,48.23,scheduled_fill
corrected_execution__halt_aware__with_dividends__slip_0p0025,2008-08-18,short,181,47.67,3407,-5.684341886080802e-14,60.0,241,47.67,scheduled_fill
corrected_execution__halt_aware__with_dividends__slip_0p0025,2008-08-18,short,271,47.44,3407,-374.76999999999805,120.0,390,47.55,end_of_session
corrected_execution__halt_aware__with_dividends__slip_0p0025,2008-08-19,short,361,46.87,3489,-244.230000000001,30.0,390,46.94,end_of_session
corrected_execution__halt_aware__with_dividends__slip_0p0025,2008-08-22,long,31,47.28,3470,246.36999999999279,90.0,121,47.351,scheduled_fill
corrected_execution__halt_aware__with_dividends__slip_0p0025,2008-08-22,long,301,47.59,3470,-173.50000000001478,30.0,331,47.54,scheduled_fill
corrected_execution__halt_aware__with_dividends__slip_0p0025,2008-08-25,short,91,46.8599,3580,1324.2420000000052,300.0,390,46.49,end_of_session
corrected_execution__halt_aware__with_dividends__slip_0p0025,2008-08-27,long,61,46.67,4295,-386.5500000000147,30.0,91,46.58,scheduled_fill
corrected_execution__halt_aware__with_dividends__slip_0p0025,2008-08-27,long,211,47.03,4295,-1374.4000000000015,150.0,361,46.71,scheduled_fill
corrected_execution__halt_aware__with_dividends__slip_0p0025,2008-08-29,short,61,46.4211,4903,593.7533000000265,180.0,241,46.3,scheduled_fill
corrected_execution__halt_aware__with_dividends__slip_0p0025,2008-08-29,short,271,46.15,4903,-637.3900000000126,30.0,301,46.28,scheduled_fill
corrected_execution__halt_aware__with_dividends__slip_0p0025,2008-08-29,short,361,46.1116,4903,105.9047999999969,30.0,390,46.09,end_of_session
corrected_execution__halt_aware__with_dividends__slip_0p0025,2008-09-02,short,271,45.65,4376,350.07999999999225,120.0,390,45.57,end_of_session
corrected_execution__halt_aware__with_dividends__slip_0p0025,2008-09-03,short,151,44.94,4450,-934.5000000000036,120.0,271,45.15,scheduled_fill
corrected_execution__halt_aware__with_dividends__slip_0p0025,2008-09-03,short,331,44.928,4450,-623.0000000000026,30.0,361,45.068,scheduled_fill
corrected_execution__halt_aware__with_dividends__slip_0p0025,2008-09-04,short,91,44.43,4423,3184.117700000012,300.0,390,43.7101,end_of_session
corrected_execution__halt_aware__with_dividends__slip_0p0025,2008-09-05,short,91,42.9499,4232,-719.8631999999913,30.0,121,43.12,scheduled_fill
corrected_execution__halt_aware__with_dividends__slip_0p0025,2008-09-08,short,121,43.16,4119,-370.71000000001374,90.0,211,43.25,scheduled_fill
corrected_execution__halt_aware__with_dividends__slip_0p0025,2008-09-08,short,241,43.02,4119,-494.2799999999894,60.0,301,43.14,scheduled_fill
corrected_execution__halt_aware__with_dividends__slip_0p0025,2008-09-09,long,31,43.76,4184,-1548.079999999989,30.0,61,43.39,scheduled_fill
corrected_execution__halt_aware__with_dividends__slip_0p0025,2008-09-09,short,271,42.88,4184,-41.83999999999156,30.0,301,42.89,scheduled_fill
corrected_execution__halt_aware__with_dividends__slip_0p0025,2008-09-09,short,331,42.609,4184,866.088000000003,60.0,390,42.402,end_of_session
corrected_execution__halt_aware__with_dividends__slip_0p0025,2008-09-11,long,151,43.1,3939,-118.17000000000448,30.0,181,43.07,scheduled_fill
corrected_execution__halt_aware__with_dividends__slip_0p0025,2008-09-11,long,211,43.1,3939,-941.4210000000172,30.0,241,42.861,scheduled_fill
corrected_execution__halt_aware__with_dividends__slip_0p0025,2008-09-12,short,31,43.04,3327,-499.0499999999953,30.0,61,43.19,scheduled_fill
corrected_execution__halt_aware__with_dividends__slip_0p0025,2008-09-17,short,61,41.65,3339,1335.5999999999967,300.0,361,41.25,scheduled_fill
corrected_execution__halt_aware__with_dividends__slip_0p0025,2008-09-18,short,211,39.612,2901,-864.4979999999848,30.0,241,39.91,scheduled_fill
corrected_execution__halt_aware__with_dividends__slip_0p0025,2008-09-22,short,31,42.41,2218,-354.8800000000082,60.0,91,42.57,scheduled_fill
corrected_execution__halt_aware__with_dividends__slip_0p0025,2008-09-22,short,121,42.16,2218,2595.059999999988,270.0,390,40.99,end_of_session
corrected_execution__halt_aware__with_dividends__slip_0p0025,2008-09-23,long,61,41.66,2152,-602.559999999987,30.0,91,41.38,scheduled_fill
corrected_execution__halt_aware__with_dividends__slip_0p0025,2008-09-25,long,61,41.6499,2209,-397.3991000000077,30.0,91,41.47,scheduled_fill
corrected_execution__halt_aware__with_dividends__slip_0p0025,2008-09-29,short,31,39.32,2192,3682.5599999999995,360.0,390,37.64,end_of_session
corrected_execution__halt_aware__with_dividends__slip_0p0025,2008-09-30,long,151,38.48,1847,-554.0999999999949,30.0,181,38.18,scheduled_fill
corrected_execution__halt_aware__with_dividends__slip_0p0025,2008-09-30,long,211,38.45,1847,1200.5499999999968,180.0,390,39.1,end_of_session
corrected_execution__halt_aware__with_dividends__slip_0p0025,2008-10-01,short,91,38.19,1698,-288.6600000000028,60.0,151,38.36,scheduled_fill
corrected_execution__halt_aware__with_dividends__slip_0p0025,2008-10-02,short,31,37.6901,1760,1654.5760000000018,360.0,390,36.75,end_of_session
corrected_execution__halt_aware__with_dividends__slip_0p0025,2008-10-06,short,31,34.54,1883,-94.15000000000725,330.0,361,34.59,scheduled_fill
corrected_execution__halt_aware__with_dividends__slip_0p0025,2008-10-07,short,31,34.4899,1868,-541.9068000000046,30.0,61,34.78,scheduled_fill
corrected_execution__halt_aware__with_dividends__slip_0p0025,2008-10-07,short,181,34.0,1868,2222.9199999999955,210.0,390,32.81,end_of_session
corrected_execution__halt_aware__with_dividends__slip_0p0025,2008-10-08,long,31,33.53,2039,-1529.2499999999998,30.0,61,32.78,scheduled_fill
corrected_execution__halt_aware__with_dividends__slip_0p0025,2008-10-08,long,271,33.88,2039,-2385.6300000000037,120.0,390,32.71,end_of_session
corrected_execution__halt_aware__with_dividends__slip_0p0025,2008-10-10,short,271,29.71,2375,-498.750000000002,30.0,301,29.92,scheduled_fill
corrected_execution__halt_aware__with_dividends__slip_0p0025,2008-10-13,long,181,33.61,2240,-582.3999999999955,90.0,271,33.35,scheduled_fill
corrected_execution__halt_aware__with_dividends__slip_0p0025,2008-10-13,long,331,33.7505,2240,2709.2799999999966,60.0,390,34.96,end_of_session
corrected_execution__halt_aware__with_dividends__slip_0p0025,2008-10-14,short,91,34.31,1344,-174.7199999999939,30.0,121,34.44,scheduled_fill
corrected_execution__halt_aware__with_dividends__slip_0p0025,2008-10-14,short,301,33.84,1344,309.12000000000535,90.0,390,33.61,end_of_session
corrected_execution__halt_aware__with_dividends__slip_0p0025,2008-10-15,short,91,32.45,1448,2534.000000000005,300.0,390,30.7,end_of_session
corrected_execution__halt_aware__with_dividends__slip_0p0025,2008-10-16,short,61,29.99,1510,-770.1000000000023,90.0,151,30.5,scheduled_fill
corrected_execution__halt_aware__with_dividends__slip_0p0025,2008-10-17,long,241,33.14,1372,-576.2400000000024,60.0,301,32.72,scheduled_fill
corrected_execution__halt_aware__with_dividends__slip_0p0025,2008-10-21,short,211,31.83,1435,-358.7499999999999,30.0,241,32.08,scheduled_fill
corrected_execution__halt_aware__with_dividends__slip_0p0025,2008-10-23,short,241,29.74,1511,105.76999999999501,30.0,271,29.67,scheduled_fill
corrected_execution__halt_aware__with_dividends__slip_0p0025,2008-10-23,short,301,29.24,1511,-1042.590000000002,60.0,361,29.93,scheduled_fill
corrected_execution__halt_aware__with_dividends__slip_0p0025,2008-10-28,long,361,30.79,1590,1574.1000000000029,30.0,390,31.78,end_of_session
corrected_execution__halt_aware__with_dividends__slip_0p0025,2008-11-05,short,181,32.76,1764,1450.0079999999984,210.0,390,31.938,end_of_session
corrected_execution__halt_aware__with_dividends__slip_0p0025,2008-11-06,short,121,30.99,1824,-273.6000000000039,30.0,151,31.14,scheduled_fill
corrected_execution__halt_aware__with_dividends__slip_0p0025,2008-11-06,short,181,30.75,1824,-291.84000000000026,150.0,331,30.91,scheduled_fill
corrected_execution__halt_aware__with_dividends__slip_0p0025,2008-11-06,short,361,30.62,1824,18.24000000000285,30.0,390,30.61,end_of_session
corrected_execution__halt_aware__with_dividends__slip_0p0025,2008-11-10,short,211,30.66,1747,-262.04999999999757,30.0,241,30.81,scheduled_fill
corrected_execution__halt_aware__with_dividends__slip_0p0025,2008-11-10,short,331,30.57,1747,-419.27999999999736,60.0,390,30.81,end_of_session
corrected_execution__halt_aware__with_dividends__slip_0p0025,2008-11-11,short,31,29.92,1915,-495.9849999999939,240.0,271,30.179,scheduled_fill
corrected_execution__halt_aware__with_dividends__slip_0p0025,2008-11-12,short,271,29.07,1989,700.1280000000005,120.0,390,28.718,end_of_session
corrected_execution__halt_aware__with_dividends__slip_0p0025,2008-11-13,short,181,28.03,1985,-496.2499999999997,90.0,271,28.28,scheduled_fill
corrected_execution__halt_aware__with_dividends__slip_0p0025,2008-11-13,long,331,29.42,1985,2163.6499999999996,60.0,390,30.51,end_of_session
corrected_execution__halt_aware__with_dividends__slip_0p0025,2008-11-14,short,61,29.52,1808,145.36320000000188,150.0,211,29.4396,scheduled_fill
corrected_execution__halt_aware__with_dividends__slip_0p0025,2008-11-18,short,271,27.69,2397,-359.54999999999666,90.0,361,27.84,scheduled_fill
corrected_execution__halt_aware__with_dividends__slip_0p0025,2008-11-19,short,121,27.86,2403,2499.119999999998,270.0,390,26.82,end_of_session
corrected_execution__halt_aware__with_dividends__slip_0p0025,2008-11-24,long,61,27.85,2305,-644.7085000000042,120.0,181,27.5703,scheduled_fill
corrected_execution__halt_aware__with_dividends__slip_0p0025,2008-11-24,long,271,27.88,2305,900.1024999999981,120.0,390,28.2705,end_of_session
corrected_execution__halt_aware__with_dividends__slip_0p0025,2008-11-25,short,91,27.78,2041,-346.9699999999963,30.0,121,27.95,scheduled_fill
corrected_execution__halt_aware__with_dividends__slip_0p0025,2008-11-25,short,301,27.68,2041,-897.8359000000032,30.0,331,28.1199,scheduled_fill
corrected_execution__halt_aware__with_dividends__slip_0p0025,2008-11-26,long,61,28.5412,2181,1633.132799999999,330.0,390,29.29,end_of_session
corrected_execution__halt_aware__with_dividends__slip_0p0025,2008-12-01,short,31,28.0,2153,2325.2399999999966,360.0,390,26.92,end_of_session
corrected_execution__halt_aware__with_dividends__slip_0p0025,2008-12-03,long,91,28.3,2030,-182.69999999999953,90.0,181,28.21,scheduled_fill
corrected_execution__halt_aware__with_dividends__slip_0p0025,2008-12-05,short,31,27.2701,2167,-86.46329999999845,60.0,91,27.31,scheduled_fill
corrected_execution__halt_aware__with_dividends__slip_0p0025,2008-12-05,long,331,28.64,2167,866.799999999997,60.0,390,29.04,end_of_session
corrected_execution__halt_aware__with_dividends__slip_0p0025,2008-12-08,long,61,29.89,2021,80.83999999999826,30.0,91,29.93,scheduled_fill
corrected_execution__halt_aware__with_dividends__slip_0p0025,2008-12-08,long,331,30.31,2021,-383.98999999999546,60.0,390,30.12,end_of_session
corrected_execution__halt_aware__with_dividends__slip_0p0025,2008-12-09,long,61,30.49,1989,-79.55999999999818,60.0,121,30.45,scheduled_fill
corrected_execution__halt_aware__with_dividends__slip_0p0025,2008-12-12,long,211,29.659,2265,-563.9849999999972,30.0,241,29.41,scheduled_fill
corrected_execution__halt_aware__with_dividends__slip_0p0025,2008-12-15,short,31,29.28,2225,284.8000000000005,360.0,390,29.152,end_of_session
corrected_execution__halt_aware__with_dividends__slip_0p0025,2008-12-16,long,361,30.55,2414,-24.14000000000378,30.0,390,30.54,end_of_session
corrected_execution__halt_aware__with_dividends__slip_0p0025,2008-12-22,short,31,29.52,2911,-50.65140000000605,60.0,91,29.5374,scheduled_fill
corrected_execution__halt_aware__with_dividends__slip_0p0025,2008-12-22,short,121,29.41,2911,465.75999999999954,270.0,390,29.25,end_of_session
corrected_execution__halt_aware__with_dividends__slip_0p0025,2008-12-23,long,31,29.51,2956,-206.92000000000093,30.0,61,29.44,scheduled_fill
corrected_execution__halt_aware__with_dividends__slip_0p0025,2008-12-29,short,61,28.7,3661,292.87999999999386,270.0,331,28.62,scheduled_fill
corrected_execution__halt_aware__with_dividends__slip_0p0025,2008-12-30,long,151,29.55,4115,-1111.0499999999984,120.0,271,29.28,scheduled_fill
corrected_execution__halt_aware__with_dividends__slip_0p0025,2008-12-31,long,31,29.73,3805,532.7000000000018,330.0,361,29.87,scheduled_fill
corrected_execution__halt_aware__with_dividends__slip_0p0025,2009-01-02,long,91,30.36,3787,2461.5500000000084,300.0,390,31.01,end_of_session
corrected_execution__halt_aware__with_dividends__slip_0p0025,2009-01-06,long,31,31.52,3787,-1173.591299999996,30.0,61,31.2101,scheduled_fill
corrected_execution__halt_aware__with_dividends__slip_0p0025,2009-01-07,short,61,30.54,3969,-317.52000000000726,30.0,91,30.62,scheduled_fill
corrected_execution__halt_aware__with_dividends__slip_0p0025,2009-01-07,short,331,30.342,3969,-111.13200000000893,30.0,361,30.37,scheduled_fill
corrected_execution__halt_aware__with_dividends__slip_0p0025,2009-01-08,short,31,30.15,4477,-402.9299999999992,30.0,61,30.24,scheduled_fill
corrected_execution__halt_aware__with_dividends__slip_0p0025,2009-01-09,short,31,30.01,4419,-883.7999999999967,90.0,121,30.21,scheduled_fill
corrected_execution__halt_aware__with_dividends__slip_0p0025,2009-01-09,short,151,30.1799,4419,-265.5818999999933,30.0,181,30.24,scheduled_fill
corrected_execution__halt_aware__with_dividends__slip_0p0025,2009-01-09,short,241,30.1378,4419,-584.1918000000043,60.0,301,30.27,scheduled_fill
corrected_execution__halt_aware__with_dividends__slip_0p0025,2009-01-09,short,361,30.19,4419,486.0900000000131,30.0,390,30.08,end_of_session
corrected_execution__halt_aware__with_dividends__slip_0p0025,2009-01-12,short,61,29.78,4452,988.3440000000052,330.0,390,29.558,end_of_session
corrected_execution__halt_aware__with_dividends__slip_0p0025,2009-01-13,long,31,29.91,4498,-764.6600000000077,30.0,61,29.74,scheduled_fill
corrected_execution__halt_aware__with_dividends__slip_0p0025,2009-01-14,short,61,28.9,4827,434.42999999999876,270.0,331,28.81,scheduled_fill
corrected_execution__halt_aware__with_dividends__slip_0p0025,2009-01-14,short,361,28.59,4827,-338.3727000000003,30.0,390,28.6601,end_of_session
corrected_execution__halt_aware__with_dividends__slip_0p0025,2009-01-15,short,31,28.33,4465,133.94999999998933,90.0,121,28.3,scheduled_fill
corrected_execution__halt_aware__with_dividends__slip_0p0025,2009-01-15,short,181,28.19,4465,-357.19999999999226,30.0,211,28.27,scheduled_fill
corrected_execution__halt_aware__with_dividends__slip_0p0025,2009-01-15,long,331,29.1005,4465,310.3175000000073,60.0,390,29.17,end_of_session
corrected_execution__halt_aware__with_dividends__slip_0p0025,2009-01-16,short,181,28.8,4184,-627.599999999994,30.0,211,28.95,scheduled_fill
corrected_execution__halt_aware__with_dividends__slip_0p0025,2009-01-20,short,31,28.85,4152,3529.2000000000035,360.0,390,28.0,end_of_session
corrected_execution__halt_aware__with_dividends__slip_0p0025,2009-01-23,long,271,29.26,3454,-241.78000000000102,30.0,301,29.19,scheduled_fill
corrected_execution__halt_aware__with_dividends__slip_0p0025,2009-01-26,long,61,29.53,3750,-1087.5000000000098,180.0,241,29.24,scheduled_fill
corrected_execution__halt_aware__with_dividends__slip_0p0025,2009-01-27,long,181,29.54,3679,-441.4799999999905,60.0,241,29.42,scheduled_fill
corrected_execution__halt_aware__with_dividends__slip_0p0025,2009-01-27,long,361,29.56,3679,-584.960999999996,30.0,390,29.401,end_of_session
corrected_execution__halt_aware__with_dividends__slip_0p0025,2009-01-28,long,121,30.192,3561,-327.61199999999565,240.0,361,30.1,scheduled_fill
corrected_execution__halt_aware__with_dividends__slip_0p0025,2009-01-30,short,121,29.1,3319,-729.848099999997,60.0,181,29.3199,scheduled_fill
corrected_execution__halt_aware__with_dividends__slip_0p0025,2009-01-30,short,361,29.09,3319,165.95000000000243,30.0,390,29.04,end_of_session
corrected_execution__halt_aware__with_dividends__slip_0p0025,2009-02-02,long,61,29.36,3434,-385.29479999999256,30.0,91,29.2478,scheduled_fill
corrected_execution__halt_aware__with_dividends__slip_0p0025,2009-02-02,long,211,29.45,3434,-686.7999999999977,30.0,241,29.25,scheduled_fill
corrected_execution__halt_aware__with_dividends__slip_0p0025,2009-02-03,short,31,29.12,3332,-599.7599999999991,30.0,61,29.3,scheduled_fill
corrected_execution__halt_aware__with_dividends__slip_0p0025,2009-02-03,long,361,29.959,3332,-296.5479999999955,30.0,390,29.87,end_of_session
corrected_execution__halt_aware__with_dividends__slip_0p0025,2009-02-04,long,31,30.3299,3213,160.97130000000183,150.0,181,30.38,scheduled_fill
corrected_execution__halt_aware__with_dividends__slip_0p0025,2009-02-05,long,91,30.28,3500,-66.50000000000661,30.0,121,30.261,scheduled_fill
corrected_execution__halt_aware__with_dividends__slip_0p0025,2009-02-05,long,151,30.46,3500,384.9999999999982,240.0,390,30.57,end_of_session
corrected_execution__halt_aware__with_dividends__slip_0p0025,2009-02-06,long,31,31.1521,3347,-542.5487000000079,30.0,61,30.99,scheduled_fill
corrected_execution__halt_aware__with_dividends__slip_0p0025,2009-02-06,long,91,31.0901,3347,936.825300000005,300.0,390,31.37,end_of_session
corrected_execution__halt_aware__with_dividends__slip_0p0025,2009-02-10,short,151,30.54,4202,966.4600000000023,240.0,390,30.31,end_of_session
corrected_execution__halt_aware__with_dividends__slip_0p0025,2009-02-19,short,181,28.92,4010,-400.9999999999915,30.0,211,29.02,scheduled_fill
corrected_execution__halt_aware__with_dividends__slip_0p0025,2009-02-23,short,31,28.69,4308,3618.7200000000003,360.0,390,27.85,end_of_session
corrected_execution__halt_aware__with_dividends__slip_0p0025,2009-02-24,long,271,28.49,4213,1306.0300000000095,120.0,390,28.8,end_of_session
corrected_execution__halt_aware__with_dividends__slip_0p0025,2009-02-25,short,91,28.26,3841,-768.1999999999972,30.0,121,28.46,scheduled_fill
corrected_execution__halt_aware__with_dividends__slip_0p0025,2009-02-26,short,331,28.01,3803,722.5700000000047,60.0,390,27.82,end_of_session
corrected_execution__halt_aware__with_dividends__slip_0p0025,2009-03-02,short,151,26.78,4501,-450.09999999999036,30.0,181,26.88,scheduled_fill
corrected_execution__halt_aware__with_dividends__slip_0p0025,2009-03-02,short,211,26.66,4501,-675.1499999999938,60.0,271,26.81,scheduled_fill
corrected_execution__halt_aware__with_dividends__slip_0p0025,2009-03-02,short,301,26.64,4501,180.0399999999963,90.0,390,26.6,end_of_session
corrected_execution__halt_aware__with_dividends__slip_0p0025,2009-03-04,long,91,27.27,4536,-90.71999999999832,120.0,211,27.25,scheduled_fill
corrected_execution__halt_aware__with_dividends__slip_0p0025,2009-03-04,long,241,27.4,4536,-272.15999999999417,150.0,390,27.34,end_of_session
corrected_execution__halt_aware__with_dividends__slip_0p0025,2009-03-05,short,121,26.61,4189,-292.8111000000025,240.0,361,26.6799,scheduled_fill
corrected_execution__halt_aware__with_dividends__slip_0p0025,2009-03-06,short,61,26.23,4236,-33.887999999996566,330.0,390,26.238,end_of_session
corrected_execution__halt_aware__with_dividends__slip_0p0025,2009-03-09,long,31,26.45,4341,-1128.659999999992,60.0,91,26.19,scheduled_fill
corrected_execution__halt_aware__with_dividends__slip_0p0025,2009-03-10,long,31,26.59,4558,3372.9199999999946,360.0,390,27.33,end_of_session
corrected_execution__halt_aware__with_dividends__slip_0p0025,2009-03-11,long,61,27.93,3289,-164.45000000000238,30.0,91,27.88,scheduled_fill
corrected_execution__halt_aware__with_dividends__slip_0p0025,2009-03-12,long,151,28.13,3246,1658.705999999998,240.0,390,28.641,end_of_session
corrected_execution__halt_aware__with_dividends__slip_0p0025,2009-03-16,short,61,28.41,3193,-925.9699999999973,60.0,121,28.7,scheduled_fill
corrected_execution__halt_aware__with_dividends__slip_0p0025,2009-03-17,long,31,28.56,3367,-269.3599999999942,30.0,61,28.48,scheduled_fill
corrected_execution__halt_aware__with_dividends__slip_0p0025,2009-03-17,long,181,28.74,3367,-67.33999999999853,120.0,301,28.72,scheduled_fill
corrected_execution__halt_aware__with_dividends__slip_0p0025,2009-03-17,long,331,28.93,3367,1212.119999999998,60.0,390,29.29,end_of_session
corrected_execution__halt_aware__with_dividends__slip_0p0025,2009-03-18,long,301,29.98,3088,-1204.3200000000015,60.0,361,29.59,scheduled_fill
corrected_execution__halt_aware__with_dividends__slip_0p0025,2009-03-20,long,31,29.86,3160,-126.39999999999733,30.0,61,29.82,scheduled_fill
corrected_execution__halt_aware__with_dividends__slip_0p0025,2009-03-20,short,241,29.18,3160,31.599999999993543,90.0,331,29.17,scheduled_fill
corrected_execution__halt_aware__with_dividends__slip_0p0025,2009-03-23,long,91,30.1805,3371,-170.23549999999847,30.0,121,30.13,scheduled_fill
corrected_execution__halt_aware__with_dividends__slip_0p0025,2009-03-23,long,151,30.41,3371,-741.6199999999961,90.0,241,30.19,scheduled_fill
corrected_execution__halt_aware__with_dividends__slip_0p0025,2009-03-23,long,331,30.51,3371,1213.559999999998,60.0,390,30.87,end_of_session
corrected_execution__halt_aware__with_dividends__slip_0p0025,2009-03-25,long,31,30.79,2832,84.96000000000328,30.0,61,30.82,scheduled_fill
corrected_execution__halt_aware__with_dividends__slip_0p0025,2009-03-26,long,181,31.24,3007,-420.97999999999104,30.0,211,31.1,scheduled_fill
corrected_execution__halt_aware__with_dividends__slip_0p0025,2009-03-26,long,241,31.37,3007,-330.7699999999983,60.0,301,31.26,scheduled_fill
corrected_execution__halt_aware__with_dividends__slip_0p0025,2009-03-30,short,31,29.97,3052,549.3599999999989,330.0,361,29.79,scheduled_fill
corrected_execution__halt_aware__with_dividends__slip_0p0025,2009-03-31,long,331,30.87,3333,-333.3000000000046,30.0,361,30.77,scheduled_fill
corrected_execution__halt_aware__with_dividends__slip_0p0025,2009-04-01,long,181,30.66,3382,-372.0199999999981,30.0,211,30.55,scheduled_fill
corrected_execution__halt_aware__with_dividends__slip_0p0025,2009-04-02,long,31,31.5505,3359,401.4005000000065,360.0,390,31.67,end_of_session
corrected_execution__halt_aware__with_dividends__slip_0p0025,2009-04-07,short,31,31.63,3461,-138.4400000000092,30.0,61,31.67,scheduled_fill
corrected_execution__halt_aware__with_dividends__slip_0p0025,2009-04-07,short,151,31.6,3461,-105.21440000000071,60.0,211,31.6304,scheduled_fill
corrected_execution__halt_aware__with_dividends__slip_0p0025,2009-04-07,short,241,31.32,3461,-138.43999999999699,150.0,390,31.36,end_of_session
corrected_execution__halt_aware__with_dividends__slip_0p0025,2009-04-08,long,31,31.91,3228,-1194.3600000000033,30.0,61,31.54,scheduled_fill
corrected_execution__halt_aware__with_dividends__slip_0p0025,2009-04-08,long,211,32.12,3228,-358.3079999999907,30.0,241,32.009,scheduled_fill
corrected_execution__halt_aware__with_dividends__slip_0p0025,2009-04-09,long,31,32.94,3076,-492.15999999998957,60.0,91,32.78,scheduled_fill
corrected_execution__halt_aware__with_dividends__slip_0p0025,2009-04-16,long,331,33.32,3753,-300.23999999999353,60.0,390,33.24,end_of_session
corrected_execution__halt_aware__with_dividends__slip_0p0025,2009-04-20,short,61,32.37,4137,536.5688999999991,330.0,390,32.2403,end_of_session
corrected_execution__halt_aware__with_dividends__slip_0p0025,2009-04-21,long,31,32.56,4015,-963.600000000008,30.0,61,32.32,scheduled_fill
corrected_execution__halt_aware__with_dividends__slip_0p0025,2009-04-21,long,121,32.55,4015,-160.59999999999667,120.0,241,32.51,scheduled_fill
corrected_execution__halt_aware__with_dividends__slip_0p0025,2009-04-21,long,361,32.63,4015,275.4289999999858,30.0,390,32.6986,end_of_session
corrected_execution__halt_aware__with_dividends__slip_0p0025,2009-04-22,long,31,32.91,3920,862.4000000000237,180.0,211,33.13,scheduled_fill
corrected_execution__halt_aware__with_dividends__slip_0p0025,2009-04-22,long,241,33.2,3920,-392.00000000000557,30.0,271,33.1,scheduled_fill
corrected_execution__halt_aware__with_dividends__slip_0p0025,2009-04-22,long,301,33.31,3920,-2077.6000000000045,90.0,390,32.78,end_of_session
corrected_execution__halt_aware__with_dividends__slip_0p0025,2009-04-24,long,151,33.77,4046,-728.2799999999988,150.0,301,33.59,scheduled_fill
corrected_execution__halt_aware__with_dividends__slip_0p0025,2009-04-24,long,331,33.84,4046,-598.808000000013,60.0,390,33.692,end_of_session
corrected_execution__halt_aware__with_dividends__slip_0p0025,2009-04-27,long,91,34.0201,3989,-359.40889999999865,90.0,181,33.93,scheduled_fill
corrected_execution__halt_aware__with_dividends__slip_0p0025,2009-04-29,long,61,34.03,4452,89.03999999998229,300.0,361,34.05,scheduled_fill
corrected_execution__halt_aware__with_dividends__slip_0p0025,2009-04-30,long,31,34.62,4459,-802.6199999999995,180.0,211,34.44,scheduled_fill
corrected_execution__halt_aware__with_dividends__slip_0p0025,2009-05-04,long,61,34.95,4894,-440.4600000000167,30.0,91,34.86,scheduled_fill
corrected_execution__halt_aware__with_dividends__slip_0p0025,2009-05-04,long,271,34.96,4894,-293.6400000000111,60.0,331,34.9,scheduled_fill
corrected_execution__halt_aware__with_dividends__slip_0p0025,2009-05-05,short,301,34.6603,4811,-672.096699999989,30.0,331,34.8,scheduled_fill
corrected_execution__halt_aware__with_dividends__slip_0p0025,2009-05-06,short,61,34.61,4799,-527.8899999999973,30.0,91,34.72,scheduled_fill
corrected_execution__halt_aware__with_dividends__slip_0p0025,2009-05-07,short,31,34.62,5206,2394.7600000000043,360.0,390,34.16,end_of_session
corrected_execution__halt_aware__with_dividends__slip_0p0025,2009-05-11,long,271,34.64,6291,-314.549999999982,30.0,301,34.59,scheduled_fill
corrected_execution__halt_aware__with_dividends__slip_0p0025,2009-05-12,short,31,34.04,6338,190.14000000000715,30.0,61,34.01,scheduled_fill
corrected_execution__halt_aware__with_dividends__slip_0p0025,2009-05-12,short,91,33.88,6338,-190.1399999999632,240.0,331,33.91,scheduled_fill
corrected_execution__halt_aware__with_dividends__slip_0p0025,2009-05-13,short,91,33.19,5999,-419.9300000000017,30.0,121,33.26,scheduled_fill
corrected_execution__halt_aware__with_dividends__slip_0p0025,2009-05-13,short,151,33.18,5999,-536.9105000000061,30.0,181,33.2695,scheduled_fill
corrected_execution__halt_aware__with_dividends__slip_0p0025,2009-05-13,short,211,33.1007,5999,484.1193000000012,180.0,390,33.02,end_of_session
corrected_execution__halt_aware__with_dividends__slip_0p0025,2009-05-14,long,301,33.59,5178,-828.4800000000191,90.0,390,33.43,end_of_session
corrected_execution__halt_aware__with_dividends__slip_0p0025,2009-05-18,long,211,33.96,5396,-215.83999999999546,30.0,241,33.92,scheduled_fill
corrected_execution__halt_aware__with_dividends__slip_0p0025,2009-05-18,long,331,34.18,5396,323.76000000001227,60.0,390,34.24,end_of_session
corrected_execution__halt_aware__with_dividends__slip_0p0025,2009-05-19,long,331,34.64,4714,-1225.6399999999906,60.0,390,34.38,end_of_session
corrected_execution__halt_aware__with_dividends__slip_0p0025,2009-05-20,long,31,34.81,4727,520.4426999999798,60.0,91,34.9201,scheduled_fill
corrected_execution__halt_aware__with_dividends__slip_0p0025,2009-05-21,short,121,33.57,4872,-682.0800000000027,30.0,151,33.71,scheduled_fill
corrected_execution__halt_aware__with_dividends__slip_0p0025,2009-05-21,short,181,33.55,4872,-438.4800000000168,210.0,390,33.64,end_of_session
corrected_execution__halt_aware__with_dividends__slip_0p0025,2009-05-26,long,31,33.92,5124,4304.159999999979,360.0,390,34.76,end_of_session
corrected_execution__halt_aware__with_dividends__slip_0p0025,2009-06-01,long,31,36.0188,4111,1484.8932000000166,360.0,390,36.38,end_of_session
corrected_execution__halt_aware__with_dividends__slip_0p0025,2009-06-08,short,31,36.24,4329,173.15999999999627,30.0,61,36.2,scheduled_fill
corrected_execution__halt_aware__with_dividends__slip_0p0025,2009-06-08,short,151,36.2,4329,129.87000000000484,30.0,181,36.17,scheduled_fill
corrected_execution__halt_aware__with_dividends__slip_0p0025,2009-06-10,short,91,36.61,4490,-808.1999999999985,300.0,390,36.79,end_of_session
corrected_execution__halt_aware__with_dividends__slip_0p0025,2009-06-11,long,31,37.08,4486,-134.58000000000516,30.0,61,37.05,scheduled_fill
corrected_execution__halt_aware__with_dividends__slip_0p0025,2009-06-11,long,241,37.2,4486,-308.63680000001386,30.0,271,37.1312,scheduled_fill
corrected_execution__halt_aware__with_dividends__slip_0p0025,2009-06-12,short,31,36.41,4975,497.4999999999717,30.0,61,36.31,scheduled_fill
corrected_execution__halt_aware__with_dividends__slip_0p0025,2009-06-12,short,151,36.3,4975,-199.00000000003106,30.0,181,36.34,scheduled_fill
corrected_execution__halt_aware__with_dividends__slip_0p0025,2009-06-15,short,91,35.72,4956,-740.9220000000165,300.0,390,35.8695,end_of_session
corrected_execution__halt_aware__with_dividends__slip_0p0025,2009-06-17,long,181,35.95,5315,-212.60000000003316,30.0,211,35.91,scheduled_fill
corrected_execution__halt_aware__with_dividends__slip_0p0025,2009-06-17,long,241,36.0201,5315,-532.0314999999875,120.0,361,35.92,scheduled_fill
corrected_execution__halt_aware__with_dividends__slip_0p0025,2009-06-19,long,31,36.29,5412,-378.8400000000016,30.0,61,36.22,scheduled_fill
corrected_execution__halt_aware__with_dividends__slip_0p0025,2009-06-19,long,91,36.3201,5412,-271.1411999999641,30.0,121,36.27,scheduled_fill
corrected_execution__halt_aware__with_dividends__slip_0p0025,2009-06-22,short,31,35.46,7587,2579.580000000024,360.0,390,35.12,end_of_session
corrected_execution__halt_aware__with_dividends__slip_0p0025,2009-06-23,short,61,34.88,5952,-59.51999999998816,30.0,91,34.89,scheduled_fill
corrected_execution__halt_aware__with_dividends__slip_0p0025,2009-06-24,long,61,35.75,5934,-1008.7800000000101,240.0,301,35.58,scheduled_fill
corrected_execution__halt_aware__with_dividends__slip_0p0025,2009-06-25,long,31,35.85,5605,2690.3999999999814,360.0,390,36.33,end_of_session
corrected_execution__halt_aware__with_dividends__slip_0p0025,2009-07-02,short,31,35.6681,5128,-61.02319999998525,270.0,301,35.68,scheduled_fill
corrected_execution__halt_aware__with_dividends__slip_0p0025,2009-07-02,short,361,35.6,5128,51.27999999998974,30.0,390,35.59,end_of_session
corrected_execution__halt_aware__with_dividends__slip_0p0025,2009-07-06,short,61,35.1,4800,-383.9999999999918,30.0,91,35.18,scheduled_fill
corrected_execution__halt_aware__with_dividends__slip_0p0025,2009-07-07,short,31,35.23,5179,3573.5099999999884,360.0,390,34.54,end_of_session
corrected_execution__halt_aware__with_dividends__slip_0p0025,2009-07-10,long,31,35.0201,4946,24.235399999996233,30.0,61,35.025,scheduled_fill
corrected_execution__halt_aware__with_dividends__slip_0p0025,2009-07-13,short,31,34.63,4956,-793.4555999999995,30.0,61,34.7901,scheduled_fill
corrected_execution__halt_aware__with_dividends__slip_0p0025,2009-07-13,long,151,35.4401,4956,-493.61760000001175,60.0,211,35.3405,scheduled_fill
corrected_execution__halt_aware__with_dividends__slip_0p0025,2009-07-13,long,241,35.468,4956,356.8319999999783,150.0,390,35.54,end_of_session
corrected_execution__halt_aware__with_dividends__slip_0p0025,2009-07-15,long,61,36.6,5212,1563.5999999999856,330.0,390,36.9,end_of_session
corrected_execution__halt_aware__with_dividends__slip_0p0025,2009-07-16,long,31,37.1074,4482,-391.72679999997865,30.0,61,37.02,scheduled_fill
corrected_execution__halt_aware__with_dividends__slip_0p0025,2009-07-16,long,301,37.24,4482,403.3799999999837,90.0,390,37.33,end_of_session
corrected_execution__halt_aware__with_dividends__slip_0p0025,2009-07-22,long,31,38.41,4466,-267.9599999999784,30.0,61,38.35,scheduled_fill
corrected_execution__halt_aware__with_dividends__slip_0p0025,2009-07-22,long,121,38.45,4466,-5.684341886080802e-14,30.0,151,38.45,scheduled_fill
corrected_execution__halt_aware__with_dividends__slip_0p0025,2009-07-22,long,181,38.58,4466,-490.81339999998255,90.0,271,38.4701,scheduled_fill
corrected_execution__halt_aware__with_dividends__slip_0p0025,2009-07-22,long,331,38.55,4466,-625.2400000000023,30.0,361,38.41,scheduled_fill
corrected_execution__halt_aware__with_dividends__slip_0p0025,2009-07-23,long,31,38.79,4364,2531.119999999994,360.0,390,39.37,end_of_session
corrected_execution__halt_aware__with_dividends__slip_0p0025,2009-07-27,short,61,38.99,4882,-829.9399999999736,60.0,121,39.16,scheduled_fill
corrected_execution__halt_aware__with_dividends__slip_0p0025,2009-07-30,long,31,40.01,6319,-1074.229999999966,120.0,151,39.84,scheduled_fill
corrected_execution__halt_aware__with_dividends__slip_0p0025,2009-07-31,long,91,39.77,6297,-113.34600000000418,30.0,121,39.752,scheduled_fill
corrected_execution__halt_aware__with_dividends__slip_0p0025,2009-08-05,short,31,39.74,8462,-253.8600000000092,300.0,331,39.77,scheduled_fill
corrected_execution__halt_aware__with_dividends__slip_0p0025,2009-08-06,short,31,39.53,7984,-319.3599999999934,90.0,121,39.57,scheduled_fill
corrected_execution__halt_aware__with_dividends__slip_0p0025,2009-08-06,short,151,39.45,7984,479.04000000001804,240.0,390,39.39,end_of_session
corrected_execution__halt_aware__with_dividends__slip_0p0025,2009-08-10,short,301,39.4401,7186,-268.03780000001353,30.0,331,39.4774,scheduled_fill
corrected_execution__halt_aware__with_dividends__slip_0p0025,2009-08-11,short,61,39.18,6899,68.98999999998615,210.0,271,39.17,scheduled_fill
corrected_execution__halt_aware__with_dividends__slip_0p0025,2009-08-12,long,31,39.79,6729,473.7215999999961,360.0,390,39.8604,end_of_session
corrected_execution__halt_aware__with_dividends__slip_0p0025,2009-08-14,short,31,39.57,7543,-226.29000000000852,360.0,390,39.6,end_of_session
corrected_execution__halt_aware__with_dividends__slip_0p0025,2009-08-17,short,61,38.74,7122,1495.6200000000063,330.0,390,38.53,end_of_session
corrected_execution__halt_aware__with_dividends__slip_0p0025,2009-08-18,long,211,39.0,5631,-56.30999999998881,30.0,241,38.99,scheduled_fill
corrected_execution__halt_aware__with_dividends__slip_0p0025,2009-08-18,long,301,39.04,5631,-281.5499999999839,90.0,390,38.99,end_of_session
corrected_execution__halt_aware__with_dividends__slip_0p0025,2009-08-19,long,211,39.3,5376,-430.07999999999083,150.0,361,39.22,scheduled_fill
corrected_execution__halt_aware__with_dividends__slip_0p0025,2009-08-20,long,31,39.66,5212,-522.7635999999849,120.0,151,39.5597,scheduled_fill
corrected_execution__halt_aware__with_dividends__slip_0p0025,2009-08-20,long,211,39.65,5212,573.319999999997,180.0,390,39.76,end_of_session
corrected_execution__halt_aware__with_dividends__slip_0p0025,2009-08-27,short,31,39.9,5110,-2.1316282072803006e-13,90.0,121,39.9,scheduled_fill
corrected_execution__halt_aware__with_dividends__slip_0p0025,2009-08-31,short,31,39.88,5406,-432.47999999999075,60.0,91,39.96,scheduled_fill
corrected_execution__halt_aware__with_dividends__slip_0p0025,2009-09-01,long,31,40.39,5337,-1014.0299999999879,60.0,91,40.2,scheduled_fill
corrected_execution__halt_aware__with_dividends__slip_0p0025,2009-09-01,short,151,39.412,5337,437.634000000004,240.0,390,39.33,end_of_session
corrected_execution__halt_aware__with_dividends__slip_0p0025,2009-09-04,long,91,39.8999,5315,-424.6685000000111,30.0,121,39.82,scheduled_fill
corrected_execution__halt_aware__with_dividends__slip_0p0025,2009-09-04,long,151,39.9326,5315,2112.180999999987,240.0,390,40.33,end_of_session
corrected_execution__halt_aware__with_dividends__slip_0p0025,2009-09-09,long,91,41.0,6260,-625.3739999999881,210.0,301,40.9001,scheduled_fill
corrected_execution__halt_aware__with_dividends__slip_0p0025,2009-09-09,long,361,41.02,6260,375.59999999996984,30.0,390,41.08,end_of_session
corrected_execution__halt_aware__with_dividends__slip_0p0025,2009-09-10,long,271,41.47,6179,308.9500000000264,120.0,390,41.52,end_of_session
corrected_execution__halt_aware__with_dividends__slip_0p0025,2009-09-16,long,181,42.34,6385,-638.5000000000091,30.0,211,42.24,scheduled_fill
corrected_execution__halt_aware__with_dividends__slip_0p0025,2009-09-16,long,241,42.4215,6385,-9.577500000000335,150.0,390,42.42,end_of_session
corrected_execution__halt_aware__with_dividends__slip_0p0025,2009-09-17,long,121,42.65,6085,-1034.4500000000103,30.0,151,42.48,scheduled_fill
corrected_execution__halt_aware__with_dividends__slip_0p0025,2009-09-24,short,61,42.04,8820,-529.20000000002,330.0,390,42.1,end_of_session
corrected_execution__halt_aware__with_dividends__slip_0p0025,2009-09-28,long,31,42.268,8348,1185.4159999999672,360.0,390,42.41,end_of_session
corrected_execution__halt_aware__with_dividends__slip_0p0025,2009-09-29,long,31,42.58,7337,-1834.25,30.0,61,42.33,scheduled_fill
corrected_execution__halt_aware__with_dividends__slip_0p0025,2009-09-29,short,91,42.15,7337,-293.47999999999377,30.0,121,42.19,scheduled_fill
corrected_execution__halt_aware__with_dividends__slip_0p0025,2009-09-29,short,151,42.09,7337,-366.849999999979,30.0,181,42.14,scheduled_fill
corrected_execution__halt_aware__with_dividends__slip_0p0025,2009-09-30,short,31,41.73,7160,-1790.0000000000005,90.0,121,41.98,scheduled_fill
corrected_execution__halt_aware__with_dividends__slip_0p0025,2009-10-01,short,61,41.63,7476,4485.60000000001,330.0,390,41.03,end_of_session
corrected_execution__halt_aware__with_dividends__slip_0p0025,2009-10-06,long,31,41.81,5353,214.11999999999435,240.0,271,41.85,scheduled_fill
corrected_execution__halt_aware__with_dividends__slip_0p0025,2009-10-06,long,361,41.9,5353,321.1800000000122,30.0,390,41.96,end_of_session
corrected_execution__halt_aware__with_dividends__slip_0p0025,2009-10-09,long,31,42.4249,4982,-74.23180000002176,30.0,61,42.41,scheduled_fill
corrected_execution__halt_aware__with_dividends__slip_0p0025,2009-10-16,short,61,42.552,4971,-487.15799999999484,120.0,181,42.65,scheduled_fill
corrected_execution__halt_aware__with_dividends__slip_0p0025,2009-10-19,long,121,43.0799,5243,734.0200000000028,270.0,390,43.2199,end_of_session
corrected_execution__halt_aware__with_dividends__slip_0p0025,2009-10-21,long,31,43.5019,5111,-60.82089999998586,120.0,151,43.49,scheduled_fill
corrected_execution__halt_aware__with_dividends__slip_0p0025,2009-10-21,long,211,43.5801,5111,-818.2710999999995,150.0,361,43.42,scheduled_fill
corrected_execution__halt_aware__with_dividends__slip_0p0025,2009-10-22,long,301,43.32,7963,9.947598300641403e-14,90.0,390,43.32,end_of_session
corrected_execution__halt_aware__with_dividends__slip_0p0025,2009-10-26,long,31,43.66,7948,-874.2799999999957,90.0,121,43.55,scheduled_fill
corrected_execution__halt_aware__with_dividends__slip_0p0025,2009-10-27,short,181,42.62,9599,2591.7299999999623,210.0,390,42.35,end_of_session
corrected_execution__halt_aware__with_dividends__slip_0p0025,2009-10-28,short,91,41.84,7979,3511.5579000000075,300.0,390,41.3999,end_of_session
corrected_execution__halt_aware__with_dividends__slip_0p0025,2009-10-29,long,121,41.95,6433,-385.9800000000147,30.0,151,41.89,scheduled_fill
corrected_execution__halt_aware__with_dividends__slip_0p0025,2009-10-29,long,181,41.95,6433,-9.947598300641403e-14,60.0,241,41.95,scheduled_fill
corrected_execution__halt_aware__with_dividends__slip_0p0025,2009-10-29,long,271,41.99,6433,836.2899999999706,120.0,390,42.12,end_of_session
corrected_execution__halt_aware__with_dividends__slip_0p0025,2009-10-30,short,151,41.42,5714,2342.740000000021,240.0,390,41.01,end_of_session
corrected_execution__halt_aware__with_dividends__slip_0p0025,2009-11-02,long,61,41.48,5001,-1100.7200999999754,120.0,181,41.2599,scheduled_fill
corrected_execution__halt_aware__with_dividends__slip_0p0025,2009-11-04,long,61,41.71,5173,-51.729999999989914,90.0,151,41.7,scheduled_fill
corrected_execution__halt_aware__with_dividends__slip_0p0025,2009-11-05,long,31,42.08,5098,1325.480000000026,360.0,390,42.34,end_of_session
corrected_execution__halt_aware__with_dividends__slip_0p0025,2009-11-06,long,31,42.55,4387,-1052.8799999999776,30.0,61,42.31,scheduled_fill
corrected_execution__halt_aware__with_dividends__slip_0p0025,2009-11-09,long,31,43.1099,4354,1698.495399999985,360.0,390,43.5,end_of_session
corrected_execution__halt_aware__with_dividends__slip_0p0025,2009-11-10,long,31,43.67,3997,199.8499999999886,30.0,61,43.72,scheduled_fill
corrected_execution__halt_aware__with_dividends__slip_0p0025,2009-11-12,long,31,44.1,3954,-395.40000000000583,30.0,61,44.0,scheduled_fill
corrected_execution__halt_aware__with_dividends__slip_0p0025,2009-11-13,long,181,44.0774,3944,-108.06560000000036,30.0,211,44.05,scheduled_fill
corrected_execution__halt_aware__with_dividends__slip_0p0025,2009-11-16,long,31,44.5,3876,155.03999999999664,210.0,241,44.54,scheduled_fill
corrected_execution__halt_aware__with_dividends__slip_0p0025,2009-11-16,long,301,44.6126,3876,-203.87759999999298,30.0,331,44.56,scheduled_fill
corrected_execution__halt_aware__with_dividends__slip_0p0025,2009-11-18,short,31,44.17,4704,-423.3599999999826,60.0,91,44.26,scheduled_fill
corrected_execution__halt_aware__with_dividends__slip_0p0025,2009-11-18,short,241,44.0899,4704,-306.2304000000049,30.0,271,44.155,scheduled_fill
corrected_execution__halt_aware__with_dividends__slip_0p0025,2009-11-19,short,31,43.55,4799,-383.9200000000261,300.0,331,43.63,scheduled_fill
corrected_execution__halt_aware__with_dividends__slip_0p0025,2009-11-23,long,31,44.22,5490,-219.5999999999953,90.0,121,44.18,scheduled_fill
corrected_execution__halt_aware__with_dividends__slip_0p0025,2009-11-24,short,31,43.83,5222,-574.9422000000145,60.0,91,43.9401,scheduled_fill
corrected_execution__halt_aware__with_dividends__slip_0p0025,2009-11-24,short,121,43.88,5222,-78.3300000000029,120.0,241,43.895,scheduled_fill
corrected_execution__halt_aware__with_dividends__slip_0p0025,2009-11-30,short,151,43.1795,5422,-530.8138000000149,30.0,181,43.2774,scheduled_fill
corrected_execution__halt_aware__with_dividends__slip_0p0025,2009-12-01,long,31,44.08,6268,-626.8000000000086,30.0,61,43.98,scheduled_fill
corrected_execution__halt_aware__with_dividends__slip_0p0025,2009-12-01,long,121,44.135,6268,-971.540000000007,270.0,390,43.98,end_of_session
corrected_execution__halt_aware__with_dividends__slip_0p0025,2009-12-02,long,61,44.47,5915,-1301.2999999999938,60.0,121,44.25,scheduled_fill
corrected_execution__halt_aware__with_dividends__slip_0p0025,2009-12-07,short,331,43.89,6126,-153.14999999999128,60.0,390,43.915,end_of_session
corrected_execution__halt_aware__with_dividends__slip_0p0025,2009-12-09,long,331,43.85,6416,1668.159999999987,60.0,390,44.11,end_of_session
corrected_execution__halt_aware__with_dividends__slip_0p0025,2009-12-11,short,121,44.07,6887,-619.8299999999748,90.0,211,44.16,scheduled_fill
corrected_execution__halt_aware__with_dividends__slip_0p0025,2009-12-11,short,241,44.12,6887,-275.47999999999405,60.0,301,44.16,scheduled_fill
corrected_execution__halt_aware__with_dividends__slip_0p0025,2009-12-11,short,331,44.15,6887,-275.4799999999941,30.0,361,44.19,scheduled_fill
corrected_execution__halt_aware__with_dividends__slip_0p0025,2009-12-16,long,31,44.65,7434,-817.7399999999957,30.0,61,44.54,scheduled_fill
corrected_execution__halt_aware__with_dividends__slip_0p0025,2009-12-17,short,31,43.94,7524,-601.9200000000408,60.0,91,44.02,scheduled_fill
corrected_execution__halt_aware__with_dividends__slip_0p0025,2009-12-17,short,151,43.9026,7524,-357.38999999999567,150.0,301,43.9501,scheduled_fill
corrected_execution__halt_aware__with_dividends__slip_0p0025,2009-12-17,short,331,43.92,7524,601.9199999999871,60.0,390,43.84,end_of_session
corrected_execution__halt_aware__with_dividends__slip_0p0025,2009-12-18,long,241,44.36,7971,-637.6799999999864,30.0,271,44.28,scheduled_fill
corrected_execution__halt_aware__with_dividends__slip_0p0025,2009-12-18,long,331,44.35,7971,-757.2449999999909,30.0,361,44.255,scheduled_fill
corrected_execution__halt_aware__with_dividends__slip_0p0025,2009-12-21,long,31,44.9,6953,208.59000000000862,330.0,361,44.93,scheduled_fill
corrected_execution__halt_aware__with_dividends__slip_0p0025,2009-12-22,long,61,45.265,6728,-707.1128000000014,30.0,91,45.1599,scheduled_fill
corrected_execution__halt_aware__with_dividends__slip_0p0025,2009-12-23,long,271,45.51,6578,-197.3400000000074,90.0,361,45.48,scheduled_fill
corrected_execution__halt_aware__with_dividends__slip_0p0025,2009-12-24,long,31,45.77,6558,1248.6431999999784,180.0,210,45.9604,end_of_session
corrected_execution__halt_aware__with_dividends__slip_0p0025,2009-12-28,long,31,46.2,6444,-8.526512829121202e-14,30.0,61,46.2,scheduled_fill
corrected_execution__halt_aware__with_dividends__slip_0p0025,2009-12-30,long,31,46.19,6919,-485.0218999999759,30.0,61,46.1199,scheduled_fill
corrected_execution__halt_aware__with_dividends__slip_0p0025,2009-12-31,short,241,46.0,7049,-5.684341886080802e-14,90.0,331,46.0,scheduled_fill
corrected_execution__halt_aware__with_dividends__slip_0p0025,2009-12-31,short,361,45.98,7049,1423.897999999987,30.0,390,45.778,end_of_session
corrected_execution__halt_aware__with_dividends__slip_0p0025,2010-01-06,short,181,46.16,6457,-387.42000000001457,30.0,211,46.22,scheduled_fill
corrected_execution__halt_aware__with_dividends__slip_0p0025,2010-01-06,short,271,46.11,6457,-1388.2550000000222,60.0,331,46.325,scheduled_fill
corrected_execution__halt_aware__with_dividends__slip_0p0025,2010-01-07,short,31,46.0,6437,-1126.4749999999822,60.0,91,46.175,scheduled_fill
corrected_execution__halt_aware__with_dividends__slip_0p0025,2010-01-07,short,271,46.0,6437,-643.7000000000091,60.0,331,46.1,scheduled_fill
corrected_execution__halt_aware__with_dividends__slip_0p0025,2010-01-08,long,61,46.35,6305,1071.8500000000108,330.0,390,46.52,end_of_session
corrected_execution__halt_aware__with_dividends__slip_0p0025,2010-01-11,short,31,46.35,7286,291.4399999999941,120.0,151,46.31,scheduled_fill
corrected_execution__halt_aware__with_dividends__slip_0p0025,2010-01-11,short,181,46.311,7286,-276.86799999997623,180.0,361,46.349,scheduled_fill
corrected_execution__halt_aware__with_dividends__slip_0p0025,2010-01-12,short,181,45.63,7695,-1000.3499999999646,210.0,390,45.76,end_of_session
corrected_execution__halt_aware__with_dividends__slip_0p0025,2010-01-13,long,241,46.2,6778,1151.582199999989,150.0,390,46.3699,end_of_session
corrected_execution__halt_aware__with_dividends__slip_0p0025,2010-01-15,short,31,46.19,6393,1917.8999999999799,360.0,390,45.89,end_of_session
corrected_execution__halt_aware__with_dividends__slip_0p0025,2010-01-19,long,31,46.255,6341,2124.2350000000065,360.0,390,46.59,end_of_session
corrected_execution__halt_aware__with_dividends__slip_0p0025,2010-01-20,short,61,45.65,5774,-909.4049999999932,300.0,361,45.8075,scheduled_fill
corrected_execution__halt_aware__with_dividends__slip_0p0025,2010-01-21,short,91,45.66,5296,-105.92000000001724,210.0,301,45.68,scheduled_fill
corrected_execution__halt_aware__with_dividends__slip_0p0025,2010-01-21,short,331,45.6,5296,688.4800000000135,60.0,390,45.47,end_of_session
corrected_execution__halt_aware__with_dividends__slip_0p0025,2010-01-22,short,91,45.05,5233,-680.2900000000133,30.0,121,45.18,scheduled_fill
corrected_execution__halt_aware__with_dividends__slip_0p0025,2010-01-22,short,151,45.09,5233,-261.6499999999852,30.0,181,45.14,scheduled_fill
corrected_execution__halt_aware__with_dividends__slip_0p0025,2010-01-22,short,241,44.99,5233,4605.040000000012,150.0,390,44.11,end_of_session
corrected_execution__halt_aware__with_dividends__slip_0p0025,2010-01-26,short,31,44.12,4642,-1462.2300000000223,30.0,61,44.435,scheduled_fill
corrected_execution__halt_aware__with_dividends__slip_0p0025,2010-01-26,long,151,44.71,4642,-185.6799999999959,150.0,301,44.67,scheduled_fill
corrected_execution__halt_aware__with_dividends__slip_0p0025,2010-01-28,short,31,44.1399,4439,1730.766099999991,330.0,361,43.75,scheduled_fill
corrected_execution__halt_aware__with_dividends__slip_0p0025,2010-01-29,short,271,43.07,4070,854.7000000000036,120.0,390,42.86,end_of_session
corrected_execution__halt_aware__with_dividends__slip_0p0025,2010-02-01,long,31,43.1,4230,126.90000000000487,30.0,61,43.13,scheduled_fill
corrected_execution__halt_aware__with_dividends__slip_0p0025,2010-02-04,short,31,43.15,4100,2050.000000000001,360.0,390,42.65,end_of_session
corrected_execution__halt_aware__with_dividends__slip_0p0025,2010-02-05,short,271,42.15,3880,-814.4120000000179,30.0,301,42.3599,scheduled_fill
corrected_execution__halt_aware__with_dividends__slip_0p0025,2010-02-09,long,61,43.16,4065,-650.3999999999862,30.0,91,43.0,scheduled_fill
corrected_execution__halt_aware__with_dividends__slip_0p0025,2010-02-09,long,151,43.17,4065,-243.9000000000093,240.0,390,43.11,end_of_session
corrected_execution__halt_aware__with_dividends__slip_0p0025,2010-02-10,short,61,42.8081,3877,-355.9085999999969,30.0,91,42.8999,scheduled_fill
corrected_execution__halt_aware__with_dividends__slip_0p0025,2010-02-11,long,121,43.38,3901,1209.3099999999822,270.0,390,43.69,end_of_session
corrected_execution__halt_aware__with_dividends__slip_0p0025,2010-02-23,short,61,44.2207,5237,-205.81409999998584,300.0,361,44.26,scheduled_fill
corrected_execution__halt_aware__with_dividends__slip_0p0025,2010-02-24,long,31,44.6,5020,-803.2000000000187,30.0,61,44.44,scheduled_fill
corrected_execution__halt_aware__with_dividends__slip_0p0025,2010-02-24,long,91,44.71,5020,-502.00000000000716,30.0,121,44.61,scheduled_fill
corrected_execution__halt_aware__with_dividends__slip_0p0025,2010-02-25,short,31,43.9299,4873,-195.4072999999773,30.0,61,43.97,scheduled_fill
corrected_execution__halt_aware__with_dividends__slip_0p0025,2010-03-01,long,61,45.19,6937,1664.8800000000133,330.0,390,45.43,end_of_session
corrected_execution__halt_aware__with_dividends__slip_0p0025,2010-03-02,long,31,45.7,6931,-415.86000000001565,30.0,61,45.64,scheduled_fill
corrected_execution__halt_aware__with_dividends__slip_0p0025,2010-03-05,long,61,46.349,7777,707.7070000000083,330.0,390,46.44,end_of_session
corrected_execution__halt_aware__with_dividends__slip_0p0025,2010-03-09,long,61,46.7,7561,-75.61000000003966,300.0,361,46.69,scheduled_fill
corrected_execution__halt_aware__with_dividends__slip_0p0025,2010-03-10,long,31,46.95,7483,897.9599999999807,150.0,181,47.07,scheduled_fill
corrected_execution__halt_aware__with_dividends__slip_0p0025,2010-03-10,long,211,47.15,7483,224.49000000000805,180.0,390,47.18,end_of_session
corrected_execution__halt_aware__with_dividends__slip_0p0025,2010-03-15,short,121,46.98,7736,-232.0800000000088,90.0,211,47.01,scheduled_fill
corrected_execution__halt_aware__with_dividends__slip_0p0025,2010-03-15,short,241,46.9781,7736,-386.800000000033,30.0,271,47.0281,scheduled_fill
corrected_execution__halt_aware__with_dividends__slip_0p0025,2010-03-17,long,31,47.72,10295,-308.85000000001173,30.0,61,47.69,scheduled_fill
corrected_execution__halt_aware__with_dividends__slip_0p0025,2010-03-17,long,241,47.81,10295,205.899999999959,30.0,271,47.83,scheduled_fill
corrected_execution__halt_aware__with_dividends__slip_0p0025,2010-03-19,short,61,47.55,10378,830.2399999999817,330.0,390,47.47,end_of_session
corrected_execution__halt_aware__with_dividends__slip_0p0025,2010-03-22,long,31,47.73,10140,1926.6000000000479,360.0,390,47.92,end_of_session
corrected_execution__halt_aware__with_dividends__slip_0p0025,2010-03-23,long,361,48.2667,9660,31.878000000028692,30.0,390,48.27,end_of_session
corrected_execution__halt_aware__with_dividends__slip_0p0025,2010-03-30,long,31,48.53,10201,-2244.2199999999884,30.0,61,48.31,scheduled_fill
corrected_execution__halt_aware__with_dividends__slip_0p0025,2010-04-01,long,31,48.62,10131,-1317.0299999999543,30.0,61,48.49,scheduled_fill
corrected_execution__halt_aware__with_dividends__slip_0p0025,2010-04-01,short,331,47.95,10131,-607.8599999999508,30.0,361,48.01,scheduled_fill
corrected_execution__halt_aware__with_dividends__slip_0p0025,2010-04-05,long,31,48.47,9943,1590.880000000036,360.0,390,48.63,end_of_session
corrected_execution__halt_aware__with_dividends__slip_0p0025,2010-04-06,long,331,48.85,9340,-1027.3999999999946,30.0,361,48.74,scheduled_fill
corrected_execution__halt_aware__with_dividends__slip_0p0025,2010-04-08,short,31,48.27,9389,-1502.239999999968,30.0,61,48.43,scheduled_fill
corrected_execution__halt_aware__with_dividends__slip_0p0025,2010-04-13,long,271,49.28,9934,-298.02000000001124,60.0,331,49.25,scheduled_fill
corrected_execution__halt_aware__with_dividends__slip_0p0025,2010-04-13,long,361,49.31,9934,-397.35999999999154,30.0,390,49.27,end_of_session
corrected_execution__halt_aware__with_dividends__slip_0p0025,2010-04-14,long,181,49.69,9746,97.46000000004982,90.0,271,49.7,scheduled_fill
corrected_execution__halt_aware__with_dividends__slip_0p0025,2010-04-14,long,331,49.8,9746,974.6000000000139,60.0,390,49.9,end_of_session
corrected_execution__halt_aware__with_dividends__slip_0p0025,2010-04-15,long,61,50.03,9752,-292.56000000001103,90.0,151,50.0,scheduled_fill
corrected_execution__halt_aware__with_dividends__slip_0p0025,2010-04-15,long,181,50.0326,9752,1242.4047999999448,210.0,390,50.16,end_of_session
corrected_execution__halt_aware__with_dividends__slip_0p0025,2010-04-16,short,31,49.84,9796,-2057.159999999939,30.0,61,50.05,scheduled_fill
corrected_execution__halt_aware__with_dividends__slip_0p0025,2010-04-16,short,91,49.8101,9796,2547.9396000000147,300.0,390,49.55,end_of_session
corrected_execution__halt_aware__with_dividends__slip_0p0025,2010-04-19,short,121,49.235,8119,365.3550000000155,180.0,301,49.19,scheduled_fill
corrected_execution__halt_aware__with_dividends__slip_0p0025,2010-04-22,short,31,49.39,8333,-1749.9300000000073,30.0,61,49.6,scheduled_fill
corrected_execution__halt_aware__with_dividends__slip_0p0025,2010-04-22,long,361,50.29,8333,83.32999999998354,30.0,390,50.3,end_of_session
corrected_execution__halt_aware__with_dividends__slip_0p0025,2010-04-23,long,61,50.41,8151,-1630.1999999999653,30.0,91,50.21,scheduled_fill
corrected_execution__halt_aware__with_dividends__slip_0p0025,2010-04-26,short,31,50.44,8431,-168.62000000002655,60.0,91,50.46,scheduled_fill
corrected_execution__halt_aware__with_dividends__slip_0p0025,2010-04-26,short,151,50.39,8431,-252.93000000000958,60.0,211,50.42,scheduled_fill
corrected_execution__halt_aware__with_dividends__slip_0p0025,2010-04-27,short,121,49.72,8134,2928.2399999999934,270.0,390,49.36,end_of_session
corrected_execution__halt_aware__with_dividends__slip_0p0025,2010-04-28,short,91,49.2,5842,-297.94199999996965,90.0,181,49.251,scheduled_fill
corrected_execution__halt_aware__with_dividends__slip_0p0025,2010-04-29,long,31,49.8,5822,2503.4599999999978,360.0,390,50.23,end_of_session
corrected_execution__halt_aware__with_dividends__slip_0p0025,2010-04-30,short,31,50.08,5239,4479.344999999986,360.0,390,49.225,end_of_session
corrected_execution__halt_aware__with_dividends__slip_0p0025,2010-05-03,long,31,49.56,4682,1732.33999999999,360.0,390,49.93,end_of_session
corrected_execution__halt_aware__with_dividends__slip_0p0025,2010-05-04,short,31,48.87,4510,2029.499999999984,360.0,390,48.42,end_of_session
corrected_execution__halt_aware__with_dividends__slip_0p0025,2010-05-06,short,241,47.47,4027,3181.330000000002,150.0,390,46.68,end_of_session
corrected_execution__halt_aware__with_dividends__slip_0p0025,2010-05-07,short,31,46.17,3778,1208.9600000000037,90.0,121,45.85,scheduled_fill
corrected_execution__halt_aware__with_dividends__slip_0p0025,2010-05-07,short,241,45.712,3778,-559.1439999999851,30.0,271,45.86,scheduled_fill
corrected_execution__halt_aware__with_dividends__slip_0p0025,2010-05-07,short,301,45.48,3778,-377.8000000000056,90.0,390,45.58,end_of_session
corrected_execution__halt_aware__with_dividends__slip_0p0025,2010-05-10,long,31,47.61,3520,-704.3519999999967,30.0,61,47.4099,scheduled_fill
corrected_execution__halt_aware__with_dividends__slip_0p0025,2010-05-10,long,151,47.75,3520,-316.800000000012,30.0,181,47.66,scheduled_fill
corrected_execution__halt_aware__with_dividends__slip_0p0025,2010-05-11,long,181,48.16,2628,-236.51999999999026,120.0,301,48.07,scheduled_fill
corrected_execution__halt_aware__with_dividends__slip_0p0025,2010-05-12,long,31,48.22,2607,130.35000000001133,90.0,121,48.27,scheduled_fill
corrected_execution__halt_aware__with_dividends__slip_0p0025,2010-05-12,long,181,48.4,2607,-52.13999999998963,90.0,271,48.38,scheduled_fill
corrected_execution__halt_aware__with_dividends__slip_0p0025,2010-05-12,long,301,48.53,2607,130.34999999999255,90.0,390,48.58,end_of_session
corrected_execution__halt_aware__with_dividends__slip_0p0025,2010-05-14,short,31,46.95,2547,127.35000000001105,360.0,390,46.9,end_of_session
corrected_execution__halt_aware__with_dividends__slip_0p0025,2010-05-17,short,181,46.37,2518,-377.70000000001426,60.0,241,46.52,scheduled_fill
corrected_execution__halt_aware__with_dividends__slip_0p0025,2010-05-18,short,271,46.6,2528,404.48000000000934,120.0,390,46.44,end_of_session
corrected_execution__halt_aware__with_dividends__slip_0p0025,2010-05-19,short,121,45.7875,2580,-703.0500000000023,60.0,181,46.06,scheduled_fill
corrected_execution__halt_aware__with_dividends__slip_0p0025,2010-05-20,short,61,44.61,2733,-869.093999999994,60.0,121,44.928,scheduled_fill
corrected_execution__halt_aware__with_dividends__slip_0p0025,2010-05-20,short,181,44.7,2733,-245.96999999999022,60.0,241,44.79,scheduled_fill
corrected_execution__halt_aware__with_dividends__slip_0p0025,2010-05-21,long,31,44.59,2652,-822.120000000006,30.0,61,44.28,scheduled_fill
corrected_execution__halt_aware__with_dividends__slip_0p0025,2010-05-21,long,121,44.86,2652,-79.56000000000279,90.0,211,44.83,scheduled_fill
corrected_execution__halt_aware__with_dividends__slip_0p0025,2010-05-26,long,31,45.39,2694,-80.82000000000309,30.0,61,45.36,scheduled_fill
corrected_execution__halt_aware__with_dividends__slip_0p0025,2010-05-28,short,271,45.33,2574,-283.1399999999985,30.0,301,45.44,scheduled_fill
corrected_execution__halt_aware__with_dividends__slip_0p0025,2010-06-01,long,61,46.19,3270,-752.0999999999897,60.0,121,45.96,scheduled_fill
corrected_execution__halt_aware__with_dividends__slip_0p0025,2010-06-01,long,241,46.1,3270,-654.0000000000093,30.0,271,45.9,scheduled_fill
corrected_execution__halt_aware__with_dividends__slip_0p0025,2010-06-02,long,331,45.93,3221,1062.9299999999948,60.0,390,46.26,end_of_session
corrected_execution__halt_aware__with_dividends__slip_0p0025,2010-06-03,long,31,46.63,3063,-949.530000000007,30.0,61,46.32,scheduled_fill
corrected_execution__halt_aware__with_dividends__slip_0p0025,2010-06-04,short,331,45.11,3080,92.4000000000035,60.0,390,45.08,end_of_session
corrected_execution__halt_aware__with_dividends__slip_0p0025,2010-06-07,short,91,44.68,2885,-259.6500000000099,30.0,121,44.77,scheduled_fill
corrected_execution__halt_aware__with_dividends__slip_0p0025,2010-06-07,short,331,44.55,2885,822.2249999999901,60.0,390,44.265,end_of_session
corrected_execution__halt_aware__with_dividends__slip_0p0025,2010-06-08,short,31,44.01,2917,-145.8500000000123,90.0,121,44.06,scheduled_fill
corrected_execution__halt_aware__with_dividends__slip_0p0025,2010-06-08,short,241,43.88,2917,-290.5331999999862,60.0,301,43.9796,scheduled_fill
corrected_execution__halt_aware__with_dividends__slip_0p0025,2010-06-09,long,121,44.89,2924,-380.1200000000075,30.0,151,44.76,scheduled_fill
corrected_execution__halt_aware__with_dividends__slip_0p0025,2010-06-09,long,181,44.87,2924,-584.7999999999876,30.0,211,44.67,scheduled_fill
corrected_execution__halt_aware__with_dividends__slip_0p0025,2010-06-10,long,31,44.601,2911,-62.29539999999969,30.0,61,44.5796,scheduled_fill
corrected_execution__halt_aware__with_dividends__slip_0p0025,2010-06-10,long,121,44.7,2911,-232.88000000001557,30.0,151,44.62,scheduled_fill
corrected_execution__halt_aware__with_dividends__slip_0p0025,2010-06-10,long,301,44.75,2911,989.74000000001,90.0,390,45.09,end_of_session
corrected_execution__halt_aware__with_dividends__slip_0p0025,2010-06-15,long,31,46.17,2971,1634.049999999991,360.0,390,46.72,end_of_session
corrected_execution__halt_aware__with_dividends__slip_0p0025,2010-06-21,short,361,46.51,3127,-187.6200000000071,30.0,390,46.57,end_of_session
corrected_execution__halt_aware__with_dividends__slip_0p0025,2010-06-23,short,61,45.7799,3410,-784.6410000000006,30.0,91,46.01,scheduled_fill
corrected_execution__halt_aware__with_dividends__slip_0p0025,2010-06-23,short,151,45.91,3410,-170.5000000000145,30.0,181,45.96,scheduled_fill
corrected_execution__halt_aware__with_dividends__slip_0p0025,2010-06-24,short,31,45.5595,3453,-692.3264999999935,30.0,61,45.76,scheduled_fill
corrected_execution__halt_aware__with_dividends__slip_0p0025,2010-06-24,short,91,45.5401,3453,-310.4247000000003,150.0,241,45.63,scheduled_fill
corrected_execution__halt_aware__with_dividends__slip_0p0025,2010-06-28,short,31,45.02,4399,-87.97999999998257,30.0,61,45.04,scheduled_fill
corrected_execution__halt_aware__with_dividends__slip_0p0025,2010-06-29,short,31,43.95,4460,2453.0000000000186,360.0,390,43.4,end_of_session
corrected_execution__halt_aware__with_dividends__slip_0p0025,2010-07-01,short,61,42.2,4104,-697.6799999999774,60.0,121,42.37,scheduled_fill
corrected_execution__halt_aware__with_dividends__slip_0p0025,2010-07-01,short,151,42.35,4104,-738.7199999999987,60.0,211,42.53,scheduled_fill
corrected_execution__halt_aware__with_dividends__slip_0p0025,2010-07-02,short,211,42.2538,4181,-694.8822000000143,120.0,331,42.42,scheduled_fill
corrected_execution__halt_aware__with_dividends__slip_0p0025,2010-07-07,long,31,42.96,5439,217.55999999999528,30.0,61,43.0,scheduled_fill
corrected_execution__halt_aware__with_dividends__slip_0p0025,2010-07-07,long,91,43.24,5439,3916.079999999993,300.0,390,43.96,end_of_session
corrected_execution__halt_aware__with_dividends__slip_0p0025,2010-07-12,long,31,44.97,3815,-1106.3499999999967,30.0,61,44.68,scheduled_fill
corrected_execution__halt_aware__with_dividends__slip_0p0025,2010-07-14,long,151,45.77,3591,-341.1450000000214,60.0,211,45.675,scheduled_fill
corrected_execution__halt_aware__with_dividends__slip_0p0025,2010-07-15,short,61,45.13,3570,-499.800000000002,60.0,121,45.27,scheduled_fill
corrected_execution__halt_aware__with_dividends__slip_0p0025,2010-07-16,short,31,45.06,3693,2585.10000000001,360.0,390,44.36,end_of_session
corrected_execution__halt_aware__with_dividends__slip_0p0025,2010-07-21,short,331,44.62,4174,-83.48000000001319,60.0,390,44.64,end_of_session
corrected_execution__halt_aware__with_dividends__slip_0p0025,2010-07-22,long,31,45.47,4269,1280.7000000000173,360.0,390,45.77,end_of_session
corrected_execution__halt_aware__with_dividends__slip_0p0025,2010-07-29,short,121,45.64,4460,-356.79999999999256,150.0,271,45.72,scheduled_fill
corrected_execution__halt_aware__with_dividends__slip_0p0025,2010-08-02,long,61,46.64,4403,88.05999999998248,30.0,91,46.66,scheduled_fill
corrected_execution__halt_aware__with_dividends__slip_0p0025,2010-08-03,short,31,46.38,4281,-684.9599999999853,60.0,91,46.54,scheduled_fill
corrected_execution__halt_aware__with_dividends__slip_0p0025,2010-08-10,short,31,46.38,5454,-763.560000000003,30.0,61,46.52,scheduled_fill
corrected_execution__halt_aware__with_dividends__slip_0p0025,2010-08-10,short,91,46.41,5454,-490.8600000000186,30.0,121,46.5,scheduled_fill
corrected_execution__halt_aware__with_dividends__slip_0p0025,2010-08-10,short,241,46.31,5454,-1364.045399999979,60.0,301,46.5601,scheduled_fill
corrected_execution__halt_aware__with_dividends__slip_0p0025,2010-08-11,short,31,45.58,5662,-283.1000000000242,30.0,61,45.63,scheduled_fill
corrected_execution__halt_aware__with_dividends__slip_0p0025,2010-08-11,short,91,45.4,5662,-509.58000000001925,210.0,301,45.49,scheduled_fill
corrected_execution__halt_aware__with_dividends__slip_0p0025,2010-08-11,short,331,45.3462,5662,-304.615599999974,60.0,390,45.4,end_of_session
corrected_execution__halt_aware__with_dividends__slip_0p0025,2010-08-16,long,91,45.0,5460,-764.4000000000033,30.0,121,44.86,scheduled_fill
corrected_execution__halt_aware__with_dividends__slip_0p0025,2010-08-16,long,181,45.03,5460,-327.6000000000123,30.0,211,44.97,scheduled_fill
corrected_execution__halt_aware__with_dividends__slip_0p0025,2010-08-17,long,121,45.53,5327,-852.3200000000196,270.0,390,45.37,end_of_session
corrected_execution__halt_aware__with_dividends__slip_0p0025,2010-08-18,long,211,45.69,4987,-748.049999999993,150.0,361,45.54,scheduled_fill
corrected_execution__halt_aware__with_dividends__slip_0p0025,2010-08-19,short,61,44.97,4972,-99.4400000000154,300.0,361,44.99,scheduled_fill
corrected_execution__halt_aware__with_dividends__slip_0p0025,2010-08-23,short,91,44.68,5302,1.5631940186722204e-13,90.0,181,44.68,scheduled_fill
corrected_execution__halt_aware__with_dividends__slip_0p0025,2010-08-23,short,211,44.64,5302,-318.12000000001206,30.0,241,44.7,scheduled_fill
corrected_execution__halt_aware__with_dividends__slip_0p0025,2010-08-23,short,271,44.69,5302,1139.92999999998,120.0,390,44.475,end_of_session
corrected_execution__halt_aware__with_dividends__slip_0p0025,2010-08-24,short,31,43.79,5362,-241.29000000000923,60.0,91,43.835,scheduled_fill
corrected_execution__halt_aware__with_dividends__slip_0p0025,2010-08-24,short,271,43.73,5362,-107.24000000001676,30.0,301,43.75,scheduled_fill
corrected_execution__halt_aware__with_dividends__slip_0p0025,2010-08-25,long,331,44.05,5446,272.30000000002315,60.0,390,44.1,end_of_session
corrected_execution__halt_aware__with_dividends__slip_0p0025,2010-08-26,short,301,43.65,4975,447.7499999999816,90.0,390,43.56,end_of_session
corrected_execution__halt_aware__with_dividends__slip_0p0025,2010-08-27,short,31,43.34,4976,-1542.5599999999754,30.0,61,43.65,scheduled_fill
corrected_execution__halt_aware__with_dividends__slip_0p0025,2010-09-01,long,61,44.7,5515,386.05000000000064,330.0,390,44.77,end_of_session
corrected_execution__halt_aware__with_dividends__slip_0p0025,2010-09-02,long,361,45.1601,4136,413.18639999999215,30.0,390,45.26,end_of_session
corrected_execution__halt_aware__with_dividends__slip_0p0025,2010-09-03,long,31,45.97,4014,-1324.6199999999933,30.0,61,45.64,scheduled_fill
corrected_execution__halt_aware__with_dividends__slip_0p0025,2010-09-08,long,31,46.02,3842,764.1737999999798,360.0,390,46.2189,end_of_session
corrected_execution__halt_aware__with_dividends__slip_0p0025,2010-09-13,long,61,47.2,3895,-428.4499999999978,120.0,181,47.09,scheduled_fill
corrected_execution__halt_aware__with_dividends__slip_0p0025,2010-09-14,long,151,47.62,3902,-624.3199999999867,90.0,241,47.46,scheduled_fill
corrected_execution__halt_aware__with_dividends__slip_0p0025,2010-09-14,long,331,47.59,3902,-429.22000000002544,60.0,390,47.48,end_of_session
corrected_execution__halt_aware__with_dividends__slip_0p0025,2010-09-20,long,31,48.2999,4880,2586.8879999999863,360.0,390,48.83,end_of_session
corrected_execution__halt_aware__with_dividends__slip_0p0025,2010-09-23,long,91,48.9047,7047,-1231.1109000000104,240.0,331,48.73,scheduled_fill
corrected_execution__halt_aware__with_dividends__slip_0p0025,2010-09-24,long,31,49.3781,6806,1884.5813999999825,360.0,390,49.655,end_of_session
corrected_execution__halt_aware__with_dividends__slip_0p0025,2010-09-27,short,31,49.5,6294,-188.82000000000716,30.0,61,49.53,scheduled_fill
corrected_execution__halt_aware__with_dividends__slip_0p0025,2010-09-28,short,31,48.97,6396,-1407.1199999999926,60.0,91,49.19,scheduled_fill
corrected_execution__halt_aware__with_dividends__slip_0p0025,2010-09-30,short,121,48.8807,6224,-1240.4432000000056,90.0,211,49.08,scheduled_fill
corrected_execution__halt_aware__with_dividends__slip_0p0025,2010-10-04,short,121,48.37,6534,-784.0800000000299,270.0,390,48.49,end_of_session
corrected_execution__halt_aware__with_dividends__slip_0p0025,2010-10-05,long,61,49.4,5823,1572.2100000000173,330.0,390,49.67,end_of_session
corrected_execution__halt_aware__with_dividends__slip_0p0025,2010-10-06,short,61,49.33,4744,142.32000000000545,60.0,121,49.3,scheduled_fill
corrected_execution__halt_aware__with_dividends__slip_0p0025,2010-10-06,short,181,49.2,4744,-7.389644451905042e-13,210.0,390,49.2,end_of_session
corrected_execution__halt_aware__with_dividends__slip_0p0025,2010-10-08,short,61,49.11,4546,-1000.1199999999949,30.0,91,49.33,scheduled_fill
corrected_execution__halt_aware__with_dividends__slip_0p0025,2010-10-08,long,361,49.76,4546,-68.19000000000258,30.0,390,49.745,end_of_session
corrected_execution__halt_aware__with_dividends__slip_0p0025,2010-10-12,short,31,49.37,4794,-1390.259999999996,30.0,61,49.66,scheduled_fill
corrected_execution__halt_aware__with_dividends__slip_0p0025,2010-10-12,long,361,50.19,4794,-335.5800000000013,30.0,390,50.12,end_of_session
corrected_execution__halt_aware__with_dividends__slip_0p0025,2010-10-14,short,331,50.22,4580,-549.6000000000208,30.0,361,50.34,scheduled_fill
corrected_execution__halt_aware__with_dividends__slip_0p0025,2010-10-19,short,31,50.59,4656,-1792.5599999999913,30.0,61,50.975,scheduled_fill
corrected_execution__halt_aware__with_dividends__slip_0p0025,2010-10-20,long,31,51.11,4070,-508.75,30.0,61,50.985,scheduled_fill
corrected_execution__halt_aware__with_dividends__slip_0p0025,2010-10-20,long,91,51.22,4070,-142.4499999999861,300.0,390,51.185,end_of_session
corrected_execution__halt_aware__with_dividends__slip_0p0025,2010-10-21,short,271,50.82,4027,-604.0499999999943,30.0,301,50.97,scheduled_fill
corrected_execution__halt_aware__with_dividends__slip_0p0025,2010-10-22,long,91,51.53,4037,-80.74000000001263,30.0,121,51.51,scheduled_fill
corrected_execution__halt_aware__with_dividends__slip_0p0025,2010-10-22,long,181,51.64,4037,-80.74000000001261,30.0,211,51.62,scheduled_fill
corrected_execution__halt_aware__with_dividends__slip_0p0025,2010-10-22,long,241,51.64,4037,-403.70000000000573,30.0,271,51.54,scheduled_fill
corrected_execution__halt_aware__with_dividends__slip_0p0025,2010-10-22,long,301,51.65,4037,-282.59000000000117,90.0,390,51.58,end_of_session
corrected_execution__halt_aware__with_dividends__slip_0p0025,2010-10-25,long,31,52.11,4270,-661.8500000000049,60.0,91,51.955,scheduled_fill
corrected_execution__halt_aware__with_dividends__slip_0p0025,2010-10-28,short,61,52.04,5493,-82.39500000000314,30.0,91,52.055,scheduled_fill
corrected_execution__halt_aware__with_dividends__slip_0p0025,2010-10-28,short,181,51.905,5493,-1016.2050000000123,60.0,241,52.09,scheduled_fill
corrected_execution__halt_aware__with_dividends__slip_0p0025,2010-11-01,long,31,52.59,5426,-651.1200000000247,60.0,91,52.47,scheduled_fill
corrected_execution__halt_aware__with_dividends__slip_0p0025,2010-11-02,long,271,52.8801,5403,-378.7502999999812,30.0,301,52.81,scheduled_fill
corrected_execution__halt_aware__with_dividends__slip_0p0025,2010-11-03,short,121,52.56,5268,-210.71999999999554,90.0,211,52.6,scheduled_fill
corrected_execution__halt_aware__with_dividends__slip_0p0025,2010-11-03,short,301,52.47,5268,-2634.0000000000005,30.0,331,52.97,scheduled_fill
corrected_execution__halt_aware__with_dividends__slip_0p0025,2010-11-10,short,31,53.23,8152,-244.56000000000938,60.0,91,53.26,scheduled_fill
corrected_execution__halt_aware__with_dividends__slip_0p0025,2010-11-10,long,331,53.73,8152,-244.55999999995146,30.0,361,53.7,scheduled_fill
corrected_execution__halt_aware__with_dividends__slip_0p0025,2010-11-12,short,91,52.77,7498,1874.4999999999989,300.0,390,52.52,end_of_session
corrected_execution__halt_aware__with_dividends__slip_0p0025,2010-11-16,short,121,51.5,5787,86.80500000000336,270.0,390,51.485,end_of_session
corrected_execution__halt_aware__with_dividends__slip_0p0025,2010-11-17,long,61,51.77,5023,-1808.280000000033,300.0,361,51.41,scheduled_fill
corrected_execution__halt_aware__with_dividends__slip_0p0025,2010-11-18,long,61,52.6526,4872,-646.0271999999829,240.0,301,52.52,scheduled_fill
corrected_execution__halt_aware__with_dividends__slip_0p0025,2010-11-18,long,331,52.5985,4872,-674.7720000000024,60.0,390,52.46,end_of_session
corrected_execution__halt_aware__with_dividends__slip_0p0025,2010-11-22,long,31,52.83,4225,-1394.2499999999927,60.0,91,52.5,scheduled_fill
corrected_execution__halt_aware__with_dividends__slip_0p0025,2010-11-23,short,31,52.1701,4253,468.2552999999819,360.0,390,52.06,end_of_session
corrected_execution__halt_aware__with_dividends__slip_0p0025,2010-11-24,long,31,52.82,3945,1163.7750000000074,360.0,390,53.115,end_of_session
corrected_execution__halt_aware__with_dividends__slip_0p0025,2010-11-29,short,31,52.27,3658,-438.9599999999906,270.0,301,52.39,scheduled_fill
corrected_execution__halt_aware__with_dividends__slip_0p0025,2010-12-01,long,31,53.2601,3521,-528.5021000000066,30.0,61,53.11,scheduled_fill
corrected_execution__halt_aware__with_dividends__slip_0p0025,2010-12-01,long,91,53.225,3521,-88.02499999999459,300.0,390,53.2,end_of_session
corrected_execution__halt_aware__with_dividends__slip_0p0025,2010-12-02,long,121,53.6062,3103,-3.723600000013363,60.0,181,53.605,scheduled_fill
corrected_execution__halt_aware__with_dividends__slip_0p0025,2010-12-02,long,211,53.62,3103,341.329999999998,180.0,390,53.73,end_of_session
corrected_execution__halt_aware__with_dividends__slip_0p0025,2010-12-15,long,91,54.63,4258,-510.96000000001925,30.0,121,54.51,scheduled_fill
corrected_execution__halt_aware__with_dividends__slip_0p0025,2010-12-15,short,331,54.06,4258,-681.2799999999854,30.0,361,54.22,scheduled_fill
corrected_execution__halt_aware__with_dividends__slip_0p0025,2010-12-16,long,121,54.5999,4939,-197.06609999997937,270.0,390,54.56,end_of_session
corrected_execution__halt_aware__with_dividends__slip_0p0025,2010-12-20,short,61,54.24,4995,-899.0999999999985,90.0,151,54.42,scheduled_fill
corrected_execution__halt_aware__with_dividends__slip_0p0025,2010-12-30,short,61,54.63,7559,-75.58999999998497,30.0,91,54.64,scheduled_fill
corrected_execution__halt_aware__with_dividends__slip_0p0025,2010-12-30,short,121,54.6,7559,-302.3599999999937,60.0,181,54.64,scheduled_fill
corrected_execution__halt_aware__with_dividends__slip_0p0025,2010-12-30,short,211,54.61,7559,-151.1800000000236,30.0,241,54.63,scheduled_fill
corrected_execution__halt_aware__with_dividends__slip_0p0025,2010-12-31,short,31,54.32,7524,-272.3688000000066,150.0,181,54.3562,scheduled_fill
corrected_execution__halt_aware__with_dividends__slip_0p0025,2010-12-31,short,211,54.313,7524,-278.38799999999276,60.0,271,54.35,scheduled_fill
corrected_execution__halt_aware__with_dividends__slip_0p0025,2011-01-03,long,31,55.33,7421,593.6799999999868,270.0,301,55.41,scheduled_fill
corrected_execution__halt_aware__with_dividends__slip_0p0025,2011-01-04,short,151,55.079,7121,-1520.3334999999736,150.0,301,55.2925,scheduled_fill
corrected_execution__halt_aware__with_dividends__slip_0p0025,2011-01-05,long,121,55.63,7049,634.4099999999744,270.0,390,55.72,end_of_session
corrected_execution__halt_aware__with_dividends__slip_0p0025,2011-01-07,short,181,55.7081,6960,-430.8240000000093,150.0,331,55.77,scheduled_fill
corrected_execution__halt_aware__with_dividends__slip_0p0025,2011-01-10,long,361,56.14,6954,-278.15999999999406,30.0,390,56.1,end_of_session
corrected_execution__halt_aware__with_dividends__slip_0p0025,2011-01-14,long,271,56.92,6881,619.2899999999747,120.0,390,57.01,end_of_session
corrected_execution__halt_aware__with_dividends__slip_0p0025,2011-01-19,short,31,57.02,6791,3667.1400000000413,360.0,390,56.48,end_of_session
corrected_execution__halt_aware__with_dividends__slip_0p0025,2011-01-20,short,91,55.82,5626,-1012.6799999999986,120.0,211,56.0,scheduled_fill
corrected_execution__halt_aware__with_dividends__slip_0p0025,2011-01-20,short,241,55.89,5626,-556.9739999999812,30.0,271,55.989,scheduled_fill
corrected_execution__halt_aware__with_dividends__slip_0p0025,2011-01-24,long,121,56.2,5120,1126.3999999999942,270.0,390,56.42,end_of_session
corrected_execution__halt_aware__with_dividends__slip_0p0025,2011-01-26,long,61,56.94,5403,-594.3299999999967,30.0,91,56.83,scheduled_fill
corrected_execution__halt_aware__with_dividends__slip_0p0025,2011-01-27,long,31,57.16,5436,-163.0799999999674,30.0,61,57.13,scheduled_fill
corrected_execution__halt_aware__with_dividends__slip_0p0025,2011-01-28,short,61,56.7,5328,5274.720000000013,330.0,390,55.71,end_of_session
corrected_execution__halt_aware__with_dividends__slip_0p0025,2011-01-31,short,31,55.58,3864,-309.1199999999934,30.0,61,55.66,scheduled_fill
corrected_execution__halt_aware__with_dividends__slip_0p0025,2011-02-01,long,31,56.58,3799,1766.535000000011,360.0,390,57.045,end_of_session
corrected_execution__halt_aware__with_dividends__slip_0p0025,2011-02-07,long,91,57.78,3438,214.87500000000006,90.0,181,57.8425,scheduled_fill
corrected_execution__halt_aware__with_dividends__slip_0p0025,2011-02-07,long,211,57.89,3438,-85.94999999999513,60.0,271,57.865,scheduled_fill
corrected_execution__halt_aware__with_dividends__slip_0p0025,2011-02-08,long,31,57.78,3417,170.8499999999903,30.0,61,57.83,scheduled_fill
corrected_execution__halt_aware__with_dividends__slip_0p0025,2011-02-11,long,271,58.35,3801,152.0399999999969,120.0,390,58.39,end_of_session
corrected_execution__halt_aware__with_dividends__slip_0p0025,2011-02-16,long,91,59.02,3880,-349.2000000000131,60.0,151,58.93,scheduled_fill
corrected_execution__halt_aware__with_dividends__slip_0p0025,2011-02-18,short,301,58.59,6843,-547.4399999999882,30.0,331,58.67,scheduled_fill
corrected_execution__halt_aware__with_dividends__slip_0p0025,2011-02-18,short,361,58.62,6843,-821.1600000000312,30.0,390,58.74,end_of_session
corrected_execution__halt_aware__with_dividends__slip_0p0025,2011-02-22,short,151,57.6675,6581,4195.387499999974,240.0,390,57.03,end_of_session
corrected_execution__halt_aware__with_dividends__slip_0p0025,2011-02-23,short,31,56.94,4328,-21.64000000001107,30.0,61,56.945,scheduled_fill
corrected_execution__halt_aware__with_dividends__slip_0p0025,2011-02-23,short,121,56.73,4328,216.3999999999873,210.0,331,56.68,scheduled_fill
corrected_execution__halt_aware__with_dividends__slip_0p0025,2011-02-24,short,271,56.21,4242,-1951.3200000000036,30.0,301,56.67,scheduled_fill
corrected_execution__halt_aware__with_dividends__slip_0p0025,2011-02-25,long,31,57.3962,4084,1016.099200000013,360.0,390,57.645,end_of_session
corrected_execution__halt_aware__with_dividends__slip_0p0025,2011-02-28,long,31,57.97,3842,100.6604000000111,30.0,61,57.9962,scheduled_fill
corrected_execution__halt_aware__with_dividends__slip_0p0025,2011-03-01,short,61,57.43,3863,-772.6000000000109,30.0,91,57.63,scheduled_fill
corrected_execution__halt_aware__with_dividends__slip_0p0025,2011-03-01,short,121,57.51,3863,2410.5119999999824,270.0,390,56.886,end_of_session
corrected_execution__halt_aware__with_dividends__slip_0p0025,2011-03-02,long,31,57.049,3774,-109.44599999998627,120.0,151,57.02,scheduled_fill
corrected_execution__halt_aware__with_dividends__slip_0p0025,2011-03-02,long,331,57.27,3774,-377.4000000000053,60.0,390,57.17,end_of_session
corrected_execution__halt_aware__with_dividends__slip_0p0025,2011-03-03,long,31,58.0102,3653,875.9894000000085,360.0,390,58.25,end_of_session
corrected_execution__halt_aware__with_dividends__slip_0p0025,2011-03-04,short,61,57.94,3263,-554.7100000000056,30.0,91,58.11,scheduled_fill
corrected_execution__halt_aware__with_dividends__slip_0p0025,2011-03-04,short,181,57.62,3263,-1132.261000000004,210.0,390,57.967,end_of_session
corrected_execution__halt_aware__with_dividends__slip_0p0025,2011-03-07,short,91,57.49,3238,760.9299999999976,270.0,361,57.255,scheduled_fill
corrected_execution__halt_aware__with_dividends__slip_0p0025,2011-03-08,long,121,57.49,3205,448.7000000000021,90.0,211,57.63,scheduled_fill
corrected_execution__halt_aware__with_dividends__slip_0p0025,2011-03-09,short,91,56.9,3185,95.55000000000373,30.0,121,56.87,scheduled_fill
corrected_execution__halt_aware__with_dividends__slip_0p0025,2011-03-10,short,31,56.1505,3275,-260.3624999999868,60.0,91,56.23,scheduled_fill
corrected_execution__halt_aware__with_dividends__slip_0p0025,2011-03-11,long,361,56.62,3152,-406.607999999993,30.0,390,56.491,end_of_session
corrected_execution__halt_aware__with_dividends__slip_0p0025,2011-03-16,short,121,54.73,3712,371.1999999999789,60.0,181,54.63,scheduled_fill
corrected_execution__halt_aware__with_dividends__slip_0p0025,2011-03-16,short,211,54.65,3712,1893.1199999999926,180.0,390,54.14,end_of_session
corrected_execution__halt_aware__with_dividends__slip_0p0025,2011-03-21,long,31,55.55,3423,136.9200000000214,120.0,151,55.59,scheduled_fill
corrected_execution__halt_aware__with_dividends__slip_0p0025,2011-03-24,long,151,56.51,3446,-2.7567999999936035,60.0,211,56.5092,scheduled_fill
corrected_execution__halt_aware__with_dividends__slip_0p0025,2011-03-24,long,241,56.5691,3446,-31.358599999988144,30.0,271,56.56,scheduled_fill
corrected_execution__halt_aware__with_dividends__slip_0p0025,2011-03-24,long,301,56.62,3446,310.14000000001175,90.0,390,56.71,end_of_session
corrected_execution__halt_aware__with_dividends__slip_0p0025,2011-03-29,long,61,56.775,3221,64.4200000000105,180.0,241,56.795,scheduled_fill
corrected_execution__halt_aware__with_dividends__slip_0p0025,2011-03-29,long,271,56.85,3221,96.63000000000363,30.0,301,56.88,scheduled_fill
corrected_execution__halt_aware__with_dividends__slip_0p0025,2011-03-29,long,331,56.97,3221,225.14790000001315,60.0,390,57.0399,end_of_session
corrected_execution__halt_aware__with_dividends__slip_0p0025,2011-04-04,short,61,57.27,3392,-305.27999999998747,60.0,121,57.36,scheduled_fill
corrected_execution__halt_aware__with_dividends__slip_0p0025,2011-04-04,short,271,57.06,3392,-237.44000000000096,30.0,301,57.13,scheduled_fill
corrected_execution__halt_aware__with_dividends__slip_0p0025,2011-04-07,long,31,57.55,5157,-825.1199999999826,30.0,61,57.39,scheduled_fill
corrected_execution__halt_aware__with_dividends__slip_0p0025,2011-04-08,short,331,56.78,5200,-884.000000000009,60.0,390,56.95,end_of_session
corrected_execution__halt_aware__with_dividends__slip_0p0025,2011-04-11,short,331,56.645,6304,126.08000000001971,30.0,361,56.625,scheduled_fill
corrected_execution__halt_aware__with_dividends__slip_0p0025,2011-04-12,short,31,56.38,6309,-63.72089999996365,30.0,61,56.3901,scheduled_fill
corrected_execution__halt_aware__with_dividends__slip_0p0025,2011-04-12,short,91,56.27,6309,31.545000000016188,60.0,151,56.265,scheduled_fill
corrected_execution__halt_aware__with_dividends__slip_0p0025,2011-04-13,long,91,56.97,6007,-841.5806999999804,30.0,121,56.8299,scheduled_fill
corrected_execution__halt_aware__with_dividends__slip_0p0025,2011-04-15,short,31,56.41,7831,-1096.340000000004,30.0,61,56.55,scheduled_fill
corrected_execution__halt_aware__with_dividends__slip_0p0025,2011-04-18,short,31,55.6304,7831,81.4424000000317,120.0,151,55.62,scheduled_fill
corrected_execution__halt_aware__with_dividends__slip_0p0025,2011-04-18,short,181,55.6292,7831,-218.48490000001937,30.0,211,55.6571,scheduled_fill
corrected_execution__halt_aware__with_dividends__slip_0p0025,2011-04-18,short,241,55.6,7831,-2231.834999999974,30.0,271,55.885,scheduled_fill
corrected_execution__halt_aware__with_dividends__slip_0p0025,2011-04-20,long,61,57.86,7433,-668.9699999999725,150.0,211,57.77,scheduled_fill
corrected_execution__halt_aware__with_dividends__slip_0p0025,2011-04-20,long,271,57.83,7433,222.2467000000366,90.0,361,57.8599,scheduled_fill
corrected_execution__halt_aware__with_dividends__slip_0p0025,2011-04-26,long,91,58.87,4627,-115.67499999999347,120.0,211,58.845,scheduled_fill
corrected_execution__halt_aware__with_dividends__slip_0p0025,2011-04-26,long,301,58.845,4627,-46.26999999999079,30.0,331,58.835,scheduled_fill
corrected_execution__halt_aware__with_dividends__slip_0p0025,2011-05-03,short,91,58.74,4679,-407.5408999999977,30.0,121,58.8271,scheduled_fill
corrected_execution__halt_aware__with_dividends__slip_0p0025,2011-05-03,short,211,58.56,4679,-655.0600000000031,180.0,390,58.7,end_of_session
corrected_execution__halt_aware__with_dividends__slip_0p0025,2011-05-04,short,91,58.46,4749,-332.4300000000011,180.0,271,58.53,scheduled_fill
corrected_execution__halt_aware__with_dividends__slip_0p0025,2011-05-05,long,151,58.82,4809,-577.0799999999878,60.0,211,58.7,scheduled_fill
corrected_execution__halt_aware__with_dividends__slip_0p0025,2011-05-05,long,241,58.785,4809,-937.754999999967,90.0,331,58.59,scheduled_fill
corrected_execution__halt_aware__with_dividends__slip_0p0025,2011-05-05,short,361,58.13,4809,-673.2600000000027,30.0,390,58.27,end_of_session
corrected_execution__halt_aware__with_dividends__slip_0p0025,2011-05-06,long,121,59.1049,4497,-67.00529999998759,30.0,151,59.09,scheduled_fill
corrected_execution__halt_aware__with_dividends__slip_0p0025,2011-05-09,short,61,58.42,4549,-545.8799999999883,30.0,91,58.54,scheduled_fill
corrected_execution__halt_aware__with_dividends__slip_0p0025,2011-05-09,long,211,58.77,4549,-295.68500000002194,180.0,390,58.705,end_of_session
corrected_execution__halt_aware__with_dividends__slip_0p0025,2011-05-10,long,31,59.07,4762,-952.4000000000134,90.0,121,58.87,scheduled_fill
corrected_execution__halt_aware__with_dividends__slip_0p0025,2011-05-10,long,331,59.17,4762,-1.1368683772161603e-13,60.0,390,59.17,end_of_session
corrected_execution__halt_aware__with_dividends__slip_0p0025,2011-05-11,short,151,58.91,4633,625.4549999999891,240.0,390,58.775,end_of_session
corrected_execution__halt_aware__with_dividends__slip_0p0025,2011-05-12,long,241,59.01,6761,-67.60999999998688,90.0,331,59.0,scheduled_fill
corrected_execution__halt_aware__with_dividends__slip_0p0025,2011-05-12,long,361,59.09,6761,33.80499999996927,30.0,390,59.095,end_of_session
corrected_execution__halt_aware__with_dividends__slip_0p0025,2011-05-13,short,121,58.63,6806,1497.3200000000404,270.0,390,58.41,end_of_session
corrected_execution__halt_aware__with_dividends__slip_0p0025,2011-05-16,short,181,57.845,5953,2619.319999999986,210.0,390,57.405,end_of_session
corrected_execution__halt_aware__with_dividends__slip_0p0025,2011-05-18,long,91,57.6671,5287,226.81230000001608,60.0,151,57.71,scheduled_fill
corrected_execution__halt_aware__with_dividends__slip_0p0025,2011-05-18,long,241,57.86,5287,951.6599999999987,150.0,390,58.04,end_of_session
corrected_execution__halt_aware__with_dividends__slip_0p0025,2011-05-19,short,91,57.91,4859,-388.72000000002623,30.0,121,57.99,scheduled_fill
corrected_execution__halt_aware__with_dividends__slip_0p0025,2011-05-20,short,31,57.945,4800,-119.99999999999318,150.0,181,57.97,scheduled_fill
corrected_execution__halt_aware__with_dividends__slip_0p0025,2011-05-23,short,31,56.769,4787,-83.29380000001015,60.0,91,56.7864,scheduled_fill
corrected_execution__halt_aware__with_dividends__slip_0p0025,2011-05-24,short,91,56.77,4325,-129.74999999997414,30.0,121,56.8,scheduled_fill
corrected_execution__halt_aware__with_dividends__slip_0p0025,2011-05-24,short,211,56.6601,4325,-86.0674999999992,30.0,241,56.68,scheduled_fill
corrected_execution__halt_aware__with_dividends__slip_0p0025,2011-05-25,long,61,56.7591,4327,-125.91569999999868,30.0,91,56.73,scheduled_fill
corrected_execution__halt_aware__with_dividends__slip_0p0025,2011-05-25,long,151,56.84,4327,-346.16000000002344,90.0,241,56.76,scheduled_fill
corrected_execution__halt_aware__with_dividends__slip_0p0025,2011-05-25,long,361,56.96,4327,-649.0499999999936,30.0,390,56.81,end_of_session
corrected_execution__halt_aware__with_dividends__slip_0p0025,2011-05-26,long,211,57.129,4209,3.552713678800501e-14,60.0,271,57.129,scheduled_fill
corrected_execution__halt_aware__with_dividends__slip_0p0025,2011-05-26,long,301,57.24,4209,-441.94500000001676,90.0,390,57.135,end_of_session
corrected_execution__halt_aware__with_dividends__slip_0p0025,2011-06-01,short,91,57.9489,3718,3081.850200000019,300.0,390,57.12,end_of_session
corrected_execution__halt_aware__with_dividends__slip_0p0025,2011-06-06,short,361,55.92,3536,35.36000000001809,30.0,390,55.91,end_of_session
corrected_execution__halt_aware__with_dividends__slip_0p0025,2011-06-08,short,31,55.4611,3855,-419.80949999999416,30.0,61,55.57,scheduled_fill
corrected_execution__halt_aware__with_dividends__slip_0p0025,2011-06-08,short,271,55.285,3855,-790.2750000000208,60.0,331,55.49,scheduled_fill
corrected_execution__halt_aware__with_dividends__slip_0p0025,2011-06-08,short,361,55.31,3855,-460.67249999998086,30.0,390,55.4295,end_of_session
corrected_execution__halt_aware__with_dividends__slip_0p0025,2011-06-09,long,271,55.63,4007,-40.070000000020514,30.0,301,55.62,scheduled_fill
corrected_execution__halt_aware__with_dividends__slip_0p0025,2011-06-09,long,331,55.68,4007,-180.31500000000688,30.0,361,55.635,scheduled_fill
corrected_execution__halt_aware__with_dividends__slip_0p0025,2011-06-10,short,61,55.03,4035,181.57500000000718,270.0,331,54.985,scheduled_fill
corrected_execution__halt_aware__with_dividends__slip_0p0025,2011-06-10,short,361,54.9,4035,1089.4499999999837,30.0,390,54.63,end_of_session
corrected_execution__halt_aware__with_dividends__slip_0p0025,2011-06-13,long,31,54.8781,3892,-692.7760000000169,60.0,91,54.7001,scheduled_fill
corrected_execution__halt_aware__with_dividends__slip_0p0025,2011-06-14,long,61,55.29,4041,121.23000000000462,60.0,121,55.32,scheduled_fill
corrected_execution__halt_aware__with_dividends__slip_0p0025,2011-06-14,long,271,55.39,4041,-2.1316282072803006e-14,90.0,361,55.39,scheduled_fill
corrected_execution__halt_aware__with_dividends__slip_0p0025,2011-06-15,short,151,54.59,3708,1075.320000000023,240.0,390,54.3,end_of_session
corrected_execution__halt_aware__with_dividends__slip_0p0025,2011-06-16,short,301,54.0,3490,-244.30000000000103,90.0,390,54.07,end_of_session
corrected_execution__halt_aware__with_dividends__slip_0p0025,2011-06-20,long,151,54.12,3731,-410.40999999999775,210.0,361,54.01,scheduled_fill
corrected_execution__halt_aware__with_dividends__slip_0p0025,2011-06-21,long,31,54.479,4086,3068.5859999999902,360.0,390,55.23,end_of_session
corrected_execution__halt_aware__with_dividends__slip_0p0025,2011-06-24,short,61,54.72,3559,1192.2650000000033,330.0,390,54.385,end_of_session
corrected_execution__halt_aware__with_dividends__slip_0p0025,2011-06-27,long,31,54.6295,3430,2076.8650000000002,360.0,390,55.235,end_of_session
corrected_execution__halt_aware__with_dividends__slip_0p0025,2011-06-28,long,31,55.61,3181,1431.7680999999961,360.0,390,56.0601,end_of_session
corrected_execution__halt_aware__with_dividends__slip_0p0025,2011-06-30,long,31,56.73,3023,937.1300000000068,360.0,390,57.04,end_of_session
corrected_execution__halt_aware__with_dividends__slip_0p0025,2011-07-01,long,61,57.43,3152,1512.95999999999,330.0,390,57.91,end_of_session
corrected_execution__halt_aware__with_dividends__slip_0p0025,2011-07-07,long,301,59.3284,3582,-137.54880000001032,30.0,331,59.29,scheduled_fill
corrected_execution__halt_aware__with_dividends__slip_0p0025,2011-07-11,short,241,57.93,3680,-184.36800000000176,30.0,271,57.9801,scheduled_fill
corrected_execution__halt_aware__with_dividends__slip_0p0025,2011-07-11,short,301,57.85,3680,-239.19999999999163,90.0,390,57.915,end_of_session
corrected_execution__halt_aware__with_dividends__slip_0p0025,2011-07-12,short,31,57.6201,3103,-542.7147000000027,30.0,61,57.795,scheduled_fill
corrected_execution__halt_aware__with_dividends__slip_0p0025,2011-07-13,long,61,58.155,3259,146.6550000000052,150.0,211,58.2,scheduled_fill
corrected_execution__halt_aware__with_dividends__slip_0p0025,2011-07-14,long,31,58.1,3365,-1581.5499999999965,60.0,91,57.63,scheduled_fill
corrected_execution__halt_aware__with_dividends__slip_0p0025,2011-07-14,short,181,57.29,3365,740.2999999999957,210.0,390,57.07,end_of_session
corrected_execution__halt_aware__with_dividends__slip_0p0025,2011-07-18,short,91,57.2,3528,-352.79999999997995,30.0,121,57.3,scheduled_fill
corrected_execution__halt_aware__with_dividends__slip_0p0025,2011-07-18,short,151,57.005,3528,-476.27999999999304,90.0,241,57.14,scheduled_fill
corrected_execution__halt_aware__with_dividends__slip_0p0025,2011-07-19,long,31,58.44,3539,37.867299999999865,120.0,151,58.4507,scheduled_fill
corrected_execution__halt_aware__with_dividends__slip_0p0025,2011-07-19,long,211,58.52,3539,884.75,180.0,390,58.77,end_of_session
corrected_execution__halt_aware__with_dividends__slip_0p0025,2011-07-21,long,61,59.255,3257,-1156.2350000000133,90.0,151,58.9,scheduled_fill
corrected_execution__halt_aware__with_dividends__slip_0p0025,2011-07-21,long,211,59.08,3257,-227.99000000000098,180.0,390,59.01,end_of_session
corrected_execution__halt_aware__with_dividends__slip_0p0025,2011-07-22,long,211,59.519,3291,200.7509999999997,180.0,390,59.58,end_of_session
corrected_execution__halt_aware__with_dividends__slip_0p0025,2011-07-27,short,31,58.95,3392,610.559999999999,90.0,121,58.77,scheduled_fill
corrected_execution__halt_aware__with_dividends__slip_0p0025,2011-07-27,short,151,58.598,3392,1553.5359999999946,240.0,390,58.14,end_of_session
corrected_execution__halt_aware__with_dividends__slip_0p0025,2011-07-28,long,91,58.53,3164,-221.16360000001268,210.0,301,58.4601,scheduled_fill
corrected_execution__halt_aware__with_dividends__slip_0p0025,2011-08-01,short,61,57.69,3439,103.17000000000324,300.0,361,57.66,scheduled_fill
corrected_execution__halt_aware__with_dividends__slip_0p0025,2011-08-02,short,271,56.65,3520,-809.600000000014,60.0,331,56.88,scheduled_fill
corrected_execution__halt_aware__with_dividends__slip_0p0025,2011-08-02,short,361,56.555,3520,1108.799999999992,30.0,390,56.24,end_of_session
corrected_execution__halt_aware__with_dividends__slip_0p0025,2011-08-04,short,91,55.38,3063,3384.615000000012,300.0,390,54.275,end_of_session
corrected_execution__halt_aware__with_dividends__slip_0p0025,2011-08-05,short,31,53.63,2464,-1503.0399999999986,30.0,61,54.24,scheduled_fill
corrected_execution__halt_aware__with_dividends__slip_0p0025,2011-08-05,short,91,53.83,2464,-1034.8800000000049,120.0,211,54.25,scheduled_fill
corrected_execution__halt_aware__with_dividends__slip_0p0025,2011-08-05,short,361,53.57,2464,-960.9600000000014,30.0,390,53.96,end_of_session
corrected_execution__halt_aware__with_dividends__slip_0p0025,2011-08-08,short,61,51.82,2500,-1125.000000000007,60.0,121,52.27,scheduled_fill
corrected_execution__halt_aware__with_dividends__slip_0p0025,2011-08-08,short,271,51.58,2500,2125.000000000004,120.0,390,50.73,end_of_session
corrected_execution__halt_aware__with_dividends__slip_0p0025,2011-08-09,long,31,51.66,2104,84.16000000001259,240.0,271,51.7,scheduled_fill
corrected_execution__halt_aware__with_dividends__slip_0p0025,2011-08-10,short,31,51.55,1728,-103.68000000000393,120.0,151,51.61,scheduled_fill
corrected_execution__halt_aware__with_dividends__slip_0p0025,2011-08-11,long,61,52.27,1672,1488.0799999999904,330.0,390,53.16,end_of_session
corrected_execution__halt_aware__with_dividends__slip_0p0025,2011-08-17,long,31,54.344,1411,-55.029000000002036,30.0,61,54.305,scheduled_fill
corrected_execution__halt_aware__with_dividends__slip_0p0025,2011-08-17,short,241,53.25,1411,-126.99000000000487,60.0,301,53.34,scheduled_fill
corrected_execution__halt_aware__with_dividends__slip_0p0025,2011-08-18,short,31,51.47,1459,-10.067100000002668,120.0,151,51.4769,scheduled_fill
corrected_execution__halt_aware__with_dividends__slip_0p0025,2011-08-18,short,241,51.21,1459,335.57000000000573,150.0,390,50.98,end_of_session
corrected_execution__halt_aware__with_dividends__slip_0p0025,2011-08-19,long,61,51.59,1419,-354.6081000000055,30.0,91,51.3401,scheduled_fill
corrected_execution__halt_aware__with_dividends__slip_0p0025,2011-08-23,long,61,51.14,1417,-112.93490000000358,30.0,91,51.0603,scheduled_fill
corrected_execution__halt_aware__with_dividends__slip_0p0025,2011-08-23,long,121,51.12,1417,1587.040000000006,270.0,390,52.24,end_of_session
corrected_execution__halt_aware__with_dividends__slip_0p0025,2011-08-25,short,91,51.93,1356,-433.9200000000003,30.0,121,52.25,scheduled_fill
corrected_execution__halt_aware__with_dividends__slip_0p0025,2011-08-25,short,211,51.88,1356,-271.19999999999425,60.0,271,52.08,scheduled_fill
corrected_execution__halt_aware__with_dividends__slip_0p0025,2011-08-25,short,331,51.8411,1356,-188.3483999999994,30.0,361,51.98,scheduled_fill
corrected_execution__halt_aware__with_dividends__slip_0p0025,2011-08-26,long,91,52.41,1363,913.2100000000017,300.0,390,53.08,end_of_session
corrected_execution__halt_aware__with_dividends__slip_0p0025,2011-08-29,long,301,54.45,1495,-14.950000000007655,30.0,331,54.44,scheduled_fill
corrected_execution__halt_aware__with_dividends__slip_0p0025,2011-08-29,long,361,54.55,1495,149.50000000000213,30.0,390,54.65,end_of_session
corrected_execution__halt_aware__with_dividends__slip_0p0025,2011-09-08,long,91,55.07,1804,-180.40000000000256,30.0,121,54.97,scheduled_fill
corrected_execution__halt_aware__with_dividends__slip_0p0025,2011-09-09,short,151,53.2852,2260,102.15200000000266,240.0,390,53.24,end_of_session
corrected_execution__halt_aware__with_dividends__slip_0p0025,2011-09-12,long,31,53.42,2276,-317.5019999999957,30.0,61,53.2805,scheduled_fill
corrected_execution__halt_aware__with_dividends__slip_0p0025,2011-09-14,long,331,55.595,2522,-441.3499999999927,60.0,390,55.42,end_of_session
corrected_execution__halt_aware__with_dividends__slip_0p0025,2011-09-19,short,31,55.5,2710,-298.0999999999985,30.0,61,55.61,scheduled_fill
corrected_execution__halt_aware__with_dividends__slip_0p0025,2011-09-20,long,151,57.32,3008,-360.9599999999923,30.0,181,57.2,scheduled_fill
corrected_execution__halt_aware__with_dividends__slip_0p0025,2011-09-21,long,31,56.8,2997,-629.3699999999811,30.0,61,56.59,scheduled_fill
corrected_execution__halt_aware__with_dividends__slip_0p0025,2011-09-22,short,31,53.52,2939,-1704.6199999999944,30.0,61,54.1,scheduled_fill
corrected_execution__halt_aware__with_dividends__slip_0p0025,2011-09-22,short,241,53.65,2939,-146.95000000001295,60.0,301,53.7,scheduled_fill
corrected_execution__halt_aware__with_dividends__slip_0p0025,2011-09-22,short,331,53.25,2939,-1263.7699999999995,60.0,390,53.68,end_of_session
corrected_execution__halt_aware__with_dividends__slip_0p0025,2011-09-23,long,91,53.94,2493,-224.6192999999993,60.0,151,53.8499,scheduled_fill
corrected_execution__halt_aware__with_dividends__slip_0p0025,2011-09-23,long,271,54.28,2493,-797.7600000000007,30.0,301,53.96,scheduled_fill
corrected_execution__halt_aware__with_dividends__slip_0p0025,2011-09-26,short,31,53.78,2577,103.07999999999798,60.0,91,53.74,scheduled_fill
corrected_execution__halt_aware__with_dividends__slip_0p0025,2011-09-26,short,241,53.76,2577,128.8499999999927,30.0,271,53.71,scheduled_fill
corrected_execution__halt_aware__with_dividends__slip_0p0025,2011-09-29,short,91,54.23,2589,-310.68000000001183,30.0,121,54.35,scheduled_fill
corrected_execution__halt_aware__with_dividends__slip_0p0025,2011-09-29,short,211,54.15,2589,802.5899999999858,180.0,390,53.84,end_of_session
corrected_execution__halt_aware__with_dividends__slip_0p0025,2011-10-03,short,241,51.62,2715,1140.2999999999852,150.0,390,51.2,end_of_session
corrected_execution__halt_aware__with_dividends__slip_0p0025,2011-10-04,long,151,51.47,2736,-465.12000000000444,90.0,241,51.3,scheduled_fill
corrected_execution__halt_aware__with_dividends__slip_0p0025,2011-10-05,long,91,52.92,2549,1554.8899999999978,300.0,390,53.53,end_of_session
corrected_execution__halt_aware__with_dividends__slip_0p0025,2011-10-06,long,61,53.85,2360,47.19999999999055,30.0,91,53.87,scheduled_fill
corrected_execution__halt_aware__with_dividends__slip_0p0025,2011-10-06,long,121,53.99,2360,-165.20000000000056,120.0,241,53.92,scheduled_fill
corrected_execution__halt_aware__with_dividends__slip_0p0025,2011-10-06,long,301,54.17,2360,-236.00000000000335,60.0,361,54.07,scheduled_fill
corrected_execution__halt_aware__with_dividends__slip_0p0025,2011-10-07,short,121,53.93,2238,-514.739999999993,30.0,151,54.16,scheduled_fill
corrected_execution__halt_aware__with_dividends__slip_0p0025,2011-10-07,short,181,53.92,2238,-156.66000000000068,60.0,241,53.99,scheduled_fill
corrected_execution__halt_aware__with_dividends__slip_0p0025,2011-10-10,long,31,55.3,2204,132.24000000000572,330.0,361,55.36,scheduled_fill
corrected_execution__halt_aware__with_dividends__slip_0p0025,2011-10-11,long,61,56.235,1914,47.84999999999732,30.0,91,56.26,scheduled_fill
corrected_execution__halt_aware__with_dividends__slip_0p0025,2011-10-11,long,151,56.38,1914,-340.69200000000825,60.0,211,56.202,scheduled_fill
corrected_execution__halt_aware__with_dividends__slip_0p0025,2011-10-17,short,211,57.3026,2088,-140.7311999999984,30.0,241,57.37,scheduled_fill
corrected_execution__halt_aware__with_dividends__slip_0p0025,2011-10-17,short,301,57.2,2088,104.4000000000089,90.0,390,57.15,end_of_session
corrected_execution__halt_aware__with_dividends__slip_0p0025,2011-10-18,short,31,56.8799,2012,-523.3212000000028,30.0,61,57.14,scheduled_fill
corrected_execution__halt_aware__with_dividends__slip_0p0025,2011-10-18,long,361,58.13,2012,-301.80000000001144,30.0,390,57.98,end_of_session
corrected_execution__halt_aware__with_dividends__slip_0p0025,2011-10-19,short,301,56.9,2022,141.5400000000007,90.0,390,56.83,end_of_session
corrected_execution__halt_aware__with_dividends__slip_0p0025,2011-10-20,short,31,56.61,1989,-39.78000000000622,30.0,61,56.63,scheduled_fill
corrected_execution__halt_aware__with_dividends__slip_0p0025,2011-10-20,short,91,56.46,1989,-298.34999999999707,150.0,241,56.61,scheduled_fill
corrected_execution__halt_aware__with_dividends__slip_0p0025,2011-10-21,long,61,57.56,2144,-278.7200000000055,30.0,91,57.43,scheduled_fill
corrected_execution__halt_aware__with_dividends__slip_0p0025,2011-10-24,long,61,58.06,2452,1115.6599999999964,330.0,390,58.515,end_of_session
corrected_execution__halt_aware__with_dividends__slip_0p0025,2011-10-25,short,121,57.8,2437,60.92499999999649,30.0,151,57.775,scheduled_fill
corrected_execution__halt_aware__with_dividends__slip_0p0025,2011-10-25,short,301,57.55,2437,779.8400000000007,90.0,390,57.23,end_of_session
corrected_execution__halt_aware__with_dividends__slip_0p0025,2011-10-26,short,91,56.28,2302,-1266.0999999999935,60.0,151,56.83,scheduled_fill
corrected_execution__halt_aware__with_dividends__slip_0p0025,2011-10-26,short,181,56.77,2302,-874.7599999999893,90.0,271,57.15,scheduled_fill
corrected_execution__halt_aware__with_dividends__slip_0p0025,2011-10-27,long,361,59.11,2260,-723.2000000000006,30.0,390,58.79,end_of_session
corrected_execution__halt_aware__with_dividends__slip_0p0025,2011-11-01,short,211,56.26,2370,-213.30000000000814,30.0,241,56.35,scheduled_fill
corrected_execution__halt_aware__with_dividends__slip_0p0025,2011-11-03,long,241,57.81,2092,669.4400000000007,150.0,390,58.13,end_of_session
corrected_execution__halt_aware__with_dividends__slip_0p0025,2011-11-04,short,61,57.34,2065,-351.04999999998876,90.0,151,57.51,scheduled_fill
corrected_execution__halt_aware__with_dividends__slip_0p0025,2011-11-07,short,91,57.315,2129,-372.575000000009,150.0,241,57.49,scheduled_fill
corrected_execution__halt_aware__with_dividends__slip_0p0025,2011-11-08,long,31,58.82,2131,-937.6399999999952,30.0,61,58.38,scheduled_fill
corrected_execution__halt_aware__with_dividends__slip_0p0025,2011-11-09,short,31,57.35,2244,-426.3599999999949,60.0,91,57.54,scheduled_fill
corrected_execution__halt_aware__with_dividends__slip_0p0025,2011-11-09,short,271,57.16,2244,718.0799999999841,120.0,390,56.84,end_of_session
corrected_execution__halt_aware__with_dividends__slip_0p0025,2011-11-10,short,91,56.42,1929,-578.6999999999948,30.0,121,56.72,scheduled_fill
corrected_execution__halt_aware__with_dividends__slip_0p0025,2011-11-11,long,91,57.75,1947,136.29000000000042,300.0,390,57.82,end_of_session
corrected_execution__halt_aware__with_dividends__slip_0p0025,2011-11-15,long,31,57.67,2075,-332.0000000000077,30.0,61,57.51,scheduled_fill
corrected_execution__halt_aware__with_dividends__slip_0p0025,2011-11-15,long,181,57.85,2075,570.6249999999974,210.0,390,58.125,end_of_session
corrected_execution__halt_aware__with_dividends__slip_0p0025,2011-11-17,short,61,56.68,2178,2110.482000000005,330.0,390,55.711,end_of_session
corrected_execution__halt_aware__with_dividends__slip_0p0025,2011-11-21,short,31,54.24,2230,133.80000000000507,210.0,241,54.18,scheduled_fill
corrected_execution__halt_aware__with_dividends__slip_0p0025,2011-11-21,short,271,54.03,2230,-490.5999999999976,30.0,301,54.25,scheduled_fill
corrected_execution__halt_aware__with_dividends__slip_0p0025,2011-11-23,short,31,53.8,2414,1086.299999999989,360.0,390,53.35,end_of_session
corrected_execution__halt_aware__with_dividends__slip_0p0025,2011-11-28,long,31,54.61,2583,-180.8100000000009,180.0,211,54.54,scheduled_fill
corrected_execution__halt_aware__with_dividends__slip_0p0025,2011-11-28,long,241,54.7,2583,-361.6200000000015,30.0,271,54.56,scheduled_fill
corrected_execution__halt_aware__with_dividends__slip_0p0025,2011-11-30,long,91,56.3,2188,-306.3200000000012,120.0,211,56.16,scheduled_fill
corrected_execution__halt_aware__with_dividends__slip_0p0025,2011-12-01,long,31,56.7775,2028,-126.75,30.0,61,56.715,scheduled_fill
corrected_execution__halt_aware__with_dividends__slip_0p0025,2011-12-01,long,361,56.89,2028,-294.0600000000065,30.0,390,56.745,end_of_session
corrected_execution__halt_aware__with_dividends__slip_0p0025,2011-12-07,short,31,56.53,2098,-125.8800000000047,60.0,91,56.59,scheduled_fill
corrected_execution__halt_aware__with_dividends__slip_0p0025,2011-12-08,short,241,56.4,2170,-206.14999999999753,30.0,271,56.495,scheduled_fill
corrected_execution__halt_aware__with_dividends__slip_0p0025,2011-12-08,short,331,56.31,2170,-542.5000000000001,30.0,361,56.56,scheduled_fill
corrected_execution__halt_aware__with_dividends__slip_0p0025,2011-12-09,long,91,56.74,2266,781.7699999999975,300.0,390,57.085,end_of_session
corrected_execution__halt_aware__with_dividends__slip_0p0025,2011-12-12,short,31,56.08,2211,-176.87999999999624,60.0,91,56.16,scheduled_fill
corrected_execution__halt_aware__with_dividends__slip_0p0025,2011-12-12,short,151,55.98,2211,-243.2100000000144,60.0,211,56.09,scheduled_fill
corrected_execution__halt_aware__with_dividends__slip_0p0025,2011-12-13,short,361,55.72,2239,-87.3210000000033,30.0,390,55.759,end_of_session
corrected_execution__halt_aware__with_dividends__slip_0p0025,2011-12-14,short,61,55.1,2230,-66.90000000000217,180.0,241,55.13,scheduled_fill
corrected_execution__halt_aware__with_dividends__slip_0p0025,2011-12-14,short,271,54.96,2230,44.60000000000693,120.0,390,54.94,end_of_session
corrected_execution__halt_aware__with_dividends__slip_0p0025,2011-12-16,long,31,55.28,2344,-562.5600000000047,120.0,151,55.04,scheduled_fill
corrected_execution__halt_aware__with_dividends__slip_0p0025,2011-12-19,short,361,54.27,2712,-135.5999999999923,30.0,390,54.32,end_of_session
corrected_execution__halt_aware__with_dividends__slip_0p0025,2011-12-20,long,31,55.51,2666,1039.7400000000011,360.0,390,55.9,end_of_session
corrected_execution__halt_aware__with_dividends__slip_0p0025,2011-12-21,short,31,55.05,2974,-89.22000000000303,330.0,361,55.08,scheduled_fill
corrected_execution__halt_aware__with_dividends__slip_0p0025,2011-12-27,long,31,56.25,2824,56.48000000000883,30.0,61,56.27,scheduled_fill
corrected_execution__halt_aware__with_dividends__slip_0p0025,2011-12-28,short,31,55.88,2808,280.800000000004,60.0,91,55.78,scheduled_fill
corrected_execution__halt_aware__with_dividends__slip_0p0025,2011-12-28,short,151,55.69,2808,-84.24000000000319,30.0,181,55.72,scheduled_fill
corrected_execution__halt_aware__with_dividends__slip_0p0025,2011-12-28,short,211,55.63,2808,-365.03999999998723,60.0,271,55.76,scheduled_fill
corrected_execution__halt_aware__with_dividends__slip_0p0025,2011-12-28,short,301,55.69,2808,-28.080000000014365,30.0,331,55.7,scheduled_fill
corrected_execution__halt_aware__with_dividends__slip_0p0025,2011-12-28,short,361,55.5,2808,-56.16000000000878,30.0,390,55.52,end_of_session
corrected_execution__halt_aware__with_dividends__slip_0p0025,2012-01-05,long,241,57.51,2973,-41.02739999998891,90.0,331,57.4962,scheduled_fill
corrected_execution__halt_aware__with_dividends__slip_0p0025,2012-01-05,long,361,57.53,2973,267.569999999989,30.0,390,57.62,end_of_session
corrected_execution__halt_aware__with_dividends__slip_0p0025,2012-01-12,short,91,57.99,4298,-816.6199999999902,30.0,121,58.18,scheduled_fill
corrected_execution__halt_aware__with_dividends__slip_0p0025,2012-01-17,long,61,58.84,4937,251.78699999997454,120.0,181,58.891,scheduled_fill
corrected_execution__halt_aware__with_dividends__slip_0p0025,2012-01-18,long,31,58.9001,4921,2755.2678999999957,360.0,390,59.46,end_of_session
corrected_execution__halt_aware__with_dividends__slip_0p0025,2012-01-19,long,31,59.84,4663,-287.7071000000087,30.0,61,59.7783,scheduled_fill
corrected_execution__halt_aware__with_dividends__slip_0p0025,2012-01-19,long,121,59.925,4663,-93.25999999998147,60.0,181,59.905,scheduled_fill
corrected_execution__halt_aware__with_dividends__slip_0p0025,2012-01-23,long,31,60.06,5625,-168.75000000000634,60.0,91,60.03,scheduled_fill
corrected_execution__halt_aware__with_dividends__slip_0p0025,2012-01-26,long,31,60.79,5990,-1377.6999999999812,30.0,61,60.56,scheduled_fill
corrected_execution__halt_aware__with_dividends__slip_0p0025,2012-01-26,short,181,60.2684,5990,-488.78400000001,30.0,211,60.35,scheduled_fill
corrected_execution__halt_aware__with_dividends__slip_0p0025,2012-01-26,short,271,60.26,5990,599.0000000000089,120.0,390,60.16,end_of_session
corrected_execution__halt_aware__with_dividends__slip_0p0025,2012-01-27,long,31,60.35,5635,-56.349999999988384,30.0,61,60.34,scheduled_fill
corrected_execution__halt_aware__with_dividends__slip_0p0025,2012-01-27,long,331,60.34,5635,253.5749999999696,60.0,390,60.385,end_of_session
corrected_execution__halt_aware__with_dividends__slip_0p0025,2012-01-31,short,151,60.21,5671,-623.8099999999966,30.0,181,60.32,scheduled_fill
corrected_execution__halt_aware__with_dividends__slip_0p0025,2012-02-01,long,151,61.07,5681,-2.0605739337042905e-13,210.0,361,61.07,scheduled_fill
corrected_execution__halt_aware__with_dividends__slip_0p0025,2012-02-03,long,61,61.94,5493,109.86000000001721,90.0,151,61.96,scheduled_fill
corrected_execution__halt_aware__with_dividends__slip_0p0025,2012-02-03,long,181,62.04,5493,164.79000000000613,210.0,390,62.07,end_of_session
corrected_execution__halt_aware__with_dividends__slip_0p0025,2012-02-08,long,61,62.33,5840,-1051.1999999999985,30.0,91,62.15,scheduled_fill
corrected_execution__halt_aware__with_dividends__slip_0p0025,2012-02-08,long,331,62.4,5840,233.01600000001713,60.0,390,62.4399,end_of_session
corrected_execution__halt_aware__with_dividends__slip_0p0025,2012-02-09,long,181,62.84,5790,405.2999999999605,210.0,390,62.91,end_of_session
corrected_execution__halt_aware__with_dividends__slip_0p0025,2012-02-15,long,151,63.835,5835,-846.0750000000183,30.0,181,63.69,scheduled_fill
corrected_execution__halt_aware__with_dividends__slip_0p0025,2012-02-15,short,331,62.91,5835,1166.9999999999752,60.0,390,62.71,end_of_session
corrected_execution__halt_aware__with_dividends__slip_0p0025,2012-02-16,long,61,62.939,5705,-850.0450000000051,30.0,91,62.79,scheduled_fill
corrected_execution__halt_aware__with_dividends__slip_0p0025,2012-02-16,long,151,63.17,5705,2681.9204999999724,240.0,390,63.6401,end_of_session
corrected_execution__halt_aware__with_dividends__slip_0p0025,2012-02-17,short,31,63.5305,5036,2.518000000012023,30.0,61,63.53,scheduled_fill
corrected_execution__halt_aware__with_dividends__slip_0p0025,2012-02-17,short,91,63.41,5036,201.43999999999642,150.0,241,63.37,scheduled_fill
corrected_execution__halt_aware__with_dividends__slip_0p0025,2012-02-21,long,91,63.81,4916,-540.7599999999971,90.0,181,63.7,scheduled_fill
corrected_execution__halt_aware__with_dividends__slip_0p0025,2012-02-23,long,91,63.66,4764,-428.7599999999825,120.0,211,63.57,scheduled_fill
corrected_execution__halt_aware__with_dividends__slip_0p0025,2012-02-23,long,241,63.56,4764,-238.2000000000202,30.0,271,63.51,scheduled_fill
corrected_execution__halt_aware__with_dividends__slip_0p0025,2012-02-23,long,361,63.75,4764,-190.55999999999594,30.0,390,63.71,end_of_session
corrected_execution__halt_aware__with_dividends__slip_0p0025,2012-02-28,long,31,64.2999,5226,567.5436000000502,240.0,271,64.4085,scheduled_fill
corrected_execution__halt_aware__with_dividends__slip_0p0025,2012-02-28,long,331,64.455,5226,1019.0700000000386,60.0,390,64.65,end_of_session
corrected_execution__halt_aware__with_dividends__slip_0p0025,2012-02-29,long,31,64.93,5056,-657.2800000000489,30.0,61,64.8,scheduled_fill
corrected_execution__halt_aware__with_dividends__slip_0p0025,2012-03-01,long,271,64.9499,4904,-244.70959999996978,30.0,301,64.9,scheduled_fill
corrected_execution__halt_aware__with_dividends__slip_0p0025,2012-03-05,short,61,64.53,5262,1841.699999999969,330.0,390,64.18,end_of_session
corrected_execution__halt_aware__with_dividends__slip_0p0025,2012-03-06,short,31,63.46,4958,198.31999999999547,60.0,91,63.42,scheduled_fill
corrected_execution__halt_aware__with_dividends__slip_0p0025,2012-03-07,long,181,64.1301,4583,-137.94830000002042,60.0,241,64.1,scheduled_fill
corrected_execution__halt_aware__with_dividends__slip_0p0025,2012-03-08,long,241,64.75,4629,92.57999999998157,150.0,390,64.77,end_of_session
corrected_execution__halt_aware__with_dividends__slip_0p0025,2012-03-09,long,91,65.05,4910,-245.49999999998604,30.0,121,65.0,scheduled_fill
corrected_execution__halt_aware__with_dividends__slip_0p0025,2012-03-09,long,271,65.07,4910,-490.99999999997203,60.0,331,64.97,scheduled_fill
corrected_execution__halt_aware__with_dividends__slip_0p0025,2012-03-12,long,31,65.07,4925,-738.7499999999578,30.0,61,64.92,scheduled_fill
corrected_execution__halt_aware__with_dividends__slip_0p0025,2012-03-13,long,151,65.71,4847,2471.970000000025,240.0,390,66.22,end_of_session
corrected_execution__halt_aware__with_dividends__slip_0p0025,2012-03-14,long,31,66.51,4186,-209.30000000004756,90.0,121,66.46,scheduled_fill
corrected_execution__halt_aware__with_dividends__slip_0p0025,2012-03-14,long,211,66.55,4186,-1004.6399999999782,60.0,271,66.31,scheduled_fill
corrected_execution__halt_aware__with_dividends__slip_0p0025,2012-03-16,short,31,66.46,4137,-195.26640000001518,30.0,61,66.5072,scheduled_fill
corrected_execution__halt_aware__with_dividends__slip_0p0025,2012-03-19,long,31,66.685,4045,-546.0750000000206,30.0,61,66.55,scheduled_fill
corrected_execution__halt_aware__with_dividends__slip_0p0025,2012-03-19,long,151,66.86,4045,566.3000000000021,240.0,390,67.0,end_of_session
corrected_execution__halt_aware__with_dividends__slip_0p0025,2012-03-21,long,211,67.39,4140,-289.80000000003054,30.0,241,67.32,scheduled_fill
corrected_execution__halt_aware__with_dividends__slip_0p0025,2012-03-21,long,331,67.395,4140,-1014.29999999996,60.0,390,67.15,end_of_session
corrected_execution__halt_aware__with_dividends__slip_0p0025,2012-03-23,short,31,66.86,4114,370.260000000014,60.0,91,66.77,scheduled_fill
corrected_execution__halt_aware__with_dividends__slip_0p0025,2012-03-26,long,61,67.54,4634,2502.3599999999647,330.0,390,68.08,end_of_session
corrected_execution__halt_aware__with_dividends__slip_0p0025,2012-03-27,long,61,68.28,4716,-188.64000000002954,30.0,91,68.24,scheduled_fill
corrected_execution__halt_aware__with_dividends__slip_0p0025,2012-03-27,long,121,68.3,4716,188.6400000000295,120.0,241,68.34,scheduled_fill
corrected_execution__halt_aware__with_dividends__slip_0p0025,2012-03-27,long,271,68.43,4716,-613.0800000000456,90.0,361,68.3,scheduled_fill
corrected_execution__halt_aware__with_dividends__slip_0p0025,2012-03-28,long,31,68.4,4667,-560.0400000000212,30.0,61,68.28,scheduled_fill
corrected_execution__halt_aware__with_dividends__slip_0p0025,2012-03-28,short,151,67.73,4667,-933.4000000000132,240.0,390,67.93,end_of_session
corrected_execution__halt_aware__with_dividends__slip_0p0025,2012-03-29,short,121,67.4279,4595,-193.44950000002302,90.0,211,67.47,scheduled_fill
corrected_execution__halt_aware__with_dividends__slip_0p0025,2012-03-29,short,271,67.32,4595,-1171.7250000000445,30.0,301,67.575,scheduled_fill
corrected_execution__halt_aware__with_dividends__slip_0p0025,2012-03-30,short,61,67.51,4375,-896.8749999999927,60.0,121,67.715,scheduled_fill
corrected_execution__halt_aware__with_dividends__slip_0p0025,2012-04-02,long,61,67.79,4305,1872.6749999999477,330.0,390,68.225,end_of_session
corrected_execution__halt_aware__with_dividends__slip_0p0025,2012-04-03,long,91,68.515,5247,-813.8097000000233,30.0,121,68.3599,scheduled_fill
corrected_execution__halt_aware__with_dividends__slip_0p0025,2012-04-04,short,61,67.33,5255,262.7499999999851,300.0,361,67.28,scheduled_fill
corrected_execution__halt_aware__with_dividends__slip_0p0025,2012-04-05,long,121,67.61,4444,266.6400000000097,90.0,211,67.67,scheduled_fill
corrected_execution__halt_aware__with_dividends__slip_0p0025,2012-04-05,long,241,67.73,4444,-555.5,30.0,271,67.605,scheduled_fill
corrected_execution__halt_aware__with_dividends__slip_0p0025,2012-04-05,long,361,67.73,4444,88.87999999998232,30.0,390,67.75,end_of_session
corrected_execution__halt_aware__with_dividends__slip_0p0025,2012-04-10,long,31,67.3784,4320,-986.6879999999719,30.0,61,67.15,scheduled_fill
corrected_execution__halt_aware__with_dividends__slip_0p0025,2012-04-10,short,151,66.575,4320,2008.8000000000147,240.0,390,66.11,end_of_session
corrected_execution__halt_aware__with_dividends__slip_0p0025,2012-04-12,long,31,66.83,3705,592.7999999999882,240.0,271,66.99,scheduled_fill
corrected_execution__halt_aware__with_dividends__slip_0p0025,2012-04-12,long,301,67.09,3705,500.17499999996653,90.0,390,67.225,end_of_session
corrected_execution__halt_aware__with_dividends__slip_0p0025,2012-04-13,short,31,66.81,3468,2219.5200000000013,360.0,390,66.17,end_of_session
corrected_execution__halt_aware__with_dividends__slip_0p0025,2012-04-16,short,31,65.58,3227,-322.7000000000274,60.0,91,65.68,scheduled_fill
corrected_execution__halt_aware__with_dividends__slip_0p0025,2012-04-16,short,121,65.63,3227,-258.1599999999942,150.0,271,65.71,scheduled_fill
corrected_execution__halt_aware__with_dividends__slip_0p0025,2012-04-16,short,301,65.61,3227,-161.6727000000016,30.0,331,65.6601,scheduled_fill
corrected_execution__halt_aware__with_dividends__slip_0p0025,2012-04-16,short,361,65.515,3227,145.21500000000555,30.0,390,65.47,end_of_session
corrected_execution__halt_aware__with_dividends__slip_0p0025,2012-04-17,long,31,66.045,3634,2925.369999999976,360.0,390,66.85,end_of_session
corrected_execution__halt_aware__with_dividends__slip_0p0025,2012-04-23,short,31,64.9,2998,59.96000000003053,30.0,61,64.88,scheduled_fill
corrected_execution__halt_aware__with_dividends__slip_0p0025,2012-04-23,short,91,64.67,2998,-299.799999999983,30.0,121,64.77,scheduled_fill
corrected_execution__halt_aware__with_dividends__slip_0p0025,2012-04-25,long,31,66.4099,3058,-244.33419999998463,30.0,61,66.33,scheduled_fill
corrected_execution__halt_aware__with_dividends__slip_0p0025,2012-05-01,long,61,67.455,2633,-645.0850000000121,240.0,301,67.21,scheduled_fill
corrected_execution__halt_aware__with_dividends__slip_0p0025,2012-05-03,short,151,66.62,2704,703.0400000000138,240.0,390,66.36,end_of_session
corrected_execution__halt_aware__with_dividends__slip_0p0025,2012-05-04,short,31,65.47,2886,1991.3399999999933,360.0,390,64.78,end_of_session
corrected_execution__halt_aware__with_dividends__slip_0p0025,2012-05-08,short,61,63.96,3053,61.06000000000968,180.0,241,63.94,scheduled_fill
corrected_execution__halt_aware__with_dividends__slip_0p0025,2012-05-10,short,61,64.0608,3119,-153.45479999999685,30.0,91,64.11,scheduled_fill
corrected_execution__halt_aware__with_dividends__slip_0p0025,2012-05-11,long,31,64.37,3149,566.819999999978,270.0,301,64.55,scheduled_fill
corrected_execution__halt_aware__with_dividends__slip_0p0025,2012-05-15,long,181,64.24,3158,-663.1799999999802,30.0,211,64.03,scheduled_fill
corrected_execution__halt_aware__with_dividends__slip_0p0025,2012-05-16,short,301,62.931,4544,-767.9360000000183,30.0,331,63.1,scheduled_fill
corrected_execution__halt_aware__with_dividends__slip_0p0025,2012-05-16,short,361,62.9,4544,-181.75999999999613,30.0,390,62.94,end_of_session
corrected_execution__halt_aware__with_dividends__slip_0p0025,2012-05-17,short,31,62.73,4768,-238.40000000002033,30.0,61,62.78,scheduled_fill
corrected_execution__halt_aware__with_dividends__slip_0p0025,2012-05-17,short,91,62.59,4768,4195.840000000015,300.0,390,61.71,end_of_session
corrected_execution__halt_aware__with_dividends__slip_0p0025,2012-05-18,short,151,61.192,4766,-2135.1680000000015,30.0,181,61.64,scheduled_fill
corrected_execution__halt_aware__with_dividends__slip_0p0025,2012-05-18,short,331,61.07,4766,1000.8600000000042,60.0,390,60.86,end_of_session
corrected_execution__halt_aware__with_dividends__slip_0p0025,2012-05-21,long,61,61.5,4617,4709.340000000015,330.0,390,62.52,end_of_session
corrected_execution__halt_aware__with_dividends__slip_0p0025,2012-05-24,short,31,62.21,3134,-470.0999999999955,30.0,61,62.36,scheduled_fill
corrected_execution__halt_aware__with_dividends__slip_0p0025,2012-05-24,short,241,62.04,3134,156.69999999999112,120.0,361,61.99,scheduled_fill
corrected_execution__halt_aware__with_dividends__slip_0p0025,2012-05-29,long,61,63.001,3543,-393.27299999998985,60.0,121,62.89,scheduled_fill
corrected_execution__halt_aware__with_dividends__slip_0p0025,2012-05-31,short,31,61.86,3279,-1114.8600000000115,150.0,181,62.2,scheduled_fill
corrected_execution__halt_aware__with_dividends__slip_0p0025,2012-05-31,short,271,61.89,3279,-557.7578999999932,30.0,301,62.0601,scheduled_fill
corrected_execution__halt_aware__with_dividends__slip_0p0025,2012-06-01,short,241,60.67,3286,755.7800000000127,150.0,390,60.44,end_of_session
corrected_execution__halt_aware__with_dividends__slip_0p0025,2012-06-04,short,241,60.1112,2931,-524.0628000000073,30.0,271,60.29,scheduled_fill
corrected_execution__halt_aware__with_dividends__slip_0p0025,2012-06-05,long,61,61.1,2865,-922.5300000000078,30.0,91,60.778,scheduled_fill
corrected_execution__halt_aware__with_dividends__slip_0p0025,2012-06-06,long,31,62.0301,2770,1268.3830000000066,360.0,390,62.488,end_of_session
corrected_execution__halt_aware__with_dividends__slip_0p0025,2012-06-11,short,361,61.98,2759,482.82499999999214,30.0,390,61.805,end_of_session
corrected_execution__halt_aware__with_dividends__slip_0p0025,2012-06-14,long,121,62.52,2965,-207.55000000000086,30.0,151,62.45,scheduled_fill
corrected_execution__halt_aware__with_dividends__slip_0p0025,2012-06-15,long,31,62.5875,2953,212.61600000000806,30.0,61,62.6595,scheduled_fill
corrected_execution__halt_aware__with_dividends__slip_0p0025,2012-06-15,long,121,62.78,2953,797.3099999999883,270.0,390,63.05,end_of_session
corrected_execution__halt_aware__with_dividends__slip_0p0025,2012-06-18,long,61,63.3982,2908,-52.9256000000006,30.0,91,63.38,scheduled_fill
corrected_execution__halt_aware__with_dividends__slip_0p0025,2012-06-18,long,241,63.51,2908,203.56000000000063,150.0,390,63.58,end_of_session
corrected_execution__halt_aware__with_dividends__slip_0p0025,2012-06-19,long,31,64.14,2912,116.48000000001821,30.0,61,64.18,scheduled_fill
corrected_execution__halt_aware__with_dividends__slip_0p0025,2012-06-19,long,151,64.348,2912,-198.0159999999937,180.0,331,64.28,scheduled_fill
corrected_execution__halt_aware__with_dividends__slip_0p0025,2012-06-21,short,61,63.87,2923,-306.9150000000116,30.0,91,63.975,scheduled_fill
corrected_execution__halt_aware__with_dividends__slip_0p0025,2012-06-21,short,121,63.61,2923,2806.0800000000027,270.0,390,62.65,end_of_session
corrected_execution__halt_aware__with_dividends__slip_0p0025,2012-06-25,short,31,62.57,3039,972.4799999999996,330.0,361,62.25,scheduled_fill
corrected_execution__halt_aware__with_dividends__slip_0p0025,2012-06-27,long,61,63.06,3003,-150.15000000001274,30.0,91,63.01,scheduled_fill
corrected_execution__halt_aware__with_dividends__slip_0p0025,2012-06-27,long,181,63.145,3003,-375.375,30.0,211,63.02,scheduled_fill
corrected_execution__halt_aware__with_dividends__slip_0p0025,2012-06-28,short,61,62.13,2993,-269.3699999999877,330.0,390,62.22,end_of_session
corrected_execution__halt_aware__with_dividends__slip_0p0025,2012-06-29,long,61,63.625,2909,-145.44999999999175,30.0,91,63.575,scheduled_fill
corrected_execution__halt_aware__with_dividends__slip_0p0025,2012-06-29,long,121,63.7101,2909,-58.47089999999812,30.0,151,63.69,scheduled_fill
corrected_execution__halt_aware__with_dividends__slip_0p0025,2012-06-29,long,181,63.735,2909,395.6240000000073,180.0,361,63.871,scheduled_fill
corrected_execution__halt_aware__with_dividends__slip_0p0025,2012-07-03,long,121,64.83,2625,-26.250000000013443,90.0,210,64.82,end_of_session
corrected_execution__halt_aware__with_dividends__slip_0p0025,2012-07-05,short,31,64.63,2654,-136.94640000002028,30.0,61,64.6816,scheduled_fill
corrected_execution__halt_aware__with_dividends__slip_0p0025,2012-07-06,short,31,64.25,2659,505.209999999994,360.0,390,64.06,end_of_session
corrected_execution__halt_aware__with_dividends__slip_0p0025,2012-07-10,short,301,63.42,2613,-26.129999999994943,90.0,390,63.43,end_of_session
corrected_execution__halt_aware__with_dividends__slip_0p0025,2012-07-11,short,301,62.625,2674,-1243.4100000000096,90.0,390,63.09,end_of_session
corrected_execution__halt_aware__with_dividends__slip_0p0025,2012-07-12,short,31,62.13,2669,-133.44999999999257,90.0,121,62.18,scheduled_fill
corrected_execution__halt_aware__with_dividends__slip_0p0025,2012-07-13,long,31,62.8501,2958,1656.184199999996,360.0,390,63.41,end_of_session
corrected_execution__halt_aware__with_dividends__slip_0p0025,2012-07-16,short,31,63.01,2890,-346.8000000000131,30.0,61,63.13,scheduled_fill
corrected_execution__halt_aware__with_dividends__slip_0p0025,2012-07-17,short,91,62.7899,3182,-366.2481999999942,30.0,121,62.905,scheduled_fill
corrected_execution__halt_aware__with_dividends__slip_0p0025,2012-07-18,long,31,64.0855,3198,845.8709999999946,360.0,390,64.35,end_of_session
corrected_execution__halt_aware__with_dividends__slip_0p0025,2012-07-20,short,151,64.57,3091,1050.9399999999669,240.0,390,64.23,end_of_session
corrected_execution__halt_aware__with_dividends__slip_0p0025,2012-07-23,short,31,62.71,3778,-226.30219999999605,30.0,61,62.7699,scheduled_fill
corrected_execution__halt_aware__with_dividends__slip_0p0025,2012-07-24,short,181,62.8551,3619,-343.4431000000092,210.0,390,62.95,end_of_session
corrected_execution__halt_aware__with_dividends__slip_0p0025,2012-07-27,long,91,64.17,3429,2228.8499999999704,300.0,390,64.82,end_of_session
corrected_execution__halt_aware__with_dividends__slip_0p0025,2012-08-02,long,61,64.95,3289,-986.6999999999907,30.0,91,64.65,scheduled_fill
corrected_execution__halt_aware__with_dividends__slip_0p0025,2012-08-03,long,121,65.7995,3379,-167.26049999998241,210.0,331,65.75,scheduled_fill
corrected_execution__halt_aware__with_dividends__slip_0p0025,2012-08-06,long,151,66.27,3112,-124.47999999997523,30.0,181,66.23,scheduled_fill
corrected_execution__halt_aware__with_dividends__slip_0p0025,2012-08-06,long,211,66.365,3112,-295.63999999999646,120.0,331,66.27,scheduled_fill
corrected_execution__halt_aware__with_dividends__slip_0p0025,2012-08-07,long,151,66.8,3074,-184.44000000000693,150.0,301,66.74,scheduled_fill
corrected_execution__halt_aware__with_dividends__slip_0p0025,2012-08-15,long,31,67.22,4379,-262.74000000000984,30.0,61,67.16,scheduled_fill
corrected_execution__halt_aware__with_dividends__slip_0p0025,2012-08-15,long,151,67.2589,4379,-476.87309999996216,90.0,241,67.15,scheduled_fill
corrected_execution__halt_aware__with_dividends__slip_0p0025,2012-08-16,long,121,67.75,4638,1252.2599999999816,270.0,390,68.02,end_of_session
corrected_execution__halt_aware__with_dividends__slip_0p0025,2012-08-20,short,31,68.11,5856,0.0,30.0,61,68.11,scheduled_fill
corrected_execution__halt_aware__with_dividends__slip_0p0025,2012-08-21,long,31,68.74,5835,-991.9500000000102,60.0,91,68.57,scheduled_fill
corrected_execution__halt_aware__with_dividends__slip_0p0025,2012-08-21,short,241,68.062,5835,-746.8800000000007,60.0,301,68.19,scheduled_fill
corrected_execution__halt_aware__with_dividends__slip_0p0025,2012-08-21,short,331,68.091,5835,180.8849999999519,60.0,390,68.06,end_of_session
corrected_execution__halt_aware__with_dividends__slip_0p0025,2012-08-22,long,331,68.46,5687,-284.3499999999839,60.0,390,68.41,end_of_session
corrected_execution__halt_aware__with_dividends__slip_0p0025,2012-08-23,short,31,67.87,5929,-1007.9300000000101,60.0,91,68.04,scheduled_fill
corrected_execution__halt_aware__with_dividends__slip_0p0025,2012-08-23,short,241,67.77,5929,-770.7700000000576,60.0,301,67.9,scheduled_fill
corrected_execution__halt_aware__with_dividends__slip_0p0025,2012-08-24,long,91,68.08,6771,1218.780000000048,300.0,390,68.26,end_of_session
corrected_execution__halt_aware__with_dividends__slip_0p0025,2012-08-28,long,181,68.55,6896,-355.1439999999318,30.0,211,68.4985,scheduled_fill
corrected_execution__halt_aware__with_dividends__slip_0p0025,2012-08-29,short,91,68.14,6862,-617.5800000000233,30.0,121,68.23,scheduled_fill
corrected_execution__halt_aware__with_dividends__slip_0p0025,2012-08-30,short,31,67.98,6851,959.1400000000054,300.0,331,67.84,scheduled_fill
corrected_execution__halt_aware__with_dividends__slip_0p0025,2012-09-04,short,61,67.77,5709,114.17999999997764,150.0,211,67.75,scheduled_fill
corrected_execution__halt_aware__with_dividends__slip_0p0025,2012-09-06,long,31,68.795,5604,3894.779999999961,360.0,390,69.49,end_of_session
corrected_execution__halt_aware__with_dividends__slip_0p0025,2012-09-10,short,91,69.0499,4411,-88.66109999999708,30.0,121,69.07,scheduled_fill
corrected_execution__halt_aware__with_dividends__slip_0p0025,2012-09-10,short,271,68.88,4411,1499.7399999999525,120.0,390,68.54,end_of_session
corrected_execution__halt_aware__with_dividends__slip_0p0025,2012-09-11,long,31,68.73,4101,-492.12000000001825,30.0,61,68.61,scheduled_fill
corrected_execution__halt_aware__with_dividends__slip_0p0025,2012-09-11,long,121,68.79,4101,-615.1500000000234,30.0,151,68.64,scheduled_fill
corrected_execution__halt_aware__with_dividends__slip_0p0025,2012-09-13,long,211,69.2,4149,1452.149999999974,180.0,390,69.55,end_of_session
corrected_execution__halt_aware__with_dividends__slip_0p0025,2012-09-14,long,31,70.16,3941,-0.3941000000132817,210.0,241,70.1599,scheduled_fill
corrected_execution__halt_aware__with_dividends__slip_0p0025,2012-09-14,long,301,70.23,3941,-394.1000000000337,60.0,361,70.13,scheduled_fill
corrected_execution__halt_aware__with_dividends__slip_0p0025,2012-09-25,short,331,69.23,4134,2025.6600000000371,60.0,390,68.74,end_of_session
corrected_execution__halt_aware__with_dividends__slip_0p0025,2012-09-26,short,31,68.43,3846,307.68000000004645,210.0,241,68.35,scheduled_fill
corrected_execution__halt_aware__with_dividends__slip_0p0025,2012-09-26,short,271,68.18,3846,-884.9645999999736,30.0,301,68.4101,scheduled_fill
corrected_execution__halt_aware__with_dividends__slip_0p0025,2012-09-26,short,361,68.22,3846,192.2999999999891,30.0,390,68.17,end_of_session
corrected_execution__halt_aware__with_dividends__slip_0p0025,2012-09-27,long,91,68.53,4891,-245.0391000000023,30.0,121,68.4799,scheduled_fill
corrected_execution__halt_aware__with_dividends__slip_0p0025,2012-09-27,long,151,68.72,4891,2103.130000000034,240.0,390,69.15,end_of_session
corrected_execution__halt_aware__with_dividends__slip_0p0025,2012-09-28,short,31,68.74,4279,-256.74000000000996,150.0,181,68.8,scheduled_fill
corrected_execution__halt_aware__with_dividends__slip_0p0025,2012-10-01,long,61,69.15,4507,-585.9100000000435,30.0,91,69.02,scheduled_fill
corrected_execution__halt_aware__with_dividends__slip_0p0025,2012-10-03,long,121,69.09,4452,222.5999999999874,120.0,241,69.14,scheduled_fill
corrected_execution__halt_aware__with_dividends__slip_0p0025,2012-10-05,short,331,68.99,5049,-50.49000000002573,30.0,361,69.0,scheduled_fill
corrected_execution__halt_aware__with_dividends__slip_0p0025,2012-10-08,short,61,68.4,5024,-502.39999999997144,30.0,91,68.5,scheduled_fill
corrected_execution__halt_aware__with_dividends__slip_0p0025,2012-10-08,short,121,68.31,5024,200.9600000000314,210.0,331,68.27,scheduled_fill
corrected_execution__halt_aware__with_dividends__slip_0p0025,2012-10-09,short,31,67.8,4911,2750.160000000008,360.0,390,67.24,end_of_session
corrected_execution__halt_aware__with_dividends__slip_0p0025,2012-10-10,short,211,66.88,4612,-415.08000000001573,90.0,301,66.97,scheduled_fill
corrected_execution__halt_aware__with_dividends__slip_0p0025,2012-10-12,long,31,66.93,4627,-323.8900000000343,30.0,61,66.86,scheduled_fill
corrected_execution__halt_aware__with_dividends__slip_0p0025,2012-10-12,long,91,67.0,4627,-1156.7499999999995,30.0,121,66.75,scheduled_fill
corrected_execution__halt_aware__with_dividends__slip_0p0025,2012-10-16,long,31,67.46,4652,279.1200000000106,30.0,61,67.52,scheduled_fill
corrected_execution__halt_aware__with_dividends__slip_0p0025,2012-10-16,long,91,67.6699,4652,2419.505199999998,300.0,390,68.19,end_of_session
corrected_execution__halt_aware__with_dividends__slip_0p0025,2012-10-18,short,211,67.3799,4834,531.2566000000497,180.0,390,67.27,end_of_session
corrected_execution__halt_aware__with_dividends__slip_0p0025,2012-10-19,short,31,66.97,4717,6037.760000000006,360.0,390,65.69,end_of_session
corrected_execution__halt_aware__with_dividends__slip_0p0025,2012-10-22,long,61,65.9699,4078,-774.4121999999771,30.0,91,65.78,scheduled_fill
corrected_execution__halt_aware__with_dividends__slip_0p0025,2012-10-26,long,31,65.39,4175,-709.750000000007,30.0,61,65.22,scheduled_fill
corrected_execution__halt_aware__with_dividends__slip_0p0025,2012-10-31,short,61,65.065,4105,636.2750000000053,150.0,211,64.91,scheduled_fill
corrected_execution__halt_aware__with_dividends__slip_0p0025,2012-10-31,short,241,64.91,4105,82.0999999999837,30.0,271,64.89,scheduled_fill
corrected_execution__halt_aware__with_dividends__slip_0p0025,2012-11-01,long,61,65.71,4446,844.740000000053,330.0,390,65.9,end_of_session
corrected_execution__halt_aware__with_dividends__slip_0p0025,2012-11-02,short,331,65.42,3970,992.5,60.0,390,65.17,end_of_session
corrected_execution__halt_aware__with_dividends__slip_0p0025,2012-11-07,short,61,64.5799,3937,157.0862999999555,300.0,361,64.54,scheduled_fill
corrected_execution__halt_aware__with_dividends__slip_0p0025,2012-11-08,short,61,63.94,3866,-317.01200000003035,30.0,91,64.022,scheduled_fill
corrected_execution__halt_aware__with_dividends__slip_0p0025,2012-11-08,short,181,63.765,3866,2029.6499999999953,210.0,390,63.24,end_of_session
corrected_execution__halt_aware__with_dividends__slip_0p0025,2012-11-09,long,61,63.53,3849,346.40999999998627,180.0,241,63.62,scheduled_fill
corrected_execution__halt_aware__with_dividends__slip_0p0025,2012-11-14,short,361,62.43,4517,948.570000000004,30.0,390,62.22,end_of_session
corrected_execution__halt_aware__with_dividends__slip_0p0025,2012-11-16,short,31,61.76,4557,-355.44600000001344,30.0,61,61.838,scheduled_fill
corrected_execution__halt_aware__with_dividends__slip_0p0025,2012-11-16,short,121,61.38,4557,-2962.049999999994,30.0,151,62.03,scheduled_fill
corrected_execution__halt_aware__with_dividends__slip_0p0025,2012-11-19,long,31,63.24,4329,-432.900000000006,30.0,61,63.14,scheduled_fill
corrected_execution__halt_aware__with_dividends__slip_0p0025,2012-11-19,long,121,63.395,4329,1623.375,270.0,390,63.77,end_of_session
corrected_execution__halt_aware__with_dividends__slip_0p0025,2012-11-20,short,241,63.28,3551,-816.7299999999889,30.0,271,63.51,scheduled_fill
corrected_execution__halt_aware__with_dividends__slip_0p0025,2012-11-23,long,61,64.67,3777,-37.77000000001925,30.0,91,64.66,scheduled_fill
corrected_execution__halt_aware__with_dividends__slip_0p0025,2012-11-23,long,121,64.73,3777,-339.9300000000129,60.0,181,64.64,scheduled_fill
corrected_execution__halt_aware__with_dividends__slip_0p0025,2012-11-28,long,271,65.3,3579,-393.68999999999795,30.0,301,65.19,scheduled_fill
corrected_execution__halt_aware__with_dividends__slip_0p0025,2012-11-28,long,361,65.431,3579,461.69100000001765,30.0,390,65.56,end_of_session
corrected_execution__halt_aware__with_dividends__slip_0p0025,2012-12-05,short,31,65.13,4759,-285.5400000000109,120.0,151,65.19,scheduled_fill
corrected_execution__halt_aware__with_dividends__slip_0p0025,2012-12-06,long,91,65.319,4825,-965.000000000014,270.0,361,65.119,scheduled_fill
corrected_execution__halt_aware__with_dividends__slip_0p0025,2012-12-07,short,61,65.11,4731,993.5099999999703,330.0,390,64.9,end_of_session
corrected_execution__halt_aware__with_dividends__slip_0p0025,2012-12-10,long,31,65.14,4610,-138.3000000000058,180.0,211,65.11,scheduled_fill
corrected_execution__halt_aware__with_dividends__slip_0p0025,2012-12-11,long,31,65.905,5838,437.850000000016,300.0,331,65.98,scheduled_fill
corrected_execution__halt_aware__with_dividends__slip_0p0025,2012-12-13,long,61,66.07,5210,-677.2999999999763,30.0,91,65.94,scheduled_fill
corrected_execution__halt_aware__with_dividends__slip_0p0025,2012-12-13,short,181,65.31,5210,156.30000000000558,210.0,390,65.28,end_of_session
corrected_execution__halt_aware__with_dividends__slip_0p0025,2012-12-14,short,331,64.52,5671,-170.13000000000648,30.0,361,64.55,scheduled_fill
corrected_execution__halt_aware__with_dividends__slip_0p0025,2012-12-17,long,31,65.01,5378,-1559.6200000000335,30.0,61,64.72,scheduled_fill
corrected_execution__halt_aware__with_dividends__slip_0p0025,2012-12-17,long,151,65.31,5378,1183.159999999994,240.0,390,65.53,end_of_session
corrected_execution__halt_aware__with_dividends__slip_0p0025,2012-12-18,long,121,66.25,4738,1658.2999999999731,270.0,390,66.6,end_of_session
corrected_execution__halt_aware__with_dividends__slip_0p0025,2012-12-20,short,31,65.98,4367,-393.02999999995274,30.0,61,66.07,scheduled_fill
corrected_execution__halt_aware__with_dividends__slip_0p0025,2012-12-26,short,121,64.44,4012,-1083.239999999984,210.0,331,64.71,scheduled_fill
corrected_execution__halt_aware__with_dividends__slip_0p0025,2012-12-27,short,61,64.05,4130,-536.9000000000401,270.0,331,64.18,scheduled_fill
corrected_execution__halt_aware__with_dividends__slip_0p0025,2012-12-31,long,31,64.31,4169,-625.3500000000237,90.0,121,64.16,scheduled_fill
corrected_execution__halt_aware__with_dividends__slip_0p0025,2012-12-31,long,151,64.21,4169,3168.440000000022,240.0,390,64.97,end_of_session
corrected_execution__halt_aware__with_dividends__slip_0p0025,2013-01-02,long,31,67.0001,3649,-580.5559000000341,30.0,61,66.841,scheduled_fill
corrected_execution__halt_aware__with_dividends__slip_0p0025,2013-01-04,short,91,66.54,2897,-231.75999999999496,30.0,121,66.62,scheduled_fill
corrected_execution__halt_aware__with_dividends__slip_0p0025,2013-01-08,short,91,66.3,3028,-333.0799999999983,150.0,241,66.41,scheduled_fill
corrected_execution__halt_aware__with_dividends__slip_0p0025,2013-01-31,long,31,67.2884,7051,-1187.3883999999382,30.0,61,67.12,scheduled_fill
corrected_execution__halt_aware__with_dividends__slip_0p0025,2013-02-01,long,151,67.609,7229,-28.915999999932453,240.0,390,67.605,end_of_session
corrected_execution__halt_aware__with_dividends__slip_0p0025,2013-02-04,short,121,67.04,6410,3589.6000000000113,270.0,390,66.48,end_of_session
corrected_execution__halt_aware__with_dividends__slip_0p0025,2013-02-05,long,31,66.95,5397,2482.619999999968,360.0,390,67.41,end_of_session
corrected_execution__halt_aware__with_dividends__slip_0p0025,2013-02-07,short,61,66.749,4878,-980.4780000000376,150.0,211,66.95,scheduled_fill
corrected_execution__halt_aware__with_dividends__slip_0p0025,2013-02-08,long,31,68.0499,4918,-417.5381999999529,360.0,390,67.965,end_of_session
corrected_execution__halt_aware__with_dividends__slip_0p0025,2013-02-13,long,61,68.14,4705,-1223.3000000000238,60.0,121,67.88,scheduled_fill
corrected_execution__halt_aware__with_dividends__slip_0p0025,2013-02-15,short,301,67.5899,5250,-525.5249999999874,60.0,361,67.69,scheduled_fill
corrected_execution__halt_aware__with_dividends__slip_0p0025,2013-02-19,long,31,68.09,5204,-104.08000000005325,30.0,61,68.07,scheduled_fill
corrected_execution__halt_aware__with_dividends__slip_0p0025,2013-02-19,long,331,68.17,5204,-156.12000000000592,30.0,361,68.14,scheduled_fill
corrected_execution__halt_aware__with_dividends__slip_0p0025,2013-02-20,short,121,67.93,5008,3505.099200000068,270.0,390,67.2301,end_of_session
corrected_execution__halt_aware__with_dividends__slip_0p0025,2013-02-21,short,31,66.6901,4611,-460.6389000000239,30.0,61,66.79,scheduled_fill
corrected_execution__halt_aware__with_dividends__slip_0p0025,2013-02-21,short,91,66.75,4611,230.5499999999884,270.0,361,66.7,scheduled_fill
corrected_execution__halt_aware__with_dividends__slip_0p0025,2013-02-25,short,361,66.68,4368,1528.3632000000227,30.0,390,66.3301,end_of_session
corrected_execution__halt_aware__with_dividends__slip_0p0025,2013-02-27,long,61,66.9,5334,2080.793399999945,330.0,390,67.2901,end_of_session
corrected_execution__halt_aware__with_dividends__slip_0p0025,2013-02-28,long,31,67.51,5017,-541.8360000000206,60.0,91,67.402,scheduled_fill
corrected_execution__halt_aware__with_dividends__slip_0p0025,2013-02-28,long,241,67.63,5017,-250.84999999998576,90.0,331,67.58,scheduled_fill
corrected_execution__halt_aware__with_dividends__slip_0p0025,2013-03-01,short,31,66.69,5010,-551.0999999999971,30.0,61,66.8,scheduled_fill
corrected_execution__halt_aware__with_dividends__slip_0p0025,2013-03-05,long,61,68.461,5151,200.88900000000694,300.0,361,68.5,scheduled_fill
corrected_execution__halt_aware__with_dividends__slip_0p0025,2013-03-12,short,121,68.44,4810,-793.6500000000301,30.0,151,68.605,scheduled_fill
corrected_execution__halt_aware__with_dividends__slip_0p0025,2013-04-09,long,241,68.83,6540,-915.6000000000035,150.0,390,68.69,end_of_session
corrected_execution__halt_aware__with_dividends__slip_0p0025,2013-04-10,long,31,69.2,6150,4919.999999999982,360.0,390,70.0,end_of_session
corrected_execution__halt_aware__with_dividends__slip_0p0025,2013-04-15,short,151,69.27,5661,3736.2599999999807,240.0,390,68.61,end_of_session
corrected_execution__halt_aware__with_dividends__slip_0p0025,2013-04-16,long,151,69.34,4649,1.1368683772161603e-13,150.0,301,69.34,scheduled_fill
corrected_execution__halt_aware__with_dividends__slip_0p0025,2013-04-16,long,361,69.45,4649,418.41000000001577,30.0,390,69.54,end_of_session
corrected_execution__halt_aware__with_dividends__slip_0p0025,2013-04-17,short,31,68.68,4366,2008.3600000000363,360.0,390,68.22,end_of_session
corrected_execution__halt_aware__with_dividends__slip_0p0025,2013-04-18,short,31,67.73,3914,-469.6799999999617,60.0,91,67.85,scheduled_fill
corrected_execution__halt_aware__with_dividends__slip_0p0025,2013-04-18,short,121,67.59,3914,1643.8800000000078,270.0,390,67.17,end_of_session
corrected_execution__halt_aware__with_dividends__slip_0p0025,2013-04-19,long,91,67.9,3786,813.9899999999604,300.0,390,68.115,end_of_session
corrected_execution__halt_aware__with_dividends__slip_0p0025,2013-04-22,long,301,68.885,3573,-232.24500000004264,90.0,390,68.82,end_of_session
corrected_execution__halt_aware__with_dividends__slip_0p0025,2013-04-23,long,31,69.38,3475,590.7500000000061,180.0,211,69.55,scheduled_fill
corrected_execution__halt_aware__with_dividends__slip_0p0025,2013-04-25,long,31,69.82,3445,68.90000000003555,120.0,151,69.84,scheduled_fill
corrected_execution__halt_aware__with_dividends__slip_0p0025,2013-04-29,long,31,69.97,3493,820.8549999999973,360.0,390,70.205,end_of_session
corrected_execution__halt_aware__with_dividends__slip_0p0025,2013-05-02,long,31,70.77,3712,1967.3600000000042,360.0,390,71.3,end_of_session
corrected_execution__halt_aware__with_dividends__slip_0p0025,2013-05-03,long,31,72.2099,3523,211.380000000008,30.0,61,72.2699,scheduled_fill
corrected_execution__halt_aware__with_dividends__slip_0p0025,2013-05-08,long,91,72.66,5085,101.700000000052,90.0,181,72.68,scheduled_fill
corrected_execution__halt_aware__with_dividends__slip_0p0025,2013-05-10,long,31,72.909,7060,-134.1400000000384,30.0,61,72.89,scheduled_fill
corrected_execution__halt_aware__with_dividends__slip_0p0025,2013-05-14,long,31,73.39,7409,852.0349999999631,180.0,211,73.505,scheduled_fill
corrected_execution__halt_aware__with_dividends__slip_0p0025,2013-05-14,long,241,73.56,7409,-1118.7589999999723,30.0,271,73.409,scheduled_fill
corrected_execution__halt_aware__with_dividends__slip_0p0025,2013-05-16,long,31,73.94,7561,-1209.759999999974,30.0,61,73.78,scheduled_fill
corrected_execution__halt_aware__with_dividends__slip_0p0025,2013-05-17,long,361,74.215,7536,414.4799999999443,30.0,390,74.27,end_of_session
corrected_execution__halt_aware__with_dividends__slip_0p0025,2013-05-21,long,271,74.42,7261,-442.9210000000513,60.0,331,74.359,scheduled_fill
corrected_execution__halt_aware__with_dividends__slip_0p0025,2013-05-22,long,31,74.491,7962,-644.9220000000242,60.0,91,74.41,scheduled_fill
corrected_execution__halt_aware__with_dividends__slip_0p0025,2013-05-22,long,151,74.685,7962,-1552.5900000000588,30.0,181,74.49,scheduled_fill
corrected_execution__halt_aware__with_dividends__slip_0p0025,2013-05-22,short,301,73.72,7962,1433.1599999999412,90.0,390,73.54,end_of_session
corrected_execution__halt_aware__with_dividends__slip_0p0025,2013-05-28,long,31,74.378,8055,-708.8399999999507,60.0,91,74.29,scheduled_fill
corrected_execution__halt_aware__with_dividends__slip_0p0025,2013-05-29,short,91,73.23,7709,-1148.641000000007,30.0,121,73.379,scheduled_fill
corrected_execution__halt_aware__with_dividends__slip_0p0025,2013-05-29,short,211,73.31,7709,-925.080000000035,30.0,241,73.43,scheduled_fill
corrected_execution__halt_aware__with_dividends__slip_0p0025,2013-05-30,long,31,73.98,7358,-73.58000000003753,360.0,390,73.97,end_of_session
corrected_execution__halt_aware__with_dividends__slip_0p0025,2013-06-03,short,31,73.11,6993,69.93000000003589,30.0,61,73.1,scheduled_fill
corrected_execution__halt_aware__with_dividends__slip_0p0025,2013-06-03,short,91,72.865,6993,-384.6150000000471,210.0,301,72.92,scheduled_fill
corrected_execution__halt_aware__with_dividends__slip_0p0025,2013-06-04,long,31,73.68,6952,70.21519999995985,30.0,61,73.6901,scheduled_fill
corrected_execution__halt_aware__with_dividends__slip_0p0025,2013-06-04,short,271,72.9701,6952,-346.90479999995694,120.0,390,73.02,end_of_session
corrected_execution__halt_aware__with_dividends__slip_0p0025,2013-06-05,short,91,72.54,7077,3255.4200000000587,300.0,390,72.08,end_of_session
corrected_execution__halt_aware__with_dividends__slip_0p0025,2013-06-06,short,181,71.57,6376,-1466.480000000025,90.0,271,71.8,scheduled_fill
corrected_execution__halt_aware__with_dividends__slip_0p0025,2013-06-07,long,61,72.98,6128,612.7999999999652,240.0,301,73.08,scheduled_fill
corrected_execution__halt_aware__with_dividends__slip_0p0025,2013-06-07,long,331,73.24,6128,1225.6000000000174,60.0,390,73.44,end_of_session
corrected_execution__halt_aware__with_dividends__slip_0p0025,2013-06-12,short,151,72.21,5224,1776.1599999999448,240.0,390,71.87,end_of_session
corrected_execution__halt_aware__with_dividends__slip_0p0025,2013-06-13,long,211,72.33,5335,-426.79999999999075,30.0,241,72.25,scheduled_fill
corrected_execution__halt_aware__with_dividends__slip_0p0025,2013-06-13,long,271,72.305,5335,2635.489999999998,120.0,390,72.799,end_of_session
corrected_execution__halt_aware__with_dividends__slip_0p0025,2013-06-14,short,91,72.39,4784,-191.3600000000299,30.0,121,72.43,scheduled_fill
corrected_execution__halt_aware__with_dividends__slip_0p0025,2013-06-14,short,241,72.28,4784,-669.7600000000027,60.0,301,72.42,scheduled_fill
corrected_execution__halt_aware__with_dividends__slip_0p0025,2013-06-14,short,331,72.29,4784,-908.9599999999891,30.0,361,72.48,scheduled_fill
corrected_execution__halt_aware__with_dividends__slip_0p0025,2013-06-17,long,31,73.091,4622,734.435800000012,120.0,151,73.2499,scheduled_fill
corrected_execution__halt_aware__with_dividends__slip_0p0025,2013-06-17,long,241,73.34,4622,-1673.1640000000416,60.0,301,72.978,scheduled_fill
corrected_execution__halt_aware__with_dividends__slip_0p0025,2013-06-18,long,31,73.27,4527,1177.0200000000239,360.0,390,73.53,end_of_session
corrected_execution__halt_aware__with_dividends__slip_0p0025,2013-06-19,short,331,72.97,4427,-863.2650000000327,30.0,361,73.165,scheduled_fill
corrected_execution__halt_aware__with_dividends__slip_0p0025,2013-06-20,short,61,71.77,4383,-131.49000000000495,30.0,91,71.8,scheduled_fill
corrected_execution__halt_aware__with_dividends__slip_0p0025,2013-06-20,short,121,71.55,4383,-350.2017000000402,30.0,151,71.6299,scheduled_fill
corrected_execution__halt_aware__with_dividends__slip_0p0025,2013-06-20,short,211,71.47,4383,2016.1799999999719,180.0,390,71.01,end_of_session
corrected_execution__halt_aware__with_dividends__slip_0p0025,2013-06-21,short,31,70.61,3799,652.2883000000047,180.0,211,70.4383,scheduled_fill
corrected_execution__halt_aware__with_dividends__slip_0p0025,2013-06-21,short,271,70.17,3799,-1291.6600000000128,90.0,361,70.51,scheduled_fill
corrected_execution__halt_aware__with_dividends__slip_0p0025,2013-06-24,short,31,69.36,3809,-989.9591000000066,60.0,91,69.6199,scheduled_fill
corrected_execution__halt_aware__with_dividends__slip_0p0025,2013-06-24,short,121,69.22,3809,-1295.060000000013,90.0,211,69.56,scheduled_fill
corrected_execution__halt_aware__with_dividends__slip_0p0025,2013-06-27,long,31,71.46,3568,107.04000000000406,60.0,91,71.49,scheduled_fill
corrected_execution__halt_aware__with_dividends__slip_0p0025,2013-07-01,long,31,72.11,3810,76.19999999998481,90.0,121,72.13,scheduled_fill
corrected_execution__halt_aware__with_dividends__slip_0p0025,2013-07-01,long,151,72.2,3810,-723.8999999999912,30.0,181,72.01,scheduled_fill
corrected_execution__halt_aware__with_dividends__slip_0p0025,2013-07-03,long,151,72.2,3998,-479.76000000001807,60.0,210,72.08,end_of_session
corrected_execution__halt_aware__with_dividends__slip_0p0025,2013-07-10,long,361,73.53,4331,-173.24000000002712,30.0,390,73.49,end_of_session
corrected_execution__halt_aware__with_dividends__slip_0p0025,2013-07-11,long,181,74.65,4427,1460.9099999999928,210.0,390,74.98,end_of_session
corrected_execution__halt_aware__with_dividends__slip_0p0025,2013-07-18,short,241,75.27,7805,-1092.7000000000044,30.0,271,75.41,scheduled_fill
corrected_execution__halt_aware__with_dividends__slip_0p0025,2013-07-19,short,31,74.559,7391,140.4289999999355,60.0,91,74.54,scheduled_fill
corrected_execution__halt_aware__with_dividends__slip_0p0025,2013-07-19,short,151,74.429,7391,-525.5001000000094,30.0,181,74.5001,scheduled_fill
corrected_execution__halt_aware__with_dividends__slip_0p0025,2013-07-19,short,211,74.4599,7391,-739.8390999999826,90.0,301,74.56,scheduled_fill
corrected_execution__halt_aware__with_dividends__slip_0p0025,2013-07-19,short,331,74.47,7391,-739.0999999999581,60.0,390,74.57,end_of_session
corrected_execution__halt_aware__with_dividends__slip_0p0025,2013-07-23,short,61,74.48,5738,1204.980000000046,330.0,390,74.27,end_of_session
corrected_execution__halt_aware__with_dividends__slip_0p0025,2013-07-30,long,121,75.75,5341,-1388.6600000000271,120.0,241,75.49,scheduled_fill
corrected_execution__halt_aware__with_dividends__slip_0p0025,2013-07-31,long,31,75.95,5215,-468.82850000000064,90.0,121,75.8601,scheduled_fill
corrected_execution__halt_aware__with_dividends__slip_0p0025,2013-07-31,long,331,76.185,5215,-2529.274999999998,60.0,390,75.7,end_of_session
corrected_execution__halt_aware__with_dividends__slip_0p0025,2013-08-01,long,301,76.475,7263,181.57500000004126,30.0,331,76.5,scheduled_fill
corrected_execution__halt_aware__with_dividends__slip_0p0025,2013-08-02,long,361,76.88,6355,444.8500000000469,30.0,390,76.95,end_of_session
corrected_execution__halt_aware__with_dividends__slip_0p0025,2013-08-06,short,31,76.77,6283,848.2049999999417,180.0,211,76.635,scheduled_fill
corrected_execution__halt_aware__with_dividends__slip_0p0025,2013-08-06,short,241,76.609,6283,810.5069999999415,150.0,390,76.48,end_of_session
corrected_execution__halt_aware__with_dividends__slip_0p0025,2013-08-07,short,61,75.91,6036,-2233.320000000029,150.0,211,76.28,scheduled_fill
corrected_execution__halt_aware__with_dividends__slip_0p0025,2013-08-09,short,121,76.32,7175,-1435.0000000000205,30.0,151,76.52,scheduled_fill
corrected_execution__halt_aware__with_dividends__slip_0p0025,2013-08-12,long,91,76.751,6777,-548.937000000021,60.0,151,76.67,scheduled_fill
corrected_execution__halt_aware__with_dividends__slip_0p0025,2013-08-12,long,211,76.66,6777,-542.1599999999885,60.0,271,76.58,scheduled_fill
corrected_execution__halt_aware__with_dividends__slip_0p0025,2013-08-13,short,61,76.44,7183,-1113.365000000008,60.0,121,76.595,scheduled_fill
corrected_execution__halt_aware__with_dividends__slip_0p0025,2013-08-13,long,241,77.07,7183,-897.8750000000001,30.0,271,76.945,scheduled_fill
corrected_execution__halt_aware__with_dividends__slip_0p0025,2013-08-13,long,301,77.06,7183,215.4900000000082,90.0,390,77.09,end_of_session
corrected_execution__halt_aware__with_dividends__slip_0p0025,2013-08-14,short,91,76.86,7049,-211.47000000000807,30.0,121,76.89,scheduled_fill
corrected_execution__halt_aware__with_dividends__slip_0p0025,2013-08-14,short,241,76.915,7049,-246.71499999997593,90.0,331,76.95,scheduled_fill
corrected_execution__halt_aware__with_dividends__slip_0p0025,2013-08-15,short,31,75.5999,7118,-783.6917999999189,90.0,121,75.71,scheduled_fill
corrected_execution__halt_aware__with_dividends__slip_0p0025,2013-08-15,short,241,75.55,7118,284.7199999999434,150.0,390,75.51,end_of_session
corrected_execution__halt_aware__with_dividends__slip_0p0025,2013-08-16,long,91,75.83,5136,-590.6399999999737,30.0,121,75.715,scheduled_fill
corrected_execution__halt_aware__with_dividends__slip_0p0025,2013-08-16,long,151,75.77,5136,-1232.6399999999737,90.0,241,75.53,scheduled_fill
corrected_execution__halt_aware__with_dividends__slip_0p0025,2013-08-19,long,31,75.855,5086,25.4299999999767,210.0,241,75.86,scheduled_fill
corrected_execution__halt_aware__with_dividends__slip_0p0025,2013-08-20,long,121,75.8,5256,-446.7599999999669,270.0,390,75.715,end_of_session
corrected_execution__halt_aware__with_dividends__slip_0p0025,2013-08-21,long,331,75.98,5124,-1024.8000000000145,30.0,361,75.78,scheduled_fill
corrected_execution__halt_aware__with_dividends__slip_0p0025,2013-08-26,long,61,77.02,4910,294.60000000001116,30.0,91,77.08,scheduled_fill
corrected_execution__halt_aware__with_dividends__slip_0p0025,2013-08-26,long,121,77.175,4910,-2430.449999999953,240.0,361,76.68,scheduled_fill
corrected_execution__halt_aware__with_dividends__slip_0p0025,2013-08-27,short,361,75.11,5050,-252.4999999999855,30.0,390,75.16,end_of_session
corrected_execution__halt_aware__with_dividends__slip_0p0025,2013-08-28,long,31,75.37,3944,-78.88000000004035,30.0,61,75.35,scheduled_fill
corrected_execution__halt_aware__with_dividends__slip_0p0025,2013-08-28,long,91,75.501,3944,-201.14400000000762,300.0,390,75.45,end_of_session
corrected_execution__halt_aware__with_dividends__slip_0p0025,2013-08-29,long,31,75.85,3935,511.5500000000377,330.0,361,75.98,scheduled_fill
corrected_execution__halt_aware__with_dividends__slip_0p0025,2013-08-30,short,31,75.72,3839,882.9700000000157,360.0,390,75.49,end_of_session
corrected_execution__halt_aware__with_dividends__slip_0p0025,2013-09-04,long,61,76.48,3859,810.3899999999751,330.0,390,76.69,end_of_session
corrected_execution__halt_aware__with_dividends__slip_0p0025,2013-09-06,short,31,76.4,4175,-1001.9999999999789,30.0,61,76.64,scheduled_fill
corrected_execution__halt_aware__with_dividends__slip_0p0025,2013-09-09,long,361,77.85,4137,-41.3699999999624,30.0,390,77.84,end_of_session
corrected_execution__halt_aware__with_dividends__slip_0p0025,2013-09-13,short,61,77.67,4113,-781.4699999999907,30.0,91,77.86,scheduled_fill
corrected_execution__halt_aware__with_dividends__slip_0p0025,2013-09-17,long,61,78.21,4134,578.7600000000016,330.0,390,78.35,end_of_session
corrected_execution__halt_aware__with_dividends__slip_0p0025,2013-09-18,long,301,79.04,6293,1762.0399999999177,90.0,390,79.32,end_of_session
corrected_execution__halt_aware__with_dividends__slip_0p0025,2013-09-23,short,91,78.61,5651,-1377.7138000000411,120.0,211,78.8538,scheduled_fill
corrected_execution__halt_aware__with_dividends__slip_0p0025,2013-09-26,long,31,79.19,5905,-801.8990000000191,60.0,91,79.0542,scheduled_fill
corrected_execution__halt_aware__with_dividends__slip_0p0025,2013-09-26,long,181,79.1599,5905,-412.7594999999401,120.0,301,79.09,scheduled_fill
corrected_execution__halt_aware__with_dividends__slip_0p0025,2013-10-01,long,61,79.26,6244,499.5199999999895,240.0,301,79.34,scheduled_fill
corrected_execution__halt_aware__with_dividends__slip_0p0025,2013-10-01,long,331,79.4552,6244,517.0031999999486,60.0,390,79.538,end_of_session
corrected_execution__halt_aware__with_dividends__slip_0p0025,2013-10-03,short,31,79.37,5728,2692.1599999999935,210.0,241,78.9,scheduled_fill
corrected_execution__halt_aware__with_dividends__slip_0p0025,2013-10-03,short,301,78.74,5728,400.9599999999609,90.0,390,78.67,end_of_session
corrected_execution__halt_aware__with_dividends__slip_0p0025,2013-10-04,long,31,79.03,4912,490.7088000000256,120.0,151,79.1299,scheduled_fill
corrected_execution__halt_aware__with_dividends__slip_0p0025,2013-10-04,long,181,79.3599,4912,283.91360000000145,210.0,390,79.4177,end_of_session
corrected_execution__halt_aware__with_dividends__slip_0p0025,2013-10-08,short,91,77.9091,4593,2659.8062999999834,300.0,390,77.33,end_of_session
corrected_execution__halt_aware__with_dividends__slip_0p0025,2013-10-09,short,31,77.03,4297,-386.73000000001457,30.0,61,77.12,scheduled_fill
corrected_execution__halt_aware__with_dividends__slip_0p0025,2013-10-09,short,91,76.82,4297,-1074.2499999999995,150.0,241,77.07,scheduled_fill
corrected_execution__halt_aware__with_dividends__slip_0p0025,2013-10-10,long,31,78.17,4267,-2.842170943040401e-14,60.0,91,78.17,scheduled_fill
corrected_execution__halt_aware__with_dividends__slip_0p0025,2013-10-10,long,151,78.45,4267,704.0549999999663,240.0,390,78.615,end_of_session
corrected_execution__halt_aware__with_dividends__slip_0p0025,2013-10-11,long,181,79.18,3453,68.71469999997466,210.0,390,79.1999,end_of_session
corrected_execution__halt_aware__with_dividends__slip_0p0025,2013-10-14,long,361,79.7,3373,134.9199999999732,30.0,390,79.74,end_of_session
corrected_execution__halt_aware__with_dividends__slip_0p0025,2013-10-16,long,31,80.2,3275,294.7500000000112,90.0,121,80.29,scheduled_fill
corrected_execution__halt_aware__with_dividends__slip_0p0025,2013-10-23,short,31,81.8,3018,181.08000000000692,90.0,121,81.74,scheduled_fill
corrected_execution__halt_aware__with_dividends__slip_0p0025,2013-10-24,long,121,82.4,3178,-127.12000000001987,30.0,151,82.36,scheduled_fill
corrected_execution__halt_aware__with_dividends__slip_0p0025,2013-11-01,short,151,82.5,5490,-988.2000000000376,30.0,181,82.68,scheduled_fill
corrected_execution__halt_aware__with_dividends__slip_0p0025,2013-11-01,short,241,82.495,5490,-581.93999999997,30.0,271,82.601,scheduled_fill
corrected_execution__halt_aware__with_dividends__slip_0p0025,2013-11-07,short,31,82.73,6276,7970.520000000063,360.0,390,81.46,end_of_session
corrected_execution__halt_aware__with_dividends__slip_0p0025,2013-11-08,long,61,82.04,5742,2641.319999999964,330.0,390,82.5,end_of_session
corrected_execution__halt_aware__with_dividends__slip_0p0025,2013-11-13,long,181,82.9,5234,2878.699999999986,210.0,390,83.45,end_of_session
corrected_execution__halt_aware__with_dividends__slip_0p0025,2013-11-18,short,361,83.095,4923,172.30499999998318,30.0,390,83.06,end_of_session
corrected_execution__halt_aware__with_dividends__slip_0p0025,2013-11-19,long,31,83.295,4596,68.9400000000025,30.0,61,83.31,scheduled_fill
corrected_execution__halt_aware__with_dividends__slip_0p0025,2013-11-21,long,31,83.29,4586,-229.30000000005214,30.0,61,83.24,scheduled_fill
corrected_execution__halt_aware__with_dividends__slip_0p0025,2013-11-21,long,331,83.54,4586,275.1599999999453,60.0,390,83.6,end_of_session
corrected_execution__halt_aware__with_dividends__slip_0p0025,2013-11-22,long,151,83.99,4264,-127.92000000000485,30.0,181,83.96,scheduled_fill
corrected_execution__halt_aware__with_dividends__slip_0p0025,2013-11-26,long,181,84.575,4197,146.89499999998526,210.0,390,84.61,end_of_session
corrected_execution__halt_aware__with_dividends__slip_0p0025,2013-12-20,long,31,86.09,6032,2412.7999999999456,360.0,390,86.49,end_of_session
corrected_execution__halt_aware__with_dividends__slip_0p0025,2013-12-27,short,91,87.53,5465,-491.85000000001867,30.0,121,87.62,scheduled_fill
corrected_execution__halt_aware__with_dividends__slip_0p0025,2013-12-27,short,331,87.48,5465,54.650000000027916,60.0,390,87.47,end_of_session
corrected_execution__halt_aware__with_dividends__slip_0p0025,2013-12-31,long,91,87.79,5542,27.709999999974883,120.0,211,87.795,scheduled_fill
corrected_execution__halt_aware__with_dividends__slip_0p0025,2013-12-31,long,241,87.825,5542,-443.3599999999906,60.0,301,87.745,scheduled_fill
corrected_execution__halt_aware__with_dividends__slip_0p0025,2014-01-02,short,31,87.23,5440,-435.1999999999907,60.0,91,87.31,scheduled_fill
corrected_execution__halt_aware__with_dividends__slip_0p0025,2014-01-02,short,151,87.17,5440,-489.60000000001855,60.0,211,87.26,scheduled_fill
corrected_execution__halt_aware__with_dividends__slip_0p0025,2014-01-02,short,241,87.16,5440,-625.6000000000495,120.0,361,87.275,scheduled_fill
corrected_execution__halt_aware__with_dividends__slip_0p0025,2014-01-03,short,91,87.03,6290,2390.199999999973,300.0,390,86.65,end_of_session
corrected_execution__halt_aware__with_dividends__slip_0p0025,2014-01-06,short,31,86.33,5998,-479.8399999999898,240.0,271,86.41,scheduled_fill
corrected_execution__halt_aware__with_dividends__slip_0p0025,2014-01-07,long,31,86.93,5878,-47.02400000005724,270.0,301,86.922,scheduled_fill
corrected_execution__halt_aware__with_dividends__slip_0p0025,2014-01-07,long,331,87.09,5878,176.34000000000628,60.0,390,87.12,end_of_session
corrected_execution__halt_aware__with_dividends__slip_0p0025,2014-01-08,long,61,87.4,5625,-281.250000000064,60.0,121,87.35,scheduled_fill
corrected_execution__halt_aware__with_dividends__slip_0p0025,2014-01-08,long,151,87.49,5625,-674.9999999999455,60.0,211,87.37,scheduled_fill
corrected_execution__halt_aware__with_dividends__slip_0p0025,2014-01-08,long,271,87.4299,5625,-674.4375000000068,60.0,331,87.31,scheduled_fill
corrected_execution__halt_aware__with_dividends__slip_0p0025,2014-01-09,short,91,86.96,5576,-808.520000000057,120.0,211,87.105,scheduled_fill
corrected_execution__halt_aware__with_dividends__slip_0p0025,2014-01-09,short,271,86.89,5576,-612.8023999999782,120.0,390,86.9999,end_of_session
corrected_execution__halt_aware__with_dividends__slip_0p0025,2014-01-10,short,121,86.73,6056,-115.06399999994699,30.0,151,86.749,scheduled_fill
corrected_execution__halt_aware__with_dividends__slip_0p0025,2014-01-13,short,271,86.7077,6124,4640.154800000001,120.0,390,85.95,end_of_session
corrected_execution__halt_aware__with_dividends__slip_0p0025,2014-01-14,long,61,86.745,5164,4828.340000000013,330.0,390,87.68,end_of_session
corrected_execution__halt_aware__with_dividends__slip_0p0025,2014-01-15,long,61,88.271,4215,-214.9650000000081,30.0,91,88.22,scheduled_fill
corrected_execution__halt_aware__with_dividends__slip_0p0025,2014-01-15,long,181,88.42,4215,-231.8250000000288,30.0,211,88.365,scheduled_fill
corrected_execution__halt_aware__with_dividends__slip_0p0025,2014-01-15,long,301,88.44,4215,-442.57500000001664,90.0,390,88.335,end_of_session
corrected_execution__halt_aware__with_dividends__slip_0p0025,2014-01-23,short,31,88.27,3971,158.8399999999681,120.0,151,88.23,scheduled_fill
corrected_execution__halt_aware__with_dividends__slip_0p0025,2014-01-23,short,181,88.05,3971,-496.37499999999983,120.0,301,88.175,scheduled_fill
corrected_execution__halt_aware__with_dividends__slip_0p0025,2014-01-24,short,31,87.87,4034,20.170000000039096,30.0,61,87.865,scheduled_fill
corrected_execution__halt_aware__with_dividends__slip_0p0025,2014-01-24,short,91,87.6,4034,3247.36999999997,300.0,390,86.795,end_of_session
corrected_execution__halt_aware__with_dividends__slip_0p0025,2014-01-27,short,61,85.92,3626,-1015.2800000000043,210.0,271,86.2,scheduled_fill
corrected_execution__halt_aware__with_dividends__slip_0p0025,2014-01-30,long,151,86.675,3561,-445.1249999999998,240.0,390,86.55,end_of_session
corrected_execution__halt_aware__with_dividends__slip_0p0025,2014-02-03,short,61,85.29,3095,3342.6000000000377,330.0,390,84.21,end_of_session
corrected_execution__halt_aware__with_dividends__slip_0p0025,2014-02-04,long,31,84.889,2978,-771.3020000000009,30.0,61,84.63,scheduled_fill
corrected_execution__halt_aware__with_dividends__slip_0p0025,2014-02-05,short,31,84.35,3278,5.684341886080802e-14,90.0,121,84.35,scheduled_fill
corrected_execution__halt_aware__with_dividends__slip_0p0025,2014-02-06,long,31,85.43,3369,1115.1389999999608,360.0,390,85.761,end_of_session
corrected_execution__halt_aware__with_dividends__slip_0p0025,2014-02-07,long,151,86.79,3112,1618.239999999987,240.0,390,87.31,end_of_session
corrected_execution__halt_aware__with_dividends__slip_0p0025,2014-02-10,long,31,87.56,2834,28.339999999974225,30.0,61,87.57,scheduled_fill
corrected_execution__halt_aware__with_dividends__slip_0p0025,2014-02-11,long,211,88.54,2824,649.5199999999714,180.0,390,88.77,end_of_session
corrected_execution__halt_aware__with_dividends__slip_0p0025,2014-02-13,long,91,89.35,2760,-27.599999999974898,30.0,121,89.34,scheduled_fill
corrected_execution__halt_aware__with_dividends__slip_0p0025,2014-02-13,long,241,89.5499,2760,-110.12399999996887,60.0,301,89.51,scheduled_fill
corrected_execution__halt_aware__with_dividends__slip_0p0025,2014-02-13,long,331,89.64,2760,-245.63999999999623,30.0,361,89.551,scheduled_fill
corrected_execution__halt_aware__with_dividends__slip_0p0025,2014-02-24,long,31,90.541,3423,424.45200000003194,240.0,271,90.665,scheduled_fill
corrected_execution__halt_aware__with_dividends__slip_0p0025,2014-02-24,long,301,90.7763,3423,-219.07200000002456,30.0,331,90.7123,scheduled_fill
corrected_execution__halt_aware__with_dividends__slip_0p0025,2014-02-25,short,31,90.1301,4952,-890.8648000000176,30.0,61,90.31,scheduled_fill
corrected_execution__halt_aware__with_dividends__slip_0p0025,2014-02-27,long,241,90.37,4972,-248.60000000005647,60.0,301,90.32,scheduled_fill
corrected_execution__halt_aware__with_dividends__slip_0p0025,2014-02-28,long,31,90.72,5247,-251.85600000000943,90.0,121,90.672,scheduled_fill
corrected_execution__halt_aware__with_dividends__slip_0p0025,2014-02-28,long,151,90.88,5247,-1469.1600000000062,120.0,271,90.6,scheduled_fill
corrected_execution__halt_aware__with_dividends__slip_0p0025,2014-03-03,short,151,89.13,6547,-982.0500000000376,60.0,211,89.28,scheduled_fill
corrected_execution__halt_aware__with_dividends__slip_0p0025,2014-03-07,short,31,90.54,5426,398.2684000000367,360.0,390,90.4666,end_of_session
corrected_execution__halt_aware__with_dividends__slip_0p0025,2014-03-10,short,91,90.14,5334,-1866.8999999999696,30.0,121,90.49,scheduled_fill
corrected_execution__halt_aware__with_dividends__slip_0p0025,2014-03-11,short,331,90.19,5326,1.9895196601282805e-13,60.0,390,90.19,end_of_session
corrected_execution__halt_aware__with_dividends__slip_0p0025,2014-03-12,long,121,90.539,5625,-838.125000000005,30.0,151,90.39,scheduled_fill
corrected_execution__halt_aware__with_dividends__slip_0p0025,2014-03-12,long,211,90.475,5625,-618.7499999999966,30.0,241,90.365,scheduled_fill
corrected_execution__halt_aware__with_dividends__slip_0p0025,2014-03-13,short,121,90.18,5665,5495.050000000075,270.0,390,89.21,end_of_session
corrected_execution__halt_aware__with_dividends__slip_0p0025,2014-03-17,long,31,89.67,5184,-777.6000000000295,60.0,91,89.52,scheduled_fill
corrected_execution__halt_aware__with_dividends__slip_0p0025,2014-03-17,long,151,89.63,5184,-51.83999999995285,210.0,361,89.62,scheduled_fill
corrected_execution__halt_aware__with_dividends__slip_0p0025,2014-03-18,long,31,89.97,4809,2981.580000000023,360.0,390,90.59,end_of_session
corrected_execution__halt_aware__with_dividends__slip_0p0025,2014-03-19,short,361,89.755,4345,-1021.0749999999978,30.0,390,89.99,end_of_session
corrected_execution__halt_aware__with_dividends__slip_0p0025,2014-03-20,long,61,90.24,4250,-382.4999999999542,30.0,91,90.15,scheduled_fill
corrected_execution__halt_aware__with_dividends__slip_0p0025,2014-03-20,long,181,90.3966,4250,-198.05000000005185,60.0,241,90.35,scheduled_fill
corrected_execution__halt_aware__with_dividends__slip_0p0025,2014-03-20,long,301,90.45,4250,-467.49999999999756,30.0,331,90.34,scheduled_fill
corrected_execution__halt_aware__with_dividends__slip_0p0025,2014-03-21,short,61,89.52,4159,-1164.520000000005,30.0,91,89.8,scheduled_fill
corrected_execution__halt_aware__with_dividends__slip_0p0025,2014-03-21,short,241,89.4,4159,1684.3950000000048,150.0,390,88.995,end_of_session
corrected_execution__halt_aware__with_dividends__slip_0p0025,2014-03-24,short,61,88.33,3960,277.19999999997174,240.0,301,88.26,scheduled_fill
corrected_execution__halt_aware__with_dividends__slip_0p0025,2014-03-25,long,31,89.0,4496,-539.5200000000204,30.0,61,88.88,scheduled_fill
corrected_execution__halt_aware__with_dividends__slip_0p0025,2014-03-26,short,361,87.8,4459,1471.4699999999925,30.0,390,87.47,end_of_session
corrected_execution__halt_aware__with_dividends__slip_0p0025,2014-03-28,long,31,87.73,4341,43.409999999960206,120.0,151,87.74,scheduled_fill
corrected_execution__halt_aware__with_dividends__slip_0p0025,2014-03-31,long,31,88.03,4304,86.51039999999716,30.0,61,88.0501,scheduled_fill
corrected_execution__halt_aware__with_dividends__slip_0p0025,2014-04-01,long,31,88.77,4090,1922.2999999999959,360.0,390,89.24,end_of_session
corrected_execution__halt_aware__with_dividends__slip_0p0025,2014-04-03,short,181,88.76,3790,-75.79999999998475,210.0,390,88.78,end_of_session
corrected_execution__halt_aware__with_dividends__slip_0p0025,2014-04-04,short,31,88.36,3750,37.5000000000193,30.0,61,88.35,scheduled_fill
corrected_execution__halt_aware__with_dividends__slip_0p0025,2014-04-04,short,91,87.91,3750,5737.500000000007,300.0,390,86.38,end_of_session
corrected_execution__halt_aware__with_dividends__slip_0p0025,2014-04-08,long,121,86.32,3531,-423.719999999966,30.0,151,86.2,scheduled_fill
corrected_execution__halt_aware__with_dividends__slip_0p0025,2014-04-08,long,241,86.39,3531,-247.17000000002616,30.0,271,86.32,scheduled_fill
corrected_execution__halt_aware__with_dividends__slip_0p0025,2014-04-09,long,301,87.5445,3316,-363.1019999999902,30.0,331,87.435,scheduled_fill
corrected_execution__halt_aware__with_dividends__slip_0p0025,2014-04-09,long,361,87.5962,3316,841.600799999994,30.0,390,87.85,end_of_session
corrected_execution__halt_aware__with_dividends__slip_0p0025,2014-04-10,short,31,87.1232,2980,5716.236,360.0,390,85.205,end_of_session
corrected_execution__halt_aware__with_dividends__slip_0p0025,2014-04-15,short,91,84.11,2719,-326.28000000001316,180.0,271,84.23,scheduled_fill
corrected_execution__halt_aware__with_dividends__slip_0p0025,2014-04-23,short,31,87.07,2721,-27.210000000013977,60.0,91,87.08,scheduled_fill
corrected_execution__halt_aware__with_dividends__slip_0p0025,2014-04-25,short,91,86.21,2681,-643.4400000000244,30.0,121,86.45,scheduled_fill
corrected_execution__halt_aware__with_dividends__slip_0p0025,2014-04-25,short,301,86.08,2681,-268.1000000000228,90.0,390,86.18,end_of_session
corrected_execution__halt_aware__with_dividends__slip_0p0025,2014-04-28,long,61,87.03,2936,-836.7599999999901,30.0,91,86.745,scheduled_fill
corrected_execution__halt_aware__with_dividends__slip_0p0025,2014-04-28,short,241,85.29,2936,-1526.7199999999882,60.0,301,85.81,scheduled_fill
corrected_execution__halt_aware__with_dividends__slip_0p0025,2014-05-06,short,271,87.05,5037,1309.6199999999542,120.0,390,86.79,end_of_session
corrected_execution__halt_aware__with_dividends__slip_0p0025,2014-05-07,short,31,86.26,4495,-233.73999999996656,120.0,151,86.312,scheduled_fill
corrected_execution__halt_aware__with_dividends__slip_0p0025,2014-05-07,short,211,85.85,4495,-1213.650000000046,90.0,301,86.12,scheduled_fill
corrected_execution__halt_aware__with_dividends__slip_0p0025,2014-05-08,long,31,86.87,4831,724.6499999999569,210.0,241,87.02,scheduled_fill
corrected_execution__halt_aware__with_dividends__slip_0p0025,2014-05-12,long,31,87.72,4810,2501.1999999999803,360.0,390,88.24,end_of_session
corrected_execution__halt_aware__with_dividends__slip_0p0025,2014-05-15,short,31,87.44,4710,753.5999999999864,300.0,331,87.28,scheduled_fill
corrected_execution__halt_aware__with_dividends__slip_0p0025,2014-05-19,long,121,88.29,5355,750.2354999999445,270.0,390,88.4301,end_of_session
corrected_execution__halt_aware__with_dividends__slip_0p0025,2014-05-20,short,271,87.66,5325,-851.9999999999827,30.0,301,87.82,scheduled_fill
corrected_execution__halt_aware__with_dividends__slip_0p0025,2014-05-20,short,331,87.74,5325,-1118.2500000000425,30.0,361,87.95,scheduled_fill
corrected_execution__halt_aware__with_dividends__slip_0p0025,2014-05-21,long,31,88.5,5133,-179.65499999998252,30.0,61,88.465,scheduled_fill
corrected_execution__halt_aware__with_dividends__slip_0p0025,2014-05-21,long,331,88.73,5133,513.299999999971,60.0,390,88.83,end_of_session
corrected_execution__halt_aware__with_dividends__slip_0p0025,2014-05-22,long,331,89.45,4855,-194.20000000003034,30.0,361,89.41,scheduled_fill
corrected_execution__halt_aware__with_dividends__slip_0p0025,2014-06-02,short,31,90.9699,5244,-1127.9844000000353,90.0,121,91.185,scheduled_fill
corrected_execution__halt_aware__with_dividends__slip_0p0025,2014-06-04,long,121,91.5,6011,-300.54999999998284,30.0,151,91.45,scheduled_fill
corrected_execution__halt_aware__with_dividends__slip_0p0025,2014-06-04,long,181,91.52,6011,101.58590000004058,120.0,301,91.5369,scheduled_fill
corrected_execution__halt_aware__with_dividends__slip_0p0025,2014-06-05,long,151,92.08,6295,1384.8999999999926,240.0,390,92.3,end_of_session
corrected_execution__halt_aware__with_dividends__slip_0p0025,2014-06-12,short,61,92.44,7233,-1229.6100000000124,60.0,121,92.61,scheduled_fill
corrected_execution__halt_aware__with_dividends__slip_0p0025,2014-06-12,short,211,92.28,7233,1882.0265999999822,180.0,390,92.0198,end_of_session
corrected_execution__halt_aware__with_dividends__slip_0p0025,2014-06-16,long,61,92.47,7291,-145.81999999997106,30.0,91,92.45,scheduled_fill
corrected_execution__halt_aware__with_dividends__slip_0p0025,2014-06-17,long,61,92.66,7269,-1744.5599999999627,30.0,91,92.42,scheduled_fill
corrected_execution__halt_aware__with_dividends__slip_0p0025,2014-06-18,short,121,92.31,7172,-251.01999999997554,30.0,151,92.345,scheduled_fill
corrected_execution__halt_aware__with_dividends__slip_0p0025,2014-06-18,short,271,92.14,7172,-3012.2400000000116,30.0,301,92.56,scheduled_fill
corrected_execution__halt_aware__with_dividends__slip_0p0025,2014-06-19,short,91,92.81,6984,-139.6799999999722,90.0,181,92.83,scheduled_fill
corrected_execution__halt_aware__with_dividends__slip_0p0025,2014-06-19,short,211,92.6299,6984,-699.0983999999835,90.0,301,92.73,scheduled_fill
corrected_execution__halt_aware__with_dividends__slip_0p0025,2014-06-24,long,31,92.98,6962,1879.7399999999725,240.0,271,93.25,scheduled_fill
corrected_execution__halt_aware__with_dividends__slip_0p0025,2014-06-25,long,31,92.8,7062,-635.5800000000246,30.0,61,92.71,scheduled_fill
corrected_execution__halt_aware__with_dividends__slip_0p0025,2014-06-25,long,91,92.885,7062,3283.8299999999244,300.0,390,93.35,end_of_session
corrected_execution__halt_aware__with_dividends__slip_0p0025,2014-06-26,short,31,92.82,7104,-781.4400000000969,90.0,121,92.93,scheduled_fill
corrected_execution__halt_aware__with_dividends__slip_0p0025,2014-06-26,short,181,92.91,7104,0.0,30.0,211,92.91,scheduled_fill
corrected_execution__halt_aware__with_dividends__slip_0p0025,2014-06-27,long,361,93.625,7074,672.029999999992,30.0,390,93.72,end_of_session
corrected_execution__halt_aware__with_dividends__slip_0p0025,2014-06-30,long,121,94.01,7061,-564.879999999988,30.0,151,93.93,scheduled_fill
corrected_execution__halt_aware__with_dividends__slip_0p0025,2014-06-30,long,181,93.99,7061,28.244000000034575,30.0,211,93.994,scheduled_fill
corrected_execution__halt_aware__with_dividends__slip_0p0025,2014-06-30,long,241,94.07,7061,-846.6138999999082,90.0,331,93.9501,scheduled_fill
corrected_execution__halt_aware__with_dividends__slip_0p0025,2014-07-01,long,31,94.5,6954,3581.3100000000068,360.0,390,95.015,end_of_session
corrected_execution__halt_aware__with_dividends__slip_0p0025,2014-07-08,short,31,94.78,7027,2459.44999999996,240.0,271,94.43,scheduled_fill
corrected_execution__halt_aware__with_dividends__slip_0p0025,2014-07-08,short,301,94.31,7027,70.27000000003599,90.0,390,94.3,end_of_session
corrected_execution__halt_aware__with_dividends__slip_0p0025,2014-07-15,short,91,95.39,6085,-517.833499999982,30.0,121,95.4751,scheduled_fill
corrected_execution__halt_aware__with_dividends__slip_0p0025,2014-07-15,short,151,95.04,6085,-2859.949999999993,90.0,241,95.51,scheduled_fill
corrected_execution__halt_aware__with_dividends__slip_0p0025,2014-07-17,short,121,95.189,6035,-307.78500000001134,90.0,211,95.24,scheduled_fill
corrected_execution__halt_aware__with_dividends__slip_0p0025,2014-07-17,short,271,95.14,6035,3379.600000000013,120.0,390,94.58,end_of_session
corrected_execution__halt_aware__with_dividends__slip_0p0025,2014-07-18,long,91,95.4799,4998,2876.848799999973,300.0,390,96.0555,end_of_session
corrected_execution__halt_aware__with_dividends__slip_0p0025,2014-07-22,long,61,96.6977,4401,-121.90769999998173,30.0,91,96.67,scheduled_fill
corrected_execution__halt_aware__with_dividends__slip_0p0025,2014-07-28,short,31,96.49,4503,-562.8750000000005,90.0,121,96.615,scheduled_fill
corrected_execution__halt_aware__with_dividends__slip_0p0025,2014-07-31,short,31,96.0,5111,4855.45000000001,360.0,390,95.05,end_of_session
corrected_execution__halt_aware__with_dividends__slip_0p0025,2014-08-01,long,31,95.279,4152,-784.7279999999711,30.0,61,95.09,scheduled_fill
corrected_execution__halt_aware__with_dividends__slip_0p0025,2014-08-01,short,151,94.205,4152,-1806.1200000000094,120.0,271,94.64,scheduled_fill
corrected_execution__halt_aware__with_dividends__slip_0p0025,2014-08-04,long,31,95.0999,4147,-289.87530000001703,30.0,61,95.03,scheduled_fill
corrected_execution__halt_aware__with_dividends__slip_0p0025,2014-08-04,long,301,95.225,4147,850.135000000052,90.0,390,95.43,end_of_session
corrected_execution__halt_aware__with_dividends__slip_0p0025,2014-08-05,short,31,94.675,4016,-943.3583999999844,30.0,61,94.9099,scheduled_fill
corrected_execution__halt_aware__with_dividends__slip_0p0025,2014-08-05,short,271,94.53,4016,-240.96000000000913,120.0,390,94.59,end_of_session
corrected_execution__halt_aware__with_dividends__slip_0p0025,2014-08-06,long,151,95.0,3938,-669.4600000000069,30.0,181,94.83,scheduled_fill
corrected_execution__halt_aware__with_dividends__slip_0p0025,2014-08-06,long,211,94.87,3938,-945.120000000036,60.0,271,94.63,scheduled_fill
corrected_execution__halt_aware__with_dividends__slip_0p0025,2014-08-07,short,361,94.01,4207,-757.2599999999688,30.0,390,94.19,end_of_session
corrected_execution__halt_aware__with_dividends__slip_0p0025,2014-08-08,long,241,94.82,4915,737.250000000028,150.0,390,94.97,end_of_session
corrected_execution__halt_aware__with_dividends__slip_0p0025,2014-08-11,long,31,95.52,4609,-322.6299999999685,240.0,271,95.45,scheduled_fill
corrected_execution__halt_aware__with_dividends__slip_0p0025,2014-08-13,long,91,96.1555,4782,1217.018999999967,300.0,390,96.41,end_of_session
corrected_execution__halt_aware__with_dividends__slip_0p0025,2014-08-18,long,31,98.03,4292,141.63600000000537,30.0,61,98.063,scheduled_fill
corrected_execution__halt_aware__with_dividends__slip_0p0025,2014-08-18,long,91,98.1799,4292,43.34919999997521,30.0,121,98.19,scheduled_fill
corrected_execution__halt_aware__with_dividends__slip_0p0025,2014-08-27,short,31,99.34,6885,-137.69999999997265,30.0,61,99.36,scheduled_fill
corrected_execution__halt_aware__with_dividends__slip_0p0025,2014-09-03,short,61,99.84,6821,2728.400000000038,330.0,390,99.44,end_of_session
corrected_execution__halt_aware__with_dividends__slip_0p0025,2014-09-04,long,31,100.08,6969,-696.8999999999605,90.0,121,99.98,scheduled_fill
corrected_execution__halt_aware__with_dividends__slip_0p0025,2014-09-05,long,301,99.76,6951,-278.0400000000435,30.0,331,99.72,scheduled_fill
corrected_execution__halt_aware__with_dividends__slip_0p0025,2014-09-05,long,361,99.73,6951,1251.1799999999484,30.0,390,99.91,end_of_session
corrected_execution__halt_aware__with_dividends__slip_0p0025,2014-09-08,long,31,100.24,6958,-1601.035799999952,120.0,151,100.0099,scheduled_fill
corrected_execution__halt_aware__with_dividends__slip_0p0025,2014-09-09,short,31,99.79,6880,-550.3999999999883,90.0,121,99.87,scheduled_fill
corrected_execution__halt_aware__with_dividends__slip_0p0025,2014-09-09,short,241,99.79,6880,-4265.599999999933,30.0,271,100.41,scheduled_fill
corrected_execution__halt_aware__with_dividends__slip_0p0025,2014-09-09,long,271,100.41,6880,-3990.3999999999883,30.0,301,99.83,scheduled_fill
corrected_execution__halt_aware__with_dividends__slip_0p0025,2014-09-09,short,301,99.83,6880,3852.800000000015,90.0,390,99.27,end_of_session
corrected_execution__halt_aware__with_dividends__slip_0p0025,2014-09-10,long,151,99.57,6712,3255.3200000000893,240.0,390,100.055,end_of_session
corrected_execution__halt_aware__with_dividends__slip_0p0025,2014-09-11,short,241,99.31,6819,-2045.6999999999805,60.0,301,99.61,scheduled_fill
corrected_execution__halt_aware__with_dividends__slip_0p0025,2014-09-12,short,31,99.58,6720,-1075.199999999977,60.0,91,99.74,scheduled_fill
corrected_execution__halt_aware__with_dividends__slip_0p0025,2014-09-12,short,151,99.64,6720,1344.000000000019,240.0,390,99.44,end_of_session
corrected_execution__halt_aware__with_dividends__slip_0p0025,2014-09-15,short,31,98.62,6742,1314.690000000052,360.0,390,98.425,end_of_session
corrected_execution__halt_aware__with_dividends__slip_0p0025,2014-09-16,long,151,99.07,6598,2507.240000000062,240.0,390,99.45,end_of_session
corrected_execution__halt_aware__with_dividends__slip_0p0025,2014-09-19,short,211,99.67,5427,-352.75499999998766,30.0,241,99.735,scheduled_fill
corrected_execution__halt_aware__with_dividends__slip_0p0025,2014-09-22,short,61,99.211,5450,1231.699999999993,330.0,390,98.985,end_of_session
corrected_execution__halt_aware__with_dividends__slip_0p0025,2014-09-24,long,121,99.4132,5281,2253.930800000001,270.0,390,99.84,end_of_session
corrected_execution__halt_aware__with_dividends__slip_0p0025,2014-09-25,short,31,98.835,4868,4892.3399999999765,360.0,390,97.83,end_of_session
corrected_execution__halt_aware__with_dividends__slip_0p0025,2014-09-26,long,301,98.73,4133,578.6200000000023,90.0,390,98.87,end_of_session
corrected_execution__halt_aware__with_dividends__slip_0p0025,2014-10-01,short,31,98.0359,4095,3218.2604999999953,360.0,390,97.25,end_of_session
corrected_execution__halt_aware__with_dividends__slip_0p0025,2014-10-02,short,91,96.57,3843,-1306.6200000000138,120.0,211,96.91,scheduled_fill
corrected_execution__halt_aware__with_dividends__slip_0p0025,2014-10-03,long,31,98.08,3808,205.6320000000078,30.0,61,98.134,scheduled_fill
corrected_execution__halt_aware__with_dividends__slip_0p0025,2014-10-03,long,91,98.23,3808,152.3199999999697,30.0,121,98.27,scheduled_fill
corrected_execution__halt_aware__with_dividends__slip_0p0025,2014-10-03,long,211,98.38,3808,-266.559999999974,30.0,241,98.31,scheduled_fill
corrected_execution__halt_aware__with_dividends__slip_0p0025,2014-10-03,long,301,98.46,3808,16.755200000015066,30.0,331,98.4644,scheduled_fill
corrected_execution__halt_aware__with_dividends__slip_0p0025,2014-10-06,short,211,97.7,3737,-1307.9499999999787,30.0,241,98.05,scheduled_fill
corrected_execution__halt_aware__with_dividends__slip_0p0025,2014-10-07,short,31,97.23,3922,-784.4000000000115,30.0,61,97.43,scheduled_fill
corrected_execution__halt_aware__with_dividends__slip_0p0025,2014-10-07,short,361,96.72,3922,592.2219999999853,30.0,390,96.569,end_of_session
corrected_execution__halt_aware__with_dividends__slip_0p0025,2014-10-08,long,301,97.98,3710,2263.0999999999967,90.0,390,98.59,end_of_session
corrected_execution__halt_aware__with_dividends__slip_0p0025,2014-10-09,short,31,98.08,3201,-512.159999999989,30.0,61,98.24,scheduled_fill
corrected_execution__halt_aware__with_dividends__slip_0p0025,2014-10-09,short,151,97.64,3201,2304.7199999999966,240.0,390,96.92,end_of_session
corrected_execution__halt_aware__with_dividends__slip_0p0025,2014-10-10,short,61,95.39,3101,-1020.2289999999798,90.0,151,95.719,scheduled_fill
corrected_execution__halt_aware__with_dividends__slip_0p0025,2014-10-10,short,241,95.53,3101,-465.15000000001794,30.0,271,95.68,scheduled_fill
corrected_execution__halt_aware__with_dividends__slip_0p0025,2014-10-10,short,331,95.38,3101,2737.5627999999656,60.0,390,94.4972,end_of_session
corrected_execution__halt_aware__with_dividends__slip_0p0025,2014-10-13,short,61,93.485,2877,-2431.0649999999964,90.0,151,94.33,scheduled_fill
corrected_execution__halt_aware__with_dividends__slip_0p0025,2014-10-15,short,211,90.93,2955,-1743.4499999999684,120.0,331,91.52,scheduled_fill
corrected_execution__halt_aware__with_dividends__slip_0p0025,2014-10-17,long,61,93.41,3225,-225.74999999997817,30.0,91,93.34,scheduled_fill
corrected_execution__halt_aware__with_dividends__slip_0p0025,2014-10-17,long,121,93.714,3225,-1818.8999999999774,120.0,241,93.15,scheduled_fill
corrected_execution__halt_aware__with_dividends__slip_0p0025,2014-10-20,long,61,93.71,2930,-29.299999999973494,150.0,211,93.7,scheduled_fill
corrected_execution__halt_aware__with_dividends__slip_0p0025,2014-10-20,long,241,93.96,2930,1347.8000000000231,150.0,390,94.42,end_of_session
corrected_execution__halt_aware__with_dividends__slip_0p0025,2014-10-21,long,121,96.11,2716,95.05999999999074,90.0,211,96.145,scheduled_fill
corrected_execution__halt_aware__with_dividends__slip_0p0025,2014-10-21,long,271,96.4833,2716,914.4771999999821,120.0,390,96.82,end_of_session
corrected_execution__halt_aware__with_dividends__slip_0p0025,2014-10-23,long,61,97.76,2430,388.7999999999921,270.0,331,97.92,scheduled_fill
corrected_execution__halt_aware__with_dividends__slip_0p0025,2014-10-28,long,31,99.46,2408,120.40000000002738,30.0,61,99.51,scheduled_fill
corrected_execution__halt_aware__with_dividends__slip_0p0025,2014-10-28,long,91,99.56,2408,-48.15999999999042,60.0,151,99.54,scheduled_fill
corrected_execution__halt_aware__with_dividends__slip_0p0025,2014-11-04,short,91,100.891,3685,-180.564999999972,30.0,121,100.94,scheduled_fill
corrected_execution__halt_aware__with_dividends__slip_0p0025,2014-11-04,short,151,100.77,3685,-958.1000000000188,30.0,181,101.03,scheduled_fill
corrected_execution__halt_aware__with_dividends__slip_0p0025,2014-11-07,short,61,101.21,3984,-996.0,30.0,91,101.46,scheduled_fill
corrected_execution__halt_aware__with_dividends__slip_0p0025,2014-11-10,long,91,101.935,3992,-219.56000000002723,90.0,181,101.88,scheduled_fill
corrected_execution__halt_aware__with_dividends__slip_0p0025,2014-11-13,long,31,103.0739,6530,-809.0669999999476,90.0,121,102.95,scheduled_fill
corrected_execution__halt_aware__with_dividends__slip_0p0025,2014-11-13,long,181,103.0001,6530,-2142.4930000000413,60.0,241,102.672,scheduled_fill
corrected_execution__halt_aware__with_dividends__slip_0p0025,2014-11-17,short,121,102.52,6687,-2039.5350000000456,60.0,181,102.825,scheduled_fill
corrected_execution__halt_aware__with_dividends__slip_0p0025,2014-11-18,long,31,103.43,6732,-807.8400000000304,90.0,121,103.31,scheduled_fill
corrected_execution__halt_aware__with_dividends__slip_0p0025,2014-11-18,long,151,103.5,6732,1083.852000000009,240.0,390,103.661,end_of_session
corrected_execution__halt_aware__with_dividends__slip_0p0025,2014-11-19,short,31,103.0872,6700,-1005.6700000000606,150.0,181,103.2373,scheduled_fill
corrected_execution__halt_aware__with_dividends__slip_0p0025,2014-11-20,long,121,103.67,6708,-335.399999999981,270.0,390,103.62,end_of_session
corrected_execution__halt_aware__with_dividends__slip_0p0025,2014-11-24,long,181,104.58,6605,-792.60000000003,30.0,211,104.46,scheduled_fill
corrected_execution__halt_aware__with_dividends__slip_0p0025,2014-11-24,long,241,104.575,6605,957.724999999974,150.0,390,104.72,end_of_session
corrected_execution__halt_aware__with_dividends__slip_0p0025,2014-11-26,long,211,105.275,6557,1868.744999999978,180.0,390,105.56,end_of_session
corrected_execution__halt_aware__with_dividends__slip_0p0025,2014-11-28,long,121,106.18,6567,-328.3500000000747,30.0,151,106.13,scheduled_fill
corrected_execution__halt_aware__with_dividends__slip_0p0025,2014-12-01,short,31,105.02,6560,-623.1999999999925,30.0,61,105.115,scheduled_fill
corrected_execution__halt_aware__with_dividends__slip_0p0025,2014-12-01,short,91,104.66,6560,-2394.4000000000597,120.0,211,105.025,scheduled_fill
corrected_execution__halt_aware__with_dividends__slip_0p0025,2014-12-01,short,301,104.7133,6560,-798.3519999999339,90.0,390,104.835,end_of_session
corrected_execution__halt_aware__with_dividends__slip_0p0025,2014-12-02,long,331,105.37,6454,-968.1000000000366,30.0,361,105.22,scheduled_fill
corrected_execution__halt_aware__with_dividends__slip_0p0025,2014-12-03,short,61,104.89,6384,-574.5600000000218,30.0,91,104.98,scheduled_fill
corrected_execution__halt_aware__with_dividends__slip_0p0025,2014-12-31,long,91,104.86,2763,-663.1199999999857,30.0,121,104.62,scheduled_fill
corrected_execution__halt_aware__with_dividends__slip_0p0025,2014-12-31,short,331,103.53,2763,-359.18999999998744,30.0,361,103.66,scheduled_fill
corrected_execution__halt_aware__with_dividends__slip_0p0025,2015-01-02,short,121,102.721,2915,-376.0349999999728,30.0,151,102.85,scheduled_fill
corrected_execution__halt_aware__with_dividends__slip_0p0025,2015-01-02,short,211,102.74,2915,-29.150000000014884,60.0,271,102.75,scheduled_fill
corrected_execution__halt_aware__with_dividends__slip_0p0025,2015-01-05,short,31,102.18,2975,-59.49999999998812,30.0,61,102.2,scheduled_fill
corrected_execution__halt_aware__with_dividends__slip_0p0025,2015-01-05,short,91,102.04,2975,104.12500000003212,60.0,151,102.005,scheduled_fill
corrected_execution__halt_aware__with_dividends__slip_0p0025,2015-01-05,short,181,101.7328,2975,930.5799999999876,210.0,390,101.42,end_of_session
corrected_execution__halt_aware__with_dividends__slip_0p0025,2015-01-06,short,121,100.656,2891,-98.2939999999757,210.0,331,100.69,scheduled_fill
corrected_execution__halt_aware__with_dividends__slip_0p0025,2015-01-07,long,31,101.09,2861,-244.6155000000295,30.0,61,101.0045,scheduled_fill
corrected_execution__halt_aware__with_dividends__slip_0p0025,2015-01-07,long,151,101.36,2861,-600.8099999999822,90.0,241,101.15,scheduled_fill
corrected_execution__halt_aware__with_dividends__slip_0p0025,2015-01-08,long,31,102.65,2933,1877.1200000000017,360.0,390,103.29,end_of_session
corrected_execution__halt_aware__with_dividends__slip_0p0025,2015-01-09,short,61,102.83,2875,57.49999999998859,120.0,181,102.81,scheduled_fill
corrected_execution__halt_aware__with_dividends__slip_0p0025,2015-01-09,short,211,102.57,2875,-431.2500000000163,30.0,241,102.72,scheduled_fill
corrected_execution__halt_aware__with_dividends__slip_0p0025,2015-01-12,short,31,101.6543,3475,-1058.832499999989,60.0,91,101.959,scheduled_fill
corrected_execution__halt_aware__with_dividends__slip_0p0025,2015-01-12,short,121,101.86,3475,-139.00000000002169,60.0,181,101.9,scheduled_fill
corrected_execution__halt_aware__with_dividends__slip_0p0025,2015-01-12,short,211,101.6788,3475,291.2049999999875,180.0,390,101.595,end_of_session
corrected_execution__halt_aware__with_dividends__slip_0p0025,2015-01-13,long,31,103.41,3359,-604.6199999999752,120.0,151,103.23,scheduled_fill
corrected_execution__halt_aware__with_dividends__slip_0p0025,2015-01-15,short,31,100.15,3397,-1970.2599999999945,30.0,61,100.73,scheduled_fill
corrected_execution__halt_aware__with_dividends__slip_0p0025,2015-01-15,short,121,100.235,3397,-16.984999999984325,210.0,331,100.24,scheduled_fill
corrected_execution__halt_aware__with_dividends__slip_0p0025,2015-01-15,short,361,100.04,3397,1426.740000000006,30.0,390,99.62,end_of_session
corrected_execution__halt_aware__with_dividends__slip_0p0025,2015-01-16,long,91,100.22,3333,-899.9099999999871,30.0,121,99.95,scheduled_fill
corrected_execution__halt_aware__with_dividends__slip_0p0025,2015-01-16,long,211,100.34,3333,-799.9200000000304,30.0,241,100.1,scheduled_fill
corrected_execution__halt_aware__with_dividends__slip_0p0025,2015-01-16,long,331,100.42,3333,1666.5,60.0,390,100.92,end_of_session
corrected_execution__halt_aware__with_dividends__slip_0p0025,2015-01-21,long,91,102.44,2975,-475.9999999999896,30.0,121,102.28,scheduled_fill
corrected_execution__halt_aware__with_dividends__slip_0p0025,2015-01-21,long,151,102.36,2975,-654.4999999999964,60.0,211,102.14,scheduled_fill
corrected_execution__halt_aware__with_dividends__slip_0p0025,2015-01-22,long,331,103.79,2888,548.7199999999934,60.0,390,103.98,end_of_session
corrected_execution__halt_aware__with_dividends__slip_0p0025,2015-01-27,short,31,101.98,2965,-56.33499999997268,150.0,181,101.999,scheduled_fill
corrected_execution__halt_aware__with_dividends__slip_0p0025,2015-01-29,long,361,101.86,2634,-210.71999999999545,30.0,390,101.78,end_of_session
corrected_execution__halt_aware__with_dividends__slip_0p0025,2015-01-30,long,181,102.39,2841,-951.7349999999823,30.0,211,102.055,scheduled_fill
corrected_execution__halt_aware__with_dividends__slip_0p0025,2015-02-02,short,31,100.4,2821,-479.56999999996475,60.0,91,100.57,scheduled_fill
corrected_execution__halt_aware__with_dividends__slip_0p0025,2015-02-06,short,241,103.36,2818,-535.4199999999935,30.0,271,103.55,scheduled_fill
corrected_execution__halt_aware__with_dividends__slip_0p0025,2015-02-06,short,361,102.94,2818,-253.6200000000096,30.0,390,103.03,end_of_session
corrected_execution__halt_aware__with_dividends__slip_0p0025,2015-02-10,long,181,103.9665,2860,1239.8100000000268,210.0,390,104.4,end_of_session
corrected_execution__halt_aware__with_dividends__slip_0p0025,2015-02-11,long,61,104.68,2705,324.59999999997393,30.0,91,104.8,scheduled_fill
corrected_execution__halt_aware__with_dividends__slip_0p0025,2015-02-11,long,151,104.91,2705,-216.39999999999532,30.0,181,104.83,scheduled_fill
corrected_execution__halt_aware__with_dividends__slip_0p0025,2015-02-12,long,271,105.93,2920,-204.40000000002158,30.0,301,105.86,scheduled_fill
corrected_execution__halt_aware__with_dividends__slip_0p0025,2015-02-19,long,61,107.5566,4115,260.89100000000565,330.0,390,107.62,end_of_session
corrected_execution__halt_aware__with_dividends__slip_0p0025,2015-02-20,long,241,108.04,4158,1351.349999999953,150.0,390,108.365,end_of_session
corrected_execution__halt_aware__with_dividends__slip_0p0025,2015-02-23,short,61,108.169,4691,-426.88100000003845,30.0,91,108.26,scheduled_fill
corrected_execution__halt_aware__with_dividends__slip_0p0025,2015-02-26,long,91,108.62,4870,97.39999999998062,90.0,181,108.64,scheduled_fill
corrected_execution__halt_aware__with_dividends__slip_0p0025,2015-02-26,long,211,108.825,4870,-1290.550000000003,90.0,301,108.56,scheduled_fill
corrected_execution__halt_aware__with_dividends__slip_0p0025,2015-02-27,short,301,108.48,5030,150.90000000000552,60.0,361,108.45,scheduled_fill
corrected_execution__halt_aware__with_dividends__slip_0p0025,2015-03-02,long,31,109.06,5320,-478.80000000001826,150.0,181,108.97,scheduled_fill
corrected_execution__halt_aware__with_dividends__slip_0p0025,2015-03-02,long,211,109.02,5320,-638.9319999999663,30.0,241,108.8999,scheduled_fill
corrected_execution__halt_aware__with_dividends__slip_0p0025,2015-03-02,long,271,109.0538,5320,1655.5839999999966,120.0,390,109.365,end_of_session
corrected_execution__halt_aware__with_dividends__slip_0p0025,2015-03-03,short,31,108.805,5358,-241.10999999993444,270.0,301,108.85,scheduled_fill
corrected_execution__halt_aware__with_dividends__slip_0p0025,2015-03-04,short,31,108.05,5771,-1038.7800000000393,60.0,91,108.23,scheduled_fill
corrected_execution__halt_aware__with_dividends__slip_0p0025,2015-03-06,short,121,107.96,5937,4215.269999999962,270.0,390,107.25,end_of_session
corrected_execution__halt_aware__with_dividends__slip_0p0025,2015-03-10,short,31,106.54,5273,4112.940000000008,360.0,390,105.76,end_of_session
corrected_execution__halt_aware__with_dividends__slip_0p0025,2015-03-11,short,271,105.3638,4133,-686.9046000000142,30.0,301,105.53,scheduled_fill
corrected_execution__halt_aware__with_dividends__slip_0p0025,2015-03-11,short,361,105.23,4133,289.31000000003064,30.0,390,105.16,end_of_session
corrected_execution__halt_aware__with_dividends__slip_0p0025,2015-03-12,long,31,105.551,4199,1486.4459999999974,360.0,390,105.905,end_of_session
corrected_execution__halt_aware__with_dividends__slip_0p0025,2015-03-13,short,91,105.1,4201,-1008.2400000000378,300.0,390,105.34,end_of_session
corrected_execution__halt_aware__with_dividends__slip_0p0025,2015-03-16,long,31,106.11,4165,2415.6999999999935,360.0,390,106.69,end_of_session
corrected_execution__halt_aware__with_dividends__slip_0p0025,2015-03-18,long,301,107.455,3721,1693.0549999999944,90.0,390,107.91,end_of_session
corrected_execution__halt_aware__with_dividends__slip_0p0025,2015-03-24,long,91,108.66,3709,-74.17999999998511,90.0,181,108.64,scheduled_fill
corrected_execution__halt_aware__with_dividends__slip_0p0025,2015-03-25,short,31,107.36,3705,6890.929499999982,360.0,390,105.5001,end_of_session
corrected_execution__halt_aware__with_dividends__slip_0p0025,2015-03-27,long,31,105.38,3427,-685.3999999999616,30.0,61,105.18,scheduled_fill
corrected_execution__halt_aware__with_dividends__slip_0p0025,2015-03-27,long,91,105.485,3427,-496.91499999998643,30.0,121,105.34,scheduled_fill
corrected_execution__halt_aware__with_dividends__slip_0p0025,2015-03-30,long,31,106.61,3380,-1267.5000000000002,30.0,61,106.235,scheduled_fill
corrected_execution__halt_aware__with_dividends__slip_0p0025,2015-03-31,short,361,105.77,3620,-36.20000000001852,30.0,390,105.78,end_of_session
corrected_execution__halt_aware__with_dividends__slip_0p0025,2015-04-01,short,31,104.471,3555,-1595.8394999999816,60.0,91,104.9199,scheduled_fill
corrected_execution__halt_aware__with_dividends__slip_0p0025,2015-04-01,short,121,104.76,3555,-142.19999999997145,120.0,241,104.8,scheduled_fill
corrected_execution__halt_aware__with_dividends__slip_0p0025,2015-04-01,short,301,104.69,3555,-888.75,90.0,390,104.94,end_of_session
corrected_execution__halt_aware__with_dividends__slip_0p0025,2015-04-06,long,61,105.62,3538,1415.1999999999696,330.0,390,106.02,end_of_session
corrected_execution__halt_aware__with_dividends__slip_0p0025,2015-04-07,long,61,106.49,3710,37.100000000019065,180.0,241,106.5,scheduled_fill
corrected_execution__halt_aware__with_dividends__slip_0p0025,2015-04-08,long,31,106.55,3718,-1189.7599999999745,60.0,91,106.23,scheduled_fill
corrected_execution__halt_aware__with_dividends__slip_0p0025,2015-04-08,long,121,106.4,3718,-37.180000000018794,210.0,331,106.39,scheduled_fill
corrected_execution__halt_aware__with_dividends__slip_0p0025,2015-04-09,long,361,107.32,3792,-75.83999999998491,30.0,390,107.3,end_of_session
corrected_execution__halt_aware__with_dividends__slip_0p0025,2015-04-13,long,31,108.3,3674,-477.6199999999832,60.0,91,108.17,scheduled_fill
corrected_execution__halt_aware__with_dividends__slip_0p0025,2015-04-14,short,31,106.96,3676,183.7999999999903,120.0,151,106.91,scheduled_fill
corrected_execution__halt_aware__with_dividends__slip_0p0025,2015-04-17,short,31,106.4,5268,2212.5600000000054,360.0,390,105.98,end_of_session
corrected_execution__halt_aware__with_dividends__slip_0p0025,2015-04-20,long,31,107.09,4334,2383.6999999999884,360.0,390,107.64,end_of_session
corrected_execution__halt_aware__with_dividends__slip_0p0025,2015-04-23,long,211,109.2,4565,-442.34850000002365,180.0,390,109.1031,end_of_session
corrected_execution__halt_aware__with_dividends__slip_0p0025,2015-04-28,short,31,109.83,4147,-124.41000000000524,60.0,91,109.86,scheduled_fill
corrected_execution__halt_aware__with_dividends__slip_0p0025,2015-04-29,short,181,108.89,4156,-2285.7999999999884,90.0,271,109.44,scheduled_fill
corrected_execution__halt_aware__with_dividends__slip_0p0025,2015-04-30,short,61,108.3399,4052,-1256.5252000000228,60.0,121,108.65,scheduled_fill
corrected_execution__halt_aware__with_dividends__slip_0p0025,2015-04-30,short,151,108.331,4052,3367.2120000000123,240.0,390,107.5,end_of_session
corrected_execution__halt_aware__with_dividends__slip_0p0025,2015-05-01,long,61,108.62,3541,-956.070000000036,30.0,91,108.35,scheduled_fill
corrected_execution__halt_aware__with_dividends__slip_0p0025,2015-05-01,long,121,108.53,3541,-708.2000000000103,30.0,151,108.33,scheduled_fill
corrected_execution__halt_aware__with_dividends__slip_0p0025,2015-05-01,long,211,108.51,3541,2089.189999999962,180.0,390,109.1,end_of_session
corrected_execution__halt_aware__with_dividends__slip_0p0025,2015-05-04,long,31,109.87,3231,-1033.920000000024,60.0,91,109.55,scheduled_fill
corrected_execution__halt_aware__with_dividends__slip_0p0025,2015-05-05,short,31,108.3,3259,2753.8549999999955,360.0,390,107.455,end_of_session
corrected_execution__halt_aware__with_dividends__slip_0p0025,2015-05-06,short,31,106.9,3069,-675.1799999999968,60.0,91,107.12,scheduled_fill
corrected_execution__halt_aware__with_dividends__slip_0p0025,2015-05-06,short,121,107.0063,3069,-134.11530000000357,30.0,151,107.05,scheduled_fill
corrected_execution__halt_aware__with_dividends__slip_0p0025,2015-05-06,short,181,106.85,3069,460.34999999997376,210.0,390,106.7,end_of_session
corrected_execution__halt_aware__with_dividends__slip_0p0025,2015-05-07,long,91,107.24,3049,60.980000000031865,270.0,361,107.26,scheduled_fill
corrected_execution__halt_aware__with_dividends__slip_0p0025,2015-05-12,short,31,107.16,3335,-50.02500000000185,30.0,61,107.175,scheduled_fill
corrected_execution__halt_aware__with_dividends__slip_0p0025,2015-05-14,long,151,109.17,3339,1636.1099999999833,240.0,390,109.66,end_of_session
corrected_execution__halt_aware__with_dividends__slip_0p0025,2015-05-18,long,271,110.109,3261,-127.17900000000479,30.0,301,110.07,scheduled_fill
corrected_execution__halt_aware__with_dividends__slip_0p0025,2015-05-20,short,31,109.51,3255,-780.8744999999723,30.0,61,109.7499,scheduled_fill
corrected_execution__halt_aware__with_dividends__slip_0p0025,2015-05-21,long,91,110.4,3732,-37.320000000019434,180.0,271,110.39,scheduled_fill
corrected_execution__halt_aware__with_dividends__slip_0p0025,2015-05-21,long,331,110.59,3732,-261.2400000000275,30.0,361,110.52,scheduled_fill
corrected_execution__halt_aware__with_dividends__slip_0p0025,2015-05-26,short,31,109.57,4080,1713.5999999999506,360.0,390,109.15,end_of_session
corrected_execution__halt_aware__with_dividends__slip_0p0025,2015-05-27,long,31,110.03,4466,4399.009999999998,360.0,390,111.015,end_of_session
corrected_execution__halt_aware__with_dividends__slip_0p0025,2015-05-29,short,91,109.99,4099,-1188.7100000000257,60.0,151,110.28,scheduled_fill
corrected_execution__halt_aware__with_dividends__slip_0p0025,2015-05-29,short,331,110.06,4099,-532.8699999999812,30.0,361,110.19,scheduled_fill
corrected_execution__halt_aware__with_dividends__slip_0p0025,2015-06-01,short,61,109.7699,4239,-1484.0738999999899,30.0,91,110.12,scheduled_fill
corrected_execution__halt_aware__with_dividends__slip_0p0025,2015-06-08,short,31,108.89,4928,3498.879999999969,360.0,390,108.18,end_of_session
corrected_execution__halt_aware__with_dividends__slip_0p0025,2015-06-09,short,31,107.59,4799,-863.8199999999645,60.0,91,107.77,scheduled_fill
corrected_execution__halt_aware__with_dividends__slip_0p0025,2015-06-10,long,61,108.995,4755,2781.6749999999693,330.0,390,109.58,end_of_session
corrected_execution__halt_aware__with_dividends__slip_0p0025,2015-06-15,short,31,107.47,4224,-718.0800000000072,30.0,61,107.64,scheduled_fill
corrected_execution__halt_aware__with_dividends__slip_0p0025,2015-06-16,long,211,108.72,4508,90.15999999998263,180.0,390,108.74,end_of_session
corrected_execution__halt_aware__with_dividends__slip_0p0025,2015-06-18,long,31,110.0301,5557,3111.3642999999975,360.0,390,110.59,end_of_session
corrected_execution__halt_aware__with_dividends__slip_0p0025,2015-06-26,short,91,109.4999,4807,-913.8107000000049,30.0,121,109.69,scheduled_fill
corrected_execution__halt_aware__with_dividends__slip_0p0025,2015-06-26,short,151,109.52,4807,1153.6799999999741,240.0,390,109.28,end_of_session
corrected_execution__halt_aware__with_dividends__slip_0p0025,2015-06-29,short,271,107.525,5166,4520.249999999997,120.0,390,106.65,end_of_session
corrected_execution__halt_aware__with_dividends__slip_0p0025,2015-07-07,short,31,107.11,4068,250.99560000000827,180.0,211,107.0483,scheduled_fill
corrected_execution__halt_aware__with_dividends__slip_0p0025,2015-07-08,short,31,106.788,4137,-1001.154000000018,60.0,91,107.03,scheduled_fill
corrected_execution__halt_aware__with_dividends__slip_0p0025,2015-07-08,short,121,106.51,4137,-1116.9899999999834,150.0,271,106.78,scheduled_fill
corrected_execution__halt_aware__with_dividends__slip_0p0025,2015-07-08,short,301,106.47,4137,1613.4300000000026,90.0,390,106.08,end_of_session
corrected_execution__halt_aware__with_dividends__slip_0p0025,2015-07-10,long,331,107.9,4144,-414.40000000003533,60.0,390,107.8,end_of_session
corrected_execution__halt_aware__with_dividends__slip_0p0025,2015-07-13,long,31,109.063,3595,1714.815000000014,360.0,390,109.54,end_of_session
corrected_execution__halt_aware__with_dividends__slip_0p0025,2015-07-14,long,61,110.0648,3279,738.4308000000024,330.0,390,110.29,end_of_session
corrected_execution__halt_aware__with_dividends__slip_0p0025,2015-07-16,long,361,111.88,3220,96.27799999999297,30.0,390,111.9099,end_of_session
corrected_execution__halt_aware__with_dividends__slip_0p0025,2015-07-23,short,361,111.99,3469,-485.66000000000184,30.0,390,112.13,end_of_session
corrected_execution__halt_aware__with_dividends__slip_0p0025,2015-07-24,short,241,111.5499,3401,1649.1448999999873,150.0,390,111.065,end_of_session
corrected_execution__halt_aware__with_dividends__slip_0p0025,2015-07-28,long,301,111.29,3239,-194.34000000000722,30.0,331,111.23,scheduled_fill
corrected_execution__halt_aware__with_dividends__slip_0p0025,2015-07-30,short,31,110.77,3615,-1048.3500000000222,30.0,61,111.06,scheduled_fill
corrected_execution__halt_aware__with_dividends__slip_0p0025,2015-07-30,long,241,112.19,3615,-542.2499999999691,30.0,271,112.04,scheduled_fill
corrected_execution__halt_aware__with_dividends__slip_0p0025,2015-08-03,short,211,111.11,4146,-1658.4000000000237,180.0,390,111.51,end_of_session
corrected_execution__halt_aware__with_dividends__slip_0p0025,2015-08-04,short,91,110.945,4142,-1470.4100000000167,60.0,151,111.3,scheduled_fill
corrected_execution__halt_aware__with_dividends__slip_0p0025,2015-08-05,long,31,112.57,4088,-367.9199999999564,150.0,181,112.48,scheduled_fill
corrected_execution__halt_aware__with_dividends__slip_0p0025,2015-08-06,short,31,111.55,4478,4567.559999999983,360.0,390,110.53,end_of_session
corrected_execution__halt_aware__with_dividends__slip_0p0025,2015-08-07,short,61,109.8,4714,-612.3486000000304,30.0,91,109.9299,scheduled_fill
corrected_execution__halt_aware__with_dividends__slip_0p0025,2015-08-07,short,121,109.62,4714,-1.7053025658242404e-13,180.0,301,109.62,scheduled_fill
corrected_execution__halt_aware__with_dividends__slip_0p0025,2015-08-10,long,151,111.52,4791,-239.5499999999863,60.0,211,111.47,scheduled_fill
corrected_execution__halt_aware__with_dividends__slip_0p0025,2015-08-10,long,271,111.57,4791,167.68500000005156,60.0,331,111.605,scheduled_fill
corrected_execution__halt_aware__with_dividends__slip_0p0025,2015-08-11,short,121,110.34,4257,638.5500000000246,270.0,390,110.19,end_of_session
corrected_execution__halt_aware__with_dividends__slip_0p0025,2015-08-12,short,31,108.95,4339,0.43390000001384976,90.0,121,108.9499,scheduled_fill
corrected_execution__halt_aware__with_dividends__slip_0p0025,2015-08-12,short,151,108.55,4339,-1562.0399999999972,30.0,181,108.91,scheduled_fill
corrected_execution__halt_aware__with_dividends__slip_0p0025,2015-08-17,long,211,111.15,4668,1400.3999999999867,180.0,390,111.45,end_of_session
corrected_execution__halt_aware__with_dividends__slip_0p0025,2015-08-19,short,31,110.14,4782,-1052.0399999999945,30.0,61,110.36,scheduled_fill
corrected_execution__halt_aware__with_dividends__slip_0p0025,2015-08-19,short,91,109.92,4782,-669.4800000000027,150.0,241,110.06,scheduled_fill
corrected_execution__halt_aware__with_dividends__slip_0p0025,2015-08-20,short,61,108.05,4801,4080.849999999972,330.0,390,107.2,end_of_session
corrected_execution__halt_aware__with_dividends__slip_0p0025,2015-08-21,short,91,105.12,3590,8580.099999999997,300.0,390,102.73,end_of_session
corrected_execution__halt_aware__with_dividends__slip_0p0025,2015-08-26,long,361,102.21,2544,1831.6800000000335,30.0,390,102.93,end_of_session
corrected_execution__halt_aware__with_dividends__slip_0p0025,2015-09-10,long,91,104.9,1523,-761.5000000000001,30.0,121,104.4,scheduled_fill
corrected_execution__halt_aware__with_dividends__slip_0p0025,2015-09-10,long,241,105.31,1523,-913.8000000000129,120.0,361,104.71,scheduled_fill
corrected_execution__halt_aware__with_dividends__slip_0p0025,2015-09-15,long,91,106.19,1953,566.3700000000114,300.0,390,106.48,end_of_session
corrected_execution__halt_aware__with_dividends__slip_0p0025,2015-09-17,long,331,108.4137,2384,-2392.8208000000213,30.0,361,107.41,scheduled_fill
corrected_execution__halt_aware__with_dividends__slip_0p0025,2015-09-22,short,121,103.51,2546,-114.57000000000443,30.0,151,103.555,scheduled_fill
corrected_execution__halt_aware__with_dividends__slip_0p0025,2015-09-22,short,181,103.59,2546,-348.8020000000008,150.0,331,103.727,scheduled_fill
corrected_execution__halt_aware__with_dividends__slip_0p0025,2015-09-24,short,61,102.7251,3321,-82.69290000000738,90.0,151,102.75,scheduled_fill
corrected_execution__halt_aware__with_dividends__slip_0p0025,2015-09-25,short,331,103.17,3254,585.7200000000225,60.0,390,102.99,end_of_session
corrected_execution__halt_aware__with_dividends__slip_0p0025,2015-09-28,short,31,101.67,3412,5561.559999999982,360.0,390,100.04,end_of_session
corrected_execution__halt_aware__with_dividends__slip_0p0025,2015-09-29,long,61,101.17,3682,-1656.900000000011,30.0,91,100.72,scheduled_fill
corrected_execution__halt_aware__with_dividends__slip_0p0025,2015-09-29,short,361,98.85,3682,-3056.0600000000463,30.0,390,99.68,end_of_session
corrected_execution__halt_aware__with_dividends__slip_0p0025,2015-09-30,long,61,101.68,3663,-1794.8700000000333,90.0,151,101.19,scheduled_fill
corrected_execution__halt_aware__with_dividends__slip_0p0025,2015-10-01,short,31,101.08,3208,-1475.6800000000258,30.0,61,101.54,scheduled_fill
corrected_execution__halt_aware__with_dividends__slip_0p0025,2015-10-01,short,91,101.3,3208,-449.1200000000017,210.0,301,101.44,scheduled_fill
corrected_execution__halt_aware__with_dividends__slip_0p0025,2015-10-02,long,211,102.804,3230,-368.2200000000141,60.0,271,102.69,scheduled_fill
corrected_execution__halt_aware__with_dividends__slip_0p0025,2015-10-02,long,301,102.95,3230,-226.10000000002393,30.0,331,102.88,scheduled_fill
corrected_execution__halt_aware__with_dividends__slip_0p0025,2015-10-02,long,361,103.66,3230,839.8000000000166,30.0,390,103.92,end_of_session
corrected_execution__halt_aware__with_dividends__slip_0p0025,2015-10-05,long,271,105.51,2863,114.51999999997729,60.0,331,105.55,scheduled_fill
corrected_execution__halt_aware__with_dividends__slip_0p0025,2015-10-06,short,61,104.83,2787,55.739999999989095,60.0,121,104.81,scheduled_fill
corrected_execution__halt_aware__with_dividends__slip_0p0025,2015-10-06,short,151,104.3,2787,-1672.200000000024,90.0,241,104.9,scheduled_fill
corrected_execution__halt_aware__with_dividends__slip_0p0025,2015-10-07,short,121,104.36,2773,-1830.1799999999905,30.0,151,105.02,scheduled_fill
corrected_execution__halt_aware__with_dividends__slip_0p0025,2015-10-08,short,181,104.51,2734,-683.5,60.0,241,104.76,scheduled_fill
corrected_execution__halt_aware__with_dividends__slip_0p0025,2015-10-09,long,91,106.65,2853,-185.44500000003424,30.0,121,106.585,scheduled_fill
corrected_execution__halt_aware__with_dividends__slip_0p0025,2015-10-14,long,31,106.53,2934,-2288.5200000000036,30.0,61,105.75,scheduled_fill
corrected_execution__halt_aware__with_dividends__slip_0p0025,2015-10-15,long,31,106.63,2895,-86.85000000000325,30.0,61,106.6,scheduled_fill
corrected_execution__halt_aware__with_dividends__slip_0p0025,2015-10-15,long,271,107.1268,2895,1442.288999999992,120.0,390,107.625,end_of_session
corrected_execution__halt_aware__with_dividends__slip_0p0025,2015-10-19,long,151,108.72,4016,-722.8799999999703,30.0,181,108.54,scheduled_fill
corrected_execution__halt_aware__with_dividends__slip_0p0025,2015-10-22,long,31,108.91,4294,3306.380000000042,360.0,390,109.68,end_of_session
corrected_execution__halt_aware__with_dividends__slip_0p0025,2015-11-02,long,61,114.0501,3280,1770.8720000000092,330.0,390,114.59,end_of_session
corrected_execution__halt_aware__with_dividends__slip_0p0025,2015-11-03,long,151,114.91,3407,34.07000000001739,30.0,181,114.92,scheduled_fill
corrected_execution__halt_aware__with_dividends__slip_0p0025,2015-11-03,long,241,115.0416,3407,-312.08119999999883,150.0,390,114.95,end_of_session
corrected_execution__halt_aware__with_dividends__slip_0p0025,2015-11-05,short,61,114.4503,3609,-792.8973000000113,90.0,151,114.67,scheduled_fill
corrected_execution__halt_aware__with_dividends__slip_0p0025,2015-11-09,short,61,113.69,3539,283.1199999999921,330.0,390,113.61,end_of_session
corrected_execution__halt_aware__with_dividends__slip_0p0025,2015-11-13,short,31,111.3822,6308,2473.997600000015,150.0,181,110.99,scheduled_fill
corrected_execution__halt_aware__with_dividends__slip_0p0025,2015-11-13,short,211,110.7235,6308,5826.068800000048,180.0,390,109.7999,end_of_session
corrected_execution__halt_aware__with_dividends__slip_0p0025,2015-11-16,long,31,110.0315,4977,-883.4174999999746,60.0,91,109.854,scheduled_fill
corrected_execution__halt_aware__with_dividends__slip_0p0025,2015-11-16,long,211,110.3,4977,5474.700000000046,180.0,390,111.4,end_of_session
corrected_execution__halt_aware__with_dividends__slip_0p0025,2015-11-17,long,121,112.02,4323,-432.2999999999753,60.0,181,111.92,scheduled_fill
corrected_execution__halt_aware__with_dividends__slip_0p0025,2015-11-18,long,31,112.16,4511,2.5579538487363607e-13,30.0,61,112.16,scheduled_fill
corrected_execution__halt_aware__with_dividends__slip_0p0025,2015-11-18,long,121,112.5,4511,5413.200000000016,270.0,390,113.7,end_of_session
corrected_execution__halt_aware__with_dividends__slip_0p0025,2015-11-23,short,301,113.85,3813,-457.56000000001734,30.0,331,113.97,scheduled_fill
corrected_execution__halt_aware__with_dividends__slip_0p0025,2015-11-30,short,121,113.99,3804,266.27999999997473,120.0,241,113.92,scheduled_fill
corrected_execution__halt_aware__with_dividends__slip_0p0025,2015-12-01,long,31,114.94,3946,-1775.7000000000107,30.0,61,114.49,scheduled_fill
corrected_execution__halt_aware__with_dividends__slip_0p0025,2015-12-01,long,91,114.82,3946,-434.05999999999784,30.0,121,114.71,scheduled_fill
corrected_execution__halt_aware__with_dividends__slip_0p0025,2015-12-01,long,181,114.88,3946,-1065.4199999999844,60.0,241,114.61,scheduled_fill
corrected_execution__halt_aware__with_dividends__slip_0p0025,2015-12-02,long,31,115.6,3777,-793.1699999999764,90.0,121,115.39,scheduled_fill
corrected_execution__halt_aware__with_dividends__slip_0p0025,2015-12-02,short,331,114.39,3777,-1038.6750000000216,30.0,361,114.665,scheduled_fill
corrected_execution__halt_aware__with_dividends__slip_0p0025,2015-12-03,short,61,114.08,3668,-165.06000000000637,30.0,91,114.125,scheduled_fill
corrected_execution__halt_aware__with_dividends__slip_0p0025,2015-12-03,short,181,112.99,3668,1723.9599999999978,210.0,390,112.52,end_of_session
corrected_execution__halt_aware__with_dividends__slip_0p0025,2015-12-04,long,31,113.74,3543,4924.77,360.0,390,115.13,end_of_session
corrected_execution__halt_aware__with_dividends__slip_0p0025,2015-12-07,short,61,114.6,3555,391.04999999999836,240.0,301,114.49,scheduled_fill
corrected_execution__halt_aware__with_dividends__slip_0p0025,2015-12-09,short,151,113.41,3704,2185.360000000012,240.0,390,112.82,end_of_session
corrected_execution__halt_aware__with_dividends__slip_0p0025,2015-12-11,short,121,111.61,3867,850.7399999999948,150.0,271,111.39,scheduled_fill
corrected_execution__halt_aware__with_dividends__slip_0p0025,2015-12-11,short,361,110.85,3867,154.67999999996908,30.0,390,110.81,end_of_session
corrected_execution__halt_aware__with_dividends__slip_0p0025,2015-12-14,short,61,110.27,3432,-617.760000000023,30.0,91,110.45,scheduled_fill
corrected_execution__halt_aware__with_dividends__slip_0p0025,2015-12-14,short,121,109.885,3432,-2488.1999999999803,60.0,181,110.61,scheduled_fill
corrected_execution__halt_aware__with_dividends__slip_0p0025,2015-12-15,long,31,113.03,3248,-64.95999999998708,60.0,91,113.01,scheduled_fill
corrected_execution__halt_aware__with_dividends__slip_0p0025,2015-12-17,short,91,113.25,2977,-59.53999999998824,150.0,241,113.27,scheduled_fill
corrected_execution__halt_aware__with_dividends__slip_0p0025,2015-12-17,short,331,112.97,2977,1488.4999999999998,60.0,390,112.47,end_of_session
corrected_execution__halt_aware__with_dividends__slip_0p0025,2015-12-18,short,211,110.39,2968,-1124.8720000000144,60.0,271,110.769,scheduled_fill
corrected_execution__halt_aware__with_dividends__slip_0p0025,2015-12-18,short,331,110.5,2968,1365.2799999999816,60.0,390,110.04,end_of_session
corrected_execution__halt_aware__with_dividends__slip_0p0025,2015-12-28,short,91,111.56,3184,-509.43999999998914,30.0,121,111.72,scheduled_fill
corrected_execution__halt_aware__with_dividends__slip_0p0025,2015-12-29,long,31,113.56,3159,2306.07000000001,360.0,390,114.29,end_of_session
corrected_execution__halt_aware__with_dividends__slip_0p0025,2015-12-30,short,31,113.71,2952,-265.68000000001007,60.0,91,113.8,scheduled_fill
corrected_execution__halt_aware__with_dividends__slip_0p0025,2015-12-31,short,31,112.57,3130,125.19999999997503,90.0,121,112.53,scheduled_fill
corrected_execution__halt_aware__with_dividends__slip_0p0025,2015-12-31,short,361,112.095,3130,266.04999999998046,30.0,390,112.01,end_of_session
corrected_execution__halt_aware__with_dividends__slip_0p0025,2016-01-04,short,31,109.12,3154,457.330000000033,180.0,211,108.975,scheduled_fill
corrected_execution__halt_aware__with_dividends__slip_0p0025,2016-01-04,short,331,108.69,3154,-2220.1006000000143,60.0,390,109.3939,end_of_session
corrected_execution__halt_aware__with_dividends__slip_0p0025,2016-01-07,short,271,105.22,3274,-622.0599999999929,60.0,331,105.41,scheduled_fill
corrected_execution__halt_aware__with_dividends__slip_0p0025,2016-01-07,short,361,105.0,3274,-196.44000000000744,30.0,390,105.06,end_of_session
corrected_execution__halt_aware__with_dividends__slip_0p0025,2016-01-08,long,31,106.23,3071,-1259.1100000000329,30.0,61,105.82,scheduled_fill
corrected_execution__halt_aware__with_dividends__slip_0p0025,2016-01-11,short,241,103.4,3103,-1318.7749999999915,60.0,301,103.825,scheduled_fill
corrected_execution__halt_aware__with_dividends__slip_0p0025,2016-01-12,long,31,105.88,3200,-1823.9999999999782,30.0,61,105.31,scheduled_fill
corrected_execution__halt_aware__with_dividends__slip_0p0025,2016-01-13,short,151,104.535,3109,7632.595000000001,240.0,390,102.08,end_of_session
corrected_execution__halt_aware__with_dividends__slip_0p0025,2016-01-14,short,31,101.13,2876,-4141.439999999993,30.0,61,102.57,scheduled_fill
corrected_execution__halt_aware__with_dividends__slip_0p0025,2016-01-14,long,91,103.0399,2876,-1035.0723999999886,30.0,121,102.68,scheduled_fill
corrected_execution__halt_aware__with_dividends__slip_0p0025,2016-01-14,long,151,103.16,2876,2674.680000000016,240.0,390,104.09,end_of_session
corrected_execution__halt_aware__with_dividends__slip_0p0025,2016-01-20,short,31,98.66,2482,-2680.559999999995,240.0,271,99.74,scheduled_fill
corrected_execution__halt_aware__with_dividends__slip_0p0025,2016-01-21,short,31,100.15,2596,-3245.0,30.0,61,101.4,scheduled_fill
corrected_execution__halt_aware__with_dividends__slip_0p0025,2016-01-21,long,151,101.99,2596,-1246.0799999999738,90.0,241,101.51,scheduled_fill
corrected_execution__halt_aware__with_dividends__slip_0p0025,2016-01-22,long,61,103.35,2470,-807.4429999999874,30.0,91,103.0231,scheduled_fill
corrected_execution__halt_aware__with_dividends__slip_0p0025,2016-01-26,long,241,103.56,2213,-730.2899999999962,30.0,271,103.23,scheduled_fill
corrected_execution__halt_aware__with_dividends__slip_0p0025,2016-01-27,short,61,101.44,2162,-1189.0999999999935,60.0,121,101.99,scheduled_fill
corrected_execution__halt_aware__with_dividends__slip_0p0025,2016-01-27,short,331,100.98,2162,1070.1900000000096,60.0,390,100.485,end_of_session
corrected_execution__halt_aware__with_dividends__slip_0p0025,2016-01-29,long,31,102.81,2142,-214.20000000001835,60.0,91,102.71,scheduled_fill
corrected_execution__halt_aware__with_dividends__slip_0p0025,2016-01-29,long,121,102.9,2142,2270.519999999976,270.0,390,103.96,end_of_session
corrected_execution__halt_aware__with_dividends__slip_0p0025,2016-02-02,short,181,102.86,2060,1277.2000000000091,210.0,390,102.24,end_of_session
corrected_execution__halt_aware__with_dividends__slip_0p0025,2016-02-03,short,61,100.485,2047,-2139.115000000005,240.0,301,101.53,scheduled_fill
corrected_execution__halt_aware__with_dividends__slip_0p0025,2016-02-04,long,91,102.23,2302,-1864.6200000000056,30.0,121,101.42,scheduled_fill
corrected_execution__halt_aware__with_dividends__slip_0p0025,2016-02-05,short,31,100.24,2407,5536.099999999991,360.0,390,97.94,end_of_session
corrected_execution__halt_aware__with_dividends__slip_0p0025,2016-02-08,short,271,95.15,2500,-1549.9999999999754,90.0,361,95.77,scheduled_fill
corrected_execution__halt_aware__with_dividends__slip_0p0025,2016-02-17,long,91,101.92,2415,1400.6999999999964,300.0,390,102.5,end_of_session
corrected_execution__halt_aware__with_dividends__slip_0p0025,2016-02-23,short,121,101.76,2468,-617.0000000000002,30.0,151,102.01,scheduled_fill
corrected_execution__halt_aware__with_dividends__slip_0p0025,2016-02-23,short,361,101.65,2468,296.1600000000111,30.0,390,101.53,end_of_session
corrected_execution__halt_aware__with_dividends__slip_0p0025,2016-02-24,long,361,102.59,2575,-205.99999999999562,30.0,390,102.51,end_of_session
corrected_execution__halt_aware__with_dividends__slip_0p0025,2016-02-29,long,151,103.98,3232,-420.16000000003123,30.0,181,103.85,scheduled_fill
corrected_execution__halt_aware__with_dividends__slip_0p0025,2016-03-01,long,61,104.2899,3417,4732.886699999982,330.0,390,105.675,end_of_session
corrected_execution__halt_aware__with_dividends__slip_0p0025,2016-03-03,short,121,104.955,3011,-270.99000000001035,60.0,181,105.045,scheduled_fill
corrected_execution__halt_aware__with_dividends__slip_0p0025,2016-03-04,short,31,105.08,2989,-747.25,30.0,61,105.33,scheduled_fill
corrected_execution__halt_aware__with_dividends__slip_0p0025,2016-03-10,long,31,105.76,3560,-1103.600000000008,30.0,61,105.45,scheduled_fill
corrected_execution__halt_aware__with_dividends__slip_0p0025,2016-03-10,short,121,104.1,3560,-1103.600000000008,30.0,151,104.41,scheduled_fill
corrected_execution__halt_aware__with_dividends__slip_0p0025,2016-03-10,short,211,103.7499,3560,-2385.5560000000187,120.0,331,104.42,scheduled_fill
corrected_execution__halt_aware__with_dividends__slip_0p0025,2016-03-16,long,301,107.26,3803,893.7049999999973,90.0,390,107.495,end_of_session
corrected_execution__halt_aware__with_dividends__slip_0p0025,2016-03-18,short,31,106.88,3803,-570.4500000000218,30.0,61,107.03,scheduled_fill
corrected_execution__halt_aware__with_dividends__slip_0p0025,2016-03-22,long,241,108.24,5943,-72.5045999999578,30.0,271,108.2278,scheduled_fill
corrected_execution__halt_aware__with_dividends__slip_0p0025,2016-03-22,long,301,108.26,5943,-772.5900000000574,30.0,331,108.13,scheduled_fill
corrected_execution__halt_aware__with_dividends__slip_0p0025,2016-03-23,short,91,107.535,5873,323.01499999995724,120.0,211,107.48,scheduled_fill
corrected_execution__halt_aware__with_dividends__slip_0p0025,2016-03-23,short,331,107.19,5873,146.82499999994997,60.0,390,107.165,end_of_session
corrected_execution__halt_aware__with_dividends__slip_0p0025,2016-03-29,long,61,107.24,5861,9436.209999999992,330.0,390,108.85,end_of_session
corrected_execution__halt_aware__with_dividends__slip_0p0025,2016-03-30,long,31,109.89,5466,-2459.700000000016,90.0,121,109.44,scheduled_fill
corrected_execution__halt_aware__with_dividends__slip_0p0025,2016-04-01,long,91,109.66,5468,-164.04000000000576,90.0,181,109.63,scheduled_fill
corrected_execution__halt_aware__with_dividends__slip_0p0025,2016-04-01,long,211,109.7801,5468,2924.833199999963,180.0,390,110.315,end_of_session
corrected_execution__halt_aware__with_dividends__slip_0p0025,2016-04-04,short,91,109.86,6372,-700.919999999996,60.0,151,109.97,scheduled_fill
corrected_execution__halt_aware__with_dividends__slip_0p0025,2016-04-06,long,91,109.52,5605,6613.900000000043,300.0,390,110.7,end_of_session
corrected_execution__halt_aware__with_dividends__slip_0p0025,2016-04-07,short,61,109.5901,4978,398.7378000000085,180.0,241,109.51,scheduled_fill
corrected_execution__halt_aware__with_dividends__slip_0p0025,2016-04-07,short,271,109.0272,4978,284.741599999973,120.0,390,108.97,end_of_session
corrected_execution__halt_aware__with_dividends__slip_0p0025,2016-04-11,long,61,109.875,4353,-1588.8449999999777,30.0,91,109.51,scheduled_fill
corrected_execution__halt_aware__with_dividends__slip_0p0025,2016-04-12,short,61,108.16,4345,-3171.850000000017,30.0,91,108.89,scheduled_fill
corrected_execution__halt_aware__with_dividends__slip_0p0025,2016-04-12,long,211,109.24,4345,-782.0999999999678,30.0,241,109.06,scheduled_fill
corrected_execution__halt_aware__with_dividends__slip_0p0025,2016-04-12,long,301,109.34,4345,738.6500000000069,90.0,390,109.51,end_of_session
corrected_execution__halt_aware__with_dividends__slip_0p0025,2016-04-13,long,31,110.71,4124,-577.3600000000024,60.0,91,110.57,scheduled_fill
corrected_execution__halt_aware__with_dividends__slip_0p0025,2016-04-14,short,31,110.68,4029,-966.5570999999661,30.0,61,110.9199,scheduled_fill
corrected_execution__halt_aware__with_dividends__slip_0p0025,2016-04-18,long,61,111.11,4016,-923.680000000016,60.0,121,110.88,scheduled_fill
corrected_execution__halt_aware__with_dividends__slip_0p0025,2016-04-19,short,31,110.67,4351,-1044.239999999978,30.0,61,110.91,scheduled_fill
corrected_execution__halt_aware__with_dividends__slip_0p0025,2016-04-19,short,121,110.65,4351,1044.2400000000387,270.0,390,110.41,end_of_session
corrected_execution__halt_aware__with_dividends__slip_0p0025,2016-04-20,long,31,110.77,4268,-1067.0,30.0,61,110.52,scheduled_fill
corrected_execution__halt_aware__with_dividends__slip_0p0025,2016-04-20,long,121,111.06,4268,-426.8000000000364,30.0,151,110.96,scheduled_fill
corrected_execution__halt_aware__with_dividends__slip_0p0025,2016-04-21,short,31,110.28,4240,-720.8000000000072,30.0,61,110.45,scheduled_fill
corrected_execution__halt_aware__with_dividends__slip_0p0025,2016-04-22,short,61,108.771,4451,-908.0039999999722,240.0,301,108.975,scheduled_fill
corrected_execution__halt_aware__with_dividends__slip_0p0025,2016-04-26,short,301,108.33,4205,-378.45000000001426,90.0,390,108.42,end_of_session
corrected_execution__halt_aware__with_dividends__slip_0p0025,2016-04-27,short,61,106.885,5084,-381.29999999994226,30.0,91,106.96,scheduled_fill
corrected_execution__halt_aware__with_dividends__slip_0p0025,2016-04-28,long,31,107.963,5628,-16.884000000000526,30.0,61,107.96,scheduled_fill
corrected_execution__halt_aware__with_dividends__slip_0p0025,2016-04-28,long,91,108.25,5628,-1575.8400000000065,90.0,181,107.97,scheduled_fill
corrected_execution__halt_aware__with_dividends__slip_0p0025,2016-04-28,short,361,106.261,5628,343.87079999997854,30.0,390,106.1999,end_of_session
corrected_execution__halt_aware__with_dividends__slip_0p0025,2016-04-29,short,31,105.7399,5221,-209.36209999997476,210.0,241,105.78,scheduled_fill
corrected_execution__halt_aware__with_dividends__slip_0p0025,2016-04-29,short,271,105.2801,5221,-2245.0299999999615,120.0,390,105.7101,end_of_session
corrected_execution__halt_aware__with_dividends__slip_0p0025,2016-05-02,long,301,106.45,5154,1597.7400000000118,90.0,390,106.76,end_of_session
corrected_execution__halt_aware__with_dividends__slip_0p0025,2016-05-06,long,301,105.44,5895,530.5500000000203,90.0,390,105.53,end_of_session
corrected_execution__halt_aware__with_dividends__slip_0p0025,2016-05-09,long,31,105.97,5855,-995.3500000000101,30.0,61,105.8,scheduled_fill
corrected_execution__halt_aware__with_dividends__slip_0p0025,2016-05-09,long,151,105.96,5855,526.9500000000196,120.0,271,106.05,scheduled_fill
corrected_execution__halt_aware__with_dividends__slip_0p0025,2016-05-09,long,301,106.05,5855,409.85000000004345,60.0,361,106.12,scheduled_fill
corrected_execution__halt_aware__with_dividends__slip_0p0025,2016-05-10,long,91,106.72,5712,3684.239999999978,300.0,390,107.365,end_of_session
corrected_execution__halt_aware__with_dividends__slip_0p0025,2016-05-11,short,301,106.68,4817,1589.6100000000606,90.0,390,106.35,end_of_session
corrected_execution__halt_aware__with_dividends__slip_0p0025,2016-05-12,short,61,106.07,4758,-475.80000000004,240.0,301,106.17,scheduled_fill
corrected_execution__halt_aware__with_dividends__slip_0p0025,2016-05-13,long,121,106.39,5233,-2668.830000000026,90.0,211,105.88,scheduled_fill
corrected_execution__halt_aware__with_dividends__slip_0p0025,2016-05-16,long,31,106.02,5173,-181.05499999998258,30.0,61,105.985,scheduled_fill
corrected_execution__halt_aware__with_dividends__slip_0p0025,2016-05-16,long,91,106.29,5173,3103.799999999969,300.0,390,106.89,end_of_session
corrected_execution__halt_aware__with_dividends__slip_0p0025,2016-05-17,short,61,106.32,4620,-646.8000000000027,30.0,91,106.46,scheduled_fill
corrected_execution__halt_aware__with_dividends__slip_0p0025,2016-05-17,short,181,106.29,4620,4111.800000000003,210.0,390,105.4,end_of_session
corrected_execution__halt_aware__with_dividends__slip_0p0025,2016-05-18,long,61,106.1966,4517,-3959.602200000046,240.0,301,105.32,scheduled_fill
corrected_execution__halt_aware__with_dividends__slip_0p0025,2016-05-19,short,31,105.135,4652,953.6599999999909,210.0,241,104.93,scheduled_fill
corrected_execution__halt_aware__with_dividends__slip_0p0025,2016-05-20,long,31,106.4,4654,-349.0500000000146,330.0,361,106.325,scheduled_fill
corrected_execution__halt_aware__with_dividends__slip_0p0025,2016-05-24,long,31,107.47,4798,4917.9500000000235,360.0,390,108.495,end_of_session
corrected_execution__halt_aware__with_dividends__slip_0p0025,2016-05-25,long,241,109.52,4114,-205.69999999998822,30.0,271,109.47,scheduled_fill
corrected_execution__halt_aware__with_dividends__slip_0p0025,2016-06-02,short,31,109.68,4551,-1365.2999999999872,30.0,61,109.98,scheduled_fill
corrected_execution__halt_aware__with_dividends__slip_0p0025,2016-06-03,short,31,109.86,4650,-1.7053025658242404e-13,60.0,91,109.86,scheduled_fill
corrected_execution__halt_aware__with_dividends__slip_0p0025,2016-06-03,short,121,109.74,4650,-1581.0000000000161,30.0,151,110.08,scheduled_fill
corrected_execution__halt_aware__with_dividends__slip_0p0025,2016-06-10,short,271,108.84,5959,-357.54000000001406,120.0,390,108.9,end_of_session
corrected_execution__halt_aware__with_dividends__slip_0p0025,2016-06-14,short,91,107.372,5142,-2663.5560000000037,90.0,181,107.89,scheduled_fill
corrected_execution__halt_aware__with_dividends__slip_0p0025,2016-06-16,short,31,106.8,8011,-1522.0899999999824,90.0,121,106.99,scheduled_fill
corrected_execution__halt_aware__with_dividends__slip_0p0025,2016-06-16,short,151,106.73,8011,-4726.4899999999125,30.0,181,107.32,scheduled_fill
corrected_execution__halt_aware__with_dividends__slip_0p0025,2016-06-16,long,361,108.0,8011,600.8250000000226,30.0,390,108.075,end_of_session
corrected_execution__halt_aware__with_dividends__slip_0p0025,2016-06-17,short,31,106.79,7675,1880.375000000036,360.0,390,106.545,end_of_session
corrected_execution__halt_aware__with_dividends__slip_0p0025,2016-06-20,long,61,108.07,6659,-932.2599999999087,90.0,151,107.93,scheduled_fill
corrected_execution__halt_aware__with_dividends__slip_0p0025,2016-06-20,long,211,107.99,6659,-1531.5699999999322,30.0,241,107.76,scheduled_fill
corrected_execution__halt_aware__with_dividends__slip_0p0025,2016-06-22,long,91,107.93,6199,-2479.6000000000354,90.0,181,107.53,scheduled_fill
corrected_execution__halt_aware__with_dividends__slip_0p0025,2016-06-23,long,151,108.37,6202,-434.1400000000457,60.0,211,108.3,scheduled_fill
corrected_execution__halt_aware__with_dividends__slip_0p0025,2016-06-23,long,241,108.34,6202,-620.200000000053,30.0,271,108.24,scheduled_fill
corrected_execution__halt_aware__with_dividends__slip_0p0025,2016-06-23,long,331,108.38,6202,-744.2399999999401,30.0,361,108.26,scheduled_fill
corrected_execution__halt_aware__with_dividends__slip_0p0025,2016-06-24,short,361,104.14,5156,-1495.2400000000314,30.0,390,104.43,end_of_session
corrected_execution__halt_aware__with_dividends__slip_0p0025,2016-06-27,short,31,102.96,3077,1200.3376999999698,150.0,181,102.5699,scheduled_fill
corrected_execution__halt_aware__with_dividends__slip_0p0025,2016-06-27,short,211,102.45,3077,-553.8599999999774,30.0,241,102.63,scheduled_fill
corrected_execution__halt_aware__with_dividends__slip_0p0025,2016-06-27,short,271,102.25,3077,-169.23500000002105,120.0,390,102.305,end_of_session
corrected_execution__halt_aware__with_dividends__slip_0p0025,2016-06-28,long,31,104.03,2921,-1548.1300000000033,90.0,121,103.5,scheduled_fill
corrected_execution__halt_aware__with_dividends__slip_0p0025,2016-06-28,long,151,103.82,2921,-525.7799999999784,30.0,181,103.64,scheduled_fill
corrected_execution__halt_aware__with_dividends__slip_0p0025,2016-06-28,long,211,103.85,2921,-379.7299999999865,60.0,271,103.72,scheduled_fill
corrected_execution__halt_aware__with_dividends__slip_0p0025,2016-06-28,long,331,104.265,2921,628.0150000000101,60.0,390,104.48,end_of_session
corrected_execution__halt_aware__with_dividends__slip_0p0025,2016-06-29,long,61,105.8,2520,-388.58400000000756,30.0,91,105.6458,scheduled_fill
corrected_execution__halt_aware__with_dividends__slip_0p0025,2016-06-29,long,121,105.97,2520,881.9999999999858,270.0,390,106.32,end_of_session
corrected_execution__halt_aware__with_dividends__slip_0p0025,2016-06-30,long,151,106.94,2335,1027.3999999999949,240.0,390,107.38,end_of_session
corrected_execution__halt_aware__with_dividends__slip_0p0025,2016-07-01,long,31,108.1,2314,23.140000000012208,150.0,181,108.11,scheduled_fill
corrected_execution__halt_aware__with_dividends__slip_0p0025,2016-07-01,long,211,108.21,2314,-416.519999999983,30.0,241,108.03,scheduled_fill
corrected_execution__halt_aware__with_dividends__slip_0p0025,2016-07-01,long,361,108.185,2314,-46.27999999999082,30.0,390,108.165,end_of_session
corrected_execution__halt_aware__with_dividends__slip_0p0025,2016-07-05,short,241,107.12,2311,164.08099999999553,90.0,331,107.049,scheduled_fill
corrected_execution__halt_aware__with_dividends__slip_0p0025,2016-07-06,long,181,108.14,2309,-300.1699999999895,180.0,361,108.01,scheduled_fill
corrected_execution__halt_aware__with_dividends__slip_0p0025,2016-07-08,long,61,109.7,2246,1302.6799999999957,330.0,390,110.28,end_of_session
corrected_execution__halt_aware__with_dividends__slip_0p0025,2016-07-11,long,211,111.285,2247,-258.40499999998855,60.0,271,111.17,scheduled_fill
corrected_execution__halt_aware__with_dividends__slip_0p0025,2016-07-18,long,61,112.41,3407,476.9800000000021,330.0,390,112.55,end_of_session
corrected_execution__halt_aware__with_dividends__slip_0p0025,2016-07-20,long,61,113.13,5111,1788.8500000000438,330.0,390,113.48,end_of_session
corrected_execution__halt_aware__with_dividends__slip_0p0025,2016-07-22,long,181,113.77,5531,-442.4799999999906,30.0,211,113.69,scheduled_fill
corrected_execution__halt_aware__with_dividends__slip_0p0025,2016-07-26,long,31,114.0992,6159,-3998.4227999999594,60.0,91,113.45,scheduled_fill
corrected_execution__halt_aware__with_dividends__slip_0p0025,2016-08-01,long,61,115.79,6917,-1729.25,120.0,181,115.54,scheduled_fill
corrected_execution__halt_aware__with_dividends__slip_0p0025,2016-08-01,long,241,115.74,6917,-449.6049999999842,120.0,361,115.675,scheduled_fill
corrected_execution__halt_aware__with_dividends__slip_0p0025,2016-08-02,short,31,115.43,6815,3339.350000000071,300.0,331,114.94,scheduled_fill
corrected_execution__halt_aware__with_dividends__slip_0p0025,2016-08-04,long,91,115.67,6850,-822.0000000000312,30.0,121,115.55,scheduled_fill
corrected_execution__halt_aware__with_dividends__slip_0p0025,2016-08-05,long,31,116.78,6861,137.21999999997314,300.0,331,116.8,scheduled_fill
corrected_execution__halt_aware__with_dividends__slip_0p0025,2016-08-08,short,61,116.34,6617,-727.869999999996,30.0,91,116.45,scheduled_fill
corrected_execution__halt_aware__with_dividends__slip_0p0025,2016-08-08,short,301,116.375,6617,-496.27500000001896,30.0,331,116.45,scheduled_fill
corrected_execution__halt_aware__with_dividends__slip_0p0025,2016-08-09,long,31,116.9999,6789,340.1289000000029,150.0,181,117.05,scheduled_fill
corrected_execution__halt_aware__with_dividends__slip_0p0025,2016-08-10,short,121,116.44,6783,-813.9600000000307,60.0,181,116.56,scheduled_fill
corrected_execution__halt_aware__with_dividends__slip_0p0025,2016-08-10,short,301,116.45,6783,-1254.8550000000155,60.0,361,116.635,scheduled_fill
corrected_execution__halt_aware__with_dividends__slip_0p0025,2016-08-11,long,31,117.225,6704,-1843.5999999999437,30.0,61,116.95,scheduled_fill
corrected_execution__halt_aware__with_dividends__slip_0p0025,2016-08-15,long,31,117.6062,6619,687.0521999999509,360.0,390,117.71,end_of_session
corrected_execution__halt_aware__with_dividends__slip_0p0025,2016-08-17,short,31,116.82,6656,770.7647999999535,60.0,91,116.7042,scheduled_fill
corrected_execution__halt_aware__with_dividends__slip_0p0025,2016-08-17,short,121,116.595,6656,-2469.3759999999675,90.0,211,116.966,scheduled_fill
corrected_execution__halt_aware__with_dividends__slip_0p0025,2016-08-24,short,301,116.92,6568,2167.439999999989,90.0,390,116.59,end_of_session
corrected_execution__halt_aware__with_dividends__slip_0p0025,2016-08-25,long,211,116.82,6695,-1205.0999999999501,60.0,271,116.64,scheduled_fill
corrected_execution__halt_aware__with_dividends__slip_0p0025,2016-08-26,long,61,117.43,6647,-4918.780000000059,90.0,151,116.69,scheduled_fill
corrected_execution__halt_aware__with_dividends__slip_0p0025,2016-08-26,short,271,116.231,6647,-425.4080000000477,60.0,331,116.295,scheduled_fill
corrected_execution__halt_aware__with_dividends__slip_0p0025,2016-08-29,long,151,117.13,6445,-644.4999999999633,210.0,361,117.03,scheduled_fill
corrected_execution__halt_aware__with_dividends__slip_0p0025,2016-08-30,short,121,116.4566,6426,-568.0584000000456,60.0,181,116.545,scheduled_fill
corrected_execution__halt_aware__with_dividends__slip_0p0025,2016-08-30,short,211,116.51,6426,128.52000000006623,180.0,390,116.49,end_of_session
corrected_execution__halt_aware__with_dividends__slip_0p0025,2016-08-31,short,181,116.11,6424,-770.8800000000292,60.0,241,116.23,scheduled_fill
corrected_execution__halt_aware__with_dividends__slip_0p0025,2016-09-01,short,91,116.09,6390,-958.4999999999455,30.0,121,116.24,scheduled_fill
corrected_execution__halt_aware__with_dividends__slip_0p0025,2016-09-01,short,151,116.25,6390,-2619.8999999999783,30.0,181,116.66,scheduled_fill
corrected_execution__halt_aware__with_dividends__slip_0p0025,2016-09-01,long,241,116.77,6390,-575.0999999999309,60.0,301,116.68,scheduled_fill
corrected_execution__halt_aware__with_dividends__slip_0p0025,2016-09-02,long,31,117.43,6198,-247.92000000003875,30.0,61,117.39,scheduled_fill
corrected_execution__halt_aware__with_dividends__slip_0p0025,2016-09-06,long,31,117.47,6186,-2041.3799999999894,30.0,61,117.14,scheduled_fill
corrected_execution__halt_aware__with_dividends__slip_0p0025,2016-09-06,long,151,117.6363,6186,1198.2281999999543,240.0,390,117.83,end_of_session
corrected_execution__halt_aware__with_dividends__slip_0p0025,2016-09-29,short,211,117.64,2645,-793.4999999999926,30.0,241,117.94,scheduled_fill
corrected_execution__halt_aware__with_dividends__slip_0p0025,2016-09-29,short,271,117.545,2645,-1150.5750000000062,30.0,301,117.98,scheduled_fill
corrected_execution__halt_aware__with_dividends__slip_0p0025,2016-09-30,long,121,118.775,3288,-164.40000000003738,30.0,151,118.725,scheduled_fill
corrected_execution__halt_aware__with_dividends__slip_0p0025,2016-09-30,long,181,118.935,3288,-641.1600000000243,60.0,241,118.74,scheduled_fill
corrected_execution__halt_aware__with_dividends__slip_0p0025,2016-09-30,long,301,118.97,3288,-558.9600000000056,90.0,390,118.8,end_of_session
corrected_execution__halt_aware__with_dividends__slip_0p0025,2016-10-03,short,31,118.21,3618,-325.6200000000125,30.0,61,118.3,scheduled_fill
corrected_execution__halt_aware__with_dividends__slip_0p0025,2016-10-04,short,331,117.985,3856,-1214.6399999999912,30.0,361,118.3,scheduled_fill
corrected_execution__halt_aware__with_dividends__slip_0p0025,2016-10-05,long,61,119.02,3810,-685.7999999999718,30.0,91,118.84,scheduled_fill
corrected_execution__halt_aware__with_dividends__slip_0p0025,2016-10-05,long,151,119.02,3810,228.6000000000087,30.0,181,119.08,scheduled_fill
corrected_execution__halt_aware__with_dividends__slip_0p0025,2016-10-07,short,31,118.5238,4542,-527.7804000000285,30.0,61,118.64,scheduled_fill
corrected_execution__halt_aware__with_dividends__slip_0p0025,2016-10-07,short,91,118.449,4542,-231.64200000000864,30.0,121,118.5,scheduled_fill
corrected_execution__halt_aware__with_dividends__slip_0p0025,2016-10-07,short,151,118.055,4542,-1975.7699999999459,120.0,271,118.49,scheduled_fill
corrected_execution__halt_aware__with_dividends__slip_0p0025,2016-10-10,long,31,119.391,4537,18.147999999957648,120.0,151,119.395,scheduled_fill
corrected_execution__halt_aware__with_dividends__slip_0p0025,2016-10-11,short,31,118.54,4467,4846.695000000044,360.0,390,117.455,end_of_session
corrected_execution__halt_aware__with_dividends__slip_0p0025,2016-10-13,short,31,116.1,4387,-2105.7600000000175,90.0,121,116.58,scheduled_fill
corrected_execution__halt_aware__with_dividends__slip_0p0025,2016-10-14,long,31,117.955,4349,-1674.3650000000225,90.0,121,117.57,scheduled_fill
corrected_execution__halt_aware__with_dividends__slip_0p0025,2016-10-17,short,31,116.74,4559,-2188.320000000018,30.0,61,117.22,scheduled_fill
corrected_execution__halt_aware__with_dividends__slip_0p0025,2016-10-20,short,91,117.15,4740,-2417.399999999957,90.0,181,117.66,scheduled_fill
corrected_execution__halt_aware__with_dividends__slip_0p0025,2016-10-24,long,31,119.221,4934,2018.0059999999598,360.0,390,119.63,end_of_session
corrected_execution__halt_aware__with_dividends__slip_0p0025,2016-10-25,short,91,119.29,4307,-344.55999999999267,30.0,121,119.37,scheduled_fill
corrected_execution__halt_aware__with_dividends__slip_0p0025,2016-10-25,short,151,119.23,4307,-215.34999999998826,120.0,271,119.28,scheduled_fill
corrected_execution__halt_aware__with_dividends__slip_0p0025,2016-10-25,short,301,119.2,4307,225.68680000002513,90.0,390,119.1476,end_of_session
corrected_execution__halt_aware__with_dividends__slip_0p0025,2016-10-26,short,31,118.235,4315,-392.664999999974,30.0,61,118.326,scheduled_fill
corrected_execution__halt_aware__with_dividends__slip_0p0025,2016-10-27,short,361,117.75,4135,1.5631940186722204e-13,30.0,390,117.75,end_of_session
corrected_execution__halt_aware__with_dividends__slip_0p0025,2016-10-28,short,271,116.97,4112,-945.7600000000164,30.0,301,117.2,scheduled_fill
corrected_execution__halt_aware__with_dividends__slip_0p0025,2016-11-01,short,61,116.73,5011,3407.4800000000346,330.0,390,116.05,end_of_session
corrected_execution__halt_aware__with_dividends__slip_0p0025,2016-11-02,short,181,115.7,4791,2156.4291000000285,210.0,390,115.2499,end_of_session
corrected_execution__halt_aware__with_dividends__slip_0p0025,2016-11-03,short,181,114.565,4795,2378.3199999999774,210.0,390,114.069,end_of_session
corrected_execution__halt_aware__with_dividends__slip_0p0025,2016-11-04,long,121,114.38,4652,-651.2800000000025,30.0,151,114.24,scheduled_fill
corrected_execution__halt_aware__with_dividends__slip_0p0025,2016-11-04,long,181,114.395,4652,-162.81999999998413,60.0,241,114.36,scheduled_fill
corrected_execution__halt_aware__with_dividends__slip_0p0025,2016-11-07,long,61,115.71,4565,3286.800000000062,330.0,390,116.43,end_of_session
corrected_execution__halt_aware__with_dividends__slip_0p0025,2016-11-08,short,31,116.024,3328,-566.0928000000167,30.0,61,116.1941,scheduled_fill
corrected_execution__halt_aware__with_dividends__slip_0p0025,2016-11-08,long,121,116.78,3328,1198.079999999998,270.0,390,117.14,end_of_session
corrected_execution__halt_aware__with_dividends__slip_0p0025,2016-11-09,long,361,117.68,3290,-329.00000000002797,30.0,390,117.58,end_of_session
corrected_execution__halt_aware__with_dividends__slip_0p0025,2016-11-10,short,61,115.42,3190,-1719.4100000000044,180.0,241,115.959,scheduled_fill
corrected_execution__halt_aware__with_dividends__slip_0p0025,2016-11-14,short,31,114.99,3224,32.239999999969655,300.0,331,114.98,scheduled_fill
corrected_execution__halt_aware__with_dividends__slip_0p0025,2016-11-14,short,361,114.87,3224,741.5200000000128,30.0,390,114.64,end_of_session
corrected_execution__halt_aware__with_dividends__slip_0p0025,2016-11-15,long,31,115.85,3160,600.4000000000372,60.0,91,116.04,scheduled_fill
corrected_execution__halt_aware__with_dividends__slip_0p0025,2016-11-15,long,121,116.09,3160,31.59999999997126,30.0,151,116.1,scheduled_fill
corrected_execution__halt_aware__with_dividends__slip_0p0025,2016-11-15,long,331,116.5036,3160,-690.7760000000292,60.0,390,116.285,end_of_session
corrected_execution__halt_aware__with_dividends__slip_0p0025,2016-11-21,long,31,118.3,2778,-1444.559999999989,30.0,61,117.78,scheduled_fill
corrected_execution__halt_aware__with_dividends__slip_0p0025,2016-11-29,long,151,119.47,3649,-437.88000000001665,30.0,181,119.35,scheduled_fill
corrected_execution__halt_aware__with_dividends__slip_0p0025,2016-11-29,long,271,119.45,3649,-255.430000000027,30.0,301,119.38,scheduled_fill
corrected_execution__halt_aware__with_dividends__slip_0p0025,2016-11-30,short,61,118.25,3661,-183.0499999999896,30.0,91,118.3,scheduled_fill
corrected_execution__halt_aware__with_dividends__slip_0p0025,2016-11-30,short,121,118.21,3661,2343.0400000000036,270.0,390,117.57,end_of_session
corrected_execution__halt_aware__with_dividends__slip_0p0025,2016-12-01,short,31,116.72,3487,4219.26999999998,360.0,390,115.51,end_of_session
corrected_execution__halt_aware__with_dividends__slip_0p0025,2016-12-02,long,121,116.1234,3497,-1060.9898000000367,30.0,151,115.82,scheduled_fill
corrected_execution__halt_aware__with_dividends__slip_0p0025,2016-12-05,long,61,116.755,3450,-86.24999999997044,60.0,121,116.73,scheduled_fill
corrected_execution__halt_aware__with_dividends__slip_0p0025,2016-12-07,long,241,117.61,3936,2833.9199999999955,150.0,390,118.33,end_of_session
corrected_execution__halt_aware__with_dividends__slip_0p0025,2016-12-09,long,31,119.39,3745,-187.24999999998937,30.0,61,119.34,scheduled_fill
corrected_execution__halt_aware__with_dividends__slip_0p0025,2016-12-13,long,31,120.43,3869,-77.38000000004102,360.0,390,120.41,end_of_session
corrected_execution__halt_aware__with_dividends__slip_0p0025,2016-12-15,long,121,120.97,3596,-778.5339999999871,30.0,151,120.7535,scheduled_fill
corrected_execution__halt_aware__with_dividends__slip_0p0025,2016-12-16,short,121,119.54,3585,-1075.4999999999895,30.0,151,119.84,scheduled_fill
corrected_execution__halt_aware__with_dividends__slip_0p0025,2016-12-19,long,31,120.17,3476,-34.76000000001778,30.0,61,120.16,scheduled_fill
corrected_execution__halt_aware__with_dividends__slip_0p0025,2016-12-19,long,91,120.555,3476,-782.1000000000297,60.0,151,120.33,scheduled_fill
corrected_execution__halt_aware__with_dividends__slip_0p0025,2016-12-19,long,181,120.4465,3476,-300.67400000000316,120.0,301,120.36,scheduled_fill
corrected_execution__halt_aware__with_dividends__slip_0p0025,2016-12-22,short,31,120.165,5094,-432.98999999996835,30.0,61,120.25,scheduled_fill
corrected_execution__halt_aware__with_dividends__slip_0p0025,2016-12-22,short,91,120.05,5094,50.9399999999531,180.0,271,120.04,scheduled_fill
corrected_execution__halt_aware__with_dividends__slip_0p0025,2016-12-22,short,361,119.8529,5094,-571.0373999999905,30.0,390,119.965,end_of_session
corrected_execution__halt_aware__with_dividends__slip_0p0025,2016-12-27,long,31,121.4151,5003,-1014.108099999965,90.0,121,121.2124,scheduled_fill
corrected_execution__halt_aware__with_dividends__slip_0p0025,2016-12-28,short,31,120.42,4906,-866.8901999999838,90.0,121,120.5967,scheduled_fill
corrected_execution__halt_aware__with_dividends__slip_0p0025,2016-12-28,short,151,120.37,4906,2502.060000000026,240.0,390,119.86,end_of_session
corrected_execution__halt_aware__with_dividends__slip_0p0025,2016-12-30,short,31,119.03,5094,3056.399999999975,360.0,390,118.43,end_of_session
corrected_execution__halt_aware__with_dividends__slip_0p0025,2017-01-03,long,61,119.84,4901,-2842.5799999999913,30.0,91,119.26,scheduled_fill
corrected_execution__halt_aware__with_dividends__slip_0p0025,2017-01-04,long,151,120.2,4544,-363.51999999999225,30.0,181,120.12,scheduled_fill
corrected_execution__halt_aware__with_dividends__slip_0p0025,2017-01-04,long,301,120.344,4544,-654.3359999999602,90.0,390,120.2,end_of_session
corrected_execution__halt_aware__with_dividends__slip_0p0025,2017-01-05,long,31,120.61,5069,-506.8999999999711,90.0,121,120.51,scheduled_fill
corrected_execution__halt_aware__with_dividends__slip_0p0025,2017-01-05,long,301,120.75,5069,893.1577999999713,90.0,390,120.9262,end_of_session
corrected_execution__halt_aware__with_dividends__slip_0p0025,2017-01-06,long,91,121.49,4898,2130.630000000009,300.0,390,121.925,end_of_session
corrected_execution__halt_aware__with_dividends__slip_0p0025,2017-01-12,short,61,121.92,5040,-352.7999999999656,90.0,151,121.99,scheduled_fill
corrected_execution__halt_aware__with_dividends__slip_0p0025,2017-01-19,long,31,123.62,5123,-2049.2000000000303,30.0,61,123.22,scheduled_fill
corrected_execution__halt_aware__with_dividends__slip_0p0025,2017-01-20,long,31,123.76,5688,-2218.3200000000033,30.0,61,123.37,scheduled_fill
corrected_execution__halt_aware__with_dividends__slip_0p0025,2017-01-23,short,91,122.8342,5685,-66.51450000002671,30.0,121,122.8459,scheduled_fill
corrected_execution__halt_aware__with_dividends__slip_0p0025,2017-01-24,long,271,124.0901,5660,735.2339999999551,120.0,390,124.22,end_of_session
corrected_execution__halt_aware__with_dividends__slip_0p0025,2017-01-25,long,241,125.28,5621,-136.02820000004246,90.0,331,125.2558,scheduled_fill
corrected_execution__halt_aware__with_dividends__slip_0p0025,2017-01-30,short,31,124.58,5596,-335.76000000001204,120.0,151,124.64,scheduled_fill
corrected_execution__halt_aware__with_dividends__slip_0p0025,2017-01-30,short,211,124.47,5596,-1287.0800000000224,90.0,301,124.7,scheduled_fill
corrected_execution__halt_aware__with_dividends__slip_0p0025,2017-01-31,short,121,124.05,5583,-390.81000000004127,120.0,241,124.12,scheduled_fill
corrected_execution__halt_aware__with_dividends__slip_0p0025,2017-01-31,short,271,123.95,5583,-2009.879999999997,60.0,331,124.31,scheduled_fill
corrected_execution__halt_aware__with_dividends__slip_0p0025,2017-02-03,long,61,125.6673,5456,-367.1888000000165,30.0,91,125.6,scheduled_fill
corrected_execution__halt_aware__with_dividends__slip_0p0025,2017-02-07,long,61,126.33,5414,-1.9895196601282805e-13,60.0,121,126.33,scheduled_fill
corrected_execution__halt_aware__with_dividends__slip_0p0025,2017-02-07,long,151,126.415,5414,-785.0300000000553,30.0,181,126.27,scheduled_fill
corrected_execution__halt_aware__with_dividends__slip_0p0025,2017-02-08,long,241,126.5,5385,376.94999999996355,150.0,390,126.57,end_of_session
corrected_execution__halt_aware__with_dividends__slip_0p0025,2017-02-09,long,61,126.86,5372,253.5584000000198,30.0,91,126.9072,scheduled_fill
corrected_execution__halt_aware__with_dividends__slip_0p0025,2017-02-09,long,121,127.15,5372,-617.7800000000489,270.0,390,127.035,end_of_session
corrected_execution__halt_aware__with_dividends__slip_0p0025,2017-02-13,long,61,127.965,5310,-53.100000000027165,30.0,91,127.955,scheduled_fill
corrected_execution__halt_aware__with_dividends__slip_0p0025,2017-02-13,long,181,128.0267,5310,336.1229999999903,210.0,390,128.09,end_of_session
corrected_execution__halt_aware__with_dividends__slip_0p0025,2017-02-14,long,241,128.4361,5300,-641.830000000067,90.0,331,128.315,scheduled_fill
corrected_execution__halt_aware__with_dividends__slip_0p0025,2017-02-14,long,361,128.38,5300,529.9999999999699,30.0,390,128.48,end_of_session
corrected_execution__halt_aware__with_dividends__slip_0p0025,2017-02-15,long,31,128.66,5279,-158.37000000000606,30.0,61,128.63,scheduled_fill
corrected_execution__halt_aware__with_dividends__slip_0p0025,2017-02-15,long,121,128.93,5279,1794.8600000000188,270.0,390,129.27,end_of_session
corrected_execution__halt_aware__with_dividends__slip_0p0025,2017-02-17,long,331,129.57,5300,874.5000000001085,60.0,390,129.735,end_of_session
corrected_execution__halt_aware__with_dividends__slip_0p0025,2017-02-21,long,31,130.305,5284,-575.4276000000293,90.0,121,130.1961,scheduled_fill
corrected_execution__halt_aware__with_dividends__slip_0p0025,2017-02-21,long,361,130.3947,5284,292.2051999999385,30.0,390,130.45,end_of_session
corrected_execution__halt_aware__with_dividends__slip_0p0025,2017-02-23,short,31,130.32,5246,1678.7199999999648,270.0,301,130.0,scheduled_fill
corrected_execution__halt_aware__with_dividends__slip_0p0025,2017-02-28,short,181,129.77,5309,-1353.7949999999757,90.0,271,130.025,scheduled_fill
corrected_execution__halt_aware__with_dividends__slip_0p0025,2017-02-28,short,301,129.919,5309,-430.02899999994077,60.0,361,130.0,scheduled_fill
corrected_execution__halt_aware__with_dividends__slip_0p0025,2017-03-01,long,121,131.17,5231,1778.5400000000207,270.0,390,131.51,end_of_session
corrected_execution__halt_aware__with_dividends__slip_0p0025,2017-03-02,short,61,131.19,5259,2313.9599999999873,330.0,390,130.75,end_of_session
corrected_execution__halt_aware__with_dividends__slip_0p0025,2017-03-03,short,61,130.45,5359,-471.5920000001196,30.0,91,130.538,scheduled_fill
corrected_execution__halt_aware__with_dividends__slip_0p0025,2017-03-06,short,61,130.29,5348,-481.32000000001824,60.0,121,130.38,scheduled_fill
corrected_execution__halt_aware__with_dividends__slip_0p0025,2017-03-08,long,31,130.89,5332,-930.9671999999896,120.0,151,130.7154,scheduled_fill
corrected_execution__halt_aware__with_dividends__slip_0p0025,2017-03-08,long,241,131.0199,5332,-1812.3468000000007,60.0,301,130.68,scheduled_fill
corrected_execution__halt_aware__with_dividends__slip_0p0025,2017-04-10,long,31,132.35,4647,-371.7599999999261,60.0,91,132.27,scheduled_fill
corrected_execution__halt_aware__with_dividends__slip_0p0025,2017-04-11,short,31,131.155,5182,-680.3966000000534,150.0,181,131.2863,scheduled_fill
corrected_execution__halt_aware__with_dividends__slip_0p0025,2017-04-11,short,361,131.14,5182,-932.7600000000355,30.0,390,131.32,end_of_session
corrected_execution__halt_aware__with_dividends__slip_0p0025,2017-04-12,short,151,130.92,5146,-128.13540000001217,30.0,181,130.9449,scheduled_fill
corrected_execution__halt_aware__with_dividends__slip_0p0025,2017-04-12,short,211,130.86,5146,-1091.4665999999615,60.0,271,131.0721,scheduled_fill
corrected_execution__halt_aware__with_dividends__slip_0p0025,2017-04-13,long,31,131.23,5132,473.17040000010047,120.0,151,131.3222,scheduled_fill
corrected_execution__halt_aware__with_dividends__slip_0p0025,2017-04-17,long,61,131.14,5142,-257.0999999999123,30.0,91,131.09,scheduled_fill
corrected_execution__halt_aware__with_dividends__slip_0p0025,2017-04-17,long,241,131.23,5142,-359.93999999996487,30.0,271,131.16,scheduled_fill
corrected_execution__halt_aware__with_dividends__slip_0p0025,2017-04-17,long,361,131.459,5142,-46.27800000007477,30.0,390,131.45,end_of_session
corrected_execution__halt_aware__with_dividends__slip_0p0025,2017-04-19,long,31,132.22,5076,-913.6800000000346,30.0,61,132.04,scheduled_fill
corrected_execution__halt_aware__with_dividends__slip_0p0025,2017-04-19,long,121,132.23,5076,-535.0104000000155,30.0,151,132.1246,scheduled_fill
corrected_execution__halt_aware__with_dividends__slip_0p0025,2017-04-20,long,181,132.58,5021,552.3099999999266,210.0,390,132.69,end_of_session
corrected_execution__halt_aware__with_dividends__slip_0p0025,2017-04-25,long,61,134.83,4867,-97.34000000004974,30.0,91,134.81,scheduled_fill
corrected_execution__halt_aware__with_dividends__slip_0p0025,2017-04-25,long,151,135.01,4867,754.3850000000054,240.0,390,135.165,end_of_session
corrected_execution__halt_aware__with_dividends__slip_0p0025,2017-04-27,long,61,135.47,4671,-440.0082000000033,30.0,91,135.3758,scheduled_fill
corrected_execution__halt_aware__with_dividends__slip_0p0025,2017-04-27,long,211,135.62,4671,420.3900000000159,180.0,390,135.71,end_of_session
corrected_execution__halt_aware__with_dividends__slip_0p0025,2017-05-01,long,91,136.88,4581,1488.8250000000796,300.0,390,137.205,end_of_session
corrected_execution__halt_aware__with_dividends__slip_0p0025,2017-05-03,short,61,136.87,4810,1.7053025658242404e-13,60.0,121,136.87,scheduled_fill
corrected_execution__halt_aware__with_dividends__slip_0p0025,2017-05-03,short,271,136.82,4810,-283.7899999999879,60.0,331,136.879,scheduled_fill
corrected_execution__halt_aware__with_dividends__slip_0p0025,2017-05-04,short,31,136.66,4797,-1822.8599999999783,30.0,61,137.04,scheduled_fill
corrected_execution__halt_aware__with_dividends__slip_0p0025,2017-05-09,long,31,138.32,4805,192.200000000098,90.0,121,138.36,scheduled_fill
corrected_execution__halt_aware__with_dividends__slip_0p0025,2017-05-09,long,181,138.4,4805,-336.3499999999673,30.0,211,138.33,scheduled_fill
corrected_execution__halt_aware__with_dividends__slip_0p0025,2017-05-10,short,61,137.985,4786,-1364.0099999999834,60.0,121,138.27,scheduled_fill
corrected_execution__halt_aware__with_dividends__slip_0p0025,2017-05-11,short,31,137.58,4758,-523.3799999999296,90.0,121,137.69,scheduled_fill
corrected_execution__halt_aware__with_dividends__slip_0p0025,2017-05-12,long,151,138.6119,4729,-435.0679999999269,30.0,181,138.5199,scheduled_fill
corrected_execution__halt_aware__with_dividends__slip_0p0025,2017-05-15,long,31,138.9,4706,-329.4199999999679,30.0,61,138.83,scheduled_fill
corrected_execution__halt_aware__with_dividends__slip_0p0025,2017-05-15,long,91,139.05,4706,-1200.0300000001123,60.0,151,138.795,scheduled_fill
corrected_execution__halt_aware__with_dividends__slip_0p0025,2017-05-15,long,241,138.885,4706,-258.82999999989835,60.0,301,138.83,scheduled_fill
corrected_execution__halt_aware__with_dividends__slip_0p0025,2017-05-15,long,331,138.92,4706,470.600000000107,60.0,390,139.02,end_of_session
corrected_execution__halt_aware__with_dividends__slip_0p0025,2017-05-17,short,31,138.13,4665,9330.000000000004,360.0,390,136.13,end_of_session
corrected_execution__halt_aware__with_dividends__slip_0p0025,2017-05-18,long,31,136.53,3321,697.410000000029,120.0,151,136.74,scheduled_fill
corrected_execution__halt_aware__with_dividends__slip_0p0025,2017-05-18,long,271,137.2,3321,232.47000000007202,120.0,390,137.27,end_of_session
corrected_execution__halt_aware__with_dividends__slip_0p0025,2017-05-19,long,31,138.06,3172,-269.62000000002524,330.0,361,137.975,scheduled_fill
corrected_execution__halt_aware__with_dividends__slip_0p0025,2017-05-22,long,31,138.56,3266,32.00679999994861,60.0,91,138.5698,scheduled_fill
corrected_execution__halt_aware__with_dividends__slip_0p0025,2017-05-22,long,121,138.7,3266,1012.4600000000075,270.0,390,139.01,end_of_session
corrected_execution__halt_aware__with_dividends__slip_0p0025,2017-05-25,long,121,140.86,3114,358.10999999993993,270.0,390,140.975,end_of_session
corrected_execution__halt_aware__with_dividends__slip_0p0025,2017-05-31,short,31,140.95,3011,-557.9383000000369,60.0,91,141.1353,scheduled_fill
corrected_execution__halt_aware__with_dividends__slip_0p0025,2017-06-02,long,151,142.9754,2983,1266.581799999994,240.0,390,143.4,end_of_session
corrected_execution__halt_aware__with_dividends__slip_0p0025,2017-06-08,short,61,142.95,4823,-1061.0599999999945,30.0,91,143.17,scheduled_fill
corrected_execution__halt_aware__with_dividends__slip_0p0025,2017-06-09,short,121,143.22,4794,16203.240599999952,270.0,390,139.8401,end_of_session
corrected_execution__halt_aware__with_dividends__slip_0p0025,2017-06-12,short,31,137.94,3100,-1302.0000000000496,30.0,61,138.36,scheduled_fill
corrected_execution__halt_aware__with_dividends__slip_0p0025,2017-06-12,short,211,138.39,3100,-1240.0000000000177,30.0,241,138.79,scheduled_fill
corrected_execution__halt_aware__with_dividends__slip_0p0025,2017-06-14,short,361,139.24,2993,-1077.4799999999557,30.0,390,139.6,end_of_session
corrected_execution__halt_aware__with_dividends__slip_0p0025,2017-06-15,short,31,138.03,3035,-546.3000000000206,60.0,91,138.21,scheduled_fill
corrected_execution__halt_aware__with_dividends__slip_0p0025,2017-06-16,short,61,137.93,3131,-923.6449999999611,90.0,151,138.225,scheduled_fill
corrected_execution__halt_aware__with_dividends__slip_0p0025,2017-06-19,long,31,139.82,3059,856.5200000000042,300.0,331,140.1,scheduled_fill
corrected_execution__halt_aware__with_dividends__slip_0p0025,2017-06-20,short,121,139.87,2682,-80.46000000000299,120.0,241,139.9,scheduled_fill
corrected_execution__halt_aware__with_dividends__slip_0p0025,2017-06-20,short,301,139.68,2682,-321.8400000000122,30.0,331,139.8,scheduled_fill
corrected_execution__halt_aware__with_dividends__slip_0p0025,2017-06-21,long,91,140.2532,2641,-246.14119999998942,120.0,211,140.16,scheduled_fill
corrected_execution__halt_aware__with_dividends__slip_0p0025,2017-06-21,long,241,140.295,2641,1267.6800000000483,150.0,390,140.775,end_of_session
corrected_execution__halt_aware__with_dividends__slip_0p0025,2017-06-22,short,31,140.46,2542,-444.84999999995665,30.0,61,140.635,scheduled_fill
corrected_execution__halt_aware__with_dividends__slip_0p0025,2017-06-23,long,151,141.0,2692,699.9199999999754,150.0,301,141.26,scheduled_fill
corrected_execution__halt_aware__with_dividends__slip_0p0025,2017-06-26,short,121,140.595,2645,-568.6750000000094,60.0,181,140.81,scheduled_fill
corrected_execution__halt_aware__with_dividends__slip_0p0025,2017-06-27,short,31,139.65,2668,-240.1200000000092,30.0,61,139.74,scheduled_fill
corrected_execution__halt_aware__with_dividends__slip_0p0025,2017-06-27,short,211,139.2988,2668,3064.9983999999836,180.0,390,138.15,end_of_session
corrected_execution__halt_aware__with_dividends__slip_0p0025,2017-06-28,short,31,137.81,2520,-1486.8000000000086,30.0,61,138.4,scheduled_fill
corrected_execution__halt_aware__with_dividends__slip_0p0025,2017-06-28,long,91,139.17,2520,2053.8000000000657,300.0,390,139.985,end_of_session
corrected_execution__halt_aware__with_dividends__slip_0p0025,2017-06-29,short,31,138.74,2340,2574.0000000000514,360.0,390,137.64,end_of_session
corrected_execution__halt_aware__with_dividends__slip_0p0025,2017-07-03,short,91,136.97,2713,2007.6200000000244,120.0,210,136.23,end_of_session
corrected_execution__halt_aware__with_dividends__slip_0p0025,2017-07-05,long,121,137.3243,2776,-428.33680000001755,30.0,151,137.17,scheduled_fill
corrected_execution__halt_aware__with_dividends__slip_0p0025,2017-07-05,long,181,137.34,2776,249.84000000000947,180.0,361,137.43,scheduled_fill
corrected_execution__halt_aware__with_dividends__slip_0p0025,2017-07-06,short,61,135.92,2650,-715.5000000000272,30.0,91,136.19,scheduled_fill
corrected_execution__halt_aware__with_dividends__slip_0p0025,2017-07-07,long,31,137.355,2576,-270.47999999997364,60.0,91,137.25,scheduled_fill
corrected_execution__halt_aware__with_dividends__slip_0p0025,2017-07-07,long,121,137.61,2576,373.51999999995314,270.0,390,137.755,end_of_session
corrected_execution__halt_aware__with_dividends__slip_0p0025,2017-07-10,long,271,138.74,2479,24.789999999977454,120.0,390,138.75,end_of_session
corrected_execution__halt_aware__with_dividends__slip_0p0025,2017-07-13,long,31,141.27,2600,-1430.0000000000296,30.0,61,140.72,scheduled_fill
corrected_execution__halt_aware__with_dividends__slip_0p0025,2017-07-18,long,151,142.68,2539,-76.17000000000289,30.0,181,142.65,scheduled_fill
corrected_execution__halt_aware__with_dividends__slip_0p0025,2017-07-18,long,331,142.965,2539,266.594999999974,60.0,390,143.07,end_of_session
corrected_execution__halt_aware__with_dividends__slip_0p0025,2017-07-24,long,361,144.73,3843,-192.1499999999344,30.0,390,144.68,end_of_session
corrected_execution__halt_aware__with_dividends__slip_0p0025,2017-07-27,short,211,144.1,5195,675.3499999999756,180.0,390,143.97,end_of_session
corrected_execution__halt_aware__with_dividends__slip_0p0025,2017-07-31,short,61,143.38,5271,-421.6800000000659,150.0,211,143.46,scheduled_fill
corrected_execution__halt_aware__with_dividends__slip_0p0025,2017-07-31,short,241,143.29,5271,-210.84000000010786,120.0,361,143.33,scheduled_fill
corrected_execution__halt_aware__with_dividends__slip_0p0025,2017-08-02,short,91,142.86,5242,-1887.1199999999228,60.0,151,143.22,scheduled_fill
corrected_execution__halt_aware__with_dividends__slip_0p0025,2017-08-03,short,31,143.51,5202,-1040.4000000000892,60.0,91,143.71,scheduled_fill
corrected_execution__halt_aware__with_dividends__slip_0p0025,2017-08-03,short,151,143.495,5202,-962.3700000000117,30.0,181,143.68,scheduled_fill
corrected_execution__halt_aware__with_dividends__slip_0p0025,2017-08-03,short,241,143.39,5202,-884.3400000000829,30.0,271,143.56,scheduled_fill
corrected_execution__halt_aware__with_dividends__slip_0p0025,2017-08-07,long,121,144.33,5125,132.73749999989087,90.0,211,144.3559,scheduled_fill
corrected_execution__halt_aware__with_dividends__slip_0p0025,2017-08-07,long,361,144.44,5125,307.5000000000117,30.0,390,144.5,end_of_session
corrected_execution__halt_aware__with_dividends__slip_0p0025,2017-08-08,long,151,145.2864,5119,-1312.5115999999234,120.0,271,145.03,scheduled_fill
corrected_execution__halt_aware__with_dividends__slip_0p0025,2017-08-10,short,31,142.84,5114,9307.47999999997,360.0,390,141.02,end_of_session
corrected_execution__halt_aware__with_dividends__slip_0p0025,2017-08-11,long,31,141.51,4013,80.26000000004177,90.0,121,141.53,scheduled_fill
corrected_execution__halt_aware__with_dividends__slip_0p0025,2017-08-11,long,151,141.77,4013,1043.3799999999637,240.0,390,142.03,end_of_session
corrected_execution__halt_aware__with_dividends__slip_0p0025,2017-08-14,long,61,143.68,3857,269.98999999997375,90.0,151,143.75,scheduled_fill
corrected_execution__halt_aware__with_dividends__slip_0p0025,2017-08-14,long,361,143.92,3857,154.28000000007899,30.0,390,143.96,end_of_session
corrected_execution__halt_aware__with_dividends__slip_0p0025,2017-08-17,short,61,142.81,3432,5010.720000000026,330.0,390,141.35,end_of_session
corrected_execution__halt_aware__with_dividends__slip_0p0025,2017-08-18,short,31,140.79,2978,-1697.4600000000642,30.0,61,141.36,scheduled_fill
corrected_execution__halt_aware__with_dividends__slip_0p0025,2017-08-18,long,211,142.08,2978,-536.0400000000204,30.0,241,141.9,scheduled_fill
corrected_execution__halt_aware__with_dividends__slip_0p0025,2017-08-21,short,61,140.41,2963,-1096.3100000000131,60.0,121,140.78,scheduled_fill
corrected_execution__halt_aware__with_dividends__slip_0p0025,2017-08-22,long,31,142.32,2948,2608.980000000058,360.0,390,143.205,end_of_session
corrected_execution__halt_aware__with_dividends__slip_0p0025,2017-08-24,short,31,142.35,2726,-163.56000000000608,30.0,61,142.41,scheduled_fill
corrected_execution__halt_aware__with_dividends__slip_0p0025,2017-08-24,short,121,141.76,2726,-899.580000000034,90.0,211,142.09,scheduled_fill
corrected_execution__halt_aware__with_dividends__slip_0p0025,2017-08-29,long,331,143.02,2777,-236.04500000002204,60.0,390,142.935,end_of_session
corrected_execution__halt_aware__with_dividends__slip_0p0025,2017-08-30,long,31,143.65,2713,2713.0000000000005,360.0,390,144.65,end_of_session
corrected_execution__halt_aware__with_dividends__slip_0p0025,2017-08-31,long,31,145.485,3175,-111.12500000007947,60.0,91,145.45,scheduled_fill
corrected_execution__halt_aware__with_dividends__slip_0p0025,2017-08-31,long,181,145.91,3175,1.7053025658242404e-13,210.0,390,145.91,end_of_session
corrected_execution__halt_aware__with_dividends__slip_0p0025,2017-09-05,short,181,144.275,3390,-1511.939999999993,210.0,390,144.721,end_of_session
corrected_execution__halt_aware__with_dividends__slip_0p0025,2017-09-08,short,181,144.62,4311,-172.43999999996566,30.0,211,144.66,scheduled_fill
corrected_execution__halt_aware__with_dividends__slip_0p0025,2017-09-08,short,271,144.5025,4311,1088.5274999999906,120.0,390,144.25,end_of_session
corrected_execution__halt_aware__with_dividends__slip_0p0025,2017-09-11,long,31,145.965,3983,-1613.1150000000046,60.0,91,145.56,scheduled_fill
corrected_execution__halt_aware__with_dividends__slip_0p0025,2017-09-15,long,91,146.43,4212,-1684.8000000000238,120.0,211,146.03,scheduled_fill
corrected_execution__halt_aware__with_dividends__slip_0p0025,2017-09-18,long,31,146.23,4227,-295.46729999995694,30.0,61,146.1601,scheduled_fill
corrected_execution__halt_aware__with_dividends__slip_0p0025,2017-09-20,short,91,145.13,4163,-1165.6400000000046,90.0,181,145.41,scheduled_fill
corrected_execution__halt_aware__with_dividends__slip_0p0025,2017-09-20,short,241,145.216,4163,-266.4319999999707,30.0,271,145.28,scheduled_fill
corrected_execution__halt_aware__with_dividends__slip_0p0025,2017-09-20,short,301,144.54,4163,-3455.290000000052,90.0,390,145.37,end_of_session
corrected_execution__halt_aware__with_dividends__slip_0p0025,2017-09-21,short,31,144.47,4572,-1412.7479999999891,90.0,121,144.779,scheduled_fill
corrected_execution__halt_aware__with_dividends__slip_0p0025,2017-09-25,short,31,143.38,4824,3183.8399999999856,360.0,390,142.72,end_of_session
corrected_execution__halt_aware__with_dividends__slip_0p0025,2017-09-27,long,271,144.27,4592,1377.5999999999217,120.0,390,144.57,end_of_session
corrected_execution__halt_aware__with_dividends__slip_0p0025,2017-10-23,short,91,148.3,5177,-1190.7099999999468,90.0,181,148.53,scheduled_fill
corrected_execution__halt_aware__with_dividends__slip_0p0025,2017-10-23,short,271,148.315,5177,3390.9350000000054,120.0,390,147.66,end_of_session
corrected_execution__halt_aware__with_dividends__slip_0p0025,2017-10-25,short,121,146.69,5279,-2771.4750000000295,150.0,271,147.215,scheduled_fill
corrected_execution__halt_aware__with_dividends__slip_0p0025,2017-10-26,long,91,147.59,5213,-1459.6400000000056,30.0,121,147.31,scheduled_fill
corrected_execution__halt_aware__with_dividends__slip_0p0025,2017-10-27,long,31,149.855,5103,7169.715000000006,360.0,390,151.26,end_of_session
corrected_execution__halt_aware__with_dividends__slip_0p0025,2017-10-30,long,31,151.69,3169,-443.65999999995654,90.0,121,151.55,scheduled_fill
corrected_execution__halt_aware__with_dividends__slip_0p0025,2017-11-01,short,271,151.74,3131,-281.79000000001076,30.0,301,151.83,scheduled_fill
corrected_execution__halt_aware__with_dividends__slip_0p0025,2017-11-02,short,61,151.42,3164,-506.24000000007914,120.0,181,151.58,scheduled_fill
corrected_execution__halt_aware__with_dividends__slip_0p0025,2017-11-03,long,241,152.87,3133,1096.549999999982,150.0,390,153.22,end_of_session
corrected_execution__halt_aware__with_dividends__slip_0p0025,2017-11-06,long,31,153.56,3064,76.60000000001742,90.0,121,153.585,scheduled_fill
corrected_execution__halt_aware__with_dividends__slip_0p0025,2017-11-06,long,211,153.62,3064,-30.639999999972133,30.0,241,153.61,scheduled_fill
corrected_execution__halt_aware__with_dividends__slip_0p0025,2017-11-06,long,271,153.725,3064,237.46000000004528,120.0,390,153.8025,end_of_session
corrected_execution__halt_aware__with_dividends__slip_0p0025,2017-11-08,long,241,154.33,3063,490.0799999999896,150.0,390,154.49,end_of_session
corrected_execution__halt_aware__with_dividends__slip_0p0025,2017-11-09,short,181,152.47,3152,-1087.4399999999964,60.0,241,152.815,scheduled_fill
corrected_execution__halt_aware__with_dividends__slip_0p0025,2017-11-15,short,31,151.96,3174,-1618.739999999971,30.0,61,152.47,scheduled_fill
corrected_execution__halt_aware__with_dividends__slip_0p0025,2017-11-16,long,31,153.735,3018,2520.0299999999347,360.0,390,154.57,end_of_session
corrected_execution__halt_aware__with_dividends__slip_0p0025,2017-11-17,short,361,154.02,4621,392.7850000000367,30.0,390,153.935,end_of_session
corrected_execution__halt_aware__with_dividends__slip_0p0025,2017-11-21,long,31,155.28,4479,671.850000000026,360.0,390,155.43,end_of_session
corrected_execution__halt_aware__with_dividends__slip_0p0025,2017-11-24,long,121,156.22,4088,-40.87999999996282,30.0,151,156.21,scheduled_fill
corrected_execution__halt_aware__with_dividends__slip_0p0025,2017-11-29,short,31,155.59,4299,7007.369999999985,360.0,390,153.96,end_of_session
corrected_execution__halt_aware__with_dividends__slip_0p0025,2017-11-30,long,181,155.35,3561,-1246.34999999998,150.0,331,155.0,scheduled_fill
corrected_execution__halt_aware__with_dividends__slip_0p0025,2017-12-01,short,121,153.07,3433,-3570.320000000071,90.0,211,154.11,scheduled_fill
corrected_execution__halt_aware__with_dividends__slip_0p0025,2017-12-04,short,91,153.31,3277,-2293.899999999961,120.0,211,154.01,scheduled_fill
corrected_execution__halt_aware__with_dividends__slip_0p0025,2017-12-04,short,301,153.61,3277,2490.520000000065,90.0,390,152.85,end_of_session
corrected_execution__halt_aware__with_dividends__slip_0p0025,2017-12-05,long,31,153.66,3122,-249.75999999995094,180.0,211,153.58,scheduled_fill
corrected_execution__halt_aware__with_dividends__slip_0p0025,2017-12-06,long,331,153.54,3140,-188.40000000000714,60.0,390,153.48,end_of_session
corrected_execution__halt_aware__with_dividends__slip_0p0025,2017-12-07,long,151,154.415,3167,-680.9050000000109,30.0,181,154.2,scheduled_fill
corrected_execution__halt_aware__with_dividends__slip_0p0025,2017-12-07,long,211,154.346,3167,-874.0920000000333,60.0,271,154.07,scheduled_fill
corrected_execution__halt_aware__with_dividends__slip_0p0025,2017-12-11,long,181,155.71,3577,554.435000000004,210.0,390,155.865,end_of_session
corrected_execution__halt_aware__with_dividends__slip_0p0025,2017-12-15,long,181,157.46,3705,166.72499999995395,210.0,390,157.505,end_of_session
corrected_execution__halt_aware__with_dividends__slip_0p0025,2017-12-19,short,181,157.37,3332,-633.0799999999924,30.0,211,157.56,scheduled_fill
corrected_execution__halt_aware__with_dividends__slip_0p0025,2017-12-19,short,331,157.56,3332,-299.88000000001136,30.0,361,157.65,scheduled_fill
corrected_execution__halt_aware__with_dividends__slip_0p0025,2017-12-20,short,31,157.19,4166,83.32000000004291,90.0,121,157.17,scheduled_fill
corrected_execution__halt_aware__with_dividends__slip_0p0025,2017-12-26,short,31,156.14,5073,-1572.6300000000115,30.0,61,156.45,scheduled_fill
corrected_execution__halt_aware__with_dividends__slip_0p0025,2018-01-22,long,61,167.1336,3814,3304.4495999999954,330.0,390,168.0,end_of_session
corrected_execution__halt_aware__with_dividends__slip_0p0025,2018-01-23,long,61,169.27,4188,-209.40000000004738,150.0,211,169.22,scheduled_fill
corrected_execution__halt_aware__with_dividends__slip_0p0025,2018-01-23,long,271,169.55,4188,-1340.578800000104,30.0,301,169.2299,scheduled_fill
corrected_execution__halt_aware__with_dividends__slip_0p0025,2018-01-23,long,361,169.44,4188,544.439999999981,30.0,390,169.57,end_of_session
corrected_execution__halt_aware__with_dividends__slip_0p0025,2018-01-24,short,121,169.01,4690,567.4899999999068,180.0,301,168.889,scheduled_fill
corrected_execution__halt_aware__with_dividends__slip_0p0025,2018-01-24,short,361,168.45,4690,-164.15000000011747,30.0,390,168.485,end_of_session
corrected_execution__halt_aware__with_dividends__slip_0p0025,2018-01-25,short,31,168.17,4351,-669.6189000000934,30.0,61,168.3239,scheduled_fill
corrected_execution__halt_aware__with_dividends__slip_0p0025,2018-01-26,long,91,169.76,4255,-553.1499999999805,60.0,151,169.63,scheduled_fill
corrected_execution__halt_aware__with_dividends__slip_0p0025,2018-01-26,long,271,170.15,4255,-510.60000000001935,30.0,301,170.03,scheduled_fill
corrected_execution__halt_aware__with_dividends__slip_0p0025,2018-01-26,long,331,170.17,4255,2425.3500000000913,60.0,390,170.74,end_of_session
corrected_execution__halt_aware__with_dividends__slip_0p0025,2018-02-02,short,31,166.51,3353,-502.95000000001994,60.0,91,166.66,scheduled_fill
corrected_execution__halt_aware__with_dividends__slip_0p0025,2018-02-02,short,121,166.49,3353,-637.069999999992,60.0,181,166.68,scheduled_fill
corrected_execution__halt_aware__with_dividends__slip_0p0025,2018-02-02,short,211,166.47,3353,6504.819999999995,180.0,390,164.53,end_of_session
corrected_execution__halt_aware__with_dividends__slip_0p0025,2018-02-05,long,61,165.51,2711,-2182.354999999941,60.0,121,164.705,scheduled_fill
corrected_execution__halt_aware__with_dividends__slip_0p0025,2018-02-05,short,331,161.52,2711,7075.710000000037,60.0,390,158.91,end_of_session
corrected_execution__halt_aware__with_dividends__slip_0p0025,2018-02-06,long,211,159.77,2064,-2641.9200000000023,60.0,271,158.49,scheduled_fill
corrected_execution__halt_aware__with_dividends__slip_0p0025,2018-02-06,long,331,160.75,2064,2167.2000000000235,60.0,390,161.8,end_of_session
corrected_execution__halt_aware__with_dividends__slip_0p0025,2018-02-07,long,91,162.84,1878,-723.0299999999829,90.0,181,162.455,scheduled_fill
corrected_execution__halt_aware__with_dividends__slip_0p0025,2018-02-07,short,241,160.9,1878,-1239.4799999999937,30.0,271,161.56,scheduled_fill
corrected_execution__halt_aware__with_dividends__slip_0p0025,2018-02-08,short,61,159.5298,1863,10171.607400000004,330.0,390,154.07,end_of_session
corrected_execution__halt_aware__with_dividends__slip_0p0025,2018-02-09,short,181,151.51,1641,-5152.740000000025,120.0,301,154.65,scheduled_fill
corrected_execution__halt_aware__with_dividends__slip_0p0025,2018-02-12,long,151,158.82,1573,-235.95000000000883,60.0,211,158.67,scheduled_fill
corrected_execution__halt_aware__with_dividends__slip_0p0025,2018-02-12,long,271,159.36,1573,-849.4200000000322,120.0,390,158.82,end_of_session
corrected_execution__halt_aware__with_dividends__slip_0p0025,2018-02-14,long,61,160.8,1469,2747.029999999965,330.0,390,162.67,end_of_session
corrected_execution__halt_aware__with_dividends__slip_0p0025,2018-02-23,long,361,167.91,1347,134.69999999999237,30.0,390,168.01,end_of_session
corrected_execution__halt_aware__with_dividends__slip_0p0025,2018-03-01,short,31,165.85,1605,-2070.449999999987,30.0,61,167.14,scheduled_fill
corrected_execution__halt_aware__with_dividends__slip_0p0025,2018-03-01,short,241,165.36,1605,1380.3000000000238,150.0,390,164.5,end_of_session
corrected_execution__halt_aware__with_dividends__slip_0p0025,2018-03-05,long,151,167.38,2207,22.069999999980382,150.0,301,167.39,scheduled_fill
corrected_execution__halt_aware__with_dividends__slip_0p0025,2018-03-05,long,331,168.05,2207,-419.32999999999504,60.0,390,167.86,end_of_session
corrected_execution__halt_aware__with_dividends__slip_0p0025,2018-03-09,long,181,172.2664,2637,1908.1332000000118,210.0,390,172.99,end_of_session
corrected_execution__halt_aware__with_dividends__slip_0p0025,2018-03-12,long,61,174.12,2348,-845.280000000032,30.0,91,173.76,scheduled_fill
corrected_execution__halt_aware__with_dividends__slip_0p0025,2018-03-13,short,121,172.88,2323,2590.1450000000214,270.0,390,171.765,end_of_session
corrected_execution__halt_aware__with_dividends__slip_0p0025,2018-03-16,long,61,172.03,2404,-288.48000000001093,30.0,91,171.91,scheduled_fill
corrected_execution__halt_aware__with_dividends__slip_0p0025,2018-03-19,short,61,168.705,2556,3897.900000000012,330.0,390,167.18,end_of_session
corrected_execution__halt_aware__with_dividends__slip_0p0025,2018-03-20,long,31,167.53,2270,138.47000000001594,60.0,91,167.591,scheduled_fill
corrected_execution__halt_aware__with_dividends__slip_0p0025,2018-03-22,short,91,164.0834,2543,-983.1237999999673,90.0,181,164.47,scheduled_fill
corrected_execution__halt_aware__with_dividends__slip_0p0025,2018-03-23,short,151,161.19,2188,-1794.1599999999848,90.0,241,162.01,scheduled_fill
corrected_execution__halt_aware__with_dividends__slip_0p0025,2018-03-23,short,301,161.33,2188,5732.5600000000095,90.0,390,158.71,end_of_session
corrected_execution__halt_aware__with_dividends__slip_0p0025,2018-03-26,long,31,162.09,2085,-1480.3500000000167,30.0,61,161.38,scheduled_fill
corrected_execution__halt_aware__with_dividends__slip_0p0025,2018-03-26,long,301,162.9,2085,3242.1750000000147,90.0,390,164.455,end_of_session
corrected_execution__halt_aware__with_dividends__slip_0p0025,2018-03-27,short,241,163.53,1598,7430.700000000008,150.0,390,158.88,end_of_session
corrected_execution__halt_aware__with_dividends__slip_0p0025,2018-03-28,short,61,157.49,1548,-743.0399999999847,90.0,151,157.97,scheduled_fill
corrected_execution__halt_aware__with_dividends__slip_0p0025,2018-03-29,short,31,156.86,1552,-1365.759999999993,30.0,61,157.74,scheduled_fill
corrected_execution__halt_aware__with_dividends__slip_0p0025,2018-03-29,long,91,159.4301,1552,1520.804799999979,300.0,390,160.41,end_of_session
corrected_execution__halt_aware__with_dividends__slip_0p0025,2018-04-02,short,31,158.33,1553,4255.220000000019,360.0,390,155.59,end_of_session
corrected_execution__halt_aware__with_dividends__slip_0p0025,2018-04-03,short,61,155.03,1540,-2433.20000000002,30.0,91,156.61,scheduled_fill
corrected_execution__halt_aware__with_dividends__slip_0p0025,2018-04-04,long,361,159.3182,1515,1199.5770000000352,30.0,390,160.11,end_of_session
corrected_execution__halt_aware__with_dividends__slip_0p0025,2018-04-06,short,301,156.9,1395,209.25000000000782,90.0,390,156.75,end_of_session
corrected_execution__halt_aware__with_dividends__slip_0p0025,2018-04-09,long,31,159.1692,1358,722.1844000000046,270.0,301,159.701,scheduled_fill
corrected_execution__halt_aware__with_dividends__slip_0p0025,2018-04-12,long,31,162.18,1298,-25.960000000013224,60.0,91,162.16,scheduled_fill
corrected_execution__halt_aware__with_dividends__slip_0p0025,2018-04-17,long,121,165.68,1571,251.3599999999947,180.0,301,165.84,scheduled_fill
corrected_execution__halt_aware__with_dividends__slip_0p0025,2018-04-17,long,361,166.23,1571,-329.9099999999679,30.0,390,166.02,end_of_session
corrected_execution__halt_aware__with_dividends__slip_0p0025,2018-04-20,short,31,163.72,1821,-327.7800000000126,30.0,61,163.9,scheduled_fill
corrected_execution__halt_aware__with_dividends__slip_0p0025,2018-04-20,short,91,163.2999,1821,1875.4478999999965,300.0,390,162.27,end_of_session
corrected_execution__halt_aware__with_dividends__slip_0p0025,2018-04-24,short,91,160.97,2113,5599.450000000008,300.0,390,158.32,end_of_session
corrected_execution__halt_aware__with_dividends__slip_0p0025,2018-04-25,short,31,156.86,2136,-1644.7199999999611,30.0,61,157.63,scheduled_fill
corrected_execution__halt_aware__with_dividends__slip_0p0025,2018-04-26,long,91,161.64,2105,-273.4394999999834,30.0,121,161.5101,scheduled_fill
corrected_execution__halt_aware__with_dividends__slip_0p0025,2018-04-26,long,241,162.0,2105,126.30000000000479,60.0,301,162.06,scheduled_fill
corrected_execution__halt_aware__with_dividends__slip_0p0025,2018-04-26,long,331,162.38,2105,-747.2749999999786,60.0,390,162.025,end_of_session
corrected_execution__halt_aware__with_dividends__slip_0p0025,2018-04-30,short,181,160.98,2176,-1088.0,90.0,271,161.48,scheduled_fill
corrected_execution__halt_aware__with_dividends__slip_0p0025,2018-05-03,short,91,159.35,2378,-2354.220000000022,60.0,151,160.34,scheduled_fill
corrected_execution__halt_aware__with_dividends__slip_0p0025,2018-05-04,long,61,163.2,2364,3427.8000000000457,330.0,390,164.65,end_of_session
corrected_execution__halt_aware__with_dividends__slip_0p0025,2018-05-07,long,31,166.38,2181,-109.04999999996278,30.0,61,166.33,scheduled_fill
corrected_execution__halt_aware__with_dividends__slip_0p0025,2018-05-15,short,31,167.22,3195,-1853.10000000004,30.0,61,167.8,scheduled_fill
corrected_execution__halt_aware__with_dividends__slip_0p0025,2018-05-15,short,121,167.49,3195,415.3499999999856,60.0,181,167.36,scheduled_fill
corrected_execution__halt_aware__with_dividends__slip_0p0025,2018-05-15,short,271,167.071,3195,-1147.0050000000285,30.0,301,167.43,scheduled_fill
corrected_execution__halt_aware__with_dividends__slip_0p0025,2018-05-16,long,211,169.1439,2874,-269.86859999997347,30.0,241,169.05,scheduled_fill
corrected_execution__halt_aware__with_dividends__slip_0p0025,2018-05-21,long,31,169.25,3367,-808.0800000000306,30.0,61,169.01,scheduled_fill
corrected_execution__halt_aware__with_dividends__slip_0p0025,2018-05-23,long,361,169.2,3615,1229.1000000000122,30.0,390,169.54,end_of_session
corrected_execution__halt_aware__with_dividends__slip_0p0025,2018-05-24,short,31,168.64,3573,-821.7900000000654,120.0,151,168.87,scheduled_fill
corrected_execution__halt_aware__with_dividends__slip_0p0025,2018-05-25,long,61,170.19,4284,-728.2799999999464,30.0,91,170.02,scheduled_fill
corrected_execution__halt_aware__with_dividends__slip_0p0025,2018-05-25,long,151,170.14,4284,-599.7599999999414,30.0,181,170.0,scheduled_fill
corrected_execution__halt_aware__with_dividends__slip_0p0025,2018-05-29,short,361,168.14,4494,-3909.7800000000216,30.0,390,169.01,end_of_session
corrected_execution__halt_aware__with_dividends__slip_0p0025,2018-05-30,long,151,170.32,4307,-1249.0299999999656,60.0,211,170.03,scheduled_fill
corrected_execution__halt_aware__with_dividends__slip_0p0025,2018-05-30,long,241,170.27,4307,-516.8400000000195,30.0,271,170.15,scheduled_fill
corrected_execution__halt_aware__with_dividends__slip_0p0025,2018-05-30,long,331,170.315,4307,-279.95499999999026,30.0,361,170.25,scheduled_fill
corrected_execution__halt_aware__with_dividends__slip_0p0025,2018-05-31,long,151,170.93,4620,-1917.3000000000945,30.0,181,170.515,scheduled_fill
corrected_execution__halt_aware__with_dividends__slip_0p0025,2018-06-01,long,31,171.53,5109,5696.535000000047,360.0,390,172.645,end_of_session
corrected_execution__halt_aware__with_dividends__slip_0p0025,2018-06-04,long,181,174.19,4110,123.71100000001815,210.0,390,174.2201,end_of_session
corrected_execution__halt_aware__with_dividends__slip_0p0025,2018-06-07,short,61,174.77,4541,1044.430000000083,300.0,361,174.54,scheduled_fill
corrected_execution__halt_aware__with_dividends__slip_0p0025,2018-06-11,long,181,175.29,4467,-580.7099999999798,30.0,211,175.16,scheduled_fill
corrected_execution__halt_aware__with_dividends__slip_0p0025,2018-06-11,long,241,175.19,4467,-759.3899999999439,60.0,301,175.02,scheduled_fill
corrected_execution__halt_aware__with_dividends__slip_0p0025,2018-06-12,long,271,175.91,4442,-2798.4599999999796,30.0,301,175.28,scheduled_fill
corrected_execution__halt_aware__with_dividends__slip_0p0025,2018-06-13,long,61,176.635,4419,-684.9450000000049,30.0,91,176.48,scheduled_fill
corrected_execution__halt_aware__with_dividends__slip_0p0025,2018-06-13,long,121,177.02,4419,-1038.4650000000602,60.0,181,176.785,scheduled_fill
corrected_execution__halt_aware__with_dividends__slip_0p0025,2018-06-13,long,271,176.78,4419,-4595.759999999965,30.0,301,175.74,scheduled_fill
corrected_execution__halt_aware__with_dividends__slip_0p0025,2018-06-14,long,61,177.555,4339,-2191.1949999999797,30.0,91,177.05,scheduled_fill
corrected_execution__halt_aware__with_dividends__slip_0p0025,2018-06-14,long,121,177.32,4339,-824.4099999999916,210.0,331,177.13,scheduled_fill
corrected_execution__halt_aware__with_dividends__slip_0p0025,2018-06-14,long,361,177.5,4339,347.12000000005423,30.0,390,177.58,end_of_session
corrected_execution__halt_aware__with_dividends__slip_0p0025,2018-06-20,long,31,177.21,3958,-1645.7364000000732,30.0,61,176.7942,scheduled_fill
corrected_execution__halt_aware__with_dividends__slip_0p0025,2018-06-20,long,181,177.62,3958,-158.3199999999685,60.0,241,177.58,scheduled_fill
corrected_execution__halt_aware__with_dividends__slip_0p0025,2018-06-20,long,271,177.79,3958,-1385.299999999978,60.0,331,177.44,scheduled_fill
corrected_execution__halt_aware__with_dividends__slip_0p0025,2018-06-21,short,61,175.95,3854,-3121.740000000008,90.0,151,176.76,scheduled_fill
corrected_execution__halt_aware__with_dividends__slip_0p0025,2018-06-21,short,181,176.21,3854,2081.1600000000776,210.0,390,175.67,end_of_session
corrected_execution__halt_aware__with_dividends__slip_0p0025,2018-06-22,short,61,174.7699,4052,-1621.2051999999212,30.0,91,175.17,scheduled_fill
corrected_execution__halt_aware__with_dividends__slip_0p0025,2018-06-25,short,31,172.82,4344,5951.280000000017,360.0,390,171.45,end_of_session
corrected_execution__halt_aware__with_dividends__slip_0p0025,2018-06-27,long,31,173.28,3226,-548.4199999999594,30.0,61,173.11,scheduled_fill
corrected_execution__halt_aware__with_dividends__slip_0p0025,2018-06-27,short,271,170.88,3226,3451.8199999999774,120.0,390,169.81,end_of_session
corrected_execution__halt_aware__with_dividends__slip_0p0025,2018-06-28,long,91,170.48,3169,-1473.5850000000105,90.0,181,170.015,scheduled_fill
corrected_execution__halt_aware__with_dividends__slip_0p0025,2018-06-28,long,301,171.04,3169,507.0399999999893,90.0,390,171.2,end_of_session
corrected_execution__halt_aware__with_dividends__slip_0p0025,2018-06-29,long,31,172.41,2960,-384.79999999998654,30.0,61,172.28,scheduled_fill
corrected_execution__halt_aware__with_dividends__slip_0p0025,2018-06-29,long,91,172.8,2960,-799.2000000000303,30.0,121,172.53,scheduled_fill
corrected_execution__halt_aware__with_dividends__slip_0p0025,2018-07-03,short,181,171.72,2895,2489.699999999957,30.0,210,170.86,end_of_session
corrected_execution__halt_aware__with_dividends__slip_0p0025,2018-07-06,long,31,173.9199,2753,4515.1952999999785,360.0,390,175.56,end_of_session
corrected_execution__halt_aware__with_dividends__slip_0p0025,2018-07-12,long,31,177.78,2451,3946.109999999966,360.0,390,179.39,end_of_session
corrected_execution__halt_aware__with_dividends__slip_0p0025,2018-07-17,long,181,180.26,2930,-380.8999999999868,150.0,331,180.13,scheduled_fill
corrected_execution__halt_aware__with_dividends__slip_0p0025,2018-07-17,long,361,180.45,2930,-373.5749999999934,30.0,390,180.3225,end_of_session
corrected_execution__halt_aware__with_dividends__slip_0p0025,2018-07-25,long,31,180.8205,3556,-1175.2580000000023,30.0,61,180.49,scheduled_fill
corrected_execution__halt_aware__with_dividends__slip_0p0025,2018-07-25,long,121,180.965,3556,6169.659999999951,270.0,390,182.7,end_of_session
corrected_execution__halt_aware__with_dividends__slip_0p0025,2018-07-27,short,91,179.33,3289,5793.57350000004,300.0,390,177.5685,end_of_session
corrected_execution__halt_aware__with_dividends__slip_0p0025,2018-07-30,short,31,175.5,3092,1082.199999999979,360.0,390,175.15,end_of_session
corrected_execution__halt_aware__with_dividends__slip_0p0025,2018-07-31,long,151,176.6873,2899,36.817299999986204,60.0,211,176.7,scheduled_fill
corrected_execution__halt_aware__with_dividends__slip_0p0025,2018-08-01,long,61,177.6,2851,-855.2999999999511,30.0,91,177.3,scheduled_fill
corrected_execution__halt_aware__with_dividends__slip_0p0025,2018-08-02,long,121,177.89,3239,5571.080000000092,270.0,390,179.61,end_of_session
corrected_execution__halt_aware__with_dividends__slip_0p0025,2018-08-13,long,31,181.48,2904,-1481.0399999999736,90.0,121,180.97,scheduled_fill
corrected_execution__halt_aware__with_dividends__slip_0p0025,2018-08-15,short,31,179.52,3120,1653.6000000000035,180.0,211,178.99,scheduled_fill
corrected_execution__halt_aware__with_dividends__slip_0p0025,2018-08-15,short,241,178.8,3120,-904.7999999999752,120.0,361,179.09,scheduled_fill
corrected_execution__halt_aware__with_dividends__slip_0p0025,2018-08-17,short,61,178.52,3635,-399.84999999994625,30.0,91,178.63,scheduled_fill
corrected_execution__halt_aware__with_dividends__slip_0p0025,2018-08-20,short,31,179.25,4314,-431.3999999999758,30.0,61,179.35,scheduled_fill
corrected_execution__halt_aware__with_dividends__slip_0p0025,2018-08-20,short,91,179.06,4314,-2674.680000000019,90.0,181,179.68,scheduled_fill
corrected_execution__halt_aware__with_dividends__slip_0p0025,2018-08-21,long,31,180.78,4312,-280.2799999999902,60.0,91,180.715,scheduled_fill
corrected_execution__halt_aware__with_dividends__slip_0p0025,2018-08-21,long,151,181.06,4312,-237.1600000000294,150.0,301,181.005,scheduled_fill
corrected_execution__halt_aware__with_dividends__slip_0p0025,2018-08-22,long,121,181.08,4313,-690.0800000001079,60.0,181,180.92,scheduled_fill
corrected_execution__halt_aware__with_dividends__slip_0p0025,2018-08-23,long,31,181.79,5258,-999.0199999999882,60.0,91,181.6,scheduled_fill
corrected_execution__halt_aware__with_dividends__slip_0p0025,2018-08-24,long,61,181.97,5195,2701.4000000000547,330.0,390,182.49,end_of_session
corrected_execution__halt_aware__with_dividends__slip_0p0025,2018-08-27,long,61,184.16,4856,-339.9199999999669,240.0,301,184.09,scheduled_fill
corrected_execution__halt_aware__with_dividends__slip_0p0025,2018-08-27,long,331,184.2259,4856,68.4696000000647,60.0,390,184.24,end_of_session
corrected_execution__halt_aware__with_dividends__slip_0p0025,2018-08-29,long,61,185.6,4425,5000.24999999998,330.0,390,186.73,end_of_session
corrected_execution__halt_aware__with_dividends__slip_0p0025,2018-08-30,long,241,187.48,4021,-723.7799999999132,30.0,271,187.3,scheduled_fill
corrected_execution__halt_aware__with_dividends__slip_0p0025,2018-09-04,short,31,185.39,4321,-1469.140000000016,30.0,61,185.73,scheduled_fill
corrected_execution__halt_aware__with_dividends__slip_0p0025,2018-09-04,short,181,185.2,4321,-1166.670000000044,30.0,211,185.47,scheduled_fill
corrected_execution__halt_aware__with_dividends__slip_0p0025,2018-09-05,short,31,184.4,4182,2111.9099999999835,150.0,181,183.895,scheduled_fill
corrected_execution__halt_aware__with_dividends__slip_0p0025,2018-09-05,short,301,183.77,4182,1313.1480000000893,90.0,390,183.456,end_of_session
corrected_execution__halt_aware__with_dividends__slip_0p0025,2018-09-06,short,61,182.14,4212,926.6399999999917,300.0,361,181.92,scheduled_fill
corrected_execution__halt_aware__with_dividends__slip_0p0025,2018-09-11,long,151,183.09,3903,195.14999999993248,240.0,390,183.14,end_of_session
corrected_execution__halt_aware__with_dividends__slip_0p0025,2018-09-12,short,31,182.17,3757,-901.6800000000336,90.0,121,182.41,scheduled_fill
corrected_execution__halt_aware__with_dividends__slip_0p0025,2018-09-12,short,151,181.66,3757,-2366.9099999999826,30.0,181,182.29,scheduled_fill
corrected_execution__halt_aware__with_dividends__slip_0p0025,2018-09-17,short,31,182.92,3661,878.6399999999284,150.0,181,182.68,scheduled_fill
corrected_execution__halt_aware__with_dividends__slip_0p0025,2018-09-17,short,241,182.22,3661,3587.7799999999625,150.0,390,181.24,end_of_session
corrected_execution__halt_aware__with_dividends__slip_0p0025,2018-09-18,long,31,182.72,3465,692.999999999962,360.0,390,182.92,end_of_session
corrected_execution__halt_aware__with_dividends__slip_0p0025,2018-09-19,short,31,182.14,3260,-293.40000000001055,90.0,121,182.23,scheduled_fill
corrected_execution__halt_aware__with_dividends__slip_0p0025,2018-09-26,long,121,185.25,3655,-36.549999999966786,30.0,151,185.24,scheduled_fill
corrected_execution__halt_aware__with_dividends__slip_0p0025,2018-09-26,long,301,185.74,3655,-6065.107000000018,90.0,390,184.0806,end_of_session
corrected_execution__halt_aware__with_dividends__slip_0p0025,2018-09-27,long,31,185.69,3792,1042.8000000000216,300.0,331,185.965,scheduled_fill
corrected_execution__halt_aware__with_dividends__slip_0p0025,2018-10-04,short,31,184.27,3933,7571.025000000045,360.0,390,182.345,end_of_session
corrected_execution__halt_aware__with_dividends__slip_0p0025,2018-10-05,short,31,181.4999,3242,-2172.46419999997,30.0,61,182.17,scheduled_fill
corrected_execution__halt_aware__with_dividends__slip_0p0025,2018-10-05,short,91,181.33,3242,2723.2800000000097,240.0,331,180.49,scheduled_fill
corrected_execution__halt_aware__with_dividends__slip_0p0025,2018-10-08,short,151,177.7,3450,-2794.500000000007,150.0,301,178.51,scheduled_fill
corrected_execution__halt_aware__with_dividends__slip_0p0025,2018-10-09,long,31,179.74,3598,539.6999999999183,150.0,181,179.89,scheduled_fill
corrected_execution__halt_aware__with_dividends__slip_0p0025,2018-10-10,short,31,176.14,3592,15732.959999999983,360.0,390,171.76,end_of_session
corrected_execution__halt_aware__with_dividends__slip_0p0025,2018-10-11,long,31,173.32,2376,-3896.6399999999676,30.0,61,171.68,scheduled_fill
corrected_execution__halt_aware__with_dividends__slip_0p0025,2018-10-11,short,331,169.11,2376,-4823.279999999935,30.0,361,171.14,scheduled_fill
corrected_execution__halt_aware__with_dividends__slip_0p0025,2018-10-15,short,31,172.86,1872,187.20000000004256,60.0,91,172.76,scheduled_fill
corrected_execution__halt_aware__with_dividends__slip_0p0025,2018-10-15,short,151,172.6,1872,-721.8432000000203,30.0,181,172.9856,scheduled_fill
corrected_execution__halt_aware__with_dividends__slip_0p0025,2018-10-16,long,31,174.7,1856,-1132.1599999999726,30.0,61,174.09,scheduled_fill
corrected_execution__halt_aware__with_dividends__slip_0p0025,2018-10-16,long,121,175.54,1856,3266.3744000000297,270.0,390,177.2999,end_of_session
corrected_execution__halt_aware__with_dividends__slip_0p0025,2018-10-17,short,61,176.33,1610,-515.1999999999891,60.0,121,176.65,scheduled_fill
corrected_execution__halt_aware__with_dividends__slip_0p0025,2018-10-18,short,61,175.55,1656,-1094.1191999999858,30.0,91,176.2107,scheduled_fill
corrected_execution__halt_aware__with_dividends__slip_0p0025,2018-10-18,short,121,174.7096,1656,2698.617599999974,270.0,390,173.08,end_of_session
corrected_execution__halt_aware__with_dividends__slip_0p0025,2018-10-19,long,31,175.42,1616,-290.8799999999651,60.0,91,175.24,scheduled_fill
corrected_execution__halt_aware__with_dividends__slip_0p0025,2018-10-24,short,61,171.81,1618,242.70000000000965,90.0,151,171.66,scheduled_fill
corrected_execution__halt_aware__with_dividends__slip_0p0025,2018-10-24,short,181,170.92,1618,9368.219999999987,210.0,390,165.13,end_of_session
corrected_execution__halt_aware__with_dividends__slip_0p0025,2018-10-25,long,31,168.9933,1507,3430.986900000008,360.0,390,171.27,end_of_session
corrected_execution__halt_aware__with_dividends__slip_0p0025,2018-10-29,short,331,163.91,1278,651.7799999999896,60.0,390,163.4,end_of_session
corrected_execution__halt_aware__with_dividends__slip_0p0025,2018-10-30,long,31,165.47,1328,-2908.319999999997,60.0,91,163.28,scheduled_fill
corrected_execution__halt_aware__with_dividends__slip_0p0025,2018-10-30,long,151,164.96,1328,-278.88000000001057,30.0,181,164.75,scheduled_fill
corrected_execution__halt_aware__with_dividends__slip_0p0025,2018-10-31,long,31,169.885,1363,-879.1349999999751,120.0,151,169.24,scheduled_fill
corrected_execution__halt_aware__with_dividends__slip_0p0025,2018-10-31,long,211,170.34,1363,265.7849999999901,150.0,361,170.535,scheduled_fill
corrected_execution__halt_aware__with_dividends__slip_0p0025,2018-11-02,short,61,170.36,1346,1144.1000000000322,240.0,301,169.51,scheduled_fill
corrected_execution__halt_aware__with_dividends__slip_0p0025,2018-11-05,short,31,168.2,1360,-13.600000000026284,60.0,91,168.21,scheduled_fill
corrected_execution__halt_aware__with_dividends__slip_0p0025,2018-11-05,short,121,167.71,1360,-299.19999999999845,60.0,181,167.93,scheduled_fill
corrected_execution__halt_aware__with_dividends__slip_0p0025,2018-11-06,long,31,171.08,1456,-1863.6800000000017,60.0,91,169.8,scheduled_fill
corrected_execution__halt_aware__with_dividends__slip_0p0025,2018-11-07,long,91,173.99,1407,2060.5514999999823,300.0,390,175.4545,end_of_session
corrected_execution__halt_aware__with_dividends__slip_0p0025,2018-11-09,short,91,171.8,1358,285.18000000001086,30.0,121,171.59,scheduled_fill
corrected_execution__halt_aware__with_dividends__slip_0p0025,2018-11-09,short,151,171.14,1358,122.21999999996603,60.0,211,171.05,scheduled_fill
corrected_execution__halt_aware__with_dividends__slip_0p0025,2018-11-09,short,241,170.741,1358,-772.7019999999844,90.0,331,171.31,scheduled_fill
corrected_execution__halt_aware__with_dividends__slip_0p0025,2018-11-12,short,31,168.7,1358,3151.6463999999883,360.0,390,166.3792,end_of_session
corrected_execution__halt_aware__with_dividends__slip_0p0025,2018-11-15,long,271,167.66,1773,35.460000000018,120.0,390,167.68,end_of_session
corrected_execution__halt_aware__with_dividends__slip_0p0025,2018-11-19,short,31,165.32,1955,6686.099999999982,360.0,390,161.9,end_of_session
corrected_execution__halt_aware__with_dividends__slip_0p0025,2018-11-28,long,181,166.85,1836,3249.903600000025,210.0,390,168.6201,end_of_session
corrected_execution__halt_aware__with_dividends__slip_0p0025,2018-12-04,short,181,168.42,1967,5173.20999999999,210.0,390,165.79,end_of_session
corrected_execution__halt_aware__with_dividends__slip_0p0025,2018-12-07,short,61,165.05,1767,6414.210000000041,330.0,390,161.42,end_of_session
corrected_execution__halt_aware__with_dividends__slip_0p0025,2018-12-10,short,121,159.89,1756,-1194.0800000000118,30.0,151,160.57,scheduled_fill
corrected_execution__halt_aware__with_dividends__slip_0p0025,2018-12-12,long,121,167.199,1859,-221.22099999999926,60.0,181,167.08,scheduled_fill
corrected_execution__halt_aware__with_dividends__slip_0p0025,2018-12-12,long,211,167.43,1859,-20.44899999999194,30.0,241,167.419,scheduled_fill
corrected_execution__halt_aware__with_dividends__slip_0p0025,2018-12-14,short,151,162.16,1956,-782.4000000000111,30.0,181,162.56,scheduled_fill
corrected_execution__halt_aware__with_dividends__slip_0p0025,2018-12-14,short,331,161.38,1956,625.9199999999869,60.0,390,161.06,end_of_session
corrected_execution__halt_aware__with_dividends__slip_0p0025,2018-12-17,short,31,159.37,1872,-1909.439999999966,30.0,61,160.39,scheduled_fill
corrected_execution__halt_aware__with_dividends__slip_0p0025,2018-12-17,short,271,158.6,1872,2368.0799999999754,120.0,390,157.335,end_of_session
corrected_execution__halt_aware__with_dividends__slip_0p0025,2018-12-18,long,31,159.1353,1905,-162.4964999999799,30.0,61,159.05,scheduled_fill
corrected_execution__halt_aware__with_dividends__slip_0p0025,2018-12-19,long,31,160.09,1895,-1269.65000000003,90.0,121,159.42,scheduled_fill
corrected_execution__halt_aware__with_dividends__slip_0p0025,2018-12-19,long,151,160.04,1895,-836.452999999976,60.0,211,159.5986,scheduled_fill
corrected_execution__halt_aware__with_dividends__slip_0p0025,2018-12-19,short,331,155.56,1895,739.0500000000287,60.0,390,155.17,end_of_session
corrected_execution__halt_aware__with_dividends__slip_0p0025,2018-12-20,short,121,152.66,2157,-776.5200000000297,60.0,181,153.02,scheduled_fill
corrected_execution__halt_aware__with_dividends__slip_0p0025,2018-12-20,short,241,152.65,2157,-301.9799999999725,90.0,331,152.79,scheduled_fill
corrected_execution__halt_aware__with_dividends__slip_0p0025,2018-12-21,long,61,153.22,2133,-1941.0299999999934,30.0,91,152.31,scheduled_fill
corrected_execution__halt_aware__with_dividends__slip_0p0025,2018-12-21,short,151,150.5935,2133,6129.175500000012,240.0,390,147.72,end_of_session
corrected_execution__halt_aware__with_dividends__slip_0p0025,2018-12-24,short,31,144.59,2195,-2985.1999999999675,30.0,61,145.95,scheduled_fill
corrected_execution__halt_aware__with_dividends__slip_0p0025,2018-12-26,long,121,146.01,2347,14739.160000000013,270.0,390,152.29,end_of_session
corrected_execution__halt_aware__with_dividends__slip_0p0025,2018-12-27,short,31,149.73,1707,-324.3299999999962,90.0,121,149.92,scheduled_fill
corrected_execution__halt_aware__with_dividends__slip_0p0025,2018-12-27,short,181,148.34,1707,-836.4300000000158,30.0,211,148.83,scheduled_fill
corrected_execution__halt_aware__with_dividends__slip_0p0025,2018-12-27,short,241,148.55,1707,-1126.6199999999924,90.0,331,149.21,scheduled_fill
corrected_execution__halt_aware__with_dividends__slip_0p0025,2019-01-02,long,121,154.155,1796,-601.6600000000143,30.0,151,153.82,scheduled_fill
corrected_execution__halt_aware__with_dividends__slip_0p0025,2019-01-02,long,211,154.98,1796,-1239.2399999999961,150.0,361,154.29,scheduled_fill
corrected_execution__halt_aware__with_dividends__slip_0p0025,2019-01-03,short,61,151.3,1748,-384.55999999999733,60.0,121,151.52,scheduled_fill
corrected_execution__halt_aware__with_dividends__slip_0p0025,2019-01-03,short,241,150.83,1748,-244.71999999997615,60.0,301,150.97,scheduled_fill
corrected_execution__halt_aware__with_dividends__slip_0p0025,2019-01-03,short,331,150.26,1748,611.7999999999901,60.0,390,149.91,end_of_session
corrected_execution__halt_aware__with_dividends__slip_0p0025,2019-01-04,long,31,153.27,1699,5167.338599999969,360.0,390,156.3114,end_of_session
corrected_execution__halt_aware__with_dividends__slip_0p0025,2019-01-07,long,151,158.47,1466,-342.16439999998386,120.0,271,158.2366,scheduled_fill
corrected_execution__halt_aware__with_dividends__slip_0p0025,2019-01-15,long,31,161.5,1711,68.43999999998681,270.0,301,161.54,scheduled_fill
corrected_execution__halt_aware__with_dividends__slip_0p0025,2019-01-15,long,361,162.11,1711,325.0899999999963,30.0,390,162.3,end_of_session
corrected_execution__halt_aware__with_dividends__slip_0p0025,2019-01-16,long,31,163.499,1813,-668.9969999999995,30.0,61,163.13,scheduled_fill
corrected_execution__halt_aware__with_dividends__slip_0p0025,2019-01-22,short,151,162.515,2387,2538.3357999999366,240.0,390,161.4516,end_of_session
corrected_execution__halt_aware__with_dividends__slip_0p0025,2019-01-24,long,61,163.41,2214,-1881.8999999999874,30.0,91,162.56,scheduled_fill
corrected_execution__halt_aware__with_dividends__slip_0p0025,2019-01-28,short,31,162.295,3857,-2063.4950000000963,30.0,61,162.83,scheduled_fill
corrected_execution__halt_aware__with_dividends__slip_0p0025,2019-01-28,short,151,162.03,3857,-1504.2299999999473,30.0,181,162.42,scheduled_fill
corrected_execution__halt_aware__with_dividends__slip_0p0025,2019-01-29,short,61,162.45,3570,3498.599999999963,330.0,390,161.47,end_of_session
corrected_execution__halt_aware__with_dividends__slip_0p0025,2019-01-30,long,301,165.42,3522,1127.040000000076,90.0,390,165.74,end_of_session
corrected_execution__halt_aware__with_dividends__slip_0p0025,2019-01-31,long,31,167.29,2943,1618.6500000000337,330.0,361,167.84,scheduled_fill
corrected_execution__halt_aware__with_dividends__slip_0p0025,2019-02-04,long,31,168.175,2816,3238.399999999936,360.0,390,169.325,end_of_session
corrected_execution__halt_aware__with_dividends__slip_0p0025,2019-02-05,long,31,170.55,2855,-114.20000000005828,90.0,121,170.51,scheduled_fill
corrected_execution__halt_aware__with_dividends__slip_0p0025,2019-02-05,long,301,170.8201,2855,370.8644999999776,30.0,331,170.95,scheduled_fill
corrected_execution__halt_aware__with_dividends__slip_0p0025,2019-02-05,long,361,171.15,2855,-513.9000000000194,30.0,390,170.97,end_of_session
corrected_execution__halt_aware__with_dividends__slip_0p0025,2019-02-06,short,61,170.16,2942,-2037.9234000000065,30.0,91,170.8527,scheduled_fill
corrected_execution__halt_aware__with_dividends__slip_0p0025,2019-02-07,short,121,167.94,2936,-264.24000000000956,270.0,390,168.03,end_of_session
corrected_execution__halt_aware__with_dividends__slip_0p0025,2019-03-05,short,31,173.89,7192,-791.120000000097,30.0,61,174.0,scheduled_fill
corrected_execution__halt_aware__with_dividends__slip_0p0025,2019-03-06,short,61,174.01,7166,3081.3799999998464,330.0,390,173.58,end_of_session
corrected_execution__halt_aware__with_dividends__slip_0p0025,2019-03-07,short,31,171.9,7298,-1167.6799999999755,90.0,121,172.06,scheduled_fill
corrected_execution__halt_aware__with_dividends__slip_0p0025,2019-03-07,short,271,171.92,7298,3503.0399999999263,120.0,390,171.44,end_of_session
corrected_execution__halt_aware__with_dividends__slip_0p0025,2019-03-11,long,31,173.05,6912,11957.75999999993,360.0,390,174.78,end_of_session
corrected_execution__halt_aware__with_dividends__slip_0p0025,2019-03-12,long,91,175.82,4792,-2060.560000000033,30.0,121,175.39,scheduled_fill
corrected_execution__halt_aware__with_dividends__slip_0p0025,2019-03-12,long,151,176.05,4792,-910.4799999999891,90.0,241,175.86,scheduled_fill
corrected_execution__halt_aware__with_dividends__slip_0p0025,2019-03-12,long,271,176.02,4792,-670.8800000000708,30.0,301,175.88,scheduled_fill
corrected_execution__halt_aware__with_dividends__slip_0p0025,2019-03-13,long,121,177.6,4676,-1215.292399999942,60.0,181,177.3401,scheduled_fill
corrected_execution__halt_aware__with_dividends__slip_0p0025,2019-03-13,long,211,177.395,4676,210.41999999994118,120.0,331,177.44,scheduled_fill
corrected_execution__halt_aware__with_dividends__slip_0p0025,2019-03-15,long,31,178.01,4698,-187.9199999999629,60.0,91,177.97,scheduled_fill
corrected_execution__halt_aware__with_dividends__slip_0p0025,2019-03-15,long,121,178.24,4698,46.979999999958125,270.0,390,178.25,end_of_session
corrected_execution__halt_aware__with_dividends__slip_0p0025,2019-03-18,long,31,178.65,4558,-2598.0599999999695,90.0,121,178.08,scheduled_fill
corrected_execution__halt_aware__with_dividends__slip_0p0025,2019-03-20,long,301,180.41,4517,-2055.234999999928,90.0,390,179.955,end_of_session
corrected_execution__halt_aware__with_dividends__slip_0p0025,2019-03-21,long,31,180.59,4517,8717.81000000003,360.0,390,182.52,end_of_session
corrected_execution__halt_aware__with_dividends__slip_0p0025,2019-03-22,short,31,180.59,4305,-2970.4499999999916,30.0,61,181.28,scheduled_fill
corrected_execution__halt_aware__with_dividends__slip_0p0025,2019-03-22,short,91,180.6,4305,9040.499999999978,300.0,390,178.5,end_of_session
corrected_execution__halt_aware__with_dividends__slip_0p0025,2019-03-26,long,31,180.455,3455,-1226.5250000000626,30.0,61,180.1,scheduled_fill
corrected_execution__halt_aware__with_dividends__slip_0p0025,2019-03-27,short,121,177.43,3535,-2120.999999999979,150.0,271,178.03,scheduled_fill
corrected_execution__halt_aware__with_dividends__slip_0p0025,2019-04-03,long,121,184.65,4023,-925.2900000000734,120.0,241,184.42,scheduled_fill
corrected_execution__halt_aware__with_dividends__slip_0p0025,2019-04-04,short,211,183.1,4022,-670.0652000000674,30.0,241,183.2666,scheduled_fill
corrected_execution__halt_aware__with_dividends__slip_0p0025,2019-04-11,short,301,184.8,4267,-42.66999999996139,60.0,361,184.81,scheduled_fill
corrected_execution__halt_aware__with_dividends__slip_0p0025,2019-04-15,short,61,185.15,7017,-1192.8899999999123,60.0,121,185.32,scheduled_fill
corrected_execution__halt_aware__with_dividends__slip_0p0025,2019-04-15,short,151,185.25,7017,-1157.804999999944,90.0,241,185.415,scheduled_fill
corrected_execution__halt_aware__with_dividends__slip_0p0025,2019-04-18,short,31,186.74,6990,-838.8000000000304,60.0,91,186.86,scheduled_fill
corrected_execution__halt_aware__with_dividends__slip_0p0025,2019-04-22,long,301,187.79,7005,-350.2499999998805,60.0,361,187.74,scheduled_fill
corrected_execution__halt_aware__with_dividends__slip_0p0025,2019-04-23,long,31,189.1,6930,8038.799999999976,360.0,390,190.26,end_of_session
corrected_execution__halt_aware__with_dividends__slip_0p0025,2019-04-26,short,31,188.95,7032,-3726.960000000008,30.0,61,189.48,scheduled_fill
corrected_execution__halt_aware__with_dividends__slip_0p0025,2019-04-29,long,301,191.165,6937,-1040.5500000000397,60.0,361,191.015,scheduled_fill
corrected_execution__halt_aware__with_dividends__slip_0p0025,2019-04-30,short,121,188.46,6956,-3964.919999999953,30.0,151,189.03,scheduled_fill
corrected_execution__halt_aware__with_dividends__slip_0p0025,2019-05-02,short,121,188.2765,6895,1837.517500000048,270.0,390,188.01,end_of_session
corrected_execution__halt_aware__with_dividends__slip_0p0025,2019-05-03,long,91,190.48,6903,4763.069999999984,300.0,390,191.17,end_of_session
corrected_execution__halt_aware__with_dividends__slip_0p0025,2019-05-07,short,91,186.5869,5174,2881.400600000066,300.0,390,186.03,end_of_session
corrected_execution__halt_aware__with_dividends__slip_0p0025,2019-05-09,short,31,182.99,4110,-1027.499999999999,120.0,151,183.24,scheduled_fill
corrected_execution__halt_aware__with_dividends__slip_0p0025,2019-05-10,short,61,182.92,4055,296.82599999993784,120.0,181,182.8468,scheduled_fill
corrected_execution__halt_aware__with_dividends__slip_0p0025,2019-05-13,short,31,179.83,4164,1165.920000000002,270.0,301,179.55,scheduled_fill
corrected_execution__halt_aware__with_dividends__slip_0p0025,2019-05-13,short,361,178.86,4164,1041.0000000000005,30.0,390,178.61,end_of_session
corrected_execution__halt_aware__with_dividends__slip_0p0025,2019-05-14,long,61,180.41,3254,-585.7200000000223,30.0,91,180.23,scheduled_fill
corrected_execution__halt_aware__with_dividends__slip_0p0025,2019-05-14,long,121,180.88,3254,-943.6599999999735,270.0,390,180.59,end_of_session
corrected_execution__halt_aware__with_dividends__slip_0p0025,2019-05-15,long,61,181.78,3049,3719.7799999999984,330.0,390,183.0,end_of_session
corrected_execution__halt_aware__with_dividends__slip_0p0025,2019-05-16,long,31,184.67,2861,629.4199999999958,360.0,390,184.89,end_of_session
corrected_execution__halt_aware__with_dividends__slip_0p0025,2019-05-23,short,181,177.58,2647,-635.279999999949,60.0,241,177.82,scheduled_fill
corrected_execution__halt_aware__with_dividends__slip_0p0025,2019-05-23,short,271,177.54,2647,-2435.2400000000425,90.0,361,178.46,scheduled_fill
corrected_execution__halt_aware__with_dividends__slip_0p0025,2019-05-28,long,31,179.28,2769,-1356.8100000000254,30.0,61,178.79,scheduled_fill
corrected_execution__halt_aware__with_dividends__slip_0p0025,2019-05-29,short,151,175.21,2960,-1805.5999999999563,30.0,181,175.82,scheduled_fill
corrected_execution__halt_aware__with_dividends__slip_0p0025,2019-06-03,short,31,172.12,2880,-1439.7119999999904,30.0,61,172.6199,scheduled_fill
corrected_execution__halt_aware__with_dividends__slip_0p0025,2019-06-03,short,151,172.11,2880,5097.31200000002,240.0,390,170.3401,end_of_session
corrected_execution__halt_aware__with_dividends__slip_0p0025,2019-06-04,long,61,172.86,3377,-101.31000000000401,30.0,91,172.83,scheduled_fill
corrected_execution__halt_aware__with_dividends__slip_0p0025,2019-06-04,long,121,173.92,3377,3444.5400000000345,270.0,390,174.94,end_of_session
corrected_execution__halt_aware__with_dividends__slip_0p0025,2019-06-06,long,361,177.62,2902,-406.28000000004295,30.0,390,177.48,end_of_session
corrected_execution__halt_aware__with_dividends__slip_0p0025,2019-06-07,long,31,179.79,2915,3804.0750000000253,360.0,390,181.095,end_of_session
corrected_execution__halt_aware__with_dividends__slip_0p0025,2019-06-10,long,31,183.17,2643,687.1800000000503,270.0,301,183.43,scheduled_fill
corrected_execution__halt_aware__with_dividends__slip_0p0025,2019-06-13,long,31,183.705,2744,-480.2000000000312,30.0,61,183.53,scheduled_fill
corrected_execution__halt_aware__with_dividends__slip_0p0025,2019-07-08,short,31,188.98,4603,-1657.0800000000627,30.0,61,189.34,scheduled_fill
corrected_execution__halt_aware__with_dividends__slip_0p0025,2019-07-08,short,151,189.2727,4603,-585.9619000000899,60.0,211,189.4,scheduled_fill
corrected_execution__halt_aware__with_dividends__slip_0p0025,2019-07-09,long,151,190.23,4404,484.44000000005985,210.0,361,190.34,scheduled_fill
corrected_execution__halt_aware__with_dividends__slip_0p0025,2019-07-10,long,31,192.905,4791,-3377.655000000059,30.0,61,192.2,scheduled_fill
corrected_execution__halt_aware__with_dividends__slip_0p0025,2019-07-10,long,151,192.3802,4791,-1198.7082000000319,30.0,181,192.13,scheduled_fill
corrected_execution__halt_aware__with_dividends__slip_0p0025,2019-07-10,long,271,192.635,4791,-2563.184999999983,30.0,301,192.1,scheduled_fill
corrected_execution__halt_aware__with_dividends__slip_0p0025,2019-07-12,long,181,193.15,4709,441.7041999999411,60.0,241,193.2438,scheduled_fill
corrected_execution__halt_aware__with_dividends__slip_0p0025,2019-07-16,short,181,192.99,4740,-2085.5999999999894,60.0,241,193.43,scheduled_fill
corrected_execution__halt_aware__with_dividends__slip_0p0025,2019-07-16,short,271,192.915,4740,-1256.1000000000708,60.0,331,193.18,scheduled_fill
corrected_execution__halt_aware__with_dividends__slip_0p0025,2019-07-18,short,151,190.77,6178,-2471.1999999998593,30.0,181,191.17,scheduled_fill
corrected_execution__halt_aware__with_dividends__slip_0p0025,2019-07-19,short,301,191.678,6073,4512.238999999969,90.0,390,190.935,end_of_session
corrected_execution__halt_aware__with_dividends__slip_0p0025,2019-07-22,long,31,192.39,5619,-2303.789999999981,60.0,91,191.98,scheduled_fill
corrected_execution__halt_aware__with_dividends__slip_0p0025,2019-07-22,long,121,192.0,5619,3539.969999999979,270.0,390,192.63,end_of_session
corrected_execution__halt_aware__with_dividends__slip_0p0025,2019-07-24,long,241,194.29,5984,-179.5200000000068,30.0,271,194.26,scheduled_fill
corrected_execution__halt_aware__with_dividends__slip_0p0025,2019-07-24,long,331,194.72,5984,1974.7200000000748,60.0,390,195.05,end_of_session
corrected_execution__halt_aware__with_dividends__slip_0p0025,2019-07-25,short,31,193.61,6018,-2948.8199999998847,60.0,91,194.1,scheduled_fill
corrected_execution__halt_aware__with_dividends__slip_0p0025,2019-07-25,short,121,193.6603,6018,3672.7853999999725,270.0,390,193.05,end_of_session
corrected_execution__halt_aware__with_dividends__slip_0p0025,2019-07-26,long,31,195.23,5346,-2138.3999999998787,30.0,61,194.83,scheduled_fill
corrected_execution__halt_aware__with_dividends__slip_0p0025,2019-07-26,long,151,195.32,5346,-374.2199999999636,30.0,181,195.25,scheduled_fill
corrected_execution__halt_aware__with_dividends__slip_0p0025,2019-07-29,short,31,193.84,5031,-1458.9899999999595,90.0,121,194.13,scheduled_fill
corrected_execution__halt_aware__with_dividends__slip_0p0025,2019-07-31,short,331,191.09,5060,-1366.2000000000521,60.0,390,191.36,end_of_session
corrected_execution__halt_aware__with_dividends__slip_0p0025,2019-08-01,long,31,192.89,4621,1709.7700000000166,210.0,241,193.26,scheduled_fill
corrected_execution__halt_aware__with_dividends__slip_0p0025,2019-08-01,short,301,190.07,4621,-2957.4400000000683,60.0,361,190.71,scheduled_fill
corrected_execution__halt_aware__with_dividends__slip_0p0025,2019-08-02,short,31,188.02,4711,2685.270000000095,150.0,181,187.45,scheduled_fill
corrected_execution__halt_aware__with_dividends__slip_0p0025,2019-08-02,short,211,186.75,4711,-3533.25,150.0,361,187.5,scheduled_fill
corrected_execution__halt_aware__with_dividends__slip_0p0025,2019-08-05,short,31,182.79,4365,8511.749999999949,360.0,390,180.84,end_of_session
corrected_execution__halt_aware__with_dividends__slip_0p0025,2019-08-06,long,301,183.58,3123,-1124.2800000000427,30.0,331,183.22,scheduled_fill
corrected_execution__halt_aware__with_dividends__slip_0p0025,2019-08-08,long,91,186.67,2780,4002.922000000063,300.0,390,188.1099,end_of_session
corrected_execution__halt_aware__with_dividends__slip_0p0025,2019-08-09,short,61,186.35,2543,-483.1699999999942,30.0,91,186.54,scheduled_fill
corrected_execution__halt_aware__with_dividends__slip_0p0025,2019-08-09,short,121,185.46,2543,-1907.2499999999993,90.0,211,186.21,scheduled_fill
corrected_execution__halt_aware__with_dividends__slip_0p0025,2019-08-12,short,331,183.64,2578,-1521.0200000000084,30.0,361,184.23,scheduled_fill
corrected_execution__halt_aware__with_dividends__slip_0p0025,2019-08-13,long,31,188.91,2586,-2896.320000000011,90.0,121,187.79,scheduled_fill
corrected_execution__halt_aware__with_dividends__slip_0p0025,2019-08-13,long,151,188.34,2586,-51.72000000002669,240.0,390,188.32,end_of_session
corrected_execution__halt_aware__with_dividends__slip_0p0025,2019-08-14,short,121,183.93,2341,2575.099999999988,270.0,390,182.83,end_of_session
corrected_execution__halt_aware__with_dividends__slip_0p0025,2019-08-16,long,91,185.74,2241,-896.4000000000128,30.0,121,185.34,scheduled_fill
corrected_execution__halt_aware__with_dividends__slip_0p0025,2019-08-16,long,241,185.74,2241,-156.87000000004826,30.0,271,185.67,scheduled_fill
corrected_execution__halt_aware__with_dividends__slip_0p0025,2019-08-22,short,91,186.77,1996,-1776.4399999999732,90.0,181,187.66,scheduled_fill
corrected_execution__halt_aware__with_dividends__slip_0p0025,2019-08-23,short,121,184.62,2067,5539.560000000008,270.0,390,181.94,end_of_session
corrected_execution__halt_aware__with_dividends__slip_0p0025,2019-08-29,long,31,188.07,2250,-472.49999999995373,30.0,61,187.86,scheduled_fill
corrected_execution__halt_aware__with_dividends__slip_0p0025,2019-08-30,short,121,186.77,2180,-850.1999999999703,30.0,151,187.16,scheduled_fill
corrected_execution__halt_aware__with_dividends__slip_0p0025,2019-09-05,long,31,191.37,2637,184.58999999998207,150.0,181,191.44,scheduled_fill
corrected_execution__halt_aware__with_dividends__slip_0p0025,2019-09-05,long,241,191.565,2637,-250.51499999999697,30.0,271,191.47,scheduled_fill
corrected_execution__halt_aware__with_dividends__slip_0p0025,2019-09-05,long,331,191.73,2637,145.035000000018,60.0,390,191.785,end_of_session
corrected_execution__halt_aware__with_dividends__slip_0p0025,2019-09-06,short,31,191.37,2495,-698.6000000000029,30.0,61,191.65,scheduled_fill
corrected_execution__halt_aware__with_dividends__slip_0p0025,2019-09-09,short,301,190.33,2564,-1416.6099999999508,60.0,361,190.8825,scheduled_fill
corrected_execution__halt_aware__with_dividends__slip_0p0025,2019-09-10,short,31,189.23,2666,-1652.920000000012,30.0,61,189.85,scheduled_fill
corrected_execution__halt_aware__with_dividends__slip_0p0025,2019-09-10,short,91,189.33,2666,-1253.019999999997,60.0,151,189.8,scheduled_fill
corrected_execution__halt_aware__with_dividends__slip_0p0025,2019-09-11,long,61,191.7817,2652,-123.84839999996575,30.0,91,191.735,scheduled_fill
corrected_execution__halt_aware__with_dividends__slip_0p0025,2019-09-11,long,151,192.18,2652,-583.439999999997,120.0,271,191.96,scheduled_fill
corrected_execution__halt_aware__with_dividends__slip_0p0025,2019-09-12,long,61,194.43,2597,-2051.6300000000533,30.0,91,193.64,scheduled_fill
corrected_execution__halt_aware__with_dividends__slip_0p0025,2019-09-18,short,241,191.33,4020,-1165.799999999968,30.0,271,191.62,scheduled_fill
corrected_execution__halt_aware__with_dividends__slip_0p0025,2019-09-18,short,301,190.52,4020,-4622.999999999908,60.0,361,191.67,scheduled_fill
corrected_execution__halt_aware__with_dividends__slip_0p0025,2019-09-19,long,31,193.68,3912,-684.6000000000445,120.0,151,193.505,scheduled_fill
corrected_execution__halt_aware__with_dividends__slip_0p0025,2019-09-20,short,151,192.225,4272,4891.439999999924,240.0,390,191.08,end_of_session
corrected_execution__halt_aware__with_dividends__slip_0p0025,2019-09-24,short,151,189.36,4399,6930.624500000029,240.0,390,187.7845,end_of_session
corrected_execution__halt_aware__with_dividends__slip_0p0025,2019-09-25,short,31,186.91,4464,-1473.1200000000558,30.0,61,187.24,scheduled_fill
corrected_execution__halt_aware__with_dividends__slip_0p0025,2019-09-25,long,121,188.38,4464,-385.2431999999744,30.0,151,188.2937,scheduled_fill
corrected_execution__halt_aware__with_dividends__slip_0p0025,2019-09-25,long,181,188.658,4464,6615.647999999999,210.0,390,190.14,end_of_session
corrected_execution__halt_aware__with_dividends__slip_0p0025,2019-09-26,short,31,188.8,5083,-1255.5009999999265,150.0,181,189.047,scheduled_fill
corrected_execution__halt_aware__with_dividends__slip_0p0025,2019-09-26,short,211,188.75,5083,-846.319500000068,60.0,271,188.9165,scheduled_fill
corrected_execution__halt_aware__with_dividends__slip_0p0025,2019-09-27,short,31,188.59,4997,-3198.079999999931,60.0,91,189.23,scheduled_fill
corrected_execution__halt_aware__with_dividends__slip_0p0025,2019-09-27,short,151,188.55,4997,7045.770000000118,240.0,390,187.14,end_of_session
corrected_execution__halt_aware__with_dividends__slip_0p0025,2019-09-30,long,121,188.39,4762,1666.7000000001094,210.0,331,188.74,scheduled_fill
corrected_execution__halt_aware__with_dividends__slip_0p0025,2019-10-01,long,31,190.41,4486,-6145.82000000002,30.0,61,189.04,scheduled_fill
corrected_execution__halt_aware__with_dividends__slip_0p0025,2019-10-01,short,151,187.91,4486,538.3200000000204,60.0,211,187.79,scheduled_fill
corrected_execution__halt_aware__with_dividends__slip_0p0025,2019-10-01,short,241,187.27,4486,-2018.6999999999493,90.0,331,187.72,scheduled_fill
corrected_execution__halt_aware__with_dividends__slip_0p0025,2019-10-02,short,31,184.6,4662,1585.0800000000238,330.0,361,184.26,scheduled_fill
corrected_execution__halt_aware__with_dividends__slip_0p0025,2019-10-03,long,121,184.865,4321,-1404.325000000074,30.0,151,184.54,scheduled_fill
corrected_execution__halt_aware__with_dividends__slip_0p0025,2019-10-03,long,181,185.34,4321,3197.540000000038,210.0,390,186.08,end_of_session
corrected_execution__halt_aware__with_dividends__slip_0p0025,2019-10-04,long,31,187.68,3869,-657.7300000000619,60.0,91,187.51,scheduled_fill
corrected_execution__halt_aware__with_dividends__slip_0p0025,2019-10-04,long,121,187.84,3869,1315.4600000000141,90.0,211,188.18,scheduled_fill
corrected_execution__halt_aware__with_dividends__slip_0p0025,2019-10-04,long,301,188.47,3869,1934.5,90.0,390,188.97,end_of_session
corrected_execution__halt_aware__with_dividends__slip_0p0025,2019-10-08,short,31,186.06,3529,-1482.1799999999557,60.0,91,186.48,scheduled_fill
corrected_execution__halt_aware__with_dividends__slip_0p0025,2019-10-08,short,121,186.11,3529,-471.1214999999928,30.0,151,186.2435,scheduled_fill
corrected_execution__halt_aware__with_dividends__slip_0p0025,2019-10-10,long,31,188.76,3158,-536.8599999999602,150.0,181,188.59,scheduled_fill
corrected_execution__halt_aware__with_dividends__slip_0p0025,2019-10-11,long,31,191.59,3090,494.3999999999876,120.0,151,191.75,scheduled_fill
corrected_execution__halt_aware__with_dividends__slip_0p0025,2019-10-11,long,301,192.32,3090,-30.899999999971897,30.0,331,192.31,scheduled_fill
corrected_execution__halt_aware__with_dividends__slip_0p0025,2019-10-11,long,361,192.39,3090,-3491.699999999986,30.0,390,191.26,end_of_session
corrected_execution__halt_aware__with_dividends__slip_0p0025,2019-10-15,long,61,192.84,3075,2275.500000000025,330.0,390,193.58,end_of_session
corrected_execution__halt_aware__with_dividends__slip_0p0025,2019-10-18,short,151,191.46,3260,-1874.4999999999634,120.0,271,192.035,scheduled_fill
corrected_execution__halt_aware__with_dividends__slip_0p0025,2019-10-25,long,91,194.88,3978,3063.0600000000427,300.0,390,195.65,end_of_session
corrected_execution__halt_aware__with_dividends__slip_0p0025,2019-10-28,long,61,197.28,3930,-117.90000000000447,30.0,91,197.25,scheduled_fill
corrected_execution__halt_aware__with_dividends__slip_0p0025,2019-10-28,long,181,197.55,3930,-653.5590000000266,30.0,211,197.3837,scheduled_fill
corrected_execution__halt_aware__with_dividends__slip_0p0025,2019-10-28,long,241,197.58,3930,-541.161000000093,30.0,271,197.4423,scheduled_fill
corrected_execution__halt_aware__with_dividends__slip_0p0025,2019-10-28,long,301,197.56,3930,206.3250000000359,90.0,390,197.6125,end_of_session
corrected_execution__halt_aware__with_dividends__slip_0p0025,2019-10-29,short,331,196.22,4744,-332.07999999996764,30.0,361,196.29,scheduled_fill
corrected_execution__halt_aware__with_dividends__slip_0p0025,2019-11-06,short,61,199.44,5054,353.77999999996564,60.0,121,199.37,scheduled_fill
corrected_execution__halt_aware__with_dividends__slip_0p0025,2019-11-06,short,151,199.075,5054,-2249.030000000109,90.0,241,199.52,scheduled_fill
corrected_execution__halt_aware__with_dividends__slip_0p0025,2019-11-07,long,91,201.43,4919,-457.9588999999637,30.0,121,201.3369,scheduled_fill
corrected_execution__halt_aware__with_dividends__slip_0p0025,2019-11-12,long,31,201.51,6285,-1068.4499999999225,270.0,301,201.34,scheduled_fill
corrected_execution__halt_aware__with_dividends__slip_0p0025,2019-11-18,short,61,201.945,6593,-3659.115000000045,30.0,91,202.5,scheduled_fill
corrected_execution__halt_aware__with_dividends__slip_0p0025,2019-11-18,long,271,203.05,6593,362.61499999985745,90.0,361,203.105,scheduled_fill
corrected_execution__halt_aware__with_dividends__slip_0p0025,2019-11-20,short,211,201.46,6519,-3129.1199999999308,180.0,390,201.94,end_of_session
corrected_execution__halt_aware__with_dividends__slip_0p0025,2019-11-21,short,151,201.225,6483,-2431.125,60.0,211,201.6,scheduled_fill
corrected_execution__halt_aware__with_dividends__slip_0p0025,2019-11-22,short,121,201.25,6427,-1028.319999999978,30.0,151,201.41,scheduled_fill
corrected_execution__halt_aware__with_dividends__slip_0p0025,2019-11-25,long,31,203.56,6390,3833.999999999966,360.0,390,204.16,end_of_session
corrected_execution__halt_aware__with_dividends__slip_0p0025,2019-11-27,long,151,205.7,6384,255.36000000013064,60.0,211,205.74,scheduled_fill
corrected_execution__halt_aware__with_dividends__slip_0p0025,2019-11-27,long,241,205.875,6384,798.0,150.0,390,206.0,end_of_session
corrected_execution__halt_aware__with_dividends__slip_0p0025,2019-12-02,short,31,203.55,6405,4067.1750000001152,210.0,241,202.915,scheduled_fill
corrected_execution__halt_aware__with_dividends__slip_0p0025,2019-12-02,short,361,202.86,6405,640.5000000001457,30.0,390,202.76,end_of_session
corrected_execution__halt_aware__with_dividends__slip_0p0025,2019-12-06,long,181,204.86,5291,264.5499999999098,30.0,211,204.91,scheduled_fill
corrected_execution__halt_aware__with_dividends__slip_0p0025,2019-12-06,long,241,205.0,5291,-396.8249999999397,120.0,361,204.925,scheduled_fill
corrected_execution__halt_aware__with_dividends__slip_0p0025,2019-12-09,long,31,205.39,4905,-343.3499999999665,30.0,61,205.32,scheduled_fill
corrected_execution__halt_aware__with_dividends__slip_0p0025,2019-12-11,long,331,205.05,4812,264.65999999989606,60.0,390,205.105,end_of_session
corrected_execution__halt_aware__with_dividends__slip_0p0025,2019-12-12,long,31,206.37,4916,-2064.720000000079,90.0,121,205.95,scheduled_fill
corrected_execution__halt_aware__with_dividends__slip_0p0025,2019-12-12,long,361,206.3225,4916,1364.1900000000162,30.0,390,206.6,end_of_session
corrected_execution__halt_aware__with_dividends__slip_0p0025,2019-12-13,long,181,207.27,4761,-380.88000000005945,180.0,361,207.19,scheduled_fill
corrected_execution__halt_aware__with_dividends__slip_0p0025,2019-12-16,long,61,209.5,4704,-1153.8911999999345,270.0,331,209.2547,scheduled_fill
corrected_execution__halt_aware__with_dividends__slip_0p0025,2019-12-16,long,361,209.31,4704,-658.0896000000539,30.0,390,209.1701,end_of_session
corrected_execution__halt_aware__with_dividends__slip_0p0025,2019-12-19,long,121,210.42,4959,1929.051000000049,270.0,390,210.809,end_of_session
corrected_execution__halt_aware__with_dividends__slip_0p0025,2019-12-26,long,91,212.95,6246,4184.820000000098,300.0,390,213.62,end_of_session
corrected_execution__halt_aware__with_dividends__slip_0p0025,2019-12-30,short,31,211.745,6288,-2420.879999999943,90.0,121,212.13,scheduled_fill
corrected_execution__halt_aware__with_dividends__slip_0p0025,2020-01-02,long,211,215.015,6216,-839.1599999999435,30.0,241,214.88,scheduled_fill
corrected_execution__halt_aware__with_dividends__slip_0p0025,2020-01-02,long,301,215.34,6216,4102.5599999999795,90.0,390,216.0,end_of_session
corrected_execution__halt_aware__with_dividends__slip_0p0025,2020-01-08,long,31,216.19,5082,-1016.3999999999423,30.0,61,215.99,scheduled_fill
corrected_execution__halt_aware__with_dividends__slip_0p0025,2020-01-08,long,151,217.0787,5082,-95.03339999997917,240.0,390,217.06,end_of_session
corrected_execution__halt_aware__with_dividends__slip_0p0025,2020-01-13,long,151,220.21,4668,3454.3199999999088,240.0,390,220.95,end_of_session
corrected_execution__halt_aware__with_dividends__slip_0p0025,2020-01-14,short,31,219.82,4423,-3273.0200000000395,30.0,61,220.56,scheduled_fill
corrected_execution__halt_aware__with_dividends__slip_0p0025,2020-01-15,long,91,221.12,4265,-1471.4249999999952,30.0,121,220.775,scheduled_fill
corrected_execution__halt_aware__with_dividends__slip_0p0025,2020-01-24,short,181,223.0599,5339,-3791.2239000000586,30.0,211,223.77,scheduled_fill
corrected_execution__halt_aware__with_dividends__slip_0p0025,2020-01-24,short,241,223.2499,5339,3256.2561000000524,150.0,390,222.64,end_of_session
corrected_execution__halt_aware__with_dividends__slip_0p0025,2020-01-28,long,61,220.38,3660,4062.6000000000495,330.0,390,221.49,end_of_session
corrected_execution__halt_aware__with_dividends__slip_0p0025,2020-01-30,short,91,219.9,3384,-2707.1999999999425,30.0,121,220.7,scheduled_fill
corrected_execution__halt_aware__with_dividends__slip_0p0025,2020-01-31,short,61,221.06,3387,5961.458699999979,330.0,390,219.2999,end_of_session
corrected_execution__halt_aware__with_dividends__slip_0p0025,2020-02-03,long,31,222.2,3152,-630.3999999999642,120.0,151,222.0,scheduled_fill
corrected_execution__halt_aware__with_dividends__slip_0p0025,2020-02-03,long,181,222.385,3152,-1560.2400000000143,60.0,241,221.89,scheduled_fill
corrected_execution__halt_aware__with_dividends__slip_0p0025,2020-02-03,long,271,222.25,3152,-661.9200000000251,30.0,301,222.04,scheduled_fill
corrected_execution__halt_aware__with_dividends__slip_0p0025,2020-02-03,long,331,222.25,3152,189.12000000000717,60.0,390,222.31,end_of_session
corrected_execution__halt_aware__with_dividends__slip_0p0025,2020-02-04,long,121,226.6214,2986,2011.3695999999802,270.0,390,227.295,end_of_session
corrected_execution__halt_aware__with_dividends__slip_0p0025,2020-02-10,long,31,230.0701,2574,977.8625999999806,150.0,181,230.45,scheduled_fill
corrected_execution__halt_aware__with_dividends__slip_0p0025,2020-02-10,long,241,230.6701,2574,3062.802600000058,150.0,390,231.86,end_of_session
corrected_execution__halt_aware__with_dividends__slip_0p0025,2020-02-20,short,121,234.18,3194,-223.5799999999785,180.0,301,234.25,scheduled_fill
corrected_execution__halt_aware__with_dividends__slip_0p0025,2020-02-21,short,31,231.9,2982,4965.029999999974,360.0,390,230.235,end_of_session
corrected_execution__halt_aware__with_dividends__slip_0p0025,2020-02-25,short,61,220.71,2110,10866.500000000011,330.0,390,215.56,end_of_session
corrected_execution__halt_aware__with_dividends__slip_0p0025,2020-02-26,long,61,219.49,2216,-2437.6000000000504,90.0,151,218.39,scheduled_fill
corrected_execution__halt_aware__with_dividends__slip_0p0025,2020-02-27,short,61,209.29,2259,-3591.3581999999924,30.0,91,210.8798,scheduled_fill
corrected_execution__halt_aware__with_dividends__slip_0p0025,2020-02-27,short,361,208.9,2259,5963.760000000033,30.0,390,206.26,end_of_session
corrected_execution__halt_aware__with_dividends__slip_0p0025,2020-03-02,long,121,211.32,1860,-2120.3999999999774,210.0,331,210.18,scheduled_fill
corrected_execution__halt_aware__with_dividends__slip_0p0025,2020-03-02,long,361,212.27,1860,7458.599999999984,30.0,390,216.28,end_of_session
corrected_execution__halt_aware__with_dividends__slip_0p0025,2020-03-03,short,31,214.26,1385,-4875.200000000016,30.0,61,217.78,scheduled_fill
corrected_execution__halt_aware__with_dividends__slip_0p0025,2020-03-03,short,121,213.61,1385,-2714.5999999999717,30.0,151,215.57,scheduled_fill
corrected_execution__halt_aware__with_dividends__slip_0p0025,2020-03-03,short,181,213.99,1385,6107.849999999988,210.0,390,209.58,end_of_session
corrected_execution__halt_aware__with_dividends__slip_0p0025,2020-03-04,long,241,215.765,1352,-466.43999999999846,30.0,271,215.42,scheduled_fill
corrected_execution__halt_aware__with_dividends__slip_0p0025,2020-03-04,long,301,216.13,1352,-693.4408000000026,30.0,331,215.6171,scheduled_fill
corrected_execution__halt_aware__with_dividends__slip_0p0025,2020-03-04,long,361,216.6157,1352,2184.020799999992,30.0,390,218.2311,end_of_session
corrected_execution__halt_aware__with_dividends__slip_0p0025,2020-03-11,short,241,196.5,1010,535.2999999999997,150.0,390,195.97,end_of_session
corrected_execution__halt_aware__with_dividends__slip_0p0025,2020-03-17,long,121,179.64,729,-1432.1204999999904,120.0,241,177.6755,scheduled_fill
corrected_execution__halt_aware__with_dividends__slip_0p0025,2020-03-17,long,271,180.34,729,444.6899999999896,120.0,390,180.95,end_of_session
corrected_execution__halt_aware__with_dividends__slip_0p0025,2020-03-19,long,61,179.1925,689,-1014.5524999999976,30.0,91,177.72,scheduled_fill
corrected_execution__halt_aware__with_dividends__slip_0p0025,2020-03-19,long,121,181.73,689,-2649.2049999999977,60.0,181,177.885,scheduled_fill
corrected_execution__halt_aware__with_dividends__slip_0p0025,2020-03-19,long,241,179.32,689,-1136.8500000000029,150.0,390,177.67,end_of_session
corrected_execution__halt_aware__with_dividends__slip_0p0025,2020-03-20,short,181,174.65,649,-1674.4199999999892,60.0,241,177.23,scheduled_fill
corrected_execution__halt_aware__with_dividends__slip_0p0025,2020-03-20,short,331,173.4,649,1700.3800000000033,60.0,390,170.78,end_of_session
corrected_execution__halt_aware__with_dividends__slip_0p0025,2020-03-23,short,121,166.47,716,-1517.9200000000037,60.0,181,168.59,scheduled_fill
corrected_execution__halt_aware__with_dividends__slip_0p0025,2020-03-25,short,61,181.41,632,-1074.4000000000108,30.0,91,183.11,scheduled_fill
corrected_execution__halt_aware__with_dividends__slip_0p0025,2020-03-25,long,241,187.35,632,-56.880000000002156,60.0,301,187.26,scheduled_fill
corrected_execution__halt_aware__with_dividends__slip_0p0025,2020-03-26,long,31,186.31,636,3415.3200000000033,360.0,390,191.68,end_of_session
corrected_execution__halt_aware__with_dividends__slip_0p0025,2020-03-30,long,61,189.29,628,25.12000000001285,30.0,91,189.33,scheduled_fill
corrected_execution__halt_aware__with_dividends__slip_0p0025,2020-03-30,long,121,190.875,628,-141.29999999999643,30.0,151,190.65,scheduled_fill
corrected_execution__halt_aware__with_dividends__slip_0p0025,2020-03-30,long,181,190.9,628,596.5999999999929,210.0,390,191.85,end_of_session
corrected_execution__halt_aware__with_dividends__slip_0p0025,2020-04-03,short,241,182.51,764,-320.88000000001216,90.0,331,182.93,scheduled_fill
corrected_execution__halt_aware__with_dividends__slip_0p0025,2020-04-06,long,241,193.59,957,-215.3249999999945,60.0,301,193.365,scheduled_fill
corrected_execution__halt_aware__with_dividends__slip_0p0025,2020-04-06,long,331,194.18,957,2794.4399999999873,60.0,390,197.1,end_of_session
corrected_execution__halt_aware__with_dividends__slip_0p0025,2020-04-14,long,31,209.5,963,-390.01500000000135,90.0,121,209.095,scheduled_fill
corrected_execution__halt_aware__with_dividends__slip_0p0025,2020-04-14,long,181,210.67,963,943.7400000000177,210.0,390,211.65,end_of_session
corrected_execution__halt_aware__with_dividends__slip_0p0025,2020-04-16,long,151,214.08,1028,-2487.7600000000166,30.0,181,211.66,scheduled_fill
corrected_execution__halt_aware__with_dividends__slip_0p0025,2020-04-21,short,31,209.36,1233,2478.3300000000218,270.0,301,207.35,scheduled_fill
corrected_execution__halt_aware__with_dividends__slip_0p0025,2020-04-21,short,331,205.66,1233,443.8799999999821,60.0,390,205.3,end_of_session
corrected_execution__halt_aware__with_dividends__slip_0p0025,2020-04-23,long,61,213.55,1263,467.30999999997005,60.0,121,213.92,scheduled_fill
corrected_execution__halt_aware__with_dividends__slip_0p0025,2020-04-24,short,31,209.73,1266,-1544.519999999999,30.0,61,210.95,scheduled_fill
corrected_execution__halt_aware__with_dividends__slip_0p0025,2020-04-28,short,61,214.03,1737,781.8236999999842,240.0,301,213.5799,scheduled_fill
corrected_execution__halt_aware__with_dividends__slip_0p0025,2020-04-28,short,331,212.77,1737,1957.5990000000165,60.0,390,211.643,end_of_session
corrected_execution__halt_aware__with_dividends__slip_0p0025,2020-04-29,long,61,217.75,1681,-4.706800000012748,30.0,91,217.7472,scheduled_fill
corrected_execution__halt_aware__with_dividends__slip_0p0025,2020-04-29,long,181,218.41,1681,403.4400000000131,210.0,390,218.65,end_of_session
corrected_execution__halt_aware__with_dividends__slip_0p0025,2020-05-01,short,211,212.43,1619,-922.829999999989,90.0,301,213.0,scheduled_fill
corrected_execution__halt_aware__with_dividends__slip_0p0025,2020-05-04,long,361,214.825,1475,641.6250000000033,30.0,390,215.26,end_of_session
corrected_execution__halt_aware__with_dividends__slip_0p0025,2020-05-05,long,31,218.57,1609,-514.879999999989,30.0,61,218.25,scheduled_fill
corrected_execution__halt_aware__with_dividends__slip_0p0025,2020-05-05,long,241,219.325,1609,-1343.5149999999676,120.0,361,218.49,scheduled_fill
corrected_execution__halt_aware__with_dividends__slip_0p0025,2020-05-11,long,241,227.11,1613,-80.65000000001851,150.0,390,227.06,end_of_session
corrected_execution__halt_aware__with_dividends__slip_0p0025,2020-05-12,short,31,226.25,1923,-413.44500000000687,30.0,61,226.465,scheduled_fill
corrected_execution__halt_aware__with_dividends__slip_0p0025,2020-05-12,short,361,224.99,1923,4692.119999999995,30.0,390,222.55,end_of_session
corrected_execution__halt_aware__with_dividends__slip_0p0025,2020-05-13,long,61,224.07,1954,-2676.980000000009,30.0,91,222.7,scheduled_fill
corrected_execution__halt_aware__with_dividends__slip_0p0025,2020-05-13,short,151,219.24,1954,-703.4399999999735,240.0,390,219.6,end_of_session
corrected_execution__halt_aware__with_dividends__slip_0p0025,2020-05-14,short,31,216.67,1914,-1320.6600000000499,60.0,91,217.36,scheduled_fill
corrected_execution__halt_aware__with_dividends__slip_0p0025,2020-05-18,long,91,227.635,1866,-158.60999999996181,60.0,151,227.55,scheduled_fill
corrected_execution__halt_aware__with_dividends__slip_0p0025,2020-05-19,long,31,228.71,1908,38.15999999996518,30.0,61,228.73,scheduled_fill
corrected_execution__halt_aware__with_dividends__slip_0p0025,2020-05-19,long,91,229.22,1908,-209.8799999999718,60.0,151,229.11,scheduled_fill
corrected_execution__halt_aware__with_dividends__slip_0p0025,2020-05-20,long,31,230.8401,2145,300.29999999997005,150.0,181,230.9801,scheduled_fill
corrected_execution__halt_aware__with_dividends__slip_0p0025,2020-05-21,short,91,229.96,2039,-265.0699999999914,90.0,181,230.09,scheduled_fill
corrected_execution__halt_aware__with_dividends__slip_0p0025,2020-05-21,short,211,229.37,2039,-305.8500000000115,30.0,241,229.52,scheduled_fill
corrected_execution__halt_aware__with_dividends__slip_0p0025,2020-05-21,short,331,229.14,2039,-489.3600000000185,30.0,361,229.38,scheduled_fill
corrected_execution__halt_aware__with_dividends__slip_0p0025,2020-05-27,short,31,226.5499,2625,-1024.0124999999723,150.0,181,226.94,scheduled_fill
corrected_execution__halt_aware__with_dividends__slip_0p0025,2020-05-28,long,91,231.68,2615,-1046.0000000000148,30.0,121,231.28,scheduled_fill
corrected_execution__halt_aware__with_dividends__slip_0p0025,2020-05-28,long,151,232.05,2615,-1856.6500000000215,210.0,361,231.34,scheduled_fill
corrected_execution__halt_aware__with_dividends__slip_0p0025,2020-06-02,short,121,232.72,2578,-1778.819999999994,60.0,181,233.41,scheduled_fill
corrected_execution__halt_aware__with_dividends__slip_0p0025,2020-06-04,long,31,237.67,3490,-1046.9999999999407,30.0,61,237.37,scheduled_fill
corrected_execution__halt_aware__with_dividends__slip_0p0025,2020-06-04,short,331,234.4,3490,-1500.700000000024,60.0,390,234.83,end_of_session
corrected_execution__halt_aware__with_dividends__slip_0p0025,2020-06-05,long,31,238.09,3238,4371.299999999975,360.0,390,239.44,end_of_session
corrected_execution__halt_aware__with_dividends__slip_0p0025,2020-06-09,long,91,243.08,3204,192.23999999991622,30.0,121,243.14,scheduled_fill
corrected_execution__halt_aware__with_dividends__slip_0p0025,2020-06-09,long,181,243.19,3204,544.680000000052,210.0,390,243.36,end_of_session
corrected_execution__halt_aware__with_dividends__slip_0p0025,2020-06-10,long,301,247.42,3211,-3371.5499999999447,30.0,331,246.37,scheduled_fill
corrected_execution__halt_aware__with_dividends__slip_0p0025,2020-06-10,long,361,247.46,3211,-3146.780000000058,30.0,390,246.48,end_of_session
corrected_execution__halt_aware__with_dividends__slip_0p0025,2020-06-11,short,151,240.7299,3422,21729.35779999997,240.0,390,234.38,end_of_session
corrected_execution__halt_aware__with_dividends__slip_0p0025,2020-06-12,short,271,232.52,1913,-1511.2699999999847,30.0,301,233.31,scheduled_fill
corrected_execution__halt_aware__with_dividends__slip_0p0025,2020-06-15,long,301,239.06,1950,-1696.500000000009,60.0,361,238.19,scheduled_fill
corrected_execution__halt_aware__with_dividends__slip_0p0025,2020-06-22,long,61,245.15,1842,-976.2600000000022,30.0,91,244.62,scheduled_fill
corrected_execution__halt_aware__with_dividends__slip_0p0025,2020-06-22,long,151,245.449,1842,1294.925999999953,90.0,241,246.152,scheduled_fill
corrected_execution__halt_aware__with_dividends__slip_0p0025,2020-06-23,long,121,250.08,1802,513.5699999999938,90.0,211,250.365,scheduled_fill
corrected_execution__halt_aware__with_dividends__slip_0p0025,2020-06-23,long,241,250.8199,1802,-107.93979999999812,30.0,271,250.76,scheduled_fill
corrected_execution__halt_aware__with_dividends__slip_0p0025,2020-06-24,short,31,246.45,1800,4950.000000000003,360.0,390,243.7,end_of_session
corrected_execution__halt_aware__with_dividends__slip_0p0025,2020-06-25,short,31,242.1601,1745,-3507.275499999979,30.0,61,244.17,scheduled_fill
corrected_execution__halt_aware__with_dividends__slip_0p0025,2020-06-26,short,31,244.38,1769,1875.140000000003,120.0,151,243.32,scheduled_fill
corrected_execution__halt_aware__with_dividends__slip_0p0025,2020-06-26,short,181,241.88,1769,-1167.5399999999938,60.0,241,242.54,scheduled_fill
corrected_execution__halt_aware__with_dividends__slip_0p0025,2020-06-26,short,271,241.9212,1769,3168.632800000005,120.0,390,240.13,end_of_session
corrected_execution__halt_aware__with_dividends__slip_0p0025,2020-06-30,long,31,244.55,1681,4925.498099999969,360.0,390,247.4801,end_of_session
corrected_execution__halt_aware__with_dividends__slip_0p0025,2020-07-01,long,61,248.95,1621,324.2000000000276,30.0,91,249.15,scheduled_fill
corrected_execution__halt_aware__with_dividends__slip_0p0025,2020-07-01,long,151,249.61,1621,729.4499999999814,30.0,181,250.06,scheduled_fill
corrected_execution__halt_aware__with_dividends__slip_0p0025,2020-07-01,long,211,250.14,1621,-194.51999999996124,30.0,241,250.02,scheduled_fill
corrected_execution__halt_aware__with_dividends__slip_0p0025,2020-07-01,long,361,251.15,1621,-1118.4899999999964,30.0,390,250.46,end_of_session
corrected_execution__halt_aware__with_dividends__slip_0p0025,2020-07-02,long,31,254.215,2375,-2553.125000000041,30.0,61,253.14,scheduled_fill
corrected_execution__halt_aware__with_dividends__slip_0p0025,2020-07-06,long,31,256.48,2342,2857.239999999932,240.0,271,257.7,scheduled_fill
corrected_execution__halt_aware__with_dividends__slip_0p0025,2020-07-07,long,61,259.86,2138,21.3799999999801,90.0,151,259.87,scheduled_fill
corrected_execution__halt_aware__with_dividends__slip_0p0025,2020-07-08,long,31,259.33,2144,-921.9200000000146,30.0,61,258.9,scheduled_fill
corrected_execution__halt_aware__with_dividends__slip_0p0025,2020-07-10,short,31,260.4994,2077,-1912.0862000000743,30.0,61,261.42,scheduled_fill
corrected_execution__halt_aware__with_dividends__slip_0p0025,2020-07-13,long,61,268.3,2032,-792.4799999999723,150.0,211,267.91,scheduled_fill
corrected_execution__halt_aware__with_dividends__slip_0p0025,2020-07-13,short,361,261.28,2032,5547.3599999999215,30.0,390,258.55,end_of_session
corrected_execution__halt_aware__with_dividends__slip_0p0025,2020-07-15,short,151,258.7699,1871,-430.33000000003426,30.0,181,258.9999,scheduled_fill
corrected_execution__halt_aware__with_dividends__slip_0p0025,2020-07-17,short,61,257.4,2051,-2317.629999999991,30.0,91,258.53,scheduled_fill
corrected_execution__halt_aware__with_dividends__slip_0p0025,2020-07-20,long,61,262.72,2447,10925.854999999932,330.0,390,267.185,end_of_session
corrected_execution__halt_aware__with_dividends__slip_0p0025,2020-07-21,short,151,264.59,2140,-2942.5,120.0,271,265.965,scheduled_fill
corrected_execution__halt_aware__with_dividends__slip_0p0025,2020-07-21,short,361,264.44,2140,1390.9999999999513,30.0,390,263.79,end_of_session
corrected_execution__halt_aware__with_dividends__slip_0p0025,2020-07-22,long,31,265.45,2110,-1244.6890000000003,30.0,61,264.8601,scheduled_fill
corrected_execution__halt_aware__with_dividends__slip_0p0025,2020-07-23,short,181,261.59,2129,8430.839999999955,210.0,390,257.63,end_of_session
corrected_execution__halt_aware__with_dividends__slip_0p0025,2020-07-27,long,31,258.96,2083,-1655.9849999999146,30.0,61,258.165,scheduled_fill
corrected_execution__halt_aware__with_dividends__slip_0p0025,2020-07-27,long,241,258.8843,2083,-186.0118999999587,30.0,271,258.795,scheduled_fill
corrected_execution__halt_aware__with_dividends__slip_0p0025,2020-07-27,long,301,259.605,2083,1010.2549999999094,90.0,390,260.09,end_of_session
corrected_execution__halt_aware__with_dividends__slip_0p0025,2020-07-28,short,31,258.23,1967,-1121.1899999999866,30.0,61,258.8,scheduled_fill
corrected_execution__halt_aware__with_dividends__slip_0p0025,2020-08-03,long,31,269.0399,1965,218.70450000005542,30.0,61,269.1512,scheduled_fill
corrected_execution__halt_aware__with_dividends__slip_0p0025,2020-08-06,long,301,273.97,1936,745.3599999999824,90.0,390,274.355,end_of_session
corrected_execution__halt_aware__with_dividends__slip_0p0025,2020-08-07,short,211,271.81,1898,759.1999999999553,180.0,390,271.41,end_of_session
corrected_execution__halt_aware__with_dividends__slip_0p0025,2020-08-10,short,31,270.2,2131,42.619999999960555,180.0,211,270.18,scheduled_fill
corrected_execution__halt_aware__with_dividends__slip_0p0025,2020-08-12,long,31,269.79,2076,4463.399999999954,360.0,390,271.94,end_of_session
corrected_execution__halt_aware__with_dividends__slip_0p0025,2020-08-13,long,91,274.21,2188,-676.9671999999614,60.0,151,273.9006,scheduled_fill
corrected_execution__halt_aware__with_dividends__slip_0p0025,2020-08-13,long,181,274.3694,2188,-2361.727199999921,60.0,241,273.29,scheduled_fill
corrected_execution__halt_aware__with_dividends__slip_0p0025,2020-08-14,short,61,271.09,2247,-257.2815000000474,30.0,91,271.2045,scheduled_fill
corrected_execution__halt_aware__with_dividends__slip_0p0025,2020-08-19,short,31,276.63,2463,-3251.1599999999835,30.0,61,277.95,scheduled_fill
corrected_execution__halt_aware__with_dividends__slip_0p0025,2020-08-20,long,31,277.4466,2390,-661.0739999999367,30.0,61,277.17,scheduled_fill
corrected_execution__halt_aware__with_dividends__slip_0p0025,2020-08-20,long,91,277.97,2390,5066.799999999871,300.0,390,280.09,end_of_session
corrected_execution__halt_aware__with_dividends__slip_0p0025,2020-08-21,long,91,281.7,2396,-551.0799999999074,30.0,121,281.47,scheduled_fill
corrected_execution__halt_aware__with_dividends__slip_0p0025,2020-08-25,long,241,284.825,2467,-505.73499999996073,30.0,271,284.62,scheduled_fill
corrected_execution__halt_aware__with_dividends__slip_0p0025,2020-08-25,long,331,285.3929,2467,1177.0057000000177,60.0,390,285.87,end_of_session
corrected_execution__halt_aware__with_dividends__slip_0p0025,2020-08-26,long,91,288.79,2410,7808.39999999989,300.0,390,292.03,end_of_session
corrected_execution__halt_aware__with_dividends__slip_0p0025,2020-08-27,short,211,289.33,2254,-3211.9500000000253,30.0,241,290.755,scheduled_fill
corrected_execution__halt_aware__with_dividends__slip_0p0025,2020-08-31,long,91,294.83,2409,-2771.0726999999006,30.0,121,293.6797,scheduled_fill
corrected_execution__halt_aware__with_dividends__slip_0p0025,2020-08-31,long,211,295.28,2409,1951.2900000000031,180.0,390,296.09,end_of_session
corrected_execution__halt_aware__with_dividends__slip_0p0025,2020-09-01,long,61,299.14,2997,-2727.269999999905,30.0,91,298.23,scheduled_fill
corrected_execution__halt_aware__with_dividends__slip_0p0025,2020-09-03,short,31,296.4999,3574,32594.52260000006,360.0,390,287.38,end_of_session
corrected_execution__halt_aware__with_dividends__slip_0p0025,2020-09-04,short,31,281.04,1713,1987.0800000000472,120.0,151,279.88,scheduled_fill
corrected_execution__halt_aware__with_dividends__slip_0p0025,2020-09-04,short,241,278.4,1713,-2148.102000000033,30.0,271,279.654,scheduled_fill
corrected_execution__halt_aware__with_dividends__slip_0p0025,2020-09-09,long,181,278.26,1402,-354.00499999999636,90.0,271,278.0075,scheduled_fill
corrected_execution__halt_aware__with_dividends__slip_0p0025,2020-09-09,long,331,278.77,1402,-771.0999999999361,60.0,390,278.22,end_of_session
corrected_execution__halt_aware__with_dividends__slip_0p0025,2020-09-10,short,301,272.27,1284,-308.1600000000117,90.0,390,272.51,end_of_session
corrected_execution__halt_aware__with_dividends__slip_0p0025,2020-09-11,short,211,269.055,1298,-902.1099999999907,120.0,331,269.75,scheduled_fill
corrected_execution__halt_aware__with_dividends__slip_0p0025,2020-09-14,long,31,275.82,1300,1065.9999999999911,90.0,121,276.64,scheduled_fill
corrected_execution__halt_aware__with_dividends__slip_0p0025,2020-09-14,long,151,276.83,1300,-1754.8699999999883,30.0,181,275.4801,scheduled_fill
corrected_execution__halt_aware__with_dividends__slip_0p0025,2020-09-16,short,361,275.66,1237,1397.8100000000647,30.0,390,274.53,end_of_session
corrected_execution__halt_aware__with_dividends__slip_0p0025,2020-09-18,short,181,266.56,1299,-350.72999999997654,210.0,390,266.83,end_of_session
corrected_execution__halt_aware__with_dividends__slip_0p0025,2020-09-23,short,151,268.36,1299,-1311.989999999988,60.0,211,269.37,scheduled_fill
corrected_execution__halt_aware__with_dividends__slip_0p0025,2020-09-23,short,241,268.6,1299,6417.060000000003,150.0,390,263.66,end_of_session
corrected_execution__halt_aware__with_dividends__slip_0p0025,2020-09-24,long,151,267.25,1347,-1158.4200000000183,150.0,301,266.39,scheduled_fill
corrected_execution__halt_aware__with_dividends__slip_0p0025,2020-09-25,long,121,268.94,1501,-1621.0799999999767,30.0,151,267.86,scheduled_fill
corrected_execution__halt_aware__with_dividends__slip_0p0025,2020-09-25,long,271,269.93,1501,2911.939999999996,120.0,390,271.87,end_of_session
corrected_execution__halt_aware__with_dividends__slip_0p0025,2020-09-30,long,31,278.46,1784,1177.4400000000433,300.0,331,279.12,scheduled_fill
corrected_execution__halt_aware__with_dividends__slip_0p0025,2020-10-05,long,61,278.29,1731,-90.18509999999247,210.0,271,278.2379,scheduled_fill
corrected_execution__halt_aware__with_dividends__slip_0p0025,2020-10-05,long,331,279.26,1731,1973.339999999977,60.0,390,280.4,end_of_session
corrected_execution__halt_aware__with_dividends__slip_0p0025,2020-10-06,short,361,276.2859,1670,1479.4530000000818,30.0,390,275.4,end_of_session
corrected_execution__halt_aware__with_dividends__slip_0p0025,2020-10-07,long,271,280.25,1676,-67.0400000000343,90.0,361,280.21,scheduled_fill
corrected_execution__halt_aware__with_dividends__slip_0p0025,2020-10-09,long,211,285.11,1699,169.899999999942,60.0,271,285.21,scheduled_fill
corrected_execution__halt_aware__with_dividends__slip_0p0025,2020-10-12,long,121,293.06,1635,2763.149999999995,270.0,390,294.75,end_of_session
corrected_execution__halt_aware__with_dividends__slip_0p0025,2020-10-14,short,151,291.96,1846,-1285.9236000000858,210.0,361,292.6566,scheduled_fill
corrected_execution__halt_aware__with_dividends__slip_0p0025,2020-10-19,short,181,287.05,1876,-1388.240000000017,30.0,211,287.79,scheduled_fill
corrected_execution__halt_aware__with_dividends__slip_0p0025,2020-10-19,short,271,286.355,1876,5140.240000000014,120.0,390,283.615,end_of_session
corrected_execution__halt_aware__with_dividends__slip_0p0025,2020-10-20,long,241,286.95,1824,-786.6911999999356,30.0,271,286.5187,scheduled_fill
corrected_execution__halt_aware__with_dividends__slip_0p0025,2020-10-21,long,31,287.22,1837,-2709.5750000000417,60.0,91,285.745,scheduled_fill
corrected_execution__halt_aware__with_dividends__slip_0p0025,2020-10-22,short,61,282.8101,1851,-721.7049000000225,150.0,211,283.2,scheduled_fill
corrected_execution__halt_aware__with_dividends__slip_0p0025,2020-10-26,short,121,280.39,2294,22.939999999981865,270.0,390,280.38,end_of_session
corrected_execution__halt_aware__with_dividends__slip_0p0025,2020-10-27,long,151,283.02,2347,-1994.9499999999202,30.0,181,282.17,scheduled_fill
corrected_execution__halt_aware__with_dividends__slip_0p0025,2020-10-28,short,31,275.63,2492,2840.8799999999655,330.0,361,274.49,scheduled_fill
corrected_execution__halt_aware__with_dividends__slip_0p0025,2020-10-29,long,31,274.81,1967,5369.910000000039,360.0,390,277.54,end_of_session
corrected_execution__halt_aware__with_dividends__slip_0p0025,2020-10-30,short,31,272.8501,1917,4064.2316999999575,150.0,181,270.73,scheduled_fill
corrected_execution__halt_aware__with_dividends__slip_0p0025,2020-10-30,short,211,268.95,1917,153.35999999996943,180.0,390,268.87,end_of_session
corrected_execution__halt_aware__with_dividends__slip_0p0025,2020-11-02,long,31,272.95,2123,-1040.2700000000195,30.0,61,272.46,scheduled_fill
corrected_execution__halt_aware__with_dividends__slip_0p0025,2020-11-03,long,61,275.78,2106,-4548.959999999934,210.0,271,273.62,scheduled_fill
corrected_execution__halt_aware__with_dividends__slip_0p0025,2020-11-03,long,331,275.05,2106,-147.41999999998598,60.0,390,274.98,end_of_session
corrected_execution__halt_aware__with_dividends__slip_0p0025,2020-11-04,long,61,286.98,1820,-746.2000000000476,300.0,361,286.57,scheduled_fill
corrected_execution__halt_aware__with_dividends__slip_0p0025,2020-11-06,short,31,290.27,1343,-3303.7800000000493,30.0,61,292.73,scheduled_fill
corrected_execution__halt_aware__with_dividends__slip_0p0025,2020-11-09,short,361,291.98,1360,3794.400000000028,30.0,390,289.19,end_of_session
corrected_execution__halt_aware__with_dividends__slip_0p0025,2020-11-10,short,61,282.22,1383,-2710.6799999999716,60.0,121,284.18,scheduled_fill
corrected_execution__halt_aware__with_dividends__slip_0p0025,2020-11-11,long,31,287.63,1331,572.3300000000088,30.0,61,288.06,scheduled_fill
corrected_execution__halt_aware__with_dividends__slip_0p0025,2020-11-11,long,121,288.44,1331,1843.4349999999874,270.0,390,289.825,end_of_session
corrected_execution__halt_aware__with_dividends__slip_0p0025,2020-11-23,short,121,288.62,1729,-1798.1600000000349,60.0,181,289.66,scheduled_fill
corrected_execution__halt_aware__with_dividends__slip_0p0025,2020-11-24,long,121,293.07,1767,2491.470000000044,270.0,390,294.48,end_of_session
corrected_execution__halt_aware__with_dividends__slip_0p0025,2020-11-27,long,61,299.635,2601,-2314.8899999999644,90.0,151,298.745,scheduled_fill
corrected_execution__halt_aware__with_dividends__slip_0p0025,2020-11-30,short,91,296.76,2536,-2404.128000000091,90.0,181,297.708,scheduled_fill
corrected_execution__halt_aware__with_dividends__slip_0p0025,2020-12-01,long,151,303.6,2867,28.096599999954606,210.0,361,303.6098,scheduled_fill
corrected_execution__halt_aware__with_dividends__slip_0p0025,2020-12-03,long,61,305.41,3947,-3572.0350000001167,30.0,91,304.505,scheduled_fill
corrected_execution__halt_aware__with_dividends__slip_0p0025,2020-12-04,long,211,305.522,4115,-995.8300000000768,30.0,241,305.28,scheduled_fill
corrected_execution__halt_aware__with_dividends__slip_0p0025,2020-12-07,long,31,306.95,4234,-1100.839999999962,180.0,211,306.69,scheduled_fill
corrected_execution__halt_aware__with_dividends__slip_0p0025,2020-12-07,long,331,306.85,4234,677.4399999998652,30.0,361,307.01,scheduled_fill
corrected_execution__halt_aware__with_dividends__slip_0p0025,2020-12-08,short,31,305.91,4205,-1892.2499999999518,60.0,91,306.36,scheduled_fill
corrected_execution__halt_aware__with_dividends__slip_0p0025,2020-12-08,long,301,308.51,4205,-378.4499999998946,60.0,361,308.42,scheduled_fill
corrected_execution__halt_aware__with_dividends__slip_0p0025,2020-12-09,short,181,306.08,4273,16988.166099999828,210.0,390,302.1043,end_of_session
corrected_execution__halt_aware__with_dividends__slip_0p0025,2020-12-10,long,91,303.27,3377,-4288.789999999939,60.0,151,302.0,scheduled_fill
corrected_execution__halt_aware__with_dividends__slip_0p0025,2020-12-11,short,151,299.315,3341,-492.7974999999313,60.0,211,299.4625,scheduled_fill
corrected_execution__halt_aware__with_dividends__slip_0p0025,2020-12-14,long,31,305.36,3355,-2751.0999999999767,180.0,211,304.54,scheduled_fill
corrected_execution__halt_aware__with_dividends__slip_0p0025,2020-12-14,long,271,305.26,3355,-2499.4750000000145,120.0,390,304.515,end_of_session
corrected_execution__halt_aware__with_dividends__slip_0p0025,2020-12-18,short,301,309.2199,3384,-2504.4983999999467,90.0,390,309.96,end_of_session
corrected_execution__halt_aware__with_dividends__slip_0p0025,2020-12-21,short,61,304.6,3375,-3206.249999999962,60.0,121,305.55,scheduled_fill
corrected_execution__halt_aware__with_dividends__slip_0p0025,2021-01-04,short,241,308.3,5436,-4566.239999999866,150.0,390,309.14,end_of_session
corrected_execution__halt_aware__with_dividends__slip_0p0025,2021-01-05,long,271,310.805,4086,4065.5700000000165,120.0,390,311.8,end_of_session
corrected_execution__halt_aware__with_dividends__slip_0p0025,2021-01-07,long,241,314.285,3686,3980.879999999941,150.0,390,315.365,end_of_session
corrected_execution__halt_aware__with_dividends__slip_0p0025,2021-01-11,short,361,313.92,2645,-793.5000000000309,30.0,390,314.22,end_of_session
corrected_execution__halt_aware__with_dividends__slip_0p0025,2021-01-13,long,241,316.232,2456,-397.8720000000849,120.0,361,316.07,scheduled_fill
corrected_execution__halt_aware__with_dividends__slip_0p0025,2021-01-19,long,271,316.51,2371,-94.83999999991414,120.0,390,316.47,end_of_session
corrected_execution__halt_aware__with_dividends__slip_0p0025,2021-01-20,long,31,321.0,2263,6743.740000000042,360.0,390,323.98,end_of_session
corrected_execution__halt_aware__with_dividends__slip_0p0025,2021-01-25,long,31,329.96,1977,-1314.7049999999276,30.0,61,329.295,scheduled_fill
corrected_execution__halt_aware__with_dividends__slip_0p0025,2021-01-27,short,121,323.86,2144,-900.4799999999123,60.0,181,324.28,scheduled_fill
corrected_execution__halt_aware__with_dividends__slip_0p0025,2021-01-27,short,271,323.58,2144,8543.839999999907,120.0,390,319.595,end_of_session
corrected_execution__halt_aware__with_dividends__slip_0p0025,2021-01-28,long,61,322.77,1945,1439.3000000000195,300.0,361,323.51,scheduled_fill
corrected_execution__halt_aware__with_dividends__slip_0p0025,2021-01-29,short,121,316.44,2189,2867.5900000000065,270.0,390,315.13,end_of_session
corrected_execution__halt_aware__with_dividends__slip_0p0025,2021-02-01,long,61,319.0528,2079,-1315.5911999999473,30.0,91,318.42,scheduled_fill
corrected_execution__halt_aware__with_dividends__slip_0p0025,2021-02-01,long,121,320.56,2079,4958.414999999982,270.0,390,322.945,end_of_session
corrected_execution__halt_aware__with_dividends__slip_0p0025,2021-02-02,long,61,326.72,1923,1826.849999999977,330.0,390,327.67,end_of_session
corrected_execution__halt_aware__with_dividends__slip_0p0025,2021-02-10,short,91,331.75,2090,-574.7499999999527,60.0,151,332.025,scheduled_fill
corrected_execution__halt_aware__with_dividends__slip_0p0025,2021-03-08,short,31,306.25,1768,-4402.320000000015,30.0,61,308.74,scheduled_fill
corrected_execution__halt_aware__with_dividends__slip_0p0025,2021-03-08,short,151,305.72,1768,-1166.8799999999437,30.0,181,306.38,scheduled_fill
corrected_execution__halt_aware__with_dividends__slip_0p0025,2021-03-08,short,271,303.1199,1768,4914.863199999997,120.0,390,300.34,end_of_session
corrected_execution__halt_aware__with_dividends__slip_0p0025,2021-03-09,long,31,309.84,1675,3333.2500000000186,360.0,390,311.83,end_of_session
corrected_execution__halt_aware__with_dividends__slip_0p0025,2021-03-11,long,121,318.35,1346,363.4199999999754,60.0,181,318.62,scheduled_fill
corrected_execution__halt_aware__with_dividends__slip_0p0025,2021-03-11,long,241,318.95,1346,-498.0200000000061,30.0,271,318.58,scheduled_fill
corrected_execution__halt_aware__with_dividends__slip_0p0025,2021-03-16,long,31,322.62,1291,800.4200000000059,30.0,61,323.24,scheduled_fill
corrected_execution__halt_aware__with_dividends__slip_0p0025,2021-03-16,long,91,324.03,1291,-1186.6871999999864,60.0,151,323.1108,scheduled_fill
corrected_execution__halt_aware__with_dividends__slip_0p0025,2021-03-22,long,31,317.07,1424,2292.6400000000194,360.0,390,318.68,end_of_session
corrected_execution__halt_aware__with_dividends__slip_0p0025,2021-03-26,long,241,313.51,1611,-2529.2699999999895,30.0,271,311.94,scheduled_fill
corrected_execution__halt_aware__with_dividends__slip_0p0025,2021-03-29,short,31,313.61,1743,-592.6199999999569,90.0,121,313.95,scheduled_fill
corrected_execution__halt_aware__with_dividends__slip_0p0025,2021-03-30,short,61,312.355,2183,-2172.0850000000087,30.0,91,313.35,scheduled_fill
corrected_execution__halt_aware__with_dividends__slip_0p0025,2021-03-31,long,31,317.98,2132,2793.133199999951,360.0,390,319.2901,end_of_session
corrected_execution__halt_aware__with_dividends__slip_0p0025,2021-04-05,long,31,328.52,2071,5198.209999999977,360.0,390,331.03,end_of_session
corrected_execution__halt_aware__with_dividends__slip_0p0025,2021-04-06,long,151,332.67,1975,-1283.7500000000678,30.0,181,332.02,scheduled_fill
corrected_execution__halt_aware__with_dividends__slip_0p0025,2021-04-13,long,31,339.79,2572,-1363.160000000076,30.0,61,339.26,scheduled_fill
corrected_execution__halt_aware__with_dividends__slip_0p0025,2021-04-13,long,271,339.699,2572,2291.651999999901,120.0,390,340.59,end_of_session
corrected_execution__halt_aware__with_dividends__slip_0p0025,2021-04-14,short,121,338.21,2604,-2135.2799999999825,90.0,211,339.03,scheduled_fill
corrected_execution__halt_aware__with_dividends__slip_0p0025,2021-04-14,short,241,338.57,2604,6562.079999999951,150.0,390,336.05,end_of_session
corrected_execution__halt_aware__with_dividends__slip_0p0025,2021-04-15,long,91,340.78,2732,-683.0,30.0,121,340.53,scheduled_fill
corrected_execution__halt_aware__with_dividends__slip_0p0025,2021-04-15,long,211,341.3518,2732,-564.9776000001198,120.0,331,341.145,scheduled_fill
corrected_execution__halt_aware__with_dividends__slip_0p0025,2021-04-16,short,31,340.22,2657,-3268.1099999998983,30.0,61,341.45,scheduled_fill
corrected_execution__halt_aware__with_dividends__slip_0p0025,2021-04-19,short,151,338.19,2680,-978.2000000000244,240.0,390,338.555,end_of_session
corrected_execution__halt_aware__with_dividends__slip_0p0025,2021-04-20,short,91,336.58,2491,298.9200000000096,300.0,390,336.46,end_of_session
corrected_execution__halt_aware__with_dividends__slip_0p0025,2021-04-21,long,151,338.2182,2535,-1515.423000000017,30.0,181,337.6204,scheduled_fill
corrected_execution__halt_aware__with_dividends__slip_0p0025,2021-04-22,short,271,335.09,2665,79.94999999992729,120.0,390,335.06,end_of_session
corrected_execution__halt_aware__with_dividends__slip_0p0025,2021-04-23,long,31,337.12,2618,6518.820000000013,360.0,390,339.61,end_of_session
corrected_execution__halt_aware__with_dividends__slip_0p0025,2021-04-26,long,331,341.765,2811,-210.82499999996804,30.0,361,341.69,scheduled_fill
corrected_execution__halt_aware__with_dividends__slip_0p0025,2021-04-27,short,31,340.3,2794,167.64000000000635,90.0,121,340.24,scheduled_fill
corrected_execution__halt_aware__with_dividends__slip_0p0025,2021-05-04,short,31,330.18,2978,1072.0800000000359,360.0,390,329.82,end_of_session
corrected_execution__halt_aware__with_dividends__slip_0p0025,2021-05-06,short,61,327.42,3297,-2209.319699999969,30.0,91,328.0901,scheduled_fill
corrected_execution__halt_aware__with_dividends__slip_0p0025,2021-05-06,long,181,331.04,3297,-1269.3450000001576,30.0,211,330.655,scheduled_fill
corrected_execution__halt_aware__with_dividends__slip_0p0025,2021-05-07,long,61,335.8,3089,-679.5800000000839,30.0,91,335.58,scheduled_fill
corrected_execution__halt_aware__with_dividends__slip_0p0025,2021-05-10,short,31,330.09,3048,1127.7599999998388,150.0,181,329.72,scheduled_fill
corrected_execution__halt_aware__with_dividends__slip_0p0025,2021-05-10,short,211,329.16,3048,10728.96000000012,180.0,390,325.64,end_of_session
corrected_execution__halt_aware__with_dividends__slip_0p0025,2021-05-12,short,91,318.1,2725,-1934.7499999999438,30.0,121,318.81,scheduled_fill
corrected_execution__halt_aware__with_dividends__slip_0p0025,2021-05-12,short,151,317.29,2725,-1934.749999999944,60.0,211,318.0,scheduled_fill
corrected_execution__halt_aware__with_dividends__slip_0p0025,2021-05-12,short,241,317.72,2725,-1185.3749999998513,90.0,331,318.155,scheduled_fill
corrected_execution__halt_aware__with_dividends__slip_0p0025,2021-05-12,short,361,316.88,2725,-654.000000000024,30.0,390,317.12,end_of_session
corrected_execution__halt_aware__with_dividends__slip_0p0025,2021-05-13,long,91,321.925,2387,-6504.813699999992,30.0,121,319.1999,scheduled_fill
corrected_execution__halt_aware__with_dividends__slip_0p0025,2021-05-14,long,61,324.431,2449,5066.981000000045,330.0,390,326.5,end_of_session
corrected_execution__halt_aware__with_dividends__slip_0p0025,2021-05-17,short,271,322.2,2138,-769.6800000000292,30.0,301,322.56,scheduled_fill
corrected_execution__halt_aware__with_dividends__slip_0p0025,2021-05-20,long,31,326.1899,2153,5554.95529999991,360.0,390,328.77,end_of_session
corrected_execution__halt_aware__with_dividends__slip_0p0025,2021-05-24,long,31,330.93,1956,2992.6799999999484,360.0,390,332.46,end_of_session
corrected_execution__halt_aware__with_dividends__slip_0p0025,2021-06-01,short,91,331.93,2301,-1909.8299999999635,30.0,121,332.76,scheduled_fill
corrected_execution__halt_aware__with_dividends__slip_0p0025,2021-06-03,short,31,329.25,3004,-1832.4400000000403,30.0,61,329.86,scheduled_fill
corrected_execution__halt_aware__with_dividends__slip_0p0025,2021-06-04,long,31,334.12,2809,4269.960900000039,360.0,390,335.6401,end_of_session
corrected_execution__halt_aware__with_dividends__slip_0p0025,2021-06-10,long,31,340.02,3196,-6200.239999999994,60.0,91,338.08,scheduled_fill
corrected_execution__halt_aware__with_dividends__slip_0p0025,2021-06-10,long,151,339.44,3196,2988.2600000000075,240.0,390,340.375,end_of_session
corrected_execution__halt_aware__with_dividends__slip_0p0025,2021-06-15,short,61,343.03,4288,64.3199999999415,120.0,181,343.015,scheduled_fill
corrected_execution__halt_aware__with_dividends__slip_0p0025,2021-06-15,short,211,342.37,4288,1865.2800000000097,180.0,390,341.935,end_of_session
corrected_execution__halt_aware__with_dividends__slip_0p0025,2021-06-16,short,301,339.659,4053,-7745.283000000005,60.0,361,341.57,scheduled_fill
corrected_execution__halt_aware__with_dividends__slip_0p0025,2021-06-17,long,31,342.3,3954,4942.500000000004,150.0,181,343.55,scheduled_fill
corrected_execution__halt_aware__with_dividends__slip_0p0025,2021-06-17,long,211,344.04,3954,6484.559999999947,180.0,390,345.68,end_of_session
corrected_execution__halt_aware__with_dividends__slip_0p0025,2021-06-18,short,121,342.08,3651,-2186.9489999999614,30.0,151,342.679,scheduled_fill
corrected_execution__halt_aware__with_dividends__slip_0p0025,2021-06-21,long,181,344.04,3435,-103.05000000010159,30.0,211,344.01,scheduled_fill
corrected_execution__halt_aware__with_dividends__slip_0p0025,2021-06-21,long,271,344.43,3435,68.69999999993752,30.0,301,344.45,scheduled_fill
corrected_execution__halt_aware__with_dividends__slip_0p0025,2021-06-22,long,121,346.35,3464,3689.1599999999935,270.0,390,347.415,end_of_session
corrected_execution__halt_aware__with_dividends__slip_0p0025,2021-06-23,long,31,348.73,3387,-779.0100000000618,30.0,61,348.5,scheduled_fill
corrected_execution__halt_aware__with_dividends__slip_0p0025,2021-06-28,long,31,352.095,4310,1228.349999999863,210.0,241,352.38,scheduled_fill
corrected_execution__halt_aware__with_dividends__slip_0p0025,2021-06-28,long,271,352.52,4310,5107.350000000009,120.0,390,353.705,end_of_session
corrected_execution__halt_aware__with_dividends__slip_0p0025,2021-07-02,long,211,357.94,4131,-619.649999999906,30.0,241,357.79,scheduled_fill
corrected_execution__halt_aware__with_dividends__slip_0p0025,2021-07-02,long,271,358.0699,4131,289.5830999998681,30.0,301,358.14,scheduled_fill
corrected_execution__halt_aware__with_dividends__slip_0p0025,2021-07-02,long,361,358.39,4131,888.1650000001316,30.0,390,358.605,end_of_session
corrected_execution__halt_aware__with_dividends__slip_0p0025,2021-07-09,long,91,360.1,4594,4364.299999999958,300.0,390,361.05,end_of_session
corrected_execution__halt_aware__with_dividends__slip_0p0025,2021-07-13,long,31,363.39,5162,-1755.079999999876,210.0,241,363.05,scheduled_fill
corrected_execution__halt_aware__with_dividends__slip_0p0025,2021-07-15,short,61,360.41,5254,577.9400000000792,330.0,390,360.3,end_of_session
corrected_execution__halt_aware__with_dividends__slip_0p0025,2021-07-16,short,121,358.89,4783,-382.64000000019627,30.0,151,358.97,scheduled_fill
corrected_execution__halt_aware__with_dividends__slip_0p0025,2021-07-16,short,331,358.38,4783,3945.974999999943,60.0,390,357.555,end_of_session
corrected_execution__halt_aware__with_dividends__slip_0p0025,2021-07-19,short,31,353.0701,4494,-2606.070599999785,30.0,61,353.65,scheduled_fill
corrected_execution__halt_aware__with_dividends__slip_0p0025,2021-07-19,short,241,352.35,4494,-1595.3699999998269,30.0,271,352.705,scheduled_fill
corrected_execution__halt_aware__with_dividends__slip_0p0025,2021-07-20,long,91,357.19,4525,7896.125000000021,300.0,390,358.935,end_of_session
corrected_execution__halt_aware__with_dividends__slip_0p0025,2021-07-21,long,31,359.62,3950,552.999999999946,60.0,91,359.76,scheduled_fill
corrected_execution__halt_aware__with_dividends__slip_0p0025,2021-07-22,long,31,362.635,3844,1326.1800000001049,90.0,121,362.98,scheduled_fill
corrected_execution__halt_aware__with_dividends__slip_0p0025,2021-07-22,long,301,363.6,3844,1191.6400000000087,90.0,390,363.91,end_of_session
corrected_execution__halt_aware__with_dividends__slip_0p0025,2021-07-23,long,121,367.05,3741,3928.424099999951,270.0,390,368.1001,end_of_session
corrected_execution__halt_aware__with_dividends__slip_0p0025,2021-07-27,short,31,366.61,3762,11101.662000000082,300.0,331,363.659,scheduled_fill
corrected_execution__halt_aware__with_dividends__slip_0p0025,2021-07-28,long,61,367.12,3489,-1845.6809999999875,30.0,91,366.591,scheduled_fill
corrected_execution__halt_aware__with_dividends__slip_0p0025,2021-07-29,long,31,366.91,3569,642.0630999999119,30.0,61,367.0899,scheduled_fill
corrected_execution__halt_aware__with_dividends__slip_0p0025,2021-08-10,short,91,366.55,4585,-4997.649999999887,90.0,181,367.64,scheduled_fill
corrected_execution__halt_aware__with_dividends__slip_0p0025,2021-08-10,short,211,367.08,4585,2053.621500000019,180.0,390,366.6321,end_of_session
corrected_execution__halt_aware__with_dividends__slip_0p0025,2021-08-16,short,31,366.6,5269,4346.925000000232,150.0,181,365.775,scheduled_fill
corrected_execution__halt_aware__with_dividends__slip_0p0025,2021-08-17,short,31,365.23,5588,-5364.479999999887,30.0,61,366.19,scheduled_fill
corrected_execution__halt_aware__with_dividends__slip_0p0025,2021-08-17,short,151,364.3699,5588,-5085.6388,180.0,331,365.28,scheduled_fill
corrected_execution__halt_aware__with_dividends__slip_0p0025,2021-08-19,long,121,363.5601,5347,1015.3953000001288,270.0,390,363.75,end_of_session
corrected_execution__halt_aware__with_dividends__slip_0p0025,2021-08-20,long,31,366.49,5361,-2198.0100000001357,120.0,151,366.08,scheduled_fill
corrected_execution__halt_aware__with_dividends__slip_0p0025,2021-08-20,long,181,366.85,5361,5709.4649999999865,210.0,390,367.915,end_of_session
corrected_execution__halt_aware__with_dividends__slip_0p0025,2021-08-23,long,31,370.5284,4577,11770.2132000002,360.0,390,373.1,end_of_session
corrected_execution__halt_aware__with_dividends__slip_0p0025,2021-08-27,long,61,375.2001,4051,3645.4949000000042,330.0,390,376.1,end_of_session
corrected_execution__halt_aware__with_dividends__slip_0p0025,2021-08-30,long,31,378.575,3815,6561.800000000105,360.0,390,380.295,end_of_session
corrected_execution__halt_aware__with_dividends__slip_0p0025,2021-08-31,short,31,378.64,3767,-1585.9069999999708,30.0,61,379.061,scheduled_fill
corrected_execution__halt_aware__with_dividends__slip_0p0025,2021-09-08,short,91,379.1484,4139,-4476.742400000154,90.0,181,380.23,scheduled_fill
corrected_execution__halt_aware__with_dividends__slip_0p0025,2021-09-08,short,211,379.77,4139,-1945.3300000001127,30.0,241,380.24,scheduled_fill
corrected_execution__halt_aware__with_dividends__slip_0p0025,2021-09-13,short,61,375.11,4311,-4354.109999999961,30.0,91,376.12,scheduled_fill
corrected_execution__halt_aware__with_dividends__slip_0p0025,2021-09-13,short,121,375.12,4311,-3664.350000000099,60.0,181,375.97,scheduled_fill
corrected_execution__halt_aware__with_dividends__slip_0p0025,2021-09-13,short,301,374.55,4311,-1079.4744000000574,30.0,331,374.8004,scheduled_fill
corrected_execution__halt_aware__with_dividends__slip_0p0025,2021-09-15,long,331,377.4946,5148,1649.4192000000317,60.0,390,377.815,end_of_session
corrected_execution__halt_aware__with_dividends__slip_0p0025,2021-09-16,short,121,375.305,4850,-1527.7499999999893,30.0,151,375.62,scheduled_fill
corrected_execution__halt_aware__with_dividends__slip_0p0025,2021-09-17,short,31,375.58,5113,7771.759999999902,360.0,390,374.06,end_of_session
corrected_execution__halt_aware__with_dividends__slip_0p0025,2021-09-20,short,91,365.44,5077,-3604.6699999998973,30.0,121,366.15,scheduled_fill
corrected_execution__halt_aware__with_dividends__slip_0p0025,2021-09-20,short,151,364.62,5077,-5356.235000000033,240.0,390,365.675,end_of_session
corrected_execution__halt_aware__with_dividends__slip_0p0025,2021-09-22,long,61,368.52,3792,1061.760000000112,210.0,271,368.8,scheduled_fill
corrected_execution__halt_aware__with_dividends__slip_0p0025,2021-09-22,long,301,370.22,3792,-6294.720000000095,30.0,331,368.56,scheduled_fill
corrected_execution__halt_aware__with_dividends__slip_0p0025,2021-09-22,long,361,370.41,3792,-3981.600000000043,30.0,390,369.36,end_of_session
corrected_execution__halt_aware__with_dividends__slip_0p0025,2021-09-23,long,31,372.55,3467,1352.1299999999542,360.0,390,372.94,end_of_session
corrected_execution__halt_aware__with_dividends__slip_0p0025,2021-09-27,short,31,368.8,3253,-4001.189999999876,30.0,61,370.03,scheduled_fill
corrected_execution__halt_aware__with_dividends__slip_0p0025,2021-09-28,short,61,362.345,3210,1171.6500000000344,270.0,331,361.98,scheduled_fill
corrected_execution__halt_aware__with_dividends__slip_0p0025,2021-09-28,short,361,361.1109,3210,3951.189000000062,30.0,390,359.88,end_of_session
corrected_execution__halt_aware__with_dividends__slip_0p0025,2021-09-29,long,31,362.62,2536,-127.05359999996517,60.0,91,362.5699,scheduled_fill
corrected_execution__halt_aware__with_dividends__slip_0p0025,2021-10-01,short,31,356.22,2559,-371.0549999999546,60.0,91,356.365,scheduled_fill
corrected_execution__halt_aware__with_dividends__slip_0p0025,2021-10-04,short,31,356.04,2521,8722.66000000009,360.0,390,352.58,end_of_session
corrected_execution__halt_aware__with_dividends__slip_0p0025,2021-10-05,long,31,355.28,2395,5245.050000000135,360.0,390,357.47,end_of_session
corrected_execution__halt_aware__with_dividends__slip_0p0025,2021-10-07,long,31,364.15,2201,2090.9500000000967,150.0,181,365.1,scheduled_fill
corrected_execution__halt_aware__with_dividends__slip_0p0025,2021-10-14,long,181,366.35,2542,127.0999999998844,210.0,390,366.4,end_of_session
corrected_execution__halt_aware__with_dividends__slip_0p0025,2021-10-18,long,241,371.6199,2244,2513.5044000000817,150.0,390,372.74,end_of_session
corrected_execution__halt_aware__with_dividends__slip_0p0025,2021-10-22,short,151,373.43,2794,-558.799999999968,30.0,181,373.63,scheduled_fill
corrected_execution__halt_aware__with_dividends__slip_0p0025,2021-10-25,long,211,377.805,3458,-34.57999999996855,30.0,241,377.795,scheduled_fill
corrected_execution__halt_aware__with_dividends__slip_0p0025,2021-10-25,long,301,378.28,3458,-2247.6999999999207,90.0,390,377.63,end_of_session
corrected_execution__halt_aware__with_dividends__slip_0p0025,2021-10-26,long,31,381.27,3551,1811.0099999999652,90.0,121,381.78,scheduled_fill
corrected_execution__halt_aware__with_dividends__slip_0p0025,2021-10-27,long,31,380.95,3588,-1076.4000000000408,30.0,61,380.65,scheduled_fill
corrected_execution__halt_aware__with_dividends__slip_0p0025,2021-10-27,long,121,381.44,3588,-574.0800000000868,240.0,361,381.28,scheduled_fill
corrected_execution__halt_aware__with_dividends__slip_0p0025,2021-10-28,long,121,383.68,3590,-1400.0999999999508,30.0,151,383.29,scheduled_fill
corrected_execution__halt_aware__with_dividends__slip_0p0025,2021-10-28,long,181,383.9,3590,-4774.699999999943,30.0,211,382.57,scheduled_fill
corrected_execution__halt_aware__with_dividends__slip_0p0025,2021-10-28,long,301,383.78,3590,-134.62499999987756,30.0,331,383.7425,scheduled_fill
corrected_execution__halt_aware__with_dividends__slip_0p0025,2021-11-01,short,31,385.28,3942,-1537.3800000001706,30.0,61,385.67,scheduled_fill
corrected_execution__halt_aware__with_dividends__slip_0p0025,2021-11-02,long,31,388.8801,4152,-1162.975200000018,120.0,151,388.6,scheduled_fill
corrected_execution__halt_aware__with_dividends__slip_0p0025,2021-11-03,long,331,392.13,4109,5177.339999999965,60.0,390,393.39,end_of_session
corrected_execution__halt_aware__with_dividends__slip_0p0025,2021-11-04,long,31,396.04,4817,626.209999999978,90.0,121,396.17,scheduled_fill
corrected_execution__halt_aware__with_dividends__slip_0p0025,2021-11-04,long,151,397.29,4817,2697.5200000000095,240.0,390,397.85,end_of_session
corrected_execution__halt_aware__with_dividends__slip_0p0025,2021-11-09,short,31,395.22,4515,-406.3499999998823,360.0,390,395.31,end_of_session
corrected_execution__halt_aware__with_dividends__slip_0p0025,2021-11-10,short,301,388.95,4161,-3994.5600000001514,90.0,390,389.91,end_of_session
corrected_execution__halt_aware__with_dividends__slip_0p0025,2021-11-12,long,121,394.38,3690,1217.699999999941,270.0,390,394.71,end_of_session
corrected_execution__halt_aware__with_dividends__slip_0p0025,2021-11-15,short,151,392.98,3612,-1228.07999999991,60.0,211,393.32,scheduled_fill
corrected_execution__halt_aware__with_dividends__slip_0p0025,2021-11-16,long,121,397.26,3584,315.7503999999899,270.0,390,397.3481,end_of_session
corrected_execution__halt_aware__with_dividends__slip_0p0025,2021-11-17,long,151,399.492,3502,-6205.543999999971,30.0,181,397.72,scheduled_fill
corrected_execution__halt_aware__with_dividends__slip_0p0025,2021-11-18,long,181,401.7699,3600,-4553.640000000041,30.0,211,400.505,scheduled_fill
corrected_execution__halt_aware__with_dividends__slip_0p0025,2021-11-19,long,31,404.9,3383,-4499.389999999946,30.0,61,403.57,scheduled_fill
corrected_execution__halt_aware__with_dividends__slip_0p0025,2021-11-22,long,31,407.615,3321,-2274.885000000008,60.0,91,406.93,scheduled_fill
corrected_execution__halt_aware__with_dividends__slip_0p0025,2021-11-22,short,151,402.0,3321,-636.3035999999802,30.0,181,402.1916,scheduled_fill
corrected_execution__halt_aware__with_dividends__slip_0p0025,2021-11-23,short,61,395.85,3016,-162.56240000000116,270.0,331,395.9039,scheduled_fill
corrected_execution__halt_aware__with_dividends__slip_0p0025,2021-11-26,short,61,394.29,3344,8794.719999999987,150.0,210,391.66,end_of_session
corrected_execution__halt_aware__with_dividends__slip_0p0025,2021-11-29,long,31,397.36,2841,-2386.44000000009,30.0,61,396.52,scheduled_fill
corrected_execution__halt_aware__with_dividends__slip_0p0025,2021-11-29,long,151,398.68,2841,3238.73999999996,240.0,390,399.82,end_of_session
corrected_execution__halt_aware__with_dividends__slip_0p0025,2021-11-30,short,91,394.35,2355,641.0309999999938,300.0,390,394.0778,end_of_session
corrected_execution__halt_aware__with_dividends__slip_0p0025,2021-12-01,short,361,390.23,2245,6000.66050000006,30.0,390,387.5571,end_of_session
corrected_execution__halt_aware__with_dividends__slip_0p0025,2021-12-02,long,31,389.57,2286,-4389.120000000036,30.0,61,387.65,scheduled_fill
corrected_execution__halt_aware__with_dividends__slip_0p0025,2021-12-02,long,181,391.35,2286,-3086.100000000052,30.0,211,390.0,scheduled_fill
corrected_execution__halt_aware__with_dividends__slip_0p0025,2021-12-02,long,271,390.37,2286,-800.1000000000518,90.0,361,390.02,scheduled_fill
corrected_execution__halt_aware__with_dividends__slip_0p0025,2021-12-03,short,31,386.36,2209,7157.160000000028,360.0,390,383.12,end_of_session
corrected_execution__halt_aware__with_dividends__slip_0p0025,2021-12-06,long,241,387.01,2247,-426.92999999999495,30.0,271,386.82,scheduled_fill
corrected_execution__halt_aware__with_dividends__slip_0p0025,2021-12-06,long,301,387.23,2247,-2314.410000000067,30.0,331,386.2,scheduled_fill
corrected_execution__halt_aware__with_dividends__slip_0p0025,2021-12-07,long,31,395.32,2125,4356.250000000028,360.0,390,397.37,end_of_session
corrected_execution__halt_aware__with_dividends__slip_0p0025,2021-12-09,short,361,394.34,1762,475.73999999996784,30.0,390,394.07,end_of_session
corrected_execution__halt_aware__with_dividends__slip_0p0025,2021-12-13,short,61,395.19,1723,689.19999999996,270.0,331,394.79,scheduled_fill
corrected_execution__halt_aware__with_dividends__slip_0p0025,2021-12-13,short,361,393.93,1723,2394.9699999999766,30.0,390,392.54,end_of_session
corrected_execution__halt_aware__with_dividends__slip_0p0025,2021-12-15,short,151,384.74,1731,-0.17309999995666203,30.0,181,384.7401,scheduled_fill
corrected_execution__halt_aware__with_dividends__slip_0p0025,2021-12-15,long,361,394.9919,1731,3164.4411000000114,30.0,390,396.82,end_of_session
corrected_execution__halt_aware__with_dividends__slip_0p0025,2021-12-16,short,31,394.67,1559,11863.990000000022,360.0,390,387.06,end_of_session
corrected_execution__halt_aware__with_dividends__slip_0p0025,2021-12-21,long,301,388.26,1721,1516.8893999999739,90.0,390,389.1414,end_of_session
corrected_execution__halt_aware__with_dividends__slip_0p0025,2021-12-22,long,91,392.08,1639,885.060000000034,120.0,211,392.62,scheduled_fill
corrected_execution__halt_aware__with_dividends__slip_0p0025,2021-12-27,long,31,400.31,1630,4922.5999999999685,360.0,390,403.33,end_of_session
corrected_execution__halt_aware__with_dividends__slip_0p0025,2022-01-04,short,61,399.35,1908,5056.200000000069,300.0,361,396.7,scheduled_fill
corrected_execution__halt_aware__with_dividends__slip_0p0025,2022-01-05,short,211,391.235,1967,-1052.3449999999375,30.0,241,391.77,scheduled_fill
corrected_execution__halt_aware__with_dividends__slip_0p0025,2022-01-05,short,271,391.35,1967,13198.57000000008,120.0,390,384.64,end_of_session
corrected_execution__halt_aware__with_dividends__slip_0p0025,2022-01-07,long,31,385.5,2132,-7888.399999999975,30.0,61,381.8,scheduled_fill
corrected_execution__halt_aware__with_dividends__slip_0p0025,2022-01-07,short,61,381.8,2132,1151.2800000000457,270.0,331,381.26,scheduled_fill
corrected_execution__halt_aware__with_dividends__slip_0p0025,2022-01-07,short,361,380.31,2132,341.3331999999998,30.0,390,380.1499,end_of_session
corrected_execution__halt_aware__with_dividends__slip_0p0025,2022-01-10,short,31,371.62,2120,-3816.0000000000236,90.0,121,373.42,scheduled_fill
corrected_execution__halt_aware__with_dividends__slip_0p0025,2022-01-10,short,181,371.14,2120,-2416.799999999971,30.0,211,372.28,scheduled_fill
corrected_execution__halt_aware__with_dividends__slip_0p0025,2022-01-11,long,121,383.575,2135,4387.425000000015,270.0,390,385.63,end_of_session
corrected_execution__halt_aware__with_dividends__slip_0p0025,2022-01-13,short,91,384.38,2322,-1718.2800000000207,30.0,121,385.12,scheduled_fill
corrected_execution__halt_aware__with_dividends__slip_0p0025,2022-01-13,short,181,381.14,2322,8986.140000000007,210.0,390,377.27,end_of_session
corrected_execution__halt_aware__with_dividends__slip_0p0025,2022-01-14,long,31,379.6,2206,-3242.8200000000606,30.0,61,378.13,scheduled_fill
corrected_execution__halt_aware__with_dividends__slip_0p0025,2022-01-18,short,241,371.19,2307,-2283.9300000000203,30.0,271,372.18,scheduled_fill
corrected_execution__halt_aware__with_dividends__slip_0p0025,2022-01-19,long,31,374.09,2098,-2559.5599999999376,30.0,61,372.87,scheduled_fill
corrected_execution__halt_aware__with_dividends__slip_0p0025,2022-01-20,long,31,372.32,2116,-740.5999999999278,150.0,181,371.97,scheduled_fill
corrected_execution__halt_aware__with_dividends__slip_0p0025,2022-01-21,short,31,356.84,2156,-6036.800000000023,60.0,91,359.64,scheduled_fill
corrected_execution__halt_aware__with_dividends__slip_0p0025,2022-01-21,short,241,356.07,2156,6532.67999999994,150.0,390,353.04,end_of_session
corrected_execution__halt_aware__with_dividends__slip_0p0025,2022-01-24,short,31,344.13,2144,1157.7600000000439,60.0,91,343.59,scheduled_fill
corrected_execution__halt_aware__with_dividends__slip_0p0025,2022-01-24,short,121,341.86,2144,-6860.799999999977,150.0,271,345.06,scheduled_fill
corrected_execution__halt_aware__with_dividends__slip_0p0025,2022-01-25,short,31,343.71,2215,-4562.900000000004,30.0,61,345.77,scheduled_fill
corrected_execution__halt_aware__with_dividends__slip_0p0025,2022-01-25,short,151,342.02,2215,-4496.450000000067,30.0,181,344.05,scheduled_fill
corrected_execution__halt_aware__with_dividends__slip_0p0025,2022-01-25,short,211,342.5959,2215,-6565.481500000065,30.0,241,345.56,scheduled_fill
corrected_execution__halt_aware__with_dividends__slip_0p0025,2022-01-27,short,241,341.55,2223,-3912.4799999999796,30.0,271,343.31,scheduled_fill
corrected_execution__halt_aware__with_dividends__slip_0p0025,2022-01-27,short,301,341.41,2223,-111.1499999998992,60.0,361,341.46,scheduled_fill
corrected_execution__halt_aware__with_dividends__slip_0p0025,2022-01-28,short,31,338.96,2268,-2540.1600000000126,30.0,61,340.08,scheduled_fill
corrected_execution__halt_aware__with_dividends__slip_0p0025,2022-01-28,long,121,346.93,2268,-7416.359999999959,180.0,301,343.66,scheduled_fill
corrected_execution__halt_aware__with_dividends__slip_0p0025,2022-01-28,long,331,346.36,2268,11906.999999999995,60.0,390,351.61,end_of_session
corrected_execution__halt_aware__with_dividends__slip_0p0025,2022-01-31,long,31,356.44,1752,12088.799999999957,360.0,390,363.34,end_of_session
corrected_execution__halt_aware__with_dividends__slip_0p0025,2022-02-04,long,61,356.75,1427,-4366.620000000003,30.0,91,353.69,scheduled_fill
corrected_execution__halt_aware__with_dividends__slip_0p0025,2022-02-04,long,211,357.12,1427,1790.8849999999904,180.0,390,358.375,end_of_session
corrected_execution__halt_aware__with_dividends__slip_0p0025,2022-02-08,long,121,357.64,1459,-919.1699999999928,180.0,301,357.01,scheduled_fill
corrected_execution__halt_aware__with_dividends__slip_0p0025,2022-02-11,short,121,355.3,1409,-67.49109999995767,30.0,151,355.3479,scheduled_fill
corrected_execution__halt_aware__with_dividends__slip_0p0025,2022-02-11,short,211,353.85,1409,8496.270000000044,180.0,390,347.82,end_of_session
corrected_execution__halt_aware__with_dividends__slip_0p0025,2022-02-14,long,121,350.4,1370,-1054.8999999999749,30.0,151,349.63,scheduled_fill
corrected_execution__halt_aware__with_dividends__slip_0p0025,2022-02-16,short,31,351.4584,1351,-1164.0216000000134,60.0,91,352.32,scheduled_fill
corrected_execution__halt_aware__with_dividends__slip_0p0025,2022-02-17,short,61,349.72,1372,-2030.559999999947,60.0,121,351.2,scheduled_fill
corrected_execution__halt_aware__with_dividends__slip_0p0025,2022-02-17,short,181,349.9,1372,13.719999999987522,30.0,211,349.89,scheduled_fill
corrected_execution__halt_aware__with_dividends__slip_0p0025,2022-02-17,short,241,348.69,1372,4320.290800000037,150.0,390,345.5411,end_of_session
corrected_execution__halt_aware__with_dividends__slip_0p0025,2022-02-18,short,91,342.46,1390,-1431.7000000000407,210.0,301,343.49,scheduled_fill
corrected_execution__halt_aware__with_dividends__slip_0p0025,2022-02-22,short,271,335.39,1574,-1605.480000000061,30.0,301,336.41,scheduled_fill
corrected_execution__halt_aware__with_dividends__slip_0p0025,2022-02-23,short,121,334.95,1575,-3071.249999999982,30.0,151,336.9,scheduled_fill
corrected_execution__halt_aware__with_dividends__slip_0p0025,2022-02-23,short,241,333.92,1575,6835.500000000053,150.0,390,329.58,end_of_session
corrected_execution__halt_aware__with_dividends__slip_0p0025,2022-02-24,long,301,333.21,1673,11694.270000000026,90.0,390,340.2,end_of_session
corrected_execution__halt_aware__with_dividends__slip_0p0025,2022-02-25,long,151,345.2,1571,-3094.869999999953,60.0,211,343.23,scheduled_fill
corrected_execution__halt_aware__with_dividends__slip_0p0025,2022-03-01,short,241,341.06,1533,-1257.0599999999893,30.0,271,341.88,scheduled_fill
corrected_execution__halt_aware__with_dividends__slip_0p0025,2022-03-01,short,331,341.34,1533,-45.990000000045086,30.0,361,341.37,scheduled_fill
corrected_execution__halt_aware__with_dividends__slip_0p0025,2022-03-02,long,241,347.32,1546,-371.04000000001406,30.0,271,347.08,scheduled_fill
corrected_execution__halt_aware__with_dividends__slip_0p0025,2022-03-03,short,91,343.01,1532,-1562.6399999999721,30.0,121,344.03,scheduled_fill
corrected_execution__halt_aware__with_dividends__slip_0p0025,2022-03-03,short,181,342.87,1532,-3247.840000000007,30.0,211,344.99,scheduled_fill
corrected_execution__halt_aware__with_dividends__slip_0p0025,2022-03-03,short,331,342.76,1532,735.3600000000279,30.0,361,342.28,scheduled_fill
corrected_execution__halt_aware__with_dividends__slip_0p0025,2022-03-04,short,91,336.05,1586,-222.03999999997836,30.0,121,336.19,scheduled_fill
corrected_execution__halt_aware__with_dividends__slip_0p0025,2022-03-07,short,31,334.14,1714,15306.019999999999,360.0,390,325.21,end_of_session
corrected_execution__halt_aware__with_dividends__slip_0p0025,2022-03-08,long,181,329.15,1650,-5477.99999999999,90.0,271,325.83,scheduled_fill
corrected_execution__halt_aware__with_dividends__slip_0p0025,2022-03-10,short,121,326.895,1497,-1788.9149999999902,30.0,151,328.09,scheduled_fill
corrected_execution__halt_aware__with_dividends__slip_0p0025,2022-03-11,short,181,327.66,1559,-311.7999999999827,30.0,211,327.86,scheduled_fill
corrected_execution__halt_aware__with_dividends__slip_0p0025,2022-03-11,short,361,326.178,1559,2787.492000000017,30.0,390,324.39,end_of_session
corrected_execution__halt_aware__with_dividends__slip_0p0025,2022-03-14,short,241,318.33,1582,-854.2800000000324,30.0,271,318.87,scheduled_fill
corrected_execution__halt_aware__with_dividends__slip_0p0025,2022-03-14,short,301,318.09,1582,-1107.4000000000724,30.0,331,318.79,scheduled_fill
corrected_execution__halt_aware__with_dividends__slip_0p0025,2022-03-15,long,121,325.5212,1563,-1377.3156000000552,30.0,151,324.64,scheduled_fill
corrected_execution__halt_aware__with_dividends__slip_0p0025,2022-03-15,long,181,326.1999,1563,-2547.533700000032,60.0,241,324.57,scheduled_fill
corrected_execution__halt_aware__with_dividends__slip_0p0025,2022-03-15,long,361,327.67,1563,625.1999999999646,30.0,390,328.07,end_of_session
corrected_execution__halt_aware__with_dividends__slip_0p0025,2022-03-16,long,31,334.5199,1438,2531.023799999952,150.0,181,336.28,scheduled_fill
corrected_execution__halt_aware__with_dividends__slip_0p0025,2022-03-17,long,271,343.33,1398,-1705.559999999959,30.0,301,342.11,scheduled_fill
corrected_execution__halt_aware__with_dividends__slip_0p0025,2022-03-18,long,61,346.69,1389,-361.13999999998737,30.0,91,346.43,scheduled_fill
corrected_execution__halt_aware__with_dividends__slip_0p0025,2022-03-18,long,121,347.02,1389,5861.580000000036,270.0,390,351.24,end_of_session
corrected_execution__halt_aware__with_dividends__slip_0p0025,2022-03-21,short,61,346.68,1329,-3933.839999999973,30.0,91,349.64,scheduled_fill
corrected_execution__halt_aware__with_dividends__slip_0p0025,2022-03-22,long,31,352.62,1344,5664.959999999966,360.0,390,356.835,end_of_session
corrected_execution__halt_aware__with_dividends__slip_0p0025,2022-03-25,short,121,355.16,1319,-2255.489999999973,60.0,181,356.87,scheduled_fill
corrected_execution__halt_aware__with_dividends__slip_0p0025,2022-03-28,long,31,362.35,1515,-3211.8000000000065,30.0,61,360.23,scheduled_fill
corrected_execution__halt_aware__with_dividends__slip_0p0025,2022-03-28,long,91,362.37,1515,-2060.4000000000206,30.0,121,361.01,scheduled_fill
corrected_execution__halt_aware__with_dividends__slip_0p0025,2022-03-28,long,331,363.59,1515,1893.75,60.0,390,364.84,end_of_session
corrected_execution__halt_aware__with_dividends__slip_0p0025,2022-04-01,short,151,359.36,1692,-575.2799999999577,30.0,181,359.7,scheduled_fill
corrected_execution__halt_aware__with_dividends__slip_0p0025,2022-04-01,short,211,359.08,1692,-1116.7200000000423,60.0,271,359.74,scheduled_fill
corrected_execution__halt_aware__with_dividends__slip_0p0025,2022-04-04,long,31,366.28,1840,5004.80000000005,360.0,390,369.0,end_of_session
corrected_execution__halt_aware__with_dividends__slip_0p0025,2022-04-05,short,61,364.2112,1935,6813.522000000042,330.0,390,360.69,end_of_session
corrected_execution__halt_aware__with_dividends__slip_0p0025,2022-04-06,short,31,353.47,2021,1111.5500000000234,120.0,151,352.92,scheduled_fill
corrected_execution__halt_aware__with_dividends__slip_0p0025,2022-04-06,short,181,351.445,2021,-2172.5749999999775,60.0,241,352.52,scheduled_fill
corrected_execution__halt_aware__with_dividends__slip_0p0025,2022-04-06,short,301,351.59,2021,-7639.380000000062,30.0,331,355.37,scheduled_fill
corrected_execution__halt_aware__with_dividends__slip_0p0025,2022-04-08,short,31,348.72,1992,-4183.1999999999325,30.0,61,350.82,scheduled_fill
corrected_execution__halt_aware__with_dividends__slip_0p0025,2022-04-08,short,301,349.48,1992,-1553.7599999999456,30.0,331,350.26,scheduled_fill
corrected_execution__halt_aware__with_dividends__slip_0p0025,2022-04-11,short,61,342.5,1946,-642.1799999999689,90.0,151,342.83,scheduled_fill
corrected_execution__halt_aware__with_dividends__slip_0p0025,2022-04-11,short,181,342.22,1946,-1634.6399999999512,30.0,211,343.06,scheduled_fill
corrected_execution__halt_aware__with_dividends__slip_0p0025,2022-04-11,short,301,342.34,1946,-1634.6400000000629,30.0,331,343.18,scheduled_fill
corrected_execution__halt_aware__with_dividends__slip_0p0025,2022-04-13,long,31,341.73,1997,9186.199999999944,360.0,390,346.33,end_of_session
corrected_execution__halt_aware__with_dividends__slip_0p0025,2022-04-14,short,31,343.75,2015,10991.824999999964,360.0,390,338.295,end_of_session
corrected_execution__halt_aware__with_dividends__slip_0p0025,2022-04-18,long,61,340.541,1994,-2107.2592000000195,30.0,91,339.4842,scheduled_fill
corrected_execution__halt_aware__with_dividends__slip_0p0025,2022-04-19,long,31,340.93,2110,10877.049999999947,360.0,390,346.085,end_of_session
corrected_execution__halt_aware__with_dividends__slip_0p0025,2022-04-20,short,31,342.83,2005,-2566.4000000000597,60.0,91,344.11,scheduled_fill
corrected_execution__halt_aware__with_dividends__slip_0p0025,2022-04-20,short,121,341.97,2005,-1904.7499999999795,150.0,271,342.92,scheduled_fill
corrected_execution__halt_aware__with_dividends__slip_0p0025,2022-04-20,short,301,341.81,2005,1463.650000000037,90.0,390,341.08,end_of_session
corrected_execution__halt_aware__with_dividends__slip_0p0025,2022-04-21,short,301,336.37,1992,4003.919999999982,90.0,390,334.36,end_of_session
corrected_execution__halt_aware__with_dividends__slip_0p0025,2022-04-22,short,61,331.17,2024,-870.3200000000138,60.0,121,331.6,scheduled_fill
corrected_execution__halt_aware__with_dividends__slip_0p0025,2022-04-22,short,151,329.25,2024,7832.88000000001,240.0,390,325.38,end_of_session
corrected_execution__halt_aware__with_dividends__slip_0p0025,2022-04-26,short,31,322.96,2068,2316.16000000001,150.0,181,321.84,scheduled_fill
corrected_execution__halt_aware__with_dividends__slip_0p0025,2022-04-26,short,211,321.615,2068,8406.419999999995,180.0,390,317.55,end_of_session
corrected_execution__halt_aware__with_dividends__slip_0p0025,2022-04-27,long,31,321.075,2017,-8824.375,30.0,61,316.7,scheduled_fill
corrected_execution__halt_aware__with_dividends__slip_0p0025,2022-04-27,long,181,321.88,2017,-2400.2299999999973,60.0,241,320.69,scheduled_fill
corrected_execution__halt_aware__with_dividends__slip_0p0025,2022-04-28,long,241,326.82,1976,1185.7975999999949,150.0,390,327.4201,end_of_session
corrected_execution__halt_aware__with_dividends__slip_0p0025,2022-04-29,short,181,319.67,1682,11336.680000000015,210.0,390,312.93,end_of_session
corrected_execution__halt_aware__with_dividends__slip_0p0025,2022-05-02,long,31,315.63,1596,-1739.6399999999592,60.0,91,314.54,scheduled_fill
corrected_execution__halt_aware__with_dividends__slip_0p0025,2022-05-04,short,61,315.87,1527,275.01269999997226,90.0,151,315.6899,scheduled_fill
corrected_execution__halt_aware__with_dividends__slip_0p0025,2022-05-04,long,331,324.71,1527,7619.730000000014,60.0,390,329.7,end_of_session
corrected_execution__halt_aware__with_dividends__slip_0p0025,2022-05-05,short,31,321.05,1434,11629.740000000023,360.0,390,312.94,end_of_session
corrected_execution__halt_aware__with_dividends__slip_0p0025,2022-05-06,short,31,305.93,1385,-6107.849999999957,30.0,61,310.34,scheduled_fill
corrected_execution__halt_aware__with_dividends__slip_0p0025,2022-05-09,short,91,300.19,1405,28.099999999974557,60.0,151,300.17,scheduled_fill
corrected_execution__halt_aware__with_dividends__slip_0p0025,2022-05-09,short,211,299.45,1405,4.636499999953799,120.0,331,299.4467,scheduled_fill
corrected_execution__halt_aware__with_dividends__slip_0p0025,2022-05-11,short,271,292.59,1396,-2903.6800000000567,30.0,301,294.67,scheduled_fill
corrected_execution__halt_aware__with_dividends__slip_0p0025,2022-05-13,long,31,298.46,1390,111.20000000005803,270.0,301,298.54,scheduled_fill
corrected_execution__halt_aware__with_dividends__slip_0p0025,2022-05-13,long,331,300.85,1390,1084.1999999999625,60.0,390,301.63,end_of_session
corrected_execution__halt_aware__with_dividends__slip_0p0025,2022-05-18,short,121,296.35,1290,6837.000000000018,270.0,390,291.05,end_of_session
corrected_execution__halt_aware__with_dividends__slip_0p0025,2022-05-20,short,151,286.47,1402,-3042.339999999951,240.0,390,288.64,end_of_session
corrected_execution__halt_aware__with_dividends__slip_0p0025,2022-05-24,short,31,285.15,1426,-884.1200000000047,120.0,151,285.77,scheduled_fill
corrected_execution__halt_aware__with_dividends__slip_0p0025,2022-05-24,short,241,284.4,1426,-2566.800000000017,30.0,271,286.2,scheduled_fill
corrected_execution__halt_aware__with_dividends__slip_0p0025,2022-05-25,long,61,289.72,1541,-61.64000000003165,30.0,91,289.68,scheduled_fill
corrected_execution__halt_aware__with_dividends__slip_0p0025,2022-05-25,long,331,291.62,1541,-801.319999999972,60.0,390,291.1,end_of_session
corrected_execution__halt_aware__with_dividends__slip_0p0025,2022-05-26,long,31,295.54,1638,6388.199999999964,360.0,390,299.44,end_of_session
corrected_execution__halt_aware__with_dividends__slip_0p0025,2022-05-27,long,31,305.27,1504,466.2400000000034,60.0,91,305.58,scheduled_fill
corrected_execution__halt_aware__with_dividends__slip_0p0025,2022-05-27,long,151,306.99,1504,2917.7599999999966,240.0,390,308.93,end_of_session
corrected_execution__halt_aware__with_dividends__slip_0p0025,2022-05-31,short,31,305.99,1535,-936.350000000021,30.0,61,306.6,scheduled_fill
corrected_execution__halt_aware__with_dividends__slip_0p0025,2022-06-02,long,181,311.14,1684,5607.720000000067,210.0,390,314.47,end_of_session
corrected_execution__halt_aware__with_dividends__slip_0p0025,2022-06-03,short,121,305.12,1629,-1400.940000000022,30.0,151,305.98,scheduled_fill
corrected_execution__halt_aware__with_dividends__slip_0p0025,2022-06-10,short,31,291.4,2098,3692.2701999999117,210.0,241,289.6401,scheduled_fill
corrected_execution__halt_aware__with_dividends__slip_0p0025,2022-06-13,short,361,275.76,1981,841.9250000000228,30.0,390,275.335,end_of_session
corrected_execution__halt_aware__with_dividends__slip_0p0025,2022-06-15,long,361,284.98,1794,-4074.1740000000277,30.0,390,282.709,end_of_session
corrected_execution__halt_aware__with_dividends__slip_0p0025,2022-06-16,short,61,273.2101,1760,-105.42399999994814,60.0,121,273.27,scheduled_fill
corrected_execution__halt_aware__with_dividends__slip_0p0025,2022-06-16,short,151,271.92,1760,-2200.0,90.0,241,273.17,scheduled_fill
corrected_execution__halt_aware__with_dividends__slip_0p0025,2022-06-16,short,271,270.64,1760,-1144.00000000006,120.0,390,271.29,end_of_session
corrected_execution__halt_aware__with_dividends__slip_0p0025,2022-06-17,long,31,275.13,1748,-4911.880000000003,30.0,61,272.32,scheduled_fill
corrected_execution__halt_aware__with_dividends__slip_0p0025,2022-06-17,long,121,274.81,1748,-2464.680000000043,30.0,151,273.4,scheduled_fill
corrected_execution__halt_aware__with_dividends__slip_0p0025,2022-06-17,long,241,276.17,1748,-2053.9000000000196,150.0,390,274.995,end_of_session
corrected_execution__halt_aware__with_dividends__slip_0p0025,2022-06-21,long,31,281.94,1800,-108.00000000000409,150.0,181,281.88,scheduled_fill
corrected_execution__halt_aware__with_dividends__slip_0p0025,2022-06-21,long,211,282.32,1800,-1169.999999999959,60.0,271,281.67,scheduled_fill
corrected_execution__halt_aware__with_dividends__slip_0p0025,2022-06-21,long,331,282.07,1800,-362.1599999999489,30.0,361,281.8688,scheduled_fill
corrected_execution__halt_aware__with_dividends__slip_0p0025,2022-06-22,long,61,284.11,1707,-4643.040000000046,90.0,151,281.39,scheduled_fill
corrected_execution__halt_aware__with_dividends__slip_0p0025,2022-06-24,long,31,290.2517,1704,7068.7031999999135,360.0,390,294.4,end_of_session
corrected_execution__halt_aware__with_dividends__slip_0p0025,2022-06-28,short,121,288.25,1602,7545.419999999979,270.0,390,283.54,end_of_session
corrected_execution__halt_aware__with_dividends__slip_0p0025,2022-06-30,short,31,277.33,1651,-2658.1100000000224,60.0,91,278.94,scheduled_fill
corrected_execution__halt_aware__with_dividends__slip_0p0025,2022-07-05,long,331,285.81,1778,1706.7022000000084,60.0,390,286.7699,end_of_session
corrected_execution__halt_aware__with_dividends__slip_0p0025,2022-07-07,long,31,292.4202,2008,5407.343199999908,360.0,390,295.1131,end_of_session
corrected_execution__halt_aware__with_dividends__slip_0p0025,2022-07-11,short,31,289.0,2539,-2919.8499999999412,90.0,121,290.15,scheduled_fill
corrected_execution__halt_aware__with_dividends__slip_0p0025,2022-07-11,short,151,289.69,2539,-355.4599999999656,30.0,181,289.83,scheduled_fill
corrected_execution__halt_aware__with_dividends__slip_0p0025,2022-07-11,short,361,289.015,2539,660.1399999999774,30.0,390,288.755,end_of_session
corrected_execution__halt_aware__with_dividends__slip_0p0025,2022-07-14,short,31,281.5,2451,147.06000000000586,60.0,91,281.44,scheduled_fill
corrected_execution__halt_aware__with_dividends__slip_0p0025,2022-07-19,long,121,295.75,2717,6914.7650000000385,270.0,390,298.295,end_of_session
corrected_execution__halt_aware__with_dividends__slip_0p0025,2022-07-20,long,61,301.0501,2742,-432.1392000000076,210.0,271,300.8925,scheduled_fill
corrected_execution__halt_aware__with_dividends__slip_0p0025,2022-07-20,long,301,302.63,2742,767.7600000000808,90.0,390,302.91,end_of_session
corrected_execution__halt_aware__with_dividends__slip_0p0025,2022-07-21,long,181,306.38,2642,-1743.7199999999161,60.0,241,305.72,scheduled_fill
corrected_execution__halt_aware__with_dividends__slip_0p0025,2022-07-22,short,121,303.87,2808,5236.920000000021,240.0,361,302.005,scheduled_fill
corrected_execution__halt_aware__with_dividends__slip_0p0025,2022-07-25,short,61,299.7,2606,-2136.6594000000478,30.0,91,300.5199,scheduled_fill
corrected_execution__halt_aware__with_dividends__slip_0p0025,2022-07-26,short,61,296.2214,2662,-315.7131999998883,30.0,91,296.34,scheduled_fill
corrected_execution__halt_aware__with_dividends__slip_0p0025,2022-07-26,short,121,295.4,2662,3167.7799999999943,270.0,390,294.21,end_of_session
corrected_execution__halt_aware__with_dividends__slip_0p0025,2022-07-27,long,31,301.22,2484,2334.9599999999955,240.0,271,302.16,scheduled_fill
corrected_execution__halt_aware__with_dividends__slip_0p0025,2022-07-27,long,301,302.95,2484,10109.879999999981,90.0,390,307.02,end_of_session
corrected_execution__halt_aware__with_dividends__slip_0p0025,2022-07-28,short,31,303.75,2117,-4085.810000000015,60.0,91,305.68,scheduled_fill
corrected_execution__halt_aware__with_dividends__slip_0p0025,2022-07-29,long,61,314.3,2067,-2521.740000000056,30.0,91,313.08,scheduled_fill
corrected_execution__halt_aware__with_dividends__slip_0p0025,2022-08-01,long,91,318.24,2181,-2835.3000000000256,90.0,181,316.94,scheduled_fill
corrected_execution__halt_aware__with_dividends__slip_0p0025,2022-08-03,long,31,319.15,2191,8238.160000000104,360.0,390,322.91,end_of_session
corrected_execution__halt_aware__with_dividends__slip_0p0025,2022-08-08,long,31,325.811,2107,-2319.8069999999984,30.0,61,324.71,scheduled_fill
corrected_execution__halt_aware__with_dividends__slip_0p0025,2022-08-09,short,31,316.45,2257,-438.5350999999964,30.0,61,316.6443,scheduled_fill
corrected_execution__halt_aware__with_dividends__slip_0p0025,2022-08-12,long,331,329.52,2146,1995.7800000000148,60.0,390,330.45,end_of_session
corrected_execution__halt_aware__with_dividends__slip_0p0025,2022-08-16,short,91,330.06,2320,-3477.447999999981,30.0,121,331.5589,scheduled_fill
corrected_execution__halt_aware__with_dividends__slip_0p0025,2022-08-17,short,91,326.99,2900,-2058.999999999941,30.0,121,327.7,scheduled_fill
corrected_execution__halt_aware__with_dividends__slip_0p0025,2022-08-17,short,151,326.7584,2900,-2701.929999999936,30.0,181,327.6901,scheduled_fill
corrected_execution__halt_aware__with_dividends__slip_0p0025,2022-08-19,short,31,324.26,2850,3391.499999999999,360.0,390,323.07,end_of_session
corrected_execution__halt_aware__with_dividends__slip_0p0025,2022-08-22,short,61,316.15,2701,5456.019999999953,330.0,390,314.13,end_of_session
corrected_execution__halt_aware__with_dividends__slip_0p0025,2022-08-23,long,61,315.74,2429,-3983.5599999999667,30.0,91,314.1,scheduled_fill
corrected_execution__halt_aware__with_dividends__slip_0p0025,2022-08-24,long,121,316.43,2749,-3298.7999999999683,90.0,211,315.23,scheduled_fill
corrected_execution__halt_aware__with_dividends__slip_0p0025,2022-08-25,long,61,318.8999,2710,-4308.629000000001,60.0,121,317.31,scheduled_fill
corrected_execution__halt_aware__with_dividends__slip_0p0025,2022-08-25,long,271,318.6295,2710,272.3550000000296,30.0,301,318.73,scheduled_fill
corrected_execution__halt_aware__with_dividends__slip_0p0025,2022-08-26,short,61,316.49,2531,22298.110000000015,330.0,390,307.68,end_of_session
corrected_execution__halt_aware__with_dividends__slip_0p0025,2022-08-30,short,61,302.19,2266,2651.2200000000416,330.0,390,301.02,end_of_session
corrected_execution__halt_aware__with_dividends__slip_0p0025,2022-09-01,short,91,293.948,2658,-3806.256000000043,150.0,241,295.38,scheduled_fill
corrected_execution__halt_aware__with_dividends__slip_0p0025,2022-09-02,short,241,295.9,2895,3734.549999999895,150.0,390,294.61,end_of_session
corrected_execution__halt_aware__with_dividends__slip_0p0025,2022-09-06,short,31,293.19,3077,-6277.080000000061,60.0,91,295.23,scheduled_fill
corrected_execution__halt_aware__with_dividends__slip_0p0025,2022-09-07,long,31,294.73,3096,-1297.2240000001225,30.0,61,294.311,scheduled_fill
corrected_execution__halt_aware__with_dividends__slip_0p0025,2022-09-07,long,121,295.91,3096,-1300.6296000001475,60.0,181,295.4899,scheduled_fill
corrected_execution__halt_aware__with_dividends__slip_0p0025,2022-09-07,long,211,296.36,3096,-309.6000000000704,30.0,241,296.26,scheduled_fill
corrected_execution__halt_aware__with_dividends__slip_0p0025,2022-09-07,long,271,297.56,3096,4334.3999999999305,120.0,390,298.96,end_of_session
corrected_execution__halt_aware__with_dividends__slip_0p0025,2022-09-08,long,121,301.46,2687,-2741.008699999883,30.0,151,300.4399,scheduled_fill
corrected_execution__halt_aware__with_dividends__slip_0p0025,2022-09-09,long,31,304.56,2609,6731.219999999957,360.0,390,307.14,end_of_session
corrected_execution__halt_aware__with_dividends__slip_0p0025,2022-09-12,long,31,310.59,2374,-1970.4199999999623,60.0,91,309.76,scheduled_fill
corrected_execution__halt_aware__with_dividends__slip_0p0025,2022-09-13,short,31,300.3501,2581,826.1781000000642,30.0,61,300.03,scheduled_fill
corrected_execution__halt_aware__with_dividends__slip_0p0025,2022-09-13,short,91,298.25,2581,-1651.8399999999654,150.0,241,298.89,scheduled_fill
corrected_execution__halt_aware__with_dividends__slip_0p0025,2022-09-13,short,271,297.9401,2581,10504.928099999914,120.0,390,293.87,end_of_session
corrected_execution__halt_aware__with_dividends__slip_0p0025,2022-09-15,short,91,291.34,2022,-1374.9600000000137,30.0,121,292.02,scheduled_fill
corrected_execution__halt_aware__with_dividends__slip_0p0025,2022-09-15,short,151,291.305,2022,-2173.6499999999774,60.0,211,292.38,scheduled_fill
corrected_execution__halt_aware__with_dividends__slip_0p0025,2022-09-15,short,361,289.59,2022,-3275.640000000009,30.0,390,291.21,end_of_session
corrected_execution__halt_aware__with_dividends__slip_0p0025,2022-09-16,short,31,285.75,2114,-3392.9700000000394,30.0,61,287.355,scheduled_fill
corrected_execution__halt_aware__with_dividends__slip_0p0025,2022-09-22,short,91,279.65,2364,-2033.040000000032,90.0,181,280.51,scheduled_fill
corrected_execution__halt_aware__with_dividends__slip_0p0025,2022-09-23,short,31,275.1,2381,-1523.8399999999676,90.0,121,275.74,scheduled_fill
corrected_execution__halt_aware__with_dividends__slip_0p0025,2022-09-23,short,151,275.11,2381,-95.23999999991258,240.0,390,275.15,end_of_session
corrected_execution__halt_aware__with_dividends__slip_0p0025,2022-09-26,long,31,277.66,2374,-154.30999999999506,60.0,91,277.595,scheduled_fill
corrected_execution__halt_aware__with_dividends__slip_0p0025,2022-09-28,long,61,276.01,2544,-25.439999999976862,30.0,91,276.0,scheduled_fill
corrected_execution__halt_aware__with_dividends__slip_0p0025,2022-09-28,long,121,277.0,2544,7937.280000000013,270.0,390,280.12,end_of_session
corrected_execution__halt_aware__with_dividends__slip_0p0025,2022-09-29,short,31,272.81,2401,-216.0899999999413,120.0,151,272.9,scheduled_fill
corrected_execution__halt_aware__with_dividends__slip_0p0025,2022-09-29,short,181,271.4891,2401,-1538.800899999969,210.0,390,272.13,end_of_session
corrected_execution__halt_aware__with_dividends__slip_0p0025,2022-09-30,long,121,274.72,2549,-5518.585000000055,30.0,151,272.555,scheduled_fill
corrected_execution__halt_aware__with_dividends__slip_0p0025,2022-10-03,long,61,271.57,2650,-2040.4999999999523,90.0,151,270.8,scheduled_fill
corrected_execution__halt_aware__with_dividends__slip_0p0025,2022-10-03,long,211,271.3199,2650,5618.2649999999485,180.0,390,273.44,end_of_session
corrected_execution__halt_aware__with_dividends__slip_0p0025,2022-10-04,long,31,281.3,3015,-663.3000000000843,180.0,211,281.08,scheduled_fill
corrected_execution__halt_aware__with_dividends__slip_0p0025,2022-10-04,long,271,281.455,3015,-1673.3250000000205,30.0,301,280.9,scheduled_fill
corrected_execution__halt_aware__with_dividends__slip_0p0025,2022-10-04,long,331,282.005,3015,-1793.9249999999095,30.0,361,281.41,scheduled_fill
corrected_execution__halt_aware__with_dividends__slip_0p0025,2022-10-05,short,61,276.25,2579,-1521.609999999936,60.0,121,276.84,scheduled_fill
corrected_execution__halt_aware__with_dividends__slip_0p0025,2022-10-07,short,31,272.02,2657,7492.739999999983,360.0,390,269.2,end_of_session
corrected_execution__halt_aware__with_dividends__slip_0p0025,2022-10-10,short,31,267.06,2444,-1661.9200000000167,30.0,61,267.74,scheduled_fill
corrected_execution__halt_aware__with_dividends__slip_0p0025,2022-10-10,short,91,265.3396,2444,-5548.857599999988,180.0,271,267.61,scheduled_fill
corrected_execution__halt_aware__with_dividends__slip_0p0025,2022-10-11,short,31,262.4,2455,-1730.7750000001001,60.0,91,263.105,scheduled_fill
corrected_execution__halt_aware__with_dividends__slip_0p0025,2022-10-13,long,151,266.92,2556,5418.720000000009,240.0,390,269.04,end_of_session
corrected_execution__halt_aware__with_dividends__slip_0p0025,2022-10-14,short,61,265.21,2328,11546.879999999957,330.0,390,260.25,end_of_session
corrected_execution__halt_aware__with_dividends__slip_0p0025,2022-10-17,long,61,268.905,2227,-2505.375,30.0,91,267.78,scheduled_fill
corrected_execution__halt_aware__with_dividends__slip_0p0025,2022-10-19,long,61,273.63,2050,-4824.264999999979,30.0,91,271.2767,scheduled_fill
corrected_execution__halt_aware__with_dividends__slip_0p0025,2022-10-20,long,61,274.33,2154,-2627.8799999999374,60.0,121,273.11,scheduled_fill
corrected_execution__halt_aware__with_dividends__slip_0p0025,2022-10-21,long,211,272.61,2213,6373.439999999992,180.0,390,275.49,end_of_session
corrected_execution__halt_aware__with_dividends__slip_0p0025,2022-10-24,short,61,272.48,2174,-5163.249999999999,30.0,91,274.855,scheduled_fill
corrected_execution__halt_aware__with_dividends__slip_0p0025,2022-10-25,long,31,282.65,2293,22.930000000108862,180.0,211,282.66,scheduled_fill
corrected_execution__halt_aware__with_dividends__slip_0p0025,2022-10-25,long,301,283.44,2293,-343.94999999994803,30.0,331,283.29,scheduled_fill
corrected_execution__halt_aware__with_dividends__slip_0p0025,2022-10-25,long,361,284.21,2293,-412.7400000000158,30.0,390,284.03,end_of_session
corrected_execution__halt_aware__with_dividends__slip_0p0025,2022-10-27,short,31,273.86,2134,-7020.859999999923,30.0,61,277.15,scheduled_fill
corrected_execution__halt_aware__with_dividends__slip_0p0025,2022-10-27,short,331,272.7,2134,-1728.540000000004,30.0,361,273.51,scheduled_fill
corrected_execution__halt_aware__with_dividends__slip_0p0025,2022-10-28,long,31,274.83,2352,14794.080000000042,360.0,390,281.12,end_of_session
corrected_execution__halt_aware__with_dividends__slip_0p0025,2022-11-02,short,361,266.94,2212,1537.3399999999851,30.0,390,266.245,end_of_session
corrected_execution__halt_aware__with_dividends__slip_0p0025,2022-11-03,short,31,260.55,2202,-6407.819999999929,30.0,61,263.46,scheduled_fill
corrected_execution__halt_aware__with_dividends__slip_0p0025,2022-11-08,long,121,271.7256,2423,737.5611999999684,30.0,151,272.03,scheduled_fill
corrected_execution__halt_aware__with_dividends__slip_0p0025,2022-11-08,long,211,272.1801,2423,-6154.662299999989,30.0,241,269.64,scheduled_fill
corrected_execution__halt_aware__with_dividends__slip_0p0025,2022-11-09,short,271,264.16,2405,-2032.224999999929,30.0,301,265.005,scheduled_fill
corrected_execution__halt_aware__with_dividends__slip_0p0025,2022-11-09,short,331,263.55,2405,-1851.849999999957,30.0,361,264.32,scheduled_fill
corrected_execution__halt_aware__with_dividends__slip_0p0025,2022-11-10,long,31,278.04,2222,-977.679999999995,30.0,61,277.6,scheduled_fill
corrected_execution__halt_aware__with_dividends__slip_0p0025,2022-11-10,long,91,278.3,2222,1310.7578000000005,90.0,181,278.8899,scheduled_fill
corrected_execution__halt_aware__with_dividends__slip_0p0025,2022-11-10,long,241,278.73,2222,8932.439999999957,150.0,390,282.75,end_of_session
corrected_execution__halt_aware__with_dividends__slip_0p0025,2022-11-11,long,61,285.46,1611,-3286.439999999942,60.0,121,283.42,scheduled_fill
corrected_execution__halt_aware__with_dividends__slip_0p0025,2022-11-11,long,211,286.12,1611,2795.0850000000223,180.0,390,287.855,end_of_session
corrected_execution__halt_aware__with_dividends__slip_0p0025,2022-11-16,short,61,285.5799,1628,-993.2427999999813,60.0,121,286.19,scheduled_fill
corrected_execution__halt_aware__with_dividends__slip_0p0025,2022-11-23,long,31,287.805,1884,-2062.980000000052,120.0,151,286.71,scheduled_fill
corrected_execution__halt_aware__with_dividends__slip_0p0025,2022-11-23,long,301,289.16,1884,-960.84000000009,90.0,390,288.65,end_of_session
corrected_execution__halt_aware__with_dividends__slip_0p0025,2022-11-28,short,361,281.865,1968,-1820.4000000000224,30.0,390,282.79,end_of_session
corrected_execution__halt_aware__with_dividends__slip_0p0025,2022-11-29,short,121,279.6,1933,-2609.549999999933,90.0,211,280.95,scheduled_fill
corrected_execution__halt_aware__with_dividends__slip_0p0025,2022-11-29,short,241,279.64,1933,-1510.4462000000367,30.0,271,280.4214,scheduled_fill
corrected_execution__halt_aware__with_dividends__slip_0p0025,2022-11-30,long,271,286.22,1920,12595.199999999895,120.0,390,292.78,end_of_session
corrected_execution__halt_aware__with_dividends__slip_0p0025,2022-12-01,long,31,295.24,1793,-6401.0099999999875,30.0,61,291.67,scheduled_fill
corrected_execution__halt_aware__with_dividends__slip_0p0025,2022-12-05,short,151,288.6818,2913,-810.3965999999123,30.0,181,288.96,scheduled_fill
corrected_execution__halt_aware__with_dividends__slip_0p0025,2022-12-05,short,211,288.02,2913,-320.43000000003974,30.0,241,288.13,scheduled_fill
corrected_execution__halt_aware__with_dividends__slip_0p0025,2022-12-05,short,271,287.1401,2913,-1252.2986999999284,120.0,390,287.57,end_of_session
corrected_execution__halt_aware__with_dividends__slip_0p0025,2022-12-06,short,31,284.2899,2818,7551.958199999917,360.0,390,281.61,end_of_session
corrected_execution__halt_aware__with_dividends__slip_0p0025,2022-12-08,long,61,283.99,2860,-2073.500000000065,60.0,121,283.265,scheduled_fill
corrected_execution__halt_aware__with_dividends__slip_0p0025,2022-12-08,long,151,283.63,2860,-1919.345999999906,30.0,181,282.9589,scheduled_fill
corrected_execution__halt_aware__with_dividends__slip_0p0025,2022-12-14,long,31,289.9,2729,-245.60999999993209,150.0,181,289.81,scheduled_fill
corrected_execution__halt_aware__with_dividends__slip_0p0025,2022-12-15,short,31,279.58,2794,7515.860000000008,360.0,390,276.89,end_of_session
corrected_execution__halt_aware__with_dividends__slip_0p0025,2022-12-16,short,121,273.52,2543,-419.595000000052,60.0,181,273.685,scheduled_fill
corrected_execution__halt_aware__with_dividends__slip_0p0025,2022-12-16,short,211,273.02,2543,-585.398600000063,60.0,271,273.2502,scheduled_fill
corrected_execution__halt_aware__with_dividends__slip_0p0025,2022-12-19,short,31,271.51,2583,-2634.6599999999535,30.0,61,272.53,scheduled_fill
corrected_execution__halt_aware__with_dividends__slip_0p0025,2022-12-19,short,91,271.22,2583,2996.2800000000625,300.0,390,270.06,end_of_session
corrected_execution__halt_aware__with_dividends__slip_0p0025,2022-12-21,long,61,272.41,3613,1878.7599999999359,120.0,181,272.93,scheduled_fill
corrected_execution__halt_aware__with_dividends__slip_0p0025,2022-12-21,long,211,273.81,3613,-1951.020000000074,150.0,361,273.27,scheduled_fill
corrected_execution__halt_aware__with_dividends__slip_0p0025,2022-12-22,short,31,268.33,3391,5798.609999999963,330.0,361,266.62,scheduled_fill
corrected_execution__halt_aware__with_dividends__slip_0p0025,2022-12-23,short,31,264.12,3265,-6627.94999999991,30.0,61,266.15,scheduled_fill
corrected_execution__halt_aware__with_dividends__slip_0p0025,2022-12-27,short,31,263.87,3254,-4262.740000000005,30.0,61,265.18,scheduled_fill
corrected_execution__halt_aware__with_dividends__slip_0p0025,2022-12-27,short,301,263.34,3254,-2782.1700000000596,60.0,361,264.195,scheduled_fill
corrected_execution__halt_aware__with_dividends__slip_0p0025,2022-12-28,short,151,260.57,3360,-369.60000000004584,30.0,181,260.68,scheduled_fill
corrected_execution__halt_aware__with_dividends__slip_0p0025,2022-12-28,short,361,260.12,3360,369.60000000004584,30.0,390,260.01,end_of_session
corrected_execution__halt_aware__with_dividends__slip_0p0025,2022-12-29,long,31,264.9886,3323,5537.447199999853,360.0,390,266.655,end_of_session
corrected_execution__halt_aware__with_dividends__slip_0p0025,2023-01-03,short,61,264.25,2959,-2574.3300000000136,30.0,91,265.12,scheduled_fill
corrected_execution__halt_aware__with_dividends__slip_0p0025,2023-01-03,short,121,263.39,2959,-1213.1900000000721,150.0,271,263.8,scheduled_fill
corrected_execution__halt_aware__with_dividends__slip_0p0025,2023-01-06,long,91,265.66,3193,9738.649999999852,300.0,390,268.71,end_of_session
corrected_execution__halt_aware__with_dividends__slip_0p0025,2023-01-09,long,31,273.15,3100,-867.9999999999088,240.0,271,272.87,scheduled_fill
corrected_execution__halt_aware__with_dividends__slip_0p0025,2023-01-12,short,31,274.98,2988,-7164.92519999998,30.0,61,277.3779,scheduled_fill
corrected_execution__halt_aware__with_dividends__slip_0p0025,2023-01-18,short,181,278.94,3408,-204.48000000000775,90.0,271,279.0,scheduled_fill
corrected_execution__halt_aware__with_dividends__slip_0p0025,2023-01-20,long,121,279.09,3613,-144.51999999986856,30.0,151,279.05,scheduled_fill
corrected_execution__halt_aware__with_dividends__slip_0p0025,2023-01-20,long,181,279.48,3613,11561.599999999964,210.0,390,282.68,end_of_session
corrected_execution__halt_aware__with_dividends__slip_0p0025,2023-01-23,long,31,285.81,3526,6558.360000000048,300.0,331,287.67,scheduled_fill
corrected_execution__halt_aware__with_dividends__slip_0p0025,2023-01-23,long,361,288.265,3526,2450.5699999999765,30.0,390,288.96,end_of_session
corrected_execution__halt_aware__with_dividends__slip_0p0025,2023-01-25,short,31,281.88,3455,-2832.754500000064,60.0,91,282.6999,scheduled_fill
corrected_execution__halt_aware__with_dividends__slip_0p0025,2023-01-27,long,61,294.63,3525,-3383.9999999999277,30.0,91,293.67,scheduled_fill
corrected_execution__halt_aware__with_dividends__slip_0p0025,2023-01-27,long,151,295.725,3525,1921.1249999998615,240.0,390,296.27,end_of_session
corrected_execution__halt_aware__with_dividends__slip_0p0025,2023-01-31,long,61,291.98,3260,2869.1259999999024,300.0,361,292.8601,scheduled_fill
corrected_execution__halt_aware__with_dividends__slip_0p0025,2023-02-01,long,331,298.8,3173,6946.014299999987,60.0,390,300.9891,end_of_session
corrected_execution__halt_aware__with_dividends__slip_0p0025,2023-02-02,long,61,308.9701,2993,-808.4093000000368,270.0,331,308.7,scheduled_fill
corrected_execution__halt_aware__with_dividends__slip_0p0025,2023-02-07,long,211,309.43,2453,-10032.77000000008,30.0,241,305.34,scheduled_fill
corrected_execution__halt_aware__with_dividends__slip_0p0025,2023-02-07,long,301,306.46,2453,9419.520000000077,90.0,390,310.3,end_of_session
corrected_execution__halt_aware__with_dividends__slip_0p0025,2023-02-08,short,91,306.14,2455,4369.899999999929,300.0,390,304.36,end_of_session
corrected_execution__halt_aware__with_dividends__slip_0p0025,2023-02-13,long,31,302.555,2545,-598.0750000000346,30.0,61,302.32,scheduled_fill
corrected_execution__halt_aware__with_dividends__slip_0p0025,2023-02-13,long,91,303.4499,2545,229.30450000001753,240.0,331,303.54,scheduled_fill
corrected_execution__halt_aware__with_dividends__slip_0p0025,2023-02-14,long,31,305.76,2500,-5974.999999999966,60.0,91,303.37,scheduled_fill
corrected_execution__halt_aware__with_dividends__slip_0p0025,2023-02-17,short,31,299.48,2459,-2212.8541000000055,30.0,61,300.3799,scheduled_fill
corrected_execution__halt_aware__with_dividends__slip_0p0025,2023-02-17,short,121,298.71,2459,-1372.1219999999823,60.0,181,299.268,scheduled_fill
corrected_execution__halt_aware__with_dividends__slip_0p0025,2023-02-17,short,211,298.55,2459,-1086.3862000000022,60.0,271,298.9918,scheduled_fill
corrected_execution__halt_aware__with_dividends__slip_0p0025,2023-02-21,short,301,294.5699,2621,-209.942099999893,30.0,331,294.65,scheduled_fill
corrected_execution__halt_aware__with_dividends__slip_0p0025,2023-03-01,short,61,291.28,3599,-2915.1900000000096,30.0,91,292.09,scheduled_fill
corrected_execution__halt_aware__with_dividends__slip_0p0025,2023-03-01,short,121,290.965,3599,-4624.715000000092,30.0,151,292.25,scheduled_fill
corrected_execution__halt_aware__with_dividends__slip_0p0025,2023-03-01,short,301,290.9,3599,-467.869999999984,90.0,390,291.03,end_of_session
corrected_execution__halt_aware__with_dividends__slip_0p0025,2023-03-02,long,361,293.36,3794,948.5000000000003,30.0,390,293.61,end_of_session
corrected_execution__halt_aware__with_dividends__slip_0p0025,2023-03-03,long,31,296.65,3632,-363.1999999998761,60.0,91,296.55,scheduled_fill
corrected_execution__halt_aware__with_dividends__slip_0p0025,2023-03-03,long,151,297.63,3632,7526.956800000058,240.0,390,299.7024,end_of_session
corrected_execution__halt_aware__with_dividends__slip_0p0025,2023-03-06,long,61,302.76,3252,-2699.1599999999453,150.0,211,301.93,scheduled_fill
corrected_execution__halt_aware__with_dividends__slip_0p0025,2023-03-07,short,61,297.98,3408,-4157.759999999899,120.0,181,299.2,scheduled_fill
corrected_execution__halt_aware__with_dividends__slip_0p0025,2023-03-07,short,241,297.87,3408,5418.7200000001085,150.0,390,296.28,end_of_session
corrected_execution__halt_aware__with_dividends__slip_0p0025,2023-03-09,long,31,300.24,3451,-2036.0900000001109,30.0,61,299.65,scheduled_fill
corrected_execution__halt_aware__with_dividends__slip_0p0025,2023-03-09,long,91,299.94,3451,-1932.5600000000077,30.0,121,299.38,scheduled_fill
corrected_execution__halt_aware__with_dividends__slip_0p0025,2023-03-09,short,271,295.15,3451,8075.685099999827,120.0,390,292.8099,end_of_session
corrected_execution__halt_aware__with_dividends__slip_0p0025,2023-03-10,short,61,290.4,3576,-7402.32000000018,30.0,91,292.47,scheduled_fill
corrected_execution__halt_aware__with_dividends__slip_0p0025,2023-03-10,short,181,290.6001,3576,7384.797599999893,210.0,390,288.535,end_of_session
corrected_execution__halt_aware__with_dividends__slip_0p0025,2023-03-13,long,31,290.27,3552,-3267.8399999998546,30.0,61,289.35,scheduled_fill
corrected_execution__halt_aware__with_dividends__slip_0p0025,2023-03-13,long,91,291.18,3552,-1704.9600000000646,300.0,390,290.7,end_of_session
corrected_execution__halt_aware__with_dividends__slip_0p0025,2023-03-14,long,31,295.83,3780,1514.267999999992,210.0,241,296.2306,scheduled_fill
corrected_execution__halt_aware__with_dividends__slip_0p0025,2023-03-16,long,31,299.42,3385,203.10000000000707,30.0,61,299.48,scheduled_fill
corrected_execution__halt_aware__with_dividends__slip_0p0025,2023-03-16,long,91,301.99,3385,16518.79999999998,300.0,390,306.87,end_of_session
corrected_execution__halt_aware__with_dividends__slip_0p0025,2023-03-17,short,121,304.2101,3154,-914.344599999964,30.0,151,304.5,scheduled_fill
corrected_execution__halt_aware__with_dividends__slip_0p0025,2023-03-20,short,31,302.8,3143,-3300.1500000000356,30.0,61,303.85,scheduled_fill
corrected_execution__halt_aware__with_dividends__slip_0p0025,2023-03-23,long,61,312.08,3040,-1489.2959999999312,180.0,241,311.5901,scheduled_fill
corrected_execution__halt_aware__with_dividends__slip_0p0025,2023-03-27,short,211,308.42,3170,-1236.2999999999565,30.0,241,308.81,scheduled_fill
corrected_execution__halt_aware__with_dividends__slip_0p0025,2023-03-28,short,31,306.08,3286,-690.0600000001202,90.0,121,306.29,scheduled_fill
corrected_execution__halt_aware__with_dividends__slip_0p0025,2023-03-28,short,181,305.834,3286,-496.18600000003437,60.0,241,305.985,scheduled_fill
corrected_execution__halt_aware__with_dividends__slip_0p0025,2023-03-28,short,271,304.81,3286,-2464.500000000001,30.0,301,305.56,scheduled_fill
corrected_execution__halt_aware__with_dividends__slip_0p0025,2023-03-31,long,61,317.49,3624,2772.3599999999506,60.0,121,318.255,scheduled_fill
corrected_execution__halt_aware__with_dividends__slip_0p0025,2023-03-31,long,151,318.695,3624,8896.91999999994,240.0,390,321.15,end_of_session
corrected_execution__halt_aware__with_dividends__slip_0p0025,2023-04-05,short,31,317.3,3655,5445.950000000032,300.0,331,315.81,scheduled_fill
corrected_execution__halt_aware__with_dividends__slip_0p0025,2023-04-05,short,361,315.4,3655,-1809.2250000000165,30.0,390,315.895,end_of_session
corrected_execution__halt_aware__with_dividends__slip_0p0025,2023-04-06,long,241,317.54,4362,2595.3899999998685,150.0,390,318.135,end_of_session
corrected_execution__halt_aware__with_dividends__slip_0p0025,2023-04-10,short,31,313.65,4444,-4044.04000000011,60.0,91,314.56,scheduled_fill
corrected_execution__halt_aware__with_dividends__slip_0p0025,2023-04-11,short,31,316.82,4345,1173.14999999992,30.0,61,316.55,scheduled_fill
corrected_execution__halt_aware__with_dividends__slip_0p0025,2023-04-11,short,91,315.53,4345,-2085.600000000077,90.0,181,316.01,scheduled_fill
corrected_execution__halt_aware__with_dividends__slip_0p0025,2023-04-12,short,361,312.83,4474,-178.96000000009224,30.0,390,312.87,end_of_session
corrected_execution__halt_aware__with_dividends__slip_0p0025,2023-04-13,long,61,317.205,4562,8850.279999999995,330.0,390,319.145,end_of_session
corrected_execution__halt_aware__with_dividends__slip_0p0025,2023-04-14,long,31,320.192,4160,-10865.920000000096,30.0,61,317.58,scheduled_fill
corrected_execution__halt_aware__with_dividends__slip_0p0025,2023-04-21,short,31,314.8,4771,-6011.459999999957,30.0,61,316.06,scheduled_fill
corrected_execution__halt_aware__with_dividends__slip_0p0025,2023-04-24,short,121,314.56,5611,-1458.8599999999476,90.0,211,314.82,scheduled_fill
corrected_execution__halt_aware__with_dividends__slip_0p0025,2023-04-25,short,61,313.24,5633,-1267.4249999998083,30.0,91,313.465,scheduled_fill
corrected_execution__halt_aware__with_dividends__slip_0p0025,2023-04-25,short,151,312.68,5633,14533.13999999991,240.0,390,310.1,end_of_session
corrected_execution__halt_aware__with_dividends__slip_0p0025,2023-04-27,long,121,318.16,4956,11299.679999999864,270.0,390,320.44,end_of_session
corrected_execution__halt_aware__with_dividends__slip_0p0025,2023-04-28,long,61,321.59,3851,-7740.509999999967,30.0,91,319.58,scheduled_fill
corrected_execution__halt_aware__with_dividends__slip_0p0025,2023-05-02,short,61,319.68,3817,496.2099999999833,180.0,241,319.55,scheduled_fill
corrected_execution__halt_aware__with_dividends__slip_0p0025,2023-05-02,short,301,319.1702,3817,-2442.116599999923,30.0,331,319.81,scheduled_fill
corrected_execution__halt_aware__with_dividends__slip_0p0025,2023-05-03,long,31,320.62,3835,-2607.8000000000256,30.0,61,319.94,scheduled_fill
corrected_execution__halt_aware__with_dividends__slip_0p0025,2023-05-04,short,61,315.36,4299,-3482.1900000000087,30.0,91,316.17,scheduled_fill
corrected_execution__halt_aware__with_dividends__slip_0p0025,2023-05-05,long,31,319.63,4237,13304.179999999942,360.0,390,322.77,end_of_session
corrected_execution__halt_aware__with_dividends__slip_0p0025,2023-05-08,short,31,321.67,3722,-297.75999999994053,30.0,61,321.75,scheduled_fill
corrected_execution__halt_aware__with_dividends__slip_0p0025,2023-05-12,short,91,324.87,3629,-835.7586999999993,60.0,151,325.1003,scheduled_fill
corrected_execution__halt_aware__with_dividends__slip_0p0025,2023-05-12,short,181,323.995,3629,-3465.6949999999406,210.0,390,324.95,end_of_session
corrected_execution__halt_aware__with_dividends__slip_0p0025,2023-05-16,long,31,327.29,4113,444.20400000001695,30.0,61,327.398,scheduled_fill
corrected_execution__halt_aware__with_dividends__slip_0p0025,2023-05-16,long,91,328.08,4113,616.9500000001395,150.0,241,328.23,scheduled_fill
corrected_execution__halt_aware__with_dividends__slip_0p0025,2023-05-16,long,271,328.63,4113,-1891.9799999999157,30.0,301,328.17,scheduled_fill
corrected_execution__halt_aware__with_dividends__slip_0p0025,2023-05-17,long,211,330.08,4085,4003.300000000076,180.0,390,331.06,end_of_session
corrected_execution__halt_aware__with_dividends__slip_0p0025,2023-05-18,long,31,332.998,5054,6074.9079999999885,240.0,271,334.2,scheduled_fill
corrected_execution__halt_aware__with_dividends__slip_0p0025,2023-05-18,long,301,334.871,5054,11720.226000000079,90.0,390,337.19,end_of_session
corrected_execution__halt_aware__with_dividends__slip_0p0025,2023-05-22,long,31,338.3,4520,-3457.7999999999392,60.0,91,337.535,scheduled_fill
corrected_execution__halt_aware__with_dividends__slip_0p0025,2023-05-23,short,301,333.6208,4845,1166.6759999998967,90.0,390,333.38,end_of_session
corrected_execution__halt_aware__with_dividends__slip_0p0025,2023-05-24,short,61,330.25,4602,-2485.080000000095,60.0,121,330.79,scheduled_fill
corrected_execution__halt_aware__with_dividends__slip_0p0025,2023-05-24,short,181,329.95,4602,-1886.8200000001152,30.0,211,330.36,scheduled_fill
corrected_execution__halt_aware__with_dividends__slip_0p0025,2023-05-26,long,31,342.97,4140,22666.499999999847,360.0,390,348.445,end_of_session
corrected_execution__halt_aware__with_dividends__slip_0p0025,2023-06-01,long,121,349.96,3698,6785.830000000138,270.0,390,351.795,end_of_session
corrected_execution__halt_aware__with_dividends__slip_0p0025,2023-06-05,long,91,356.61,3727,-1043.5600000001093,150.0,241,356.33,scheduled_fill
corrected_execution__halt_aware__with_dividends__slip_0p0025,2023-06-07,short,91,352.115,3675,11980.499999999967,300.0,390,348.855,end_of_session
corrected_execution__halt_aware__with_dividends__slip_0p0025,2023-06-08,long,61,350.96,3352,7609.04000000013,330.0,390,353.23,end_of_session
corrected_execution__halt_aware__with_dividends__slip_0p0025,2023-06-09,long,31,356.95,3451,-6349.839999999913,60.0,91,355.11,scheduled_fill
corrected_execution__halt_aware__with_dividends__slip_0p0025,2023-06-12,long,331,359.17,3431,3362.3799999998687,60.0,390,360.15,end_of_session
corrected_execution__halt_aware__with_dividends__slip_0p0025,2023-06-14,long,121,365.7,3517,-2145.370000000048,30.0,151,365.09,scheduled_fill
corrected_execution__halt_aware__with_dividends__slip_0p0025,2023-06-15,long,61,367.46,3645,9458.7750000001,330.0,390,370.055,end_of_session
corrected_execution__halt_aware__with_dividends__slip_0p0025,2023-06-20,short,61,364.07,4577,-3890.450000000105,60.0,121,364.92,scheduled_fill
corrected_execution__halt_aware__with_dividends__slip_0p0025,2023-06-21,short,31,363.82,4494,3033.4500000000608,240.0,271,363.145,scheduled_fill
corrected_execution__halt_aware__with_dividends__slip_0p0025,2023-06-22,long,31,363.3554,4161,-854.6693999999864,60.0,91,363.15,scheduled_fill
corrected_execution__halt_aware__with_dividends__slip_0p0025,2023-06-22,long,151,364.81,4161,-2704.649999999906,30.0,181,364.16,scheduled_fill
corrected_execution__halt_aware__with_dividends__slip_0p0025,2023-06-22,long,271,364.82,4161,5908.620000000069,120.0,390,366.24,end_of_session
corrected_execution__halt_aware__with_dividends__slip_0p0025,2023-06-26,long,31,364.4,3962,-871.6399999998829,30.0,61,364.18,scheduled_fill
corrected_execution__halt_aware__with_dividends__slip_0p0025,2023-06-26,short,181,359.17,3962,5348.700000000088,210.0,390,357.82,end_of_session
corrected_execution__halt_aware__with_dividends__slip_0p0025,2023-06-27,long,151,361.3999,3774,9057.97740000003,240.0,390,363.8,end_of_session
corrected_execution__halt_aware__with_dividends__slip_0p0025,2023-06-28,long,91,365.75,3544,-4077.3720000000794,30.0,121,364.5995,scheduled_fill
corrected_execution__halt_aware__with_dividends__slip_0p0025,2023-06-30,long,31,369.16,4041,-1252.7100000000062,120.0,151,368.85,scheduled_fill
corrected_execution__halt_aware__with_dividends__slip_0p0025,2023-06-30,long,211,370.02,4041,-969.8400000000369,120.0,331,369.78,scheduled_fill
corrected_execution__halt_aware__with_dividends__slip_0p0025,2023-06-30,long,361,370.08,4041,-1575.9899999999448,30.0,390,369.69,end_of_session
corrected_execution__halt_aware__with_dividends__slip_0p0025,2023-07-07,long,211,369.87,4047,-768.929999999991,60.0,271,369.68,scheduled_fill
corrected_execution__halt_aware__with_dividends__slip_0p0025,2023-07-10,short,31,364.36,4291,-7637.979999999882,30.0,61,366.14,scheduled_fill
corrected_execution__halt_aware__with_dividends__slip_0p0025,2023-07-12,long,61,373.73,4172,-3337.6000000000477,30.0,91,372.93,scheduled_fill
corrected_execution__halt_aware__with_dividends__slip_0p0025,2023-07-13,long,241,378.11,4343,-521.1600000000196,30.0,271,377.99,scheduled_fill
corrected_execution__halt_aware__with_dividends__slip_0p0025,2023-07-13,long,331,378.53,4343,3344.110000000168,60.0,390,379.3,end_of_session
corrected_execution__halt_aware__with_dividends__slip_0p0025,2023-07-14,long,31,381.51,4052,-1661.3199999998708,60.0,91,381.1,scheduled_fill
corrected_execution__halt_aware__with_dividends__slip_0p0025,2023-07-14,long,151,381.892,4052,-4222.183999999891,30.0,181,380.85,scheduled_fill
corrected_execution__halt_aware__with_dividends__slip_0p0025,2023-07-17,long,121,381.0995,4271,-1492.7144999999052,60.0,181,380.75,scheduled_fill
corrected_execution__halt_aware__with_dividends__slip_0p0025,2023-07-17,long,211,381.3205,4271,-600.5026000000266,30.0,241,381.1799,scheduled_fill
corrected_execution__halt_aware__with_dividends__slip_0p0025,2023-07-17,long,271,381.99,4271,1836.5300000000293,120.0,390,382.42,end_of_session
corrected_execution__halt_aware__with_dividends__slip_0p0025,2023-07-18,long,181,384.13,4811,8039.18099999997,210.0,390,385.801,end_of_session
corrected_execution__halt_aware__with_dividends__slip_0p0025,2023-07-20,short,61,380.625,5222,20235.249999999996,330.0,390,376.75,end_of_session
corrected_execution__halt_aware__with_dividends__slip_0p0025,2023-07-25,long,31,378.525,4254,-2616.2099999997968,30.0,61,377.91,scheduled_fill
corrected_execution__halt_aware__with_dividends__slip_0p0025,2023-07-25,long,121,378.3115,4254,3481.898999999881,270.0,390,379.13,end_of_session
corrected_execution__halt_aware__with_dividends__slip_0p0025,2023-07-26,short,91,375.63,4181,-5326.594000000004,60.0,151,376.904,scheduled_fill
corrected_execution__halt_aware__with_dividends__slip_0p0025,2023-07-26,short,181,376.23,4181,-104.52499999990516,60.0,241,376.255,scheduled_fill
corrected_execution__halt_aware__with_dividends__slip_0p0025,2023-07-28,long,31,382.2,4219,4915.135000000086,360.0,390,383.365,end_of_session
corrected_execution__halt_aware__with_dividends__slip_0p0025,2023-08-02,short,31,377.82,4028,12386.09999999995,360.0,390,374.745,end_of_session
corrected_execution__halt_aware__with_dividends__slip_0p0025,2023-08-08,short,31,370.375,4068,467.8200000000345,210.0,241,370.26,scheduled_fill
corrected_execution__halt_aware__with_dividends__slip_0p0025,2023-08-09,short,31,370.41,4026,3482.490000000038,210.0,241,369.545,scheduled_fill
corrected_execution__halt_aware__with_dividends__slip_0p0025,2023-08-10,long,31,373.7,4611,-7100.93999999983,60.0,91,372.16,scheduled_fill
corrected_execution__halt_aware__with_dividends__slip_0p0025,2023-08-14,long,61,367.4101,4574,12669.522600000044,330.0,390,370.18,end_of_session
corrected_execution__halt_aware__with_dividends__slip_0p0025,2023-08-15,short,61,367.25,4448,-2936.1247999999996,60.0,121,367.9101,scheduled_fill
corrected_execution__halt_aware__with_dividends__slip_0p0025,2023-08-15,short,361,366.17,4448,-2090.5599999998685,30.0,390,366.64,end_of_session
corrected_execution__halt_aware__with_dividends__slip_0p0025,2023-08-16,short,361,362.94,4378,963.1599999998706,30.0,390,362.72,end_of_session
corrected_execution__halt_aware__with_dividends__slip_0p0025,2023-08-17,short,61,361.27,4294,-1760.5400000001073,30.0,91,361.68,scheduled_fill
corrected_execution__halt_aware__with_dividends__slip_0p0025,2023-08-17,short,301,360.735,4294,7664.360599999972,90.0,390,358.9501,end_of_session
corrected_execution__halt_aware__with_dividends__slip_0p0025,2023-08-21,long,31,361.84,5251,-8297.105099999786,30.0,61,360.2599,scheduled_fill
corrected_execution__halt_aware__with_dividends__slip_0p0025,2023-08-21,long,211,361.78,5251,12103.555000000044,180.0,390,364.085,end_of_session
corrected_execution__halt_aware__with_dividends__slip_0p0025,2023-08-23,long,31,366.63,4952,11290.56000000016,360.0,390,368.91,end_of_session
corrected_execution__halt_aware__with_dividends__slip_0p0025,2023-08-24,short,61,366.61,4395,21579.450000000088,330.0,390,361.7,end_of_session
corrected_execution__halt_aware__with_dividends__slip_0p0025,2023-08-25,short,91,358.83,4201,-8633.05500000003,30.0,121,360.885,scheduled_fill
corrected_execution__halt_aware__with_dividends__slip_0p0025,2023-08-29,long,31,368.55,4111,24830.439999999853,360.0,390,374.59,end_of_session
corrected_execution__halt_aware__with_dividends__slip_0p0025,2023-08-31,long,31,378.61,3779,1322.6499999998714,60.0,91,378.96,scheduled_fill
corrected_execution__halt_aware__with_dividends__slip_0p0025,2023-09-06,short,61,374.63,4116,535.0799999999813,30.0,91,374.5,scheduled_fill
corrected_execution__halt_aware__with_dividends__slip_0p0025,2023-09-06,short,181,373.72,4116,-1111.3199999999254,90.0,271,373.99,scheduled_fill
corrected_execution__halt_aware__with_dividends__slip_0p0025,2023-09-08,long,61,374.46,4339,-6334.93999999991,30.0,91,373.0,scheduled_fill
corrected_execution__halt_aware__with_dividends__slip_0p0025,2023-09-15,short,31,373.42,5383,13915.055000000195,360.0,390,370.835,end_of_session
corrected_execution__halt_aware__with_dividends__slip_0p0025,2023-09-19,short,91,366.9,4817,-3323.7299999999896,30.0,121,367.59,scheduled_fill
corrected_execution__halt_aware__with_dividends__slip_0p0025,2023-09-20,short,361,366.8901,5909,13827.650900000035,30.0,390,364.55,end_of_session
corrected_execution__halt_aware__with_dividends__slip_0p0025,2023-09-22,long,91,361.45,5323,-4311.630000000011,60.0,151,360.64,scheduled_fill
corrected_execution__halt_aware__with_dividends__slip_0p0025,2023-09-22,long,211,361.41,5323,-8729.72000000023,30.0,241,359.77,scheduled_fill
corrected_execution__halt_aware__with_dividends__slip_0p0025,2023-09-26,short,31,355.64,5181,509.8103999998429,150.0,181,355.5416,scheduled_fill
corrected_execution__halt_aware__with_dividends__slip_0p0025,2023-09-26,short,241,355.1311,5181,4668.599099999924,150.0,390,354.23,end_of_session
corrected_execution__halt_aware__with_dividends__slip_0p0025,2023-09-27,short,241,352.14,5040,-6293.952000000086,60.0,301,353.3888,scheduled_fill
corrected_execution__halt_aware__with_dividends__slip_0p0025,2023-09-28,long,91,356.32,4983,9475.174499999983,300.0,390,358.2215,end_of_session
corrected_execution__halt_aware__with_dividends__slip_0p0025,2023-10-02,long,31,359.63,5145,2109.4500000001276,60.0,91,360.04,scheduled_fill
corrected_execution__halt_aware__with_dividends__slip_0p0025,2023-10-02,long,121,362.56,5145,-15332.100000000095,30.0,151,359.58,scheduled_fill
corrected_execution__halt_aware__with_dividends__slip_0p0025,2023-10-03,short,61,356.4,4977,8784.404999999937,330.0,390,354.635,end_of_session
corrected_execution__halt_aware__with_dividends__slip_0p0025,2023-10-04,long,151,359.13,4751,-6461.360000000065,90.0,241,357.77,scheduled_fill
corrected_execution__halt_aware__with_dividends__slip_0p0025,2023-10-04,long,331,358.61,4751,7292.784999999852,60.0,390,360.145,end_of_session
corrected_execution__halt_aware__with_dividends__slip_0p0025,2023-10-05,short,31,357.96,4367,1484.7799999998883,150.0,181,357.62,scheduled_fill
corrected_execution__halt_aware__with_dividends__slip_0p0025,2023-10-06,long,151,363.06,4740,7749.899999999962,240.0,390,364.695,end_of_session
corrected_execution__halt_aware__with_dividends__slip_0p0025,2023-10-10,long,61,369.05,4140,-952.2000000000726,180.0,241,368.82,scheduled_fill
corrected_execution__halt_aware__with_dividends__slip_0p0025,2023-10-13,short,91,367.21,4849,10352.614999999956,300.0,390,365.075,end_of_session
corrected_execution__halt_aware__with_dividends__slip_0p0025,2023-10-16,long,61,369.43,4598,-2253.0200000000414,90.0,151,368.94,scheduled_fill
corrected_execution__halt_aware__with_dividends__slip_0p0025,2023-10-16,long,331,369.99,4598,-597.7399999999791,60.0,390,369.86,end_of_session
corrected_execution__halt_aware__with_dividends__slip_0p0025,2023-10-17,short,31,364.495,4872,-11181.240000000076,30.0,61,366.79,scheduled_fill
corrected_execution__halt_aware__with_dividends__slip_0p0025,2023-10-20,short,61,357.16,4407,-727.1549999998357,150.0,211,357.325,scheduled_fill
corrected_execution__halt_aware__with_dividends__slip_0p0025,2023-10-20,short,301,355.7,4407,4098.510000000029,90.0,390,354.77,end_of_session
corrected_execution__halt_aware__with_dividends__slip_0p0025,2023-10-23,long,181,357.51,4295,42.9499999999598,120.0,301,357.52,scheduled_fill
corrected_execution__halt_aware__with_dividends__slip_0p0025,2023-10-24,long,31,358.44,4644,2368.4399999999564,60.0,91,358.95,scheduled_fill
corrected_execution__halt_aware__with_dividends__slip_0p0025,2023-10-25,short,31,354.45,4882,927.5799999999883,90.0,121,354.26,scheduled_fill
corrected_execution__halt_aware__with_dividends__slip_0p0025,2023-10-25,short,151,352.83,4882,12571.149999999954,240.0,390,350.255,end_of_session
corrected_execution__halt_aware__with_dividends__slip_0p0025,2023-10-26,short,31,346.58,4239,-3815.1000000001454,60.0,91,347.48,scheduled_fill
corrected_execution__halt_aware__with_dividends__slip_0p0025,2023-10-26,short,121,345.45,4239,-3648.931199999927,210.0,331,346.3108,scheduled_fill
corrected_execution__halt_aware__with_dividends__slip_0p0025,2023-10-30,long,31,349.92,4414,-12292.990000000109,30.0,61,347.135,scheduled_fill
corrected_execution__halt_aware__with_dividends__slip_0p0025,2023-10-31,short,31,347.34,4144,-5428.640000000009,30.0,61,348.65,scheduled_fill
corrected_execution__halt_aware__with_dividends__slip_0p0025,2023-11-01,long,61,354.34,4131,-4046.314499999888,60.0,121,353.3605,scheduled_fill
corrected_execution__halt_aware__with_dividends__slip_0p0025,2023-11-01,long,151,353.96,4131,-1735.0199999998317,30.0,181,353.54,scheduled_fill
corrected_execution__halt_aware__with_dividends__slip_0p0025,2023-11-01,long,331,355.37,4131,7663.005000000071,60.0,390,357.225,end_of_session
corrected_execution__halt_aware__with_dividends__slip_0p0025,2023-11-03,long,31,366.73,3464,-5611.680000000017,30.0,61,365.11,scheduled_fill
corrected_execution__halt_aware__with_dividends__slip_0p0025,2023-11-03,long,151,367.11,3464,2095.719999999866,240.0,390,367.715,end_of_session
corrected_execution__halt_aware__with_dividends__slip_0p0025,2023-11-07,long,61,371.74,3420,1026.0000000000366,120.0,181,372.04,scheduled_fill
corrected_execution__halt_aware__with_dividends__slip_0p0025,2023-11-07,long,211,372.5099,3420,1436.7419999999704,120.0,331,372.93,scheduled_fill
corrected_execution__halt_aware__with_dividends__slip_0p0025,2023-11-09,short,331,370.1,3577,500.7800000001547,60.0,390,369.96,end_of_session
corrected_execution__halt_aware__with_dividends__slip_0p0025,2023-11-10,long,31,372.975,3779,-3797.8949999999827,30.0,61,371.97,scheduled_fill
corrected_execution__halt_aware__with_dividends__slip_0p0025,2023-11-10,long,121,374.425,3779,14227.934999999945,270.0,390,378.19,end_of_session
corrected_execution__halt_aware__with_dividends__slip_0p0025,2023-11-14,long,31,384.96,3432,-102.95999999990636,60.0,91,384.93,scheduled_fill
corrected_execution__halt_aware__with_dividends__slip_0p0025,2023-11-20,long,31,388.3587,4939,-3450.879299999872,30.0,61,387.66,scheduled_fill
corrected_execution__halt_aware__with_dividends__slip_0p0025,2023-11-20,long,91,388.455,4939,10149.645000000042,300.0,390,390.51,end_of_session
corrected_execution__halt_aware__with_dividends__slip_0p0025,2023-11-21,short,61,386.87,4919,-4077.851000000037,90.0,151,387.699,scheduled_fill
corrected_execution__halt_aware__with_dividends__slip_0p0025,2023-11-27,long,211,390.79,5146,-1132.1200000001404,30.0,241,390.57,scheduled_fill
corrected_execution__halt_aware__with_dividends__slip_0p0025,2023-11-29,long,31,393.81,5129,-10876.044499999962,30.0,61,391.6895,scheduled_fill
corrected_execution__halt_aware__with_dividends__slip_0p0025,2023-11-30,short,31,388.79,5053,-1000.4939999998951,360.0,390,388.988,end_of_session
corrected_execution__halt_aware__with_dividends__slip_0p0025,2023-12-01,short,61,386.46,5360,-4422.000000000244,30.0,91,387.285,scheduled_fill
corrected_execution__halt_aware__with_dividends__slip_0p0025,2023-12-04,short,61,383.31,6885,-13012.649999999907,90.0,151,385.2,scheduled_fill
corrected_execution__halt_aware__with_dividends__slip_0p0025,2023-12-05,long,91,388.35,6240,-10171.199999999972,30.0,121,386.72,scheduled_fill
corrected_execution__halt_aware__with_dividends__slip_0p0025,2023-12-07,long,61,389.49,8784,-351.36000000017975,30.0,91,389.45,scheduled_fill
corrected_execution__halt_aware__with_dividends__slip_0p0025,2023-12-07,long,151,390.155,8784,4172.4000000002,240.0,390,390.63,end_of_session
corrected_execution__halt_aware__with_dividends__slip_0p0025,2023-12-08,long,61,392.28,6805,-10547.749999999698,60.0,121,390.73,scheduled_fill
corrected_execution__halt_aware__with_dividends__slip_0p0025,2023-12-11,long,31,393.4901,6616,-596.1016000000445,30.0,61,393.4,scheduled_fill
corrected_execution__halt_aware__with_dividends__slip_0p0025,2023-12-11,long,91,394.32,6616,-5061.239999999909,30.0,121,393.555,scheduled_fill
corrected_execution__halt_aware__with_dividends__slip_0p0025,2023-12-11,long,181,394.33,6616,8170.760000000091,210.0,390,395.565,end_of_session
corrected_execution__halt_aware__with_dividends__slip_0p0025,2023-12-12,long,331,398.0309,6864,3666.0624000001617,60.0,390,398.565,end_of_session
corrected_execution__halt_aware__with_dividends__slip_0p0025,2023-12-13,long,331,403.56,6877,-343.85000000007744,60.0,390,403.51,end_of_session
corrected_execution__halt_aware__with_dividends__slip_0p0025,2023-12-14,short,271,401.1299,6197,-8211.644699999775,30.0,301,402.455,scheduled_fill
corrected_execution__halt_aware__with_dividends__slip_0p0025,2023-12-15,long,31,404.84,6187,-1547.3686999998495,180.0,211,404.5899,scheduled_fill
corrected_execution__halt_aware__with_dividends__slip_0p0025,2023-12-18,long,211,406.895,6180,1822.482000000253,180.0,390,407.1899,end_of_session
corrected_execution__halt_aware__with_dividends__slip_0p0025,2023-12-20,short,331,405.49,6267,14288.760000000191,60.0,390,403.21,end_of_session
corrected_execution__halt_aware__with_dividends__slip_0p0025,2023-12-29,short,91,409.54,6409,-384.54000000001656,180.0,271,409.6,scheduled_fill
corrected_execution__halt_aware__with_dividends__slip_0p0025,2024-01-02,short,31,403.18,6131,-4353.0099999998765,120.0,151,403.89,scheduled_fill
corrected_execution__halt_aware__with_dividends__slip_0p0025,2024-01-02,short,211,402.54,6131,-674.4099999997366,180.0,390,402.65,end_of_session
corrected_execution__halt_aware__with_dividends__slip_0p0025,2024-01-05,long,61,398.66,5375,-2580.000000000098,60.0,121,398.18,scheduled_fill
corrected_execution__halt_aware__with_dividends__slip_0p0025,2024-01-08,long,31,400.47,5322,25119.839999999826,360.0,390,405.19,end_of_session
corrected_execution__halt_aware__with_dividends__slip_0p0025,2024-01-10,long,211,407.8,4406,3701.039999999888,180.0,390,408.64,end_of_session
corrected_execution__halt_aware__with_dividends__slip_0p0025,2024-01-11,short,91,406.775,4335,-3879.825000000169,150.0,241,407.67,scheduled_fill
corrected_execution__halt_aware__with_dividends__slip_0p0025,2024-01-17,short,31,403.47,5060,-5262.399999999816,30.0,61,404.51,scheduled_fill
corrected_execution__halt_aware__with_dividends__slip_0p0025,2024-01-18,long,121,412.545,5024,-7988.16000000016,60.0,181,410.955,scheduled_fill
corrected_execution__halt_aware__with_dividends__slip_0p0025,2024-01-18,long,301,412.78,5024,2562.24000000024,90.0,390,413.29,end_of_session
corrected_execution__halt_aware__with_dividends__slip_0p0025,2024-01-19,long,211,418.335,4469,11954.575000000048,180.0,390,421.01,end_of_session
corrected_execution__halt_aware__with_dividends__slip_0p0025,2024-01-24,long,181,429.21,4599,-5472.8099999999895,90.0,271,428.02,scheduled_fill
corrected_execution__halt_aware__with_dividends__slip_0p0025,2024-01-29,long,361,427.94,5165,878.0500000000823,30.0,390,428.11,end_of_session
corrected_execution__halt_aware__with_dividends__slip_0p0025,2024-01-30,short,181,425.375,6115,-1253.5749999999039,60.0,241,425.58,scheduled_fill
corrected_execution__halt_aware__with_dividends__slip_0p0025,2024-01-30,short,271,424.8701,6115,-2414.8135000000425,30.0,301,425.265,scheduled_fill
corrected_execution__halt_aware__with_dividends__slip_0p0025,2024-01-31,short,61,419.115,5732,-4671.579999999986,120.0,181,419.93,scheduled_fill
corrected_execution__halt_aware__with_dividends__slip_0p0025,2024-01-31,short,361,418.377,5732,5484.950800000105,30.0,390,417.4201,end_of_session
corrected_execution__halt_aware__with_dividends__slip_0p0025,2024-02-01,long,61,420.13,4527,-8374.950000000103,30.0,91,418.28,scheduled_fill
corrected_execution__halt_aware__with_dividends__slip_0p0025,2024-02-01,long,211,420.55,4527,5749.289999999916,180.0,390,421.82,end_of_session
corrected_execution__halt_aware__with_dividends__slip_0p0025,2024-02-02,long,31,425.97,4317,15066.329999999794,360.0,390,429.46,end_of_session
corrected_execution__halt_aware__with_dividends__slip_0p0025,2024-02-05,short,61,426.78,3972,-2978.999999999999,90.0,151,427.53,scheduled_fill
corrected_execution__halt_aware__with_dividends__slip_0p0025,2024-02-06,short,31,427.805,3945,3077.100000000111,300.0,331,427.025,scheduled_fill
corrected_execution__halt_aware__with_dividends__slip_0p0025,2024-02-07,long,61,432.38,3983,-2549.1199999999467,60.0,121,431.74,scheduled_fill
corrected_execution__halt_aware__with_dividends__slip_0p0025,2024-02-07,long,151,432.114,3983,-2007.43199999985,30.0,181,431.61,scheduled_fill
corrected_execution__halt_aware__with_dividends__slip_0p0025,2024-02-09,long,61,435.35,4486,7850.5,330.0,390,437.1,end_of_session
corrected_execution__halt_aware__with_dividends__slip_0p0025,2024-02-12,long,121,438.51,4364,567.3199999999799,30.0,151,438.64,scheduled_fill
corrected_execution__halt_aware__with_dividends__slip_0p0025,2024-02-12,short,331,434.88,4364,-3447.56000000009,30.0,361,435.67,scheduled_fill
corrected_execution__halt_aware__with_dividends__slip_0p0025,2024-02-15,short,31,432.12,3752,37.519999999965876,30.0,61,432.11,scheduled_fill
corrected_execution__halt_aware__with_dividends__slip_0p0025,2024-02-16,short,31,430.99,3799,-9231.570000000025,90.0,121,433.42,scheduled_fill
corrected_execution__halt_aware__with_dividends__slip_0p0025,2024-02-16,short,331,431.44,3799,3684.6500999999835,60.0,390,430.4701,end_of_session
corrected_execution__halt_aware__with_dividends__slip_0p0025,2024-02-20,short,31,426.49,3806,19.029999999982806,60.0,91,426.485,scheduled_fill
corrected_execution__halt_aware__with_dividends__slip_0p0025,2024-02-20,short,151,424.925,3806,-5499.669999999974,180.0,331,426.37,scheduled_fill
corrected_execution__halt_aware__with_dividends__slip_0p0025,2024-02-21,short,301,422.52,3786,-643.6200000000604,60.0,361,422.69,scheduled_fill
corrected_execution__halt_aware__with_dividends__slip_0p0025,2024-02-22,long,121,436.11,4227,-1225.8300000000859,30.0,151,435.82,scheduled_fill
corrected_execution__halt_aware__with_dividends__slip_0p0025,2024-02-22,long,181,436.755,4227,6572.9850000000315,210.0,390,438.31,end_of_session
corrected_execution__halt_aware__with_dividends__slip_0p0025,2024-03-01,long,61,441.97,3527,13578.94999999988,330.0,390,445.82,end_of_session
corrected_execution__halt_aware__with_dividends__slip_0p0025,2024-03-05,short,31,438.6,3519,8797.499999999996,360.0,390,436.1,end_of_session
corrected_execution__halt_aware__with_dividends__slip_0p0025,2024-03-07,long,91,444.1,3537,5906.789999999864,300.0,390,445.77,end_of_session
corrected_execution__halt_aware__with_dividends__slip_0p0025,2024-03-08,long,31,447.33,3347,-14626.390000000014,90.0,121,442.96,scheduled_fill
corrected_execution__halt_aware__with_dividends__slip_0p0025,2024-03-08,short,121,442.96,3347,12116.140000000021,270.0,390,439.34,end_of_session
corrected_execution__halt_aware__with_dividends__slip_0p0025,2024-03-11,short,31,436.06,3282,-196.9200000000077,30.0,61,436.12,scheduled_fill
corrected_execution__halt_aware__with_dividends__slip_0p0025,2024-03-12,long,61,440.95,3312,-894.2399999999398,150.0,211,440.68,scheduled_fill
corrected_execution__halt_aware__with_dividends__slip_0p0025,2024-03-12,long,271,441.93,3312,6127.199999999887,120.0,390,443.78,end_of_session
corrected_execution__halt_aware__with_dividends__slip_0p0025,2024-03-13,short,31,440.58,3213,-835.3799999999702,180.0,211,440.84,scheduled_fill
corrected_execution__halt_aware__with_dividends__slip_0p0025,2024-03-13,short,361,439.54,3213,-2056.319999999956,30.0,390,440.18,end_of_session
corrected_execution__halt_aware__with_dividends__slip_0p0025,2024-03-14,short,31,438.52,3906,-4140.360000000009,30.0,61,439.58,scheduled_fill
corrected_execution__halt_aware__with_dividends__slip_0p0025,2024-03-14,short,361,437.21,3906,-5898.060000000187,30.0,390,438.72,end_of_session
corrected_execution__halt_aware__with_dividends__slip_0p0025,2024-03-15,short,151,434.04,3907,586.0500000001339,90.0,241,433.89,scheduled_fill
corrected_execution__halt_aware__with_dividends__slip_0p0025,2024-03-15,short,301,433.78,3907,-3164.670000000009,30.0,331,434.59,scheduled_fill
corrected_execution__halt_aware__with_dividends__slip_0p0025,2024-03-18,long,61,440.97,3716,-5425.360000000134,60.0,121,439.51,scheduled_fill
corrected_execution__halt_aware__with_dividends__slip_0p0025,2024-03-19,short,31,434.08,3646,-109.38000000010766,30.0,61,434.11,scheduled_fill
corrected_execution__halt_aware__with_dividends__slip_0p0025,2024-03-20,long,331,442.39,3637,4509.880000000035,60.0,390,443.63,end_of_session
corrected_execution__halt_aware__with_dividends__slip_0p0025,2024-04-01,long,31,447.2,5499,-6488.820000000035,30.0,61,446.02,scheduled_fill
corrected_execution__halt_aware__with_dividends__slip_0p0025,2024-04-01,short,151,443.29,5499,-6103.889999999762,30.0,181,444.4,scheduled_fill
corrected_execution__halt_aware__with_dividends__slip_0p0025,2024-04-02,short,91,438.28,5617,-7302.100000000065,30.0,121,439.58,scheduled_fill
corrected_execution__halt_aware__with_dividends__slip_0p0025,2024-04-03,long,61,443.2,6220,-3669.7999999998406,270.0,331,442.61,scheduled_fill
corrected_execution__halt_aware__with_dividends__slip_0p0025,2024-04-04,short,331,438.7692,6468,23311.96559999995,60.0,390,435.165,end_of_session
corrected_execution__halt_aware__with_dividends__slip_0p0025,2024-04-05,long,31,438.48,5619,-1910.460000000179,30.0,61,438.14,scheduled_fill
corrected_execution__halt_aware__with_dividends__slip_0p0025,2024-04-05,long,91,440.85,5619,-5338.0500000002485,240.0,331,439.9,scheduled_fill
corrected_execution__halt_aware__with_dividends__slip_0p0025,2024-04-05,long,361,440.4,5619,1798.0800000002796,30.0,390,440.72,end_of_session
corrected_execution__halt_aware__with_dividends__slip_0p0025,2024-04-09,short,91,438.51,5645,-8185.249999999938,60.0,151,439.96,scheduled_fill
corrected_execution__halt_aware__with_dividends__slip_0p0025,2024-04-11,long,241,443.94,5987,10686.795000000146,150.0,390,445.725,end_of_session
corrected_execution__halt_aware__with_dividends__slip_0p0025,2024-04-12,short,91,439.09,5136,-5906.400000000175,30.0,121,440.24,scheduled_fill
corrected_execution__halt_aware__with_dividends__slip_0p0025,2024-04-12,short,181,439.04,5136,4904.8800000002075,210.0,390,438.085,end_of_session
corrected_execution__halt_aware__with_dividends__slip_0p0025,2024-04-15,short,241,432.9,4448,8028.6399999997775,150.0,390,431.095,end_of_session
corrected_execution__halt_aware__with_dividends__slip_0p0025,2024-04-17,short,121,429.0,4217,11006.37000000005,270.0,390,426.39,end_of_session
corrected_execution__halt_aware__with_dividends__slip_0p0025,2024-04-18,short,31,424.83,4273,-5469.440000000127,30.0,61,426.11,scheduled_fill
corrected_execution__halt_aware__with_dividends__slip_0p0025,2024-04-18,short,271,423.705,4273,-106.82500000014556,30.0,301,423.73,scheduled_fill
corrected_execution__halt_aware__with_dividends__slip_0p0025,2024-04-19,short,61,418.62,4274,16112.97999999993,330.0,390,414.85,end_of_session
corrected_execution__halt_aware__with_dividends__slip_0p0025,2024-04-22,long,301,420.82,4075,-2322.749999999971,30.0,331,420.25,scheduled_fill
corrected_execution__halt_aware__with_dividends__slip_0p0025,2024-04-23,long,31,422.525,3848,8831.160000000069,360.0,390,424.82,end_of_session
corrected_execution__halt_aware__with_dividends__slip_0p0025,2024-04-26,long,31,430.09,3846,4076.7600000000066,270.0,301,431.15,scheduled_fill
corrected_execution__halt_aware__with_dividends__slip_0p0025,2024-04-26,long,331,431.57,3846,-1153.800000000043,60.0,390,431.27,end_of_session
corrected_execution__halt_aware__with_dividends__slip_0p0025,2024-04-30,short,211,428.055,3493,506.4849999999366,30.0,241,427.91,scheduled_fill
corrected_execution__halt_aware__with_dividends__slip_0p0025,2024-05-03,long,31,435.75,3589,-5347.610000000031,30.0,61,434.26,scheduled_fill
corrected_execution__halt_aware__with_dividends__slip_0p0025,2024-05-10,long,31,443.93,4086,-9888.120000000068,30.0,61,441.51,scheduled_fill
corrected_execution__halt_aware__with_dividends__slip_0p0025,2024-05-14,long,61,444.855,4282,-4552.194200000087,90.0,151,443.7919,scheduled_fill
corrected_execution__halt_aware__with_dividends__slip_0p0025,2024-05-14,long,301,445.1028,4282,5105.000400000059,90.0,390,446.295,end_of_session
corrected_execution__halt_aware__with_dividends__slip_0p0025,2024-05-15,long,91,449.72,4199,13352.819999999789,300.0,390,452.9,end_of_session
corrected_execution__halt_aware__with_dividends__slip_0p0025,2024-05-16,long,91,454.375,4183,-564.2867000000676,30.0,121,454.2401,scheduled_fill
corrected_execution__halt_aware__with_dividends__slip_0p0025,2024-05-17,short,301,450.16,4398,-5013.719999999941,30.0,331,451.3,scheduled_fill
corrected_execution__halt_aware__with_dividends__slip_0p0025,2024-05-20,long,31,454.5,4328,-86.55999999992264,360.0,390,454.48,end_of_session
corrected_execution__halt_aware__with_dividends__slip_0p0025,2024-05-22,short,301,453.36,6124,-5879.039999999877,60.0,361,454.32,scheduled_fill
corrected_execution__halt_aware__with_dividends__slip_0p0025,2024-05-23,short,301,453.23,5965,-2087.749999999799,90.0,390,453.58,end_of_session
corrected_execution__halt_aware__with_dividends__slip_0p0025,2024-05-24,long,61,456.87,7584,7811.5199999998,330.0,390,457.9,end_of_session
corrected_execution__halt_aware__with_dividends__slip_0p0025,2024-05-30,short,91,453.0,7272,-9235.439999999866,150.0,241,454.27,scheduled_fill
corrected_execution__halt_aware__with_dividends__slip_0p0025,2024-05-30,short,301,453.21,7272,12144.2399999997,90.0,390,451.54,end_of_session
corrected_execution__halt_aware__with_dividends__slip_0p0025,2024-05-31,short,61,447.46,6320,252.7999999997819,300.0,361,447.42,scheduled_fill
corrected_execution__halt_aware__with_dividends__slip_0p0025,2024-06-05,long,121,460.7699,6365,16836.06150000008,270.0,390,463.415,end_of_session
corrected_execution__halt_aware__with_dividends__slip_0p0025,2024-06-12,long,31,474.13,5614,1122.799999999937,150.0,181,474.33,scheduled_fill
corrected_execution__halt_aware__with_dividends__slip_0p0025,2024-06-12,long,241,475.06,5614,-1515.7799999998977,30.0,271,474.79,scheduled_fill
corrected_execution__halt_aware__with_dividends__slip_0p0025,2024-06-17,long,181,482.12,5323,15623.005000000006,210.0,390,485.055,end_of_session
corrected_execution__halt_aware__with_dividends__slip_0p0025,2024-06-20,short,181,482.54,5378,914.2600000000889,120.0,301,482.37,scheduled_fill
corrected_execution__halt_aware__with_dividends__slip_0p0025,2024-06-20,short,331,481.2699,5378,-81.20780000009836,60.0,390,481.285,end_of_session
corrected_execution__halt_aware__with_dividends__slip_0p0025,2024-06-21,short,31,479.495,5639,-2960.474999999872,30.0,61,480.02,scheduled_fill
corrected_execution__halt_aware__with_dividends__slip_0p0025,2024-06-24,short,241,475.68,5598,895.6800000001398,30.0,271,475.52,scheduled_fill
corrected_execution__halt_aware__with_dividends__slip_0p0025,2024-06-24,short,301,474.72,5598,-5542.019999999736,30.0,331,475.71,scheduled_fill
corrected_execution__halt_aware__with_dividends__slip_0p0025,2024-06-25,long,61,477.2,4716,-1650.5999999998392,30.0,91,476.85,scheduled_fill
corrected_execution__halt_aware__with_dividends__slip_0p0025,2024-06-25,long,121,478.4,4716,-6767.46000000001,90.0,211,476.965,scheduled_fill
corrected_execution__halt_aware__with_dividends__slip_0p0025,2024-06-25,long,301,479.046,4716,1999.5840000001647,90.0,390,479.47,end_of_session
corrected_execution__halt_aware__with_dividends__slip_0p0025,2024-06-27,long,31,481.6499,5214,-3283.777199999941,60.0,91,481.0201,scheduled_fill
corrected_execution__halt_aware__with_dividends__slip_0p0025,2024-06-28,long,31,484.04,5194,-311.64000000001045,60.0,91,483.98,scheduled_fill
corrected_execution__halt_aware__with_dividends__slip_0p0025,2024-07-01,short,31,478.06,5127,-5857.084800000047,30.0,61,479.2024,scheduled_fill
corrected_execution__halt_aware__with_dividends__slip_0p0025,2024-07-02,long,91,483.61,5064,-1671.1200000002073,90.0,181,483.28,scheduled_fill
corrected_execution__halt_aware__with_dividends__slip_0p0025,2024-07-02,long,211,483.8608,5064,15390.50879999997,180.0,390,486.9,end_of_session
corrected_execution__halt_aware__with_dividends__slip_0p0025,2024-07-03,long,91,488.56,4981,10958.199999999946,120.0,210,490.76,end_of_session
corrected_execution__halt_aware__with_dividends__slip_0p0025,2024-07-05,long,31,493.5,5359,15541.099999999873,360.0,390,496.4,end_of_session
corrected_execution__halt_aware__with_dividends__slip_0p0025,2024-07-10,long,211,501.7901,5528,994.4872000001765,30.0,241,501.97,scheduled_fill
corrected_execution__halt_aware__with_dividends__slip_0p0025,2024-07-10,long,271,502.42,5528,-197.3496000001096,90.0,361,502.3843,scheduled_fill
corrected_execution__halt_aware__with_dividends__slip_0p0025,2024-07-11,short,61,498.2,5222,30966.46000000002,330.0,390,492.27,end_of_session
corrected_execution__halt_aware__with_dividends__slip_0p0025,2024-07-12,long,31,494.865,4311,-1573.5150000000253,360.0,390,494.5,end_of_session
corrected_execution__halt_aware__with_dividends__slip_0p0025,2024-07-15,long,61,498.1999,4289,1630.2488999998682,90.0,151,498.58,scheduled_fill
corrected_execution__halt_aware__with_dividends__slip_0p0025,2024-07-17,short,61,485.01,5094,14263.20000000005,330.0,390,482.21,end_of_session
corrected_execution__halt_aware__with_dividends__slip_0p0025,2024-07-18,short,121,477.63,3628,-6748.080000000048,90.0,211,479.49,scheduled_fill
corrected_execution__halt_aware__with_dividends__slip_0p0025,2024-07-18,short,271,478.85,3628,-1342.360000000015,120.0,390,479.22,end_of_session
corrected_execution__halt_aware__with_dividends__slip_0p0025,2024-07-19,short,211,475.8192,3607,-3645.9555999998574,150.0,361,476.83,scheduled_fill
corrected_execution__halt_aware__with_dividends__slip_0p0025,2024-07-24,short,31,470.72,3469,26086.88000000012,360.0,390,463.2,end_of_session
corrected_execution__halt_aware__with_dividends__slip_0p0025,2024-07-25,short,31,459.0,2969,-2375.2000000000317,30.0,61,459.8,scheduled_fill
corrected_execution__halt_aware__with_dividends__slip_0p0025,2024-07-29,long,31,467.36,3002,-5553.700000000068,30.0,61,465.51,scheduled_fill
corrected_execution__halt_aware__with_dividends__slip_0p0025,2024-07-30,short,121,459.69,2977,4525.0399999999445,270.0,390,458.17,end_of_session
corrected_execution__halt_aware__with_dividends__slip_0p0025,2024-07-31,long,331,472.34,3106,-9194.070599999859,30.0,361,469.3799,scheduled_fill
corrected_execution__halt_aware__with_dividends__slip_0p0025,2024-08-01,long,31,474.745,2679,-10622.23500000008,30.0,61,470.78,scheduled_fill
corrected_execution__halt_aware__with_dividends__slip_0p0025,2024-08-01,short,91,467.66,2679,21833.85000000011,300.0,390,459.51,end_of_session
corrected_execution__halt_aware__with_dividends__slip_0p0025,2024-08-02,short,31,449.44,2698,-269.80000000006487,120.0,151,449.54,scheduled_fill
corrected_execution__halt_aware__with_dividends__slip_0p0025,2024-08-02,short,241,447.2,2698,-2563.09999999997,60.0,301,448.15,scheduled_fill
corrected_execution__halt_aware__with_dividends__slip_0p0025,2024-08-06,long,61,440.38,2582,1136.0799999999954,60.0,121,440.82,scheduled_fill
corrected_execution__halt_aware__with_dividends__slip_0p0025,2024-08-06,long,151,443.1901,2582,-9192.178199999944,240.0,390,439.63,end_of_session
corrected_execution__halt_aware__with_dividends__slip_0p0025,2024-08-08,long,61,444.39,2577,1752.3600000000183,150.0,211,445.07,scheduled_fill
corrected_execution__halt_aware__with_dividends__slip_0p0025,2024-08-08,long,241,447.1,2577,927.719999999889,150.0,390,447.46,end_of_session
corrected_execution__halt_aware__with_dividends__slip_0p0025,2024-08-13,long,211,461.77,2268,1746.3600000000874,180.0,390,462.54,end_of_session
corrected_execution__halt_aware__with_dividends__slip_0p0025,2024-08-14,short,61,460.1,2314,-3980.0799999999313,30.0,91,461.82,scheduled_fill
corrected_execution__halt_aware__with_dividends__slip_0p0025,2024-08-15,long,31,471.31,2303,1174.5299999999788,60.0,91,471.82,scheduled_fill
corrected_execution__halt_aware__with_dividends__slip_0p0025,2024-08-15,long,121,472.7,2303,944.2300000000565,90.0,211,473.11,scheduled_fill
corrected_execution__halt_aware__with_dividends__slip_0p0025,2024-08-15,long,271,474.2794,2303,-1138.6031999999645,120.0,390,473.785,end_of_session
corrected_execution__halt_aware__with_dividends__slip_0p0025,2024-08-22,short,151,478.29,2543,-5213.149999999884,30.0,181,480.34,scheduled_fill
corrected_execution__halt_aware__with_dividends__slip_0p0025,2024-08-22,short,211,477.69,2543,-1157.0649999999594,30.0,241,478.145,scheduled_fill
corrected_execution__halt_aware__with_dividends__slip_0p0025,2024-08-22,short,271,475.2,2543,2670.1500000000283,120.0,390,474.15,end_of_session
corrected_execution__halt_aware__with_dividends__slip_0p0025,2024-08-23,long,61,482.65,2681,-11394.25,30.0,91,478.4,scheduled_fill
corrected_execution__halt_aware__with_dividends__slip_0p0025,2024-08-26,short,61,476.045,3259,798.4550000000111,270.0,331,475.8,scheduled_fill
corrected_execution__halt_aware__with_dividends__slip_0p0025,2024-08-26,short,361,475.3,3259,1662.0899999999697,30.0,390,474.79,end_of_session
corrected_execution__halt_aware__with_dividends__slip_0p0025,2024-08-27,long,91,477.0,3117,-1726.5062999999957,30.0,121,476.4461,scheduled_fill
corrected_execution__halt_aware__with_dividends__slip_0p0025,2024-08-28,short,31,474.75,3288,-1150.8000000000748,30.0,61,475.1,scheduled_fill
corrected_execution__halt_aware__with_dividends__slip_0p0025,2024-08-28,short,91,472.39,3288,1085.0399999999463,270.0,361,472.06,scheduled_fill
corrected_execution__halt_aware__with_dividends__slip_0p0025,2024-08-29,long,31,476.54,3567,-1284.1200000000504,210.0,241,476.18,scheduled_fill
corrected_execution__halt_aware__with_dividends__slip_0p0025,2024-09-03,short,31,470.55,3495,31280.24999999994,360.0,390,461.6,end_of_session
corrected_execution__halt_aware__with_dividends__slip_0p0025,2024-09-05,long,31,463.15,3313,-4041.859999999901,60.0,91,461.93,scheduled_fill
corrected_execution__halt_aware__with_dividends__slip_0p0025,2024-09-06,short,31,456.77,3716,29616.51999999988,360.0,390,448.8,end_of_session
corrected_execution__halt_aware__with_dividends__slip_0p0025,2024-09-09,long,31,454.57,3511,-5687.820000000017,30.0,61,452.95,scheduled_fill
corrected_execution__halt_aware__with_dividends__slip_0p0025,2024-09-11,short,31,456.91,3335,466.90000000014265,120.0,151,456.77,scheduled_fill
corrected_execution__halt_aware__with_dividends__slip_0p0025,2024-09-11,long,301,465.2,3335,12906.450000000013,90.0,390,469.07,end_of_session
corrected_execution__halt_aware__with_dividends__slip_0p0025,2024-09-12,long,271,473.63,3005,-1442.4000000000551,60.0,331,473.15,scheduled_fill
corrected_execution__halt_aware__with_dividends__slip_0p0025,2024-09-20,short,121,479.53,2899,-4739.865000000137,30.0,151,481.165,scheduled_fill
corrected_execution__halt_aware__with_dividends__slip_0p0025,2024-09-25,long,31,486.54,3668,2494.2400000000243,30.0,61,487.22,scheduled_fill
corrected_execution__halt_aware__with_dividends__slip_0p0025,2024-09-27,short,151,487.25,4973,-2287.579999999897,60.0,211,487.71,scheduled_fill
corrected_execution__halt_aware__with_dividends__slip_0p0025,2024-09-27,short,241,487.19,4973,-3779.479999999955,30.0,271,487.95,scheduled_fill
corrected_execution__halt_aware__with_dividends__slip_0p0025,2024-09-27,short,301,486.6,4973,-1342.7099999999095,90.0,390,486.87,end_of_session
corrected_execution__halt_aware__with_dividends__slip_0p0025,2024-10-01,short,31,482.73,4842,6439.860000000205,240.0,271,481.4,scheduled_fill
corrected_execution__halt_aware__with_dividends__slip_0p0025,2024-10-07,short,331,481.94,5019,803.0400000001255,60.0,390,481.78,end_of_session
corrected_execution__halt_aware__with_dividends__slip_0p0025,2024-10-08,long,91,488.0,4636,6861.280000000084,300.0,390,489.48,end_of_session
corrected_execution__halt_aware__with_dividends__slip_0p0025,2024-10-09,long,151,492.89,4355,-3941.274999999884,30.0,181,491.985,scheduled_fill
corrected_execution__halt_aware__with_dividends__slip_0p0025,2024-10-09,long,211,491.675,4355,65.3249999999407,60.0,271,491.69,scheduled_fill
corrected_execution__halt_aware__with_dividends__slip_0p0025,2024-10-09,long,301,492.97,4355,2395.249999999803,90.0,390,493.52,end_of_session
corrected_execution__halt_aware__with_dividends__slip_0p0025,2024-10-14,long,31,498.45,5315,-2976.4000000000115,30.0,61,497.89,scheduled_fill
corrected_execution__halt_aware__with_dividends__slip_0p0025,2024-10-15,short,91,492.33,5175,9728.999999999976,300.0,390,490.45,end_of_session
corrected_execution__halt_aware__with_dividends__slip_0p0025,2024-10-16,short,31,487.96,4735,-12216.300000000196,30.0,61,490.54,scheduled_fill
corrected_execution__halt_aware__with_dividends__slip_0p0025,2024-10-23,short,121,490.61,5421,-6044.415000000049,30.0,151,491.725,scheduled_fill
corrected_execution__halt_aware__with_dividends__slip_0p0025,2024-10-23,short,181,489.5,5421,6922.616999999942,210.0,390,488.223,end_of_session
corrected_execution__halt_aware__with_dividends__slip_0p0025,2024-10-25,long,31,499.03,4809,-4280.009999999935,120.0,151,498.14,scheduled_fill
corrected_execution__halt_aware__with_dividends__slip_0p0025,2024-10-25,long,181,499.1156,4809,-9236.165399999902,60.0,241,497.195,scheduled_fill
corrected_execution__halt_aware__with_dividends__slip_0p0025,2024-10-29,long,91,497.74,5834,117.26340000007906,30.0,121,497.7601,scheduled_fill
corrected_execution__halt_aware__with_dividends__slip_0p0025,2024-10-29,long,151,498.38,5834,9684.440000000131,240.0,390,500.04,end_of_session
corrected_execution__halt_aware__with_dividends__slip_0p0025,2024-10-31,short,31,487.4,5617,13312.290000000028,360.0,390,485.03,end_of_session
corrected_execution__halt_aware__with_dividends__slip_0p0025,2024-11-01,long,31,487.95,4571,-1234.1699999999119,240.0,271,487.68,scheduled_fill
corrected_execution__halt_aware__with_dividends__slip_0p0025,2024-11-05,long,31,490.61,4990,6836.300000000017,360.0,390,491.98,end_of_session
corrected_execution__halt_aware__with_dividends__slip_0p0025,2024-11-06,long,61,503.2501,4554,-8058.302999999972,30.0,91,501.4806,scheduled_fill
corrected_execution__halt_aware__with_dividends__slip_0p0025,2024-11-06,long,151,503.06,4554,10838.519999999986,240.0,390,505.44,end_of_session
corrected_execution__halt_aware__with_dividends__slip_0p0025,2024-11-07,long,31,510.75,3610,9422.100000000044,360.0,390,513.36,end_of_session
corrected_execution__halt_aware__with_dividends__slip_0p0025,2024-11-12,short,211,510.14,3451,-4210.220000000093,30.0,241,511.36,scheduled_fill
corrected_execution__halt_aware__with_dividends__slip_0p0025,2024-11-15,short,31,501.17,3756,16695.419999999955,360.0,390,496.725,end_of_session
corrected_execution__halt_aware__with_dividends__slip_0p0025,2024-11-18,long,91,501.07,3359,-1445.0418000000448,60.0,151,500.6398,scheduled_fill
corrected_execution__halt_aware__with_dividends__slip_0p0025,2024-11-19,long,271,503.86,3395,-1052.4500000000055,120.0,390,503.55,end_of_session
corrected_execution__halt_aware__with_dividends__slip_0p0025,2024-11-20,short,31,500.11,3370,-909.8999999999389,60.0,91,500.38,scheduled_fill
corrected_execution__halt_aware__with_dividends__slip_0p0025,2024-11-20,short,121,498.71,3370,-10211.100000000102,30.0,151,501.74,scheduled_fill
corrected_execution__halt_aware__with_dividends__slip_0p0025,2024-11-20,short,211,499.64,3370,-1786.1000000000997,30.0,241,500.17,scheduled_fill
corrected_execution__halt_aware__with_dividends__slip_0p0025,2024-11-20,short,271,499.2201,3370,-4987.60000000006,90.0,361,500.7001,scheduled_fill
corrected_execution__halt_aware__with_dividends__slip_0p0025,2024-11-21,short,31,501.44,3799,-1975.4799999999332,60.0,91,501.96,scheduled_fill
corrected_execution__halt_aware__with_dividends__slip_0p0025,2024-11-27,short,31,506.405,5073,5808.5849999999045,240.0,271,505.26,scheduled_fill
corrected_execution__halt_aware__with_dividends__slip_0p0025,2024-11-29,long,31,507.74,5669,11734.829999999973,180.0,210,509.81,end_of_session
corrected_execution__halt_aware__with_dividends__slip_0p0025,2024-12-02,long,31,513.4994,5372,9995.143199999873,360.0,390,515.36,end_of_session
corrected_execution__halt_aware__with_dividends__slip_0p0025,2024-12-06,long,31,525.16,4835,1305.449999999913,90.0,121,525.43,scheduled_fill
corrected_execution__halt_aware__with_dividends__slip_0p0025,2024-12-06,long,151,525.56,4835,290.10000000028606,60.0,211,525.62,scheduled_fill
corrected_execution__halt_aware__with_dividends__slip_0p0025,2024-12-06,long,241,526.53,4835,-290.09999999973513,150.0,390,526.47,end_of_session
corrected_execution__halt_aware__with_dividends__slip_0p0025,2024-12-09,short,121,522.87,7517,-1954.4199999999319,30.0,151,523.13,scheduled_fill
corrected_execution__halt_aware__with_dividends__slip_0p0025,2024-12-09,short,181,522.6642,7517,-5092.015799999402,60.0,241,523.3416,scheduled_fill
corrected_execution__halt_aware__with_dividends__slip_0p0025,2024-12-09,short,301,522.5,7517,3645.7450000001018,90.0,390,522.015,end_of_session
corrected_execution__halt_aware__with_dividends__slip_0p0025,2024-12-11,long,31,527.19,6457,18079.59999999971,360.0,390,529.99,end_of_session
corrected_execution__halt_aware__with_dividends__slip_0p0025,2024-12-13,long,31,532.64,5270,-8853.599999999735,30.0,61,530.96,scheduled_fill
corrected_execution__halt_aware__with_dividends__slip_0p0025,2024-12-16,long,31,534.57,5177,17806.809199999625,360.0,390,538.0096,end_of_session
corrected_execution__halt_aware__with_dividends__slip_0p0025,2024-12-17,short,61,534.24,4964,-7439.050400000053,30.0,91,535.7386,scheduled_fill
corrected_execution__halt_aware__with_dividends__slip_0p0025,2024-12-18,short,301,530.91,4821,61949.850000000115,90.0,390,518.06,end_of_session
corrected_execution__halt_aware__with_dividends__slip_0p0025,2024-12-19,short,181,515.7,3579,-6084.2999999997555,30.0,211,517.4,scheduled_fill
corrected_execution__halt_aware__with_dividends__slip_0p0025,2024-12-20,long,91,518.0581,3637,443.35029999992423,300.0,390,518.18,end_of_session
corrected_execution__halt_aware__with_dividends__slip_0p0025,2024-12-23,long,271,522.55,3629,-2758.039999999967,60.0,331,521.79,scheduled_fill
corrected_execution__halt_aware__with_dividends__slip_0p0025,2024-12-24,long,31,526.63,3533,10810.980000000207,180.0,210,529.69,end_of_session
corrected_execution__halt_aware__with_dividends__slip_0p0025,2024-12-27,short,31,522.9,3557,3450.290000000103,240.0,271,521.93,scheduled_fill
corrected_execution__halt_aware__with_dividends__slip_0p0025,2024-12-30,short,31,512.82,3539,-5379.279999999934,60.0,91,514.34,scheduled_fill
corrected_execution__halt_aware__with_dividends__slip_0p0025,2024-12-31,short,121,513.28,3469,-1266.5318999999445,30.0,151,513.6451,scheduled_fill
corrected_execution__halt_aware__with_dividends__slip_0p0025,2024-12-31,short,181,512.4,3469,-2254.849999999922,30.0,211,513.05,scheduled_fill
corrected_execution__halt_aware__with_dividends__slip_0p0025,2024-12-31,short,241,511.33,3469,-5585.090000000245,120.0,361,512.94,scheduled_fill
corrected_execution__halt_aware__with_dividends__slip_0p0025,2025-01-02,short,241,507.19,3412,-5527.440000000018,60.0,301,508.81,scheduled_fill
corrected_execution__halt_aware__with_dividends__slip_0p0025,2025-01-03,long,31,515.3,3733,-3434.3599999998473,30.0,61,514.38,scheduled_fill
corrected_execution__halt_aware__with_dividends__slip_0p0025,2025-01-03,long,121,516.26,3733,8772.550000000077,270.0,390,518.61,end_of_session
corrected_execution__halt_aware__with_dividends__slip_0p0025,2025-01-06,long,31,525.9,3412,4213.82000000004,120.0,151,527.135,scheduled_fill
corrected_execution__halt_aware__with_dividends__slip_0p0025,2025-01-07,short,61,521.225,3363,20564.745000000017,330.0,390,515.11,end_of_session
corrected_execution__halt_aware__with_dividends__slip_0p0025,2025-01-10,short,31,508.27,3525,1938.749999999833,180.0,211,507.72,scheduled_fill
corrected_execution__halt_aware__with_dividends__slip_0p0025,2025-01-15,long,31,514.95,4434,-266.04000000026167,60.0,91,514.89,scheduled_fill
corrected_execution__halt_aware__with_dividends__slip_0p0025,2025-01-15,long,361,517.585,4434,-4057.110000000343,30.0,390,516.67,end_of_session
corrected_execution__halt_aware__with_dividends__slip_0p0025,2025-01-22,long,31,532.03,3726,-74.51999999993222,30.0,61,532.01,scheduled_fill
corrected_execution__halt_aware__with_dividends__slip_0p0025,2025-01-22,long,121,532.74,3726,-3222.9900000000343,120.0,241,531.875,scheduled_fill
corrected_execution__halt_aware__with_dividends__slip_0p0025,2025-01-24,short,271,528.72,3853,-3775.9400000000696,120.0,390,529.7,end_of_session
corrected_execution__halt_aware__with_dividends__slip_0p0025,2025-01-28,long,61,519.36,3374,8266.299999999774,330.0,390,521.81,end_of_session
corrected_execution__halt_aware__with_dividends__slip_0p0025,2025-01-29,short,301,518.1101,3272,-9488.472800000003,30.0,331,521.01,scheduled_fill
corrected_execution__halt_aware__with_dividends__slip_0p0025,2025-01-31,long,61,529.7,3405,-5209.650000000294,180.0,241,528.17,scheduled_fill
corrected_execution__halt_aware__with_dividends__slip_0p0025,2025-02-04,long,31,522.26,3593,-215.57999999980666,150.0,181,522.2,scheduled_fill
corrected_execution__halt_aware__with_dividends__slip_0p0025,2025-02-04,long,211,523.2344,3593,5265.900799999982,180.0,390,524.7,end_of_session
corrected_execution__halt_aware__with_dividends__slip_0p0025,2025-02-07,short,91,525.75,3977,11334.450000000084,300.0,390,522.9,end_of_session
corrected_execution__halt_aware__with_dividends__slip_0p0025,2025-02-10,long,61,529.735,4046,627.1299999998896,30.0,91,529.89,scheduled_fill
corrected_execution__halt_aware__with_dividends__slip_0p0025,2025-02-13,long,91,534.0375,4115,-7716.036499999897,60.0,151,532.1624,scheduled_fill
corrected_execution__halt_aware__with_dividends__slip_0p0025,2025-02-13,long,331,534.49,4115,6542.4384999997665,60.0,390,536.0799,end_of_session
corrected_execution__halt_aware__with_dividends__slip_0p0025,2025-02-20,short,31,534.45,6265,-7831.25,30.0,61,535.7,scheduled_fill
corrected_execution__halt_aware__with_dividends__slip_0p0025,2025-02-20,short,91,533.61,6265,-12373.37500000014,90.0,181,535.585,scheduled_fill
corrected_execution__halt_aware__with_dividends__slip_0p0025,2025-02-20,short,211,534.695,6265,-4667.425000000028,60.0,271,535.44,scheduled_fill
corrected_execution__halt_aware__with_dividends__slip_0p0025,2025-02-21,short,61,533.965,5972,45417.65719999998,330.0,390,526.3599,end_of_session
corrected_execution__halt_aware__with_dividends__slip_0p0025,2025-02-24,short,31,523.46,5006,-2904.481199999951,90.0,121,524.0402,scheduled_fill
corrected_execution__halt_aware__with_dividends__slip_0p0025,2025-02-25,short,31,515.67,4881,7907.220000000036,120.0,151,514.05,scheduled_fill
corrected_execution__halt_aware__with_dividends__slip_0p0025,2025-02-25,short,301,512.9854,4881,-7539.680699999614,30.0,331,514.5301,scheduled_fill
corrected_execution__halt_aware__with_dividends__slip_0p0025,2025-02-26,long,121,518.7596,4975,-1415.8849999997756,30.0,151,518.475,scheduled_fill
corrected_execution__halt_aware__with_dividends__slip_0p0025,2025-02-26,long,181,518.79,4975,-16168.750000000002,30.0,211,515.54,scheduled_fill
corrected_execution__halt_aware__with_dividends__slip_0p0025,2025-02-27,short,31,510.68,4938,-11826.510000000191,30.0,61,513.075,scheduled_fill
corrected_execution__halt_aware__with_dividends__slip_0p0025,2025-02-27,short,151,510.03,4938,-10962.360000000132,90.0,241,512.25,scheduled_fill
corrected_execution__halt_aware__with_dividends__slip_0p0025,2025-02-27,short,301,507.78,4938,36307.63259999986,90.0,390,500.4273,end_of_session
corrected_execution__halt_aware__with_dividends__slip_0p0025,2025-02-28,long,61,503.93,4387,-11406.200000000103,60.0,121,501.33,scheduled_fill
corrected_execution__halt_aware__with_dividends__slip_0p0025,2025-03-03,short,241,502.5,3944,21061.35440000002,150.0,390,497.1599,end_of_session
corrected_execution__halt_aware__with_dividends__slip_0p0025,2025-03-04,short,61,489.9,4016,-2409.6000000000913,30.0,91,490.5,scheduled_fill
corrected_execution__halt_aware__with_dividends__slip_0p0025,2025-03-04,short,121,489.15,4016,-18794.880000000023,30.0,151,493.83,scheduled_fill
corrected_execution__halt_aware__with_dividends__slip_0p0025,2025-03-04,long,361,502.64,4016,-28754.55999999987,30.0,390,495.48,end_of_session
corrected_execution__halt_aware__with_dividends__slip_0p0025,2025-03-05,long,211,499.63,3843,-5015.115000000026,30.0,241,498.325,scheduled_fill
corrected_execution__halt_aware__with_dividends__slip_0p0025,2025-03-05,long,271,500.39,3843,6917.400000000052,120.0,390,502.19,end_of_session
corrected_execution__halt_aware__with_dividends__slip_0p0025,2025-03-06,short,181,489.8,3640,4149.599999999955,180.0,361,488.66,scheduled_fill
corrected_execution__halt_aware__with_dividends__slip_0p0025,2025-03-07,short,121,482.96,3604,-5838.480000000017,90.0,211,484.58,scheduled_fill
corrected_execution__halt_aware__with_dividends__slip_0p0025,2025-03-10,short,61,478.7788,3545,20521.29599999993,330.0,390,472.99,end_of_session
corrected_execution__halt_aware__with_dividends__slip_0p0025,2025-03-11,short,241,467.3,3181,-7475.34999999989,30.0,271,469.65,scheduled_fill
corrected_execution__halt_aware__with_dividends__slip_0p0025,2025-03-13,short,31,471.415,3012,-8358.299999999932,30.0,61,474.19,scheduled_fill
corrected_execution__halt_aware__with_dividends__slip_0p0025,2025-03-13,short,121,471.2498,3012,451.1975999999038,210.0,331,471.1,scheduled_fill
corrected_execution__halt_aware__with_dividends__slip_0p0025,2025-03-13,short,361,468.17,3012,753.0000000000002,30.0,390,467.92,end_of_session
corrected_execution__halt_aware__with_dividends__slip_0p0025,2025-03-14,long,121,477.93,3014,210.97999999998194,150.0,271,478.0,scheduled_fill
corrected_execution__halt_aware__with_dividends__slip_0p0025,2025-03-18,short,31,474.195,2623,-3055.7950000000537,150.0,181,475.36,scheduled_fill
corrected_execution__halt_aware__with_dividends__slip_0p0025,2025-03-18,short,241,474.6,2623,-918.0499999999099,30.0,271,474.95,scheduled_fill
corrected_execution__halt_aware__with_dividends__slip_0p0025,2025-03-20,long,61,483.575,2659,-731.2249999999392,30.0,91,483.3,scheduled_fill
corrected_execution__halt_aware__with_dividends__slip_0p0025,2025-03-26,short,31,489.67,2695,13259.400000000029,360.0,390,484.75,end_of_session
corrected_execution__halt_aware__with_dividends__slip_0p0025,2025-03-28,short,61,473.28,2974,11985.219999999907,330.0,390,469.25,end_of_session
corrected_execution__halt_aware__with_dividends__slip_0p0025,2025-04-02,long,211,477.32,3518,-5488.080000000008,60.0,271,475.76,scheduled_fill
corrected_execution__halt_aware__with_dividends__slip_0p0025,2025-04-04,short,61,433.13,2997,28561.40999999992,330.0,390,423.6,end_of_session
corrected_execution__halt_aware__with_dividends__slip_0p0025,2025-04-07,long,271,429.1,2615,-9060.975000000086,30.0,301,425.635,scheduled_fill
corrected_execution__halt_aware__with_dividends__slip_0p0025,2025-04-08,long,31,440.91,2419,-7377.950000000028,60.0,91,437.86,scheduled_fill
corrected_execution__halt_aware__with_dividends__slip_0p0025,2025-04-08,short,361,417.83,2419,5926.549999999973,30.0,390,415.38,end_of_session
corrected_execution__halt_aware__with_dividends__slip_0p0025,2025-04-09,long,31,422.04,2606,-14306.940000000026,60.0,91,416.55,scheduled_fill
corrected_execution__halt_aware__with_dividends__slip_0p0025,2025-04-09,long,121,420.41,2606,-7244.680000000077,30.0,151,417.63,scheduled_fill
corrected_execution__halt_aware__with_dividends__slip_0p0025,2025-04-09,long,181,421.66,2606,113856.13999999997,210.0,390,465.35,end_of_session
corrected_execution__halt_aware__with_dividends__slip_0p0025,2025-04-10,short,31,450.83,1429,-986.0099999999968,30.0,61,451.52,scheduled_fill
corrected_execution__halt_aware__with_dividends__slip_0p0025,2025-04-10,short,91,448.88,1429,3429.599999999973,180.0,271,446.48,scheduled_fill
corrected_execution__halt_aware__with_dividends__slip_0p0025,2025-04-11,long,211,452.76,1417,-3216.5899999999756,30.0,241,450.49,scheduled_fill
corrected_execution__halt_aware__with_dividends__slip_0p0025,2025-04-16,short,361,437.94,1409,-9186.679999999973,30.0,390,444.46,end_of_session
corrected_execution__halt_aware__with_dividends__slip_0p0025,2025-04-21,short,61,433.185,1429,5737.434999999978,240.0,301,429.17,scheduled_fill
corrected_execution__halt_aware__with_dividends__slip_0p0025,2025-04-21,short,331,428.22,1429,-1886.2799999999902,30.0,361,429.54,scheduled_fill
corrected_execution__halt_aware__with_dividends__slip_0p0025,2025-04-22,long,91,443.4,1421,-113.67999999997744,60.0,151,443.32,scheduled_fill
corrected_execution__halt_aware__with_dividends__slip_0p0025,2025-04-22,long,181,447.23,1421,-7900.760000000005,60.0,241,441.67,scheduled_fill
corrected_execution__halt_aware__with_dividends__slip_0p0025,2025-04-24,long,31,460.68,1324,7520.320000000012,270.0,301,466.36,scheduled_fill
corrected_execution__halt_aware__with_dividends__slip_0p0025,2025-04-24,long,331,466.62,1324,-1482.880000000006,30.0,361,465.5,scheduled_fill
corrected_execution__halt_aware__with_dividends__slip_0p0025,2025-04-28,short,121,467.36,1489,-1252.3978999999752,30.0,151,468.2011,scheduled_fill
corrected_execution__halt_aware__with_dividends__slip_0p0025,2025-04-30,short,31,462.61,1541,-6626.300000000016,30.0,61,466.91,scheduled_fill
corrected_execution__halt_aware__with_dividends__slip_0p0025,2025-05-08,long,211,492.6362,3988,-2590.6047999998564,30.0,241,491.9866,scheduled_fill
corrected_execution__halt_aware__with_dividends__slip_0p0025,2025-05-13,long,31,512.03,4028,16313.400000000272,360.0,390,516.08,end_of_session
corrected_execution__halt_aware__with_dividends__slip_0p0025,2025-05-21,short,361,511.78,4380,-8103.000000000097,30.0,390,513.63,end_of_session
corrected_execution__halt_aware__with_dividends__slip_0p0025,2025-05-22,long,31,516.465,4077,-4382.775000000184,30.0,61,515.39,scheduled_fill
corrected_execution__halt_aware__with_dividends__slip_0p0025,2025-05-22,long,271,516.66,4077,-11741.759999999982,120.0,390,513.78,end_of_session
corrected_execution__halt_aware__with_dividends__slip_0p0025,2025-05-27,long,61,519.08,4089,-2248.9500000002786,30.0,91,518.53,scheduled_fill
corrected_execution__halt_aware__with_dividends__slip_0p0025,2025-05-27,long,121,519.555,4089,5458.815000000153,270.0,390,520.89,end_of_session
corrected_execution__halt_aware__with_dividends__slip_0p0025,2025-05-30,short,31,516.77,3877,-10661.749999999996,30.0,61,519.52,scheduled_fill
corrected_execution__halt_aware__with_dividends__slip_0p0025,2025-05-30,short,181,514.87,3877,-8490.629999999772,120.0,301,517.06,scheduled_fill
corrected_execution__halt_aware__with_dividends__slip_0p0025,2025-06-02,long,361,523.165,3840,-595.1999999998952,30.0,390,523.01,end_of_session
corrected_execution__halt_aware__with_dividends__slip_0p0025,2025-06-03,long,91,526.25,5755,3740.74999999987,60.0,151,526.9,scheduled_fill
corrected_execution__halt_aware__with_dividends__slip_0p0025,2025-06-03,long,181,527.415,5755,2043.025000000109,210.0,390,527.77,end_of_session
corrected_execution__halt_aware__with_dividends__slip_0p0025,2025-06-05,short,361,524.09,6311,-1009.759999999805,30.0,390,524.25,end_of_session
corrected_execution__halt_aware__with_dividends__slip_0p0025,2025-06-16,long,31,533.64,5822,-436.64999999959764,360.0,390,533.565,end_of_session
corrected_execution__halt_aware__with_dividends__slip_0p0025,2025-06-17,short,301,528.35,6754,-7699.5599999999085,30.0,331,529.49,scheduled_fill
corrected_execution__halt_aware__with_dividends__slip_0p0025,2025-06-18,long,61,531.98,6400,-3968.000000000029,60.0,121,531.36,scheduled_fill
corrected_execution__halt_aware__with_dividends__slip_0p0025,2025-06-20,short,91,526.44,6344,-4694.559999999331,90.0,181,527.18,scheduled_fill
corrected_execution__halt_aware__with_dividends__slip_0p0025,2025-06-20,short,241,525.68,6344,-5709.600000000577,30.0,271,526.58,scheduled_fill
corrected_execution__halt_aware__with_dividends__slip_0p0025,2025-06-20,short,331,526.05,6344,-3172.0,60.0,390,526.55,end_of_session
corrected_execution__halt_aware__with_dividends__slip_0p0025,2025-06-23,long,31,527.95,6242,4057.299999999854,120.0,151,528.6,scheduled_fill
corrected_execution__halt_aware__with_dividends__slip_0p0025,2025-06-23,long,241,530.51,6242,9519.049999999856,150.0,390,532.035,end_of_session
corrected_execution__halt_aware__with_dividends__slip_0p0025,2025-06-24,long,181,539.45,5961,3338.1599999996747,210.0,390,540.01,end_of_session
corrected_execution__halt_aware__with_dividends__slip_0p0025,2025-06-26,long,301,546.27,5533,-1355.5850000000255,30.0,331,546.025,scheduled_fill
corrected_execution__halt_aware__with_dividends__slip_0p0025,2025-06-27,long,31,548.6067,5689,-834.5763000000564,60.0,91,548.46,scheduled_fill
corrected_execution__halt_aware__with_dividends__slip_0p0025,2025-06-27,long,121,549.15,5689,-2360.9349999997903,120.0,241,548.735,scheduled_fill
corrected_execution__halt_aware__with_dividends__slip_0p0025,2025-07-01,short,91,546.63,5807,-7055.505000000186,150.0,241,547.845,scheduled_fill
corrected_execution__halt_aware__with_dividends__slip_0p0025,2025-07-02,long,61,549.455,5457,7612.514999999904,330.0,390,550.85,end_of_session
corrected_execution__halt_aware__with_dividends__slip_0p0025,2025-07-03,long,31,554.655,5453,9897.195000000296,180.0,210,556.47,end_of_session
corrected_execution__halt_aware__with_dividends__slip_0p0025,2025-07-07,short,301,550.04,5347,-9624.600000000364,30.0,331,551.84,scheduled_fill
corrected_execution__halt_aware__with_dividends__slip_0p0025,2025-07-09,long,31,556.83,6050,-4053.5000000004393,30.0,61,556.16,scheduled_fill
corrected_execution__halt_aware__with_dividends__slip_0p0025,2025-07-10,short,31,553.74,6505,-8326.399999999827,90.0,121,555.02,scheduled_fill
corrected_execution__halt_aware__with_dividends__slip_0p0025,2025-07-16,short,31,554.735,7821,-4340.654999999611,120.0,151,555.29,scheduled_fill
corrected_execution__halt_aware__with_dividends__slip_0p0025,2025-07-17,long,91,560.275,7761,12689.234999999931,300.0,390,561.91,end_of_session
corrected_execution__halt_aware__with_dividends__slip_0p0025,2025-07-21,long,31,564.86,7963,637.0400000003253,150.0,181,564.94,scheduled_fill
corrected_execution__halt_aware__with_dividends__slip_0p0025,2025-07-21,long,211,565.56,7963,-7286.144999999709,150.0,361,564.645,scheduled_fill
corrected_execution__halt_aware__with_dividends__slip_0p0025,2025-07-22,short,31,559.03,8065,-18065.600000000086,60.0,91,561.27,scheduled_fill
corrected_execution__halt_aware__with_dividends__slip_0p0025,2025-07-22,short,181,559.96,8065,-15565.449999999593,60.0,241,561.89,scheduled_fill
corrected_execution__halt_aware__with_dividends__slip_0p0025,2025-07-25,long,181,567.41,9071,-1723.4899999994645,30.0,211,567.22,scheduled_fill
corrected_execution__halt_aware__with_dividends__slip_0p0025,2025-07-31,short,271,565.35,8912,-10516.159999999554,30.0,301,566.53,scheduled_fill
corrected_execution__halt_aware__with_dividends__slip_0p0025,2025-07-31,short,361,565.71,8912,7307.840000000446,30.0,390,564.89,end_of_session
corrected_execution__halt_aware__with_dividends__slip_0p0025,2025-08-01,short,31,553.96,9149,-19761.839999999705,30.0,61,556.12,scheduled_fill
corrected_execution__halt_aware__with_dividends__slip_0p0025,2025-08-01,short,91,555.04,9149,-16285.220000000787,60.0,151,556.82,scheduled_fill
corrected_execution__halt_aware__with_dividends__slip_0p0025,2025-08-01,short,211,553.915,9149,-2790.445000000579,180.0,390,554.22,end_of_session
corrected_execution__halt_aware__with_dividends__slip_0p0025,2025-08-04,long,31,562.72,6857,10079.790000000194,360.0,390,564.19,end_of_session
corrected_execution__halt_aware__with_dividends__slip_0p0025,2025-08-05,short,91,561.39,5454,-3926.8800000001474,150.0,241,562.11,scheduled_fill
corrected_execution__halt_aware__with_dividends__slip_0p0025,2025-08-05,short,301,561.33,5454,7581.059999999927,90.0,390,559.94,end_of_session
corrected_execution__halt_aware__with_dividends__slip_0p0025,2025-08-06,long,91,563.8,5307,18415.29000000014,300.0,390,567.27,end_of_session
corrected_execution__halt_aware__with_dividends__slip_0p0025,2025-08-08,long,31,572.83,5034,2516.9999999999986,210.0,241,573.33,scheduled_fill
corrected_execution__halt_aware__with_dividends__slip_0p0025,2025-08-08,long,271,574.26,5034,1409.016599999989,120.0,390,574.5399,end_of_session
corrected_execution__halt_aware__with_dividends__slip_0p0025,2025-08-12,long,121,577.61,4848,12289.679999999846,270.0,390,580.145,end_of_session
corrected_execution__halt_aware__with_dividends__slip_0p0025,2025-08-15,short,31,577.24,4563,-7392.060000000021,30.0,61,578.86,scheduled_fill
corrected_execution__halt_aware__with_dividends__slip_0p0025,2025-08-15,short,91,576.92,4563,-1916.460000000332,30.0,121,577.34,scheduled_fill
corrected_execution__halt_aware__with_dividends__slip_0p0025,2025-08-15,short,151,577.05,4563,-3102.8400000002903,60.0,211,577.73,scheduled_fill
corrected_execution__halt_aware__with_dividends__slip_0p0025,2025-08-19,short,61,573.26,4489,19033.360000000044,330.0,390,569.02,end_of_session
corrected_execution__halt_aware__with_dividends__slip_0p0025,2025-08-20,short,31,562.39,4243,-3733.8399999999783,90.0,121,563.27,scheduled_fill
corrected_execution__halt_aware__with_dividends__slip_0p0025,2025-08-20,short,151,562.075,4243,-12835.074999999906,30.0,181,565.1,scheduled_fill
corrected_execution__halt_aware__with_dividends__slip_0p0025,2025-08-22,long,61,571.37,4819,2313.120000000084,330.0,390,571.85,end_of_session
corrected_execution__halt_aware__with_dividends__slip_0p0025,2025-08-28,long,181,576.9,5455,-2672.95000000005,30.0,211,576.41,scheduled_fill
corrected_execution__halt_aware__with_dividends__slip_0p0025,2025-08-28,long,271,577.04,5455,1745.6000000002714,120.0,390,577.36,end_of_session
corrected_execution__halt_aware__with_dividends__slip_0p0025,2025-08-29,short,31,571.6,5676,8968.080000000227,360.0,390,570.02,end_of_session
corrected_execution__halt_aware__with_dividends__slip_0p0025,2025-09-04,long,331,574.1,5624,7198.719999999847,60.0,390,575.38,end_of_session
corrected_execution__halt_aware__with_dividends__slip_0p0025,2025-09-08,long,31,580.02,5285,713.4749999999515,30.0,61,580.155,scheduled_fill
corrected_execution__halt_aware__with_dividends__slip_0p0025,2025-09-15,long,31,590.29,7364,36.81999999996651,60.0,91,590.295,scheduled_fill
corrected_execution__halt_aware__with_dividends__slip_0p0025,2025-09-15,long,121,590.33,7364,-36.81999999996742,120.0,241,590.325,scheduled_fill
corrected_execution__halt_aware__with_dividends__slip_0p0025,2025-09-15,long,271,591.115,7364,-3718.8199999999665,30.0,301,590.61,scheduled_fill
corrected_execution__halt_aware__with_dividends__slip_0p0025,2025-09-17,short,61,589.055,7180,753.8999999993121,210.0,271,588.95,scheduled_fill
corrected_execution__halt_aware__with_dividends__slip_0p0025,2025-09-17,short,331,587.66,7180,-28860.00999999995,30.0,361,591.6795,scheduled_fill
corrected_execution__halt_aware__with_dividends__slip_0p0025,2025-09-18,long,61,597.3601,6793,-7642.804299999829,30.0,91,596.235,scheduled_fill
corrected_execution__halt_aware__with_dividends__slip_0p0025,2025-09-18,long,121,597.35,6793,-6725.070000000061,30.0,151,596.36,scheduled_fill
corrected_execution__halt_aware__with_dividends__slip_0p0025,2025-09-18,long,181,597.12,6793,-951.0199999999077,60.0,241,596.98,scheduled_fill
corrected_execution__halt_aware__with_dividends__slip_0p0025,2025-09-22,long,181,601.52,8211,6897.240000000262,210.0,390,602.36,end_of_session
corrected_execution__halt_aware__with_dividends__slip_0p0025,2025-09-23,short,31,600.93,8363,-3637.905000000495,30.0,61,601.365,scheduled_fill
corrected_execution__halt_aware__with_dividends__slip_0p0025,2025-09-23,short,241,599.13,8363,9533.819999999876,150.0,390,597.99,end_of_session
corrected_execution__halt_aware__with_dividends__slip_0p0025,2025-09-24,short,151,594.7,8441,-9875.969999999656,90.0,241,595.87,scheduled_fill
corrected_execution__halt_aware__with_dividends__slip_0p0025,2025-09-24,short,271,595.31,8441,-5993.110000000307,60.0,331,596.02,scheduled_fill
corrected_execution__halt_aware__with_dividends__slip_0p0025,2025-09-25,short,31,588.95,8437,-34422.9599999994,30.0,61,593.03,scheduled_fill
corrected_execution__halt_aware__with_dividends__slip_0p0025,2025-09-26,short,61,591.67,7842,-7057.800000000714,30.0,91,592.57,scheduled_fill
corrected_execution__halt_aware__with_dividends__slip_0p0025,2025-09-29,long,31,601.09,7770,-12742.799999999885,90.0,121,599.45,scheduled_fill
corrected_execution__halt_aware__with_dividends__slip_0p0025,2025-10-01,long,241,602.64,7732,-1469.079999999543,30.0,271,602.45,scheduled_fill
corrected_execution__halt_aware__with_dividends__slip_0p0025,2025-10-01,long,301,603.2,7732,3672.6999999992963,90.0,390,603.675,end_of_session
corrected_execution__halt_aware__with_dividends__slip_0p0025,2025-10-03,short,271,602.6,7723,-11435.44609999966,30.0,301,604.0807,scheduled_fill
corrected_execution__halt_aware__with_dividends__slip_0p0025,2025-10-03,short,361,603.33,7723,3089.200000000703,30.0,390,602.93,end_of_session
corrected_execution__halt_aware__with_dividends__slip_0p0025,2025-10-07,short,121,605.16,7161,6731.339999999575,270.0,390,604.22,end_of_session
corrected_execution__halt_aware__with_dividends__slip_0p0025,2025-10-08,long,31,607.74,6892,26740.959999999963,360.0,390,611.62,end_of_session
corrected_execution__halt_aware__with_dividends__slip_0p0025,2025-10-09,short,61,609.79,6677,-2003.1000000004565,90.0,151,610.09,scheduled_fill
corrected_execution__halt_aware__with_dividends__slip_0p0025,2025-10-09,short,211,608.4,6677,-6209.6100000004235,120.0,331,609.33,scheduled_fill
corrected_execution__halt_aware__with_dividends__slip_0p0025,2025-10-10,short,121,599.67,6785,68664.19999999998,270.0,390,589.55,end_of_session
corrected_execution__halt_aware__with_dividends__slip_0p0025,2025-10-15,long,61,606.48,3387,-2472.5100000000625,60.0,121,605.75,scheduled_fill
corrected_execution__halt_aware__with_dividends__slip_0p0025,2025-10-16,short,301,596.45,3374,-8740.009599999768,30.0,331,599.0404,scheduled_fill
corrected_execution__halt_aware__with_dividends__slip_0p0025,2025-10-16,short,361,597.74,3374,-6410.599999999923,30.0,390,599.64,end_of_session
corrected_execution__halt_aware__with_dividends__slip_0p0025,2025-10-17,long,61,602.19,3371,-12101.890000000109,30.0,91,598.6,scheduled_fill
corrected_execution__halt_aware__with_dividends__slip_0p0025,2025-10-17,long,181,603.03,3371,-3438.419999999939,30.0,211,602.01,scheduled_fill
corrected_execution__halt_aware__with_dividends__slip_0p0025,2025-10-17,long,301,604.75,3371,-1314.6899999999541,90.0,390,604.36,end_of_session
corrected_execution__halt_aware__with_dividends__slip_0p0025,2025-10-20,long,31,609.65,3243,7037.310000000229,360.0,390,611.82,end_of_session
corrected_execution__halt_aware__with_dividends__slip_0p0025,2025-10-21,short,61,609.49,3148,-6610.800000000071,30.0,91,611.59,scheduled_fill
corrected_execution__halt_aware__with_dividends__slip_0p0025,2025-10-22,short,61,607.75,3146,8022.299999999864,330.0,390,605.2,end_of_session
corrected_execution__halt_aware__with_dividends__slip_0p0025,2025-10-23,long,31,608.26,3113,3953.509999999938,210.0,241,609.53,scheduled_fill
corrected_execution__halt_aware__with_dividends__slip_0p0025,2025-10-23,long,271,611.24,3113,-1618.7599999999434,120.0,390,610.72,end_of_session
corrected_execution__halt_aware__with_dividends__slip_0p0025,2025-10-30,short,91,629.34,2873,-3476.329999999778,30.0,121,630.55,scheduled_fill
corrected_execution__halt_aware__with_dividends__slip_0p0025,2025-11-05,long,31,621.849,3756,5600.195999999929,360.0,390,623.34,end_of_session
corrected_execution__halt_aware__with_dividends__slip_0p0025,2025-11-06,short,31,618.36,3775,9365.77499999999,270.0,301,615.879,scheduled_fill
corrected_execution__halt_aware__with_dividends__slip_0p0025,2025-11-06,short,361,614.54,3775,11438.249999999898,30.0,390,611.51,end_of_session
corrected_execution__halt_aware__with_dividends__slip_0p0025,2025-11-07,short,61,605.27,3490,5566.550000000109,180.0,241,603.675,scheduled_fill
corrected_execution__halt_aware__with_dividends__slip_0p0025,2025-11-10,long,31,621.64,3572,-9537.239999999856,60.0,91,618.97,scheduled_fill
corrected_execution__halt_aware__with_dividends__slip_0p0025,2025-11-10,long,331,622.83,3572,2018.1799999997884,60.0,390,623.395,end_of_session
corrected_execution__halt_aware__with_dividends__slip_0p0025,2025-11-13,short,91,611.9,3300,12836.99999999995,300.0,390,608.01,end_of_session
corrected_execution__halt_aware__with_dividends__slip_0p0025,2025-11-14,long,121,612.51,3208,-5261.119999999956,90.0,211,610.87,scheduled_fill
corrected_execution__halt_aware__with_dividends__slip_0p0025,2025-11-17,long,31,611.37,3463,-5644.689999999984,30.0,61,609.74,scheduled_fill
corrected_execution__halt_aware__with_dividends__slip_0p0025,2025-11-17,short,331,601.01,3463,-8761.389999999905,60.0,390,603.54,end_of_session
corrected_execution__halt_aware__with_dividends__slip_0p0025,2025-11-18,short,31,595.53,3543,-8432.33999999998,90.0,121,597.91,scheduled_fill
corrected_execution__halt_aware__with_dividends__slip_0p0025,2025-11-18,short,181,595.12,3543,-20691.12000000012,30.0,211,600.96,scheduled_fill
corrected_execution__halt_aware__with_dividends__slip_0p0025,2025-11-19,long,31,603.41,3471,-9788.219999999781,60.0,91,600.59,scheduled_fill
corrected_execution__halt_aware__with_dividends__slip_0p0025,2025-11-20,short,181,593.63,3391,27670.559999999903,210.0,390,585.47,end_of_session
corrected_execution__halt_aware__with_dividends__slip_0p0025,2025-11-21,long,271,594.374,3352,-6952.048000000232,90.0,361,592.3,scheduled_fill
corrected_execution__halt_aware__with_dividends__slip_0p0025,2025-11-24,long,31,598.32,3233,23536.23999999987,360.0,390,605.6,end_of_session
corrected_execution__halt_aware__with_dividends__slip_0p0025,2025-12-05,long,61,628.15,3516,-8157.119999999777,30.0,91,625.83,scheduled_fill
corrected_execution__halt_aware__with_dividends__slip_0p0025,2025-12-11,short,31,618.37,3785,-17940.900000000038,30.0,61,623.11,scheduled_fill
corrected_execution__halt_aware__with_dividends__slip_0p0025,2025-12-11,short,121,619.58,3785,-12641.89999999969,60.0,181,622.92,scheduled_fill
corrected_execution__halt_aware__with_dividends__slip_0p0025,2025-12-12,short,61,616.51,5064,15495.839999999731,330.0,390,613.45,end_of_session
corrected_execution__halt_aware__with_dividends__slip_0p0025,2025-12-15,short,61,609.89,4033,-7259.400000000274,30.0,91,611.69,scheduled_fill
corrected_execution__halt_aware__with_dividends__slip_0p0025,2025-12-17,short,91,604.22,5524,21433.119999999977,300.0,390,600.34,end_of_session
corrected_execution__halt_aware__with_dividends__slip_0p0025,2025-12-19,long,31,616.48,4348,-7608.56520000011,60.0,91,614.7301,scheduled_fill
corrected_execution__halt_aware__with_dividends__slip_0p0025,2025-12-19,long,121,616.18,4348,-3652.3199999996436,30.0,151,615.34,scheduled_fill
corrected_execution__halt_aware__with_dividends__slip_0p0025,2025-12-19,long,181,616.985,4348,-804.380000000257,210.0,390,616.8,end_of_session
corrected_execution__halt_aware__with_dividends__slip_0p0025,2025-12-31,short,361,614.89,4097,1474.9200000000556,30.0,390,614.53,end_of_session
corrected_execution__halt_aware__with_dividends__slip_0p0025,2026-01-02,short,211,611.36,4075,-1854.125000000167,30.0,241,611.815,scheduled_fill
corrected_execution__halt_aware__with_dividends__slip_0p0025,2026-01-02,short,271,610.41,4075,-11939.750000000262,30.0,301,613.34,scheduled_fill
corrected_execution__halt_aware__with_dividends__slip_0p0025,2026-01-06,long,31,622.08,4577,-7048.580000000351,60.0,91,620.54,scheduled_fill
corrected_execution__halt_aware__with_dividends__slip_0p0025,2026-01-06,long,271,623.11,4577,3432.749999999999,120.0,390,623.86,end_of_session
corrected_execution__halt_aware__with_dividends__slip_0p0025,2026-01-07,long,151,627.29,4441,-3819.2600000000602,90.0,241,626.43,scheduled_fill
corrected_execution__halt_aware__with_dividends__slip_0p0025,2026-01-08,short,31,619.14,4432,-8420.7999999999,30.0,61,621.04,scheduled_fill
corrected_execution__halt_aware__with_dividends__slip_0p0025,2026-01-08,short,121,619.29,4432,-3213.2000000001008,30.0,151,620.015,scheduled_fill
corrected_execution__halt_aware__with_dividends__slip_0p0025,2026-01-08,short,181,619.53,4432,-3944.4799999999395,30.0,211,620.42,scheduled_fill
corrected_execution__halt_aware__with_dividends__slip_0p0025,2026-01-08,short,271,619.13,4432,-5540.0,90.0,361,620.38,scheduled_fill
corrected_execution__halt_aware__with_dividends__slip_0p0025,2026-01-09,long,61,624.71,5675,-6980.250000000104,30.0,91,623.48,scheduled_fill
corrected_execution__halt_aware__with_dividends__slip_0p0025,2026-01-09,long,121,624.98,5675,11803.999999999585,270.0,390,627.06,end_of_session
corrected_execution__halt_aware__with_dividends__slip_0p0025,2026-01-13,short,61,624.41,6899,-11659.310000000378,30.0,91,626.1,scheduled_fill
corrected_execution__halt_aware__with_dividends__slip_0p0025,2026-01-14,short,31,618.79,6880,6535.999999999531,330.0,361,617.84,scheduled_fill
corrected_execution__halt_aware__with_dividends__slip_0p0025,2026-01-21,long,31,612.75,4706,-11294.399999999885,120.0,151,610.35,scheduled_fill
corrected_execution__halt_aware__with_dividends__slip_0p0025,2026-01-21,long,301,614.55,4706,7576.660000000067,90.0,390,616.16,end_of_session
corrected_execution__halt_aware__with_dividends__slip_0p0025,2026-01-23,long,91,624.84,4209,-13195.214999999962,120.0,211,621.705,scheduled_fill
corrected_execution__halt_aware__with_dividends__slip_0p0025,2026-01-26,long,31,625.4654,4145,-229.63300000031904,30.0,61,625.41,scheduled_fill
corrected_execution__halt_aware__with_dividends__slip_0p0025,2026-01-26,long,121,626.85,4145,-518.1249999999989,180.0,301,626.725,scheduled_fill
corrected_execution__halt_aware__with_dividends__slip_0p0025,2026-01-29,short,31,626.68,4163,3705.0699999999306,150.0,181,625.79,scheduled_fill
corrected_execution__halt_aware__with_dividends__slip_0p0025,2026-01-29,short,211,623.76,4163,-8242.740000000076,30.0,241,625.74,scheduled_fill
corrected_execution__halt_aware__with_dividends__slip_0p0025,2026-01-30,short,241,621.2,4175,-10938.500000000018,30.0,271,623.82,scheduled_fill
corrected_execution__halt_aware__with_dividends__slip_0p0025,2026-01-30,short,361,619.59,4175,-8224.74999999964,30.0,390,621.56,end_of_session
corrected_execution__halt_aware__with_dividends__slip_0p0025,2026-02-02,long,61,626.61,4018,-4740.8381999999,30.0,91,625.4301,scheduled_fill
corrected_execution__halt_aware__with_dividends__slip_0p0025,2026-02-02,long,121,626.87,4018,-2491.160000000022,270.0,390,626.25,end_of_session
corrected_execution__halt_aware__with_dividends__slip_0p0025,2026-02-03,short,31,621.39,3833,18551.720000000107,360.0,390,616.55,end_of_session
corrected_execution__halt_aware__with_dividends__slip_0p0025,2026-02-04,short,31,610.42,3667,-3263.6299999999496,30.0,61,611.31,scheduled_fill
corrected_execution__halt_aware__with_dividends__slip_0p0025,2026-02-04,short,91,610.01,3667,5830.530000000127,240.0,331,608.42,scheduled_fill
corrected_execution__halt_aware__with_dividends__slip_0p0025,2026-02-05,short,61,595.72,3554,-1812.5399999999681,30.0,91,596.23,scheduled_fill
corrected_execution__halt_aware__with_dividends__slip_0p0025,2026-02-06,long,121,605.8,3429,15567.66000000026,270.0,390,610.34,end_of_session
corrected_execution__halt_aware__with_dividends__slip_0p0025,2026-02-09,long,151,615.81,2989,-3407.4599999999587,60.0,211,614.67,scheduled_fill
corrected_execution__halt_aware__with_dividends__slip_0p0025,2026-02-09,long,301,616.32,2989,-4662.840000000175,60.0,361,614.76,scheduled_fill
corrected_execution__halt_aware__with_dividends__slip_0p0025,2026-02-12,short,91,606.85,3415,21343.750000000004,300.0,390,600.6,end_of_session
corrected_execution__halt_aware__with_dividends__slip_0p0025,2026-02-17,short,31,594.55,3287,-2202.2900000002405,30.0,61,595.22,scheduled_fill
corrected_execution__halt_aware__with_dividends__slip_0p0025,2026-02-18,long,31,605.42,3378,9863.760000000242,120.0,151,608.34,scheduled_fill
corrected_execution__halt_aware__with_dividends__slip_0p0025,2026-02-18,long,181,608.85,3378,-2601.0599999999386,60.0,241,608.08,scheduled_fill
corrected_execution__halt_aware__with_dividends__slip_0p0025,2026-02-20,long,91,609.73,3338,-8011.199999999924,30.0,121,607.33,scheduled_fill
corrected_execution__halt_aware__with_dividends__slip_0p0025,2026-02-20,long,151,609.89,3338,-17224.079999999893,30.0,181,604.73,scheduled_fill
corrected_execution__halt_aware__with_dividends__slip_0p0025,2026-02-20,long,271,609.4099,3338,-4572.726200000099,30.0,301,608.04,scheduled_fill
corrected_execution__halt_aware__with_dividends__slip_0p0025,2026-02-23,short,91,601.04,3222,-1353.2400000002328,30.0,121,601.46,scheduled_fill
corrected_execution__halt_aware__with_dividends__slip_0p0025,2026-02-23,short,331,599.55,3222,-4381.920000000046,60.0,390,600.91,end_of_session
corrected_execution__halt_aware__with_dividends__slip_0p0025,2026-02-24,long,61,607.11,3219,-1770.4500000002197,30.0,91,606.56,scheduled_fill
corrected_execution__halt_aware__with_dividends__slip_0p0025,2026-02-24,long,181,608.615,3219,-1303.694999999912,30.0,211,608.21,scheduled_fill
corrected_execution__halt_aware__with_dividends__slip_0p0025,2026-02-25,long,31,615.53,3165,-4209.44999999977,60.0,91,614.2,scheduled_fill
corrected_execution__halt_aware__with_dividends__slip_0p0025,2026-02-25,long,331,616.23,3165,221.54999999979816,60.0,390,616.3,end_of_session
corrected_execution__halt_aware__with_dividends__slip_0p0025,2026-02-26,short,31,612.08,3239,10170.459999999957,300.0,331,608.94,scheduled_fill
corrected_execution__halt_aware__with_dividends__slip_0p0025,2026-02-26,short,361,608.01,3239,-3400.949999999854,30.0,390,609.06,end_of_session
corrected_execution__halt_aware__with_dividends__slip_0p0025,2026-03-04,long,61,610.67,3876,1085.2800000003335,330.0,390,610.95,end_of_session
corrected_execution__halt_aware__with_dividends__slip_0p0025,2026-03-09,long,361,606.0,3928,7973.83999999989,30.0,390,608.03,end_of_session
corrected_execution__halt_aware__with_dividends__slip_0p0025,2026-03-12,short,31,599.6,3812,0.38119999990431097,30.0,61,599.5999,scheduled_fill
corrected_execution__halt_aware__with_dividends__slip_0p0025,2026-03-18,short,331,597.24,3957,9437.444999999965,60.0,390,594.855,end_of_session
corrected_execution__halt_aware__with_dividends__slip_0p0025,2026-03-20,short,31,586.28,3983,-3066.909999999927,120.0,151,587.05,scheduled_fill
corrected_execution__halt_aware__with_dividends__slip_0p0025,2026-03-20,short,181,586.76,3983,19596.359999999844,210.0,390,581.84,end_of_session
corrected_execution__halt_aware__with_dividends__slip_0p0025,2026-03-23,long,61,593.5,3703,-666.5399999998141,30.0,91,593.32,scheduled_fill
corrected_execution__halt_aware__with_dividends__slip_0p0025,2026-03-26,short,181,578.97,3842,20189.709999999974,210.0,390,573.715,end_of_session
corrected_execution__halt_aware__with_dividends__slip_0p0025,2026-03-27,short,31,566.49,3657,-7058.009999999817,90.0,121,568.42,scheduled_fill
corrected_execution__halt_aware__with_dividends__slip_0p0025,2026-03-27,short,181,566.6,3657,12799.5,210.0,390,563.1,end_of_session
corrected_execution__halt_aware__with_dividends__slip_0p0025,2026-03-30,short,241,559.83,3791,5496.950000000172,150.0,390,558.38,end_of_session
corrected_execution__halt_aware__with_dividends__slip_0p0025,2026-03-31,long,31,568.5,3842,-13831.20000000009,60.0,91,564.9,scheduled_fill
corrected_execution__halt_aware__with_dividends__slip_0p0025,2026-03-31,long,121,567.26,3842,-4533.5599999998085,30.0,151,566.08,scheduled_fill
corrected_execution__halt_aware__with_dividends__slip_0p0025,2026-03-31,long,181,568.42,3842,33079.62000000004,210.0,390,577.03,end_of_session
corrected_execution__halt_aware__with_dividends__slip_0p0025,2026-04-01,long,91,585.66,2808,-6879.5999999998085,210.0,301,583.21,scheduled_fill
corrected_execution__halt_aware__with_dividends__slip_0p0025,2026-04-06,long,31,589.1,2774,-776.719999999923,30.0,61,588.82,scheduled_fill
corrected_execution__halt_aware__with_dividends__slip_0p0025,2026-04-07,short,61,581.74,2821,-1325.8700000000786,90.0,151,582.21,scheduled_fill
corrected_execution__halt_aware__with_dividends__slip_0p0025,2026-04-14,long,61,623.65,2598,12184.620000000145,330.0,390,628.34,end_of_session
corrected_execution__halt_aware__with_dividends__slip_0p0025,2026-04-15,long,91,632.7,2582,-1936.4999999999993,120.0,211,631.95,scheduled_fill
corrected_execution__halt_aware__with_dividends__slip_0p0025,2026-04-15,long,301,634.48,2582,7746.000000000002,90.0,390,637.48,end_of_session
corrected_execution__halt_aware__with_dividends__slip_0p0025,2026-04-20,short,91,644.12,3524,-3206.8399999998874,30.0,121,645.03,scheduled_fill
corrected_execution__halt_aware__with_dividends__slip_0p0025,2026-04-22,long,271,653.995,4319,-3480.2501999998985,30.0,301,653.1892,scheduled_fill
corrected_execution__halt_aware__with_dividends__slip_0p0025,2026-04-22,long,361,654.23,4319,3800.7199999999807,30.0,390,655.11,end_of_session
corrected_execution__halt_aware__with_dividends__slip_0p0025,2026-04-23,short,271,650.16,4173,-5257.979999999963,30.0,301,651.42,scheduled_fill
corrected_execution__halt_aware__with_dividends__slip_0p0025,2026-04-24,long,151,662.8,3920,4919.599999999982,240.0,390,664.055,end_of_session
corrected_execution__halt_aware__with_dividends__slip_0p0025,2026-04-30,short,31,659.39,4044,-12738.19560000001,60.0,91,662.5399,scheduled_fill
corrected_execution__halt_aware__with_dividends__slip_0p0025,2026-05-01,long,31,674.29,3979,-2844.984999999675,300.0,331,673.575,scheduled_fill
corrected_execution__halt_aware__with_dividends__slip_0p0025,2026-05-01,long,361,675.56,3979,-6406.189999999601,30.0,390,673.95,end_of_session
corrected_execution__halt_aware__with_dividends__slip_0p0025,2026-05-04,short,211,671.025,3931,-8667.855000000163,30.0,241,673.23,scheduled_fill
corrected_execution__halt_aware__with_dividends__slip_0p0025,2026-05-05,long,31,680.46,4041,1980.0900000000363,150.0,181,680.95,scheduled_fill
corrected_execution__halt_aware__with_dividends__slip_0p0025,2026-05-05,long,211,681.33,4041,1171.8899999998525,180.0,390,681.62,end_of_session
corrected_execution__halt_aware__with_dividends__slip_0p0025,2026-05-06,long,31,689.8,4035,-1089.4499999999268,30.0,61,689.53,scheduled_fill
corrected_execution__halt_aware__with_dividends__slip_0p0025,2026-05-06,long,91,691.06,4035,18460.12500000019,300.0,390,695.635,end_of_session
corrected_execution__halt_aware__with_dividends__slip_0p0025,2026-05-07,long,61,699.86,3666,-3592.680000000066,60.0,121,698.88,scheduled_fill
corrected_execution__halt_aware__with_dividends__slip_0p0025,2026-05-08,long,31,704.4599,3652,23701.845200000385,360.0,390,710.95,end_of_session
corrected_execution__halt_aware__with_dividends__slip_0p0025,2026-05-11,long,181,714.1302,3394,-4141.358799999924,30.0,211,712.91,scheduled_fill
corrected_execution__halt_aware__with_dividends__slip_0p0025,2026-05-11,long,301,714.35,3394,-5091.0,30.0,331,712.85,scheduled_fill
corrected_execution__halt_aware__with_dividends__slip_0p0025,2026-05-12,short,61,705.3,3517,8229.779999999724,240.0,301,702.96,scheduled_fill
corrected_execution__halt_aware__with_dividends__slip_0p0025,2026-05-12,short,331,702.1801,3517,-7033.648299999687,30.0,361,704.18,scheduled_fill
corrected_execution__halt_aware__with_dividends__slip_0p0025,2026-05-13,long,181,713.7,3395,3089.4499999998916,210.0,390,714.61,end_of_session
corrected_execution__halt_aware__with_dividends__slip_0p0025,2026-05-14,long,61,718.0,3515,1582.4529999999813,180.0,241,718.4502,scheduled_fill
corrected_execution__halt_aware__with_dividends__slip_0p0025,2026-05-14,long,271,721.04,3515,-6326.999999999843,30.0,301,719.24,scheduled_fill
corrected_execution__halt_aware__with_dividends__slip_0p0025,2026-05-14,long,331,720.3,3515,-1792.6499999999678,60.0,390,719.79,end_of_session
corrected_execution__halt_aware__with_dividends__slip_0p0025,2026-05-15,short,31,707.32,3748,-13698.939999999893,30.0,61,710.975,scheduled_fill
corrected_execution__halt_aware__with_dividends__slip_0p0025,2026-05-18,short,91,705.27,3212,-770.8800000000278,300.0,390,705.51,end_of_session
corrected_execution__halt_aware__with_dividends__slip_0p0025,2026-05-20,long,91,709.84,3244,-2952.040000000266,90.0,181,708.93,scheduled_fill
corrected_execution__halt_aware__with_dividends__slip_0p0025,2026-05-20,long,241,710.62,3244,6666.419999999833,150.0,390,712.675,end_of_session
corrected_execution__halt_aware__with_dividends__slip_0p0025,2026-05-26,long,31,728.18,3124,874.7200000002726,90.0,121,728.46,scheduled_fill
corrected_execution__halt_aware__with_dividends__slip_0p0025,2026-05-27,short,61,725.96,3030,-3726.900000000056,30.0,91,727.19,scheduled_fill
corrected_execution__halt_aware__with_dividends__slip_0p0025,2026-05-28,long,121,734.88,3276,2817.360000000049,270.0,390,735.74,end_of_session
corrected_execution__halt_aware__with_dividends__slip_0p0025,2026-05-29,long,31,740.98,3251,-8615.149999999925,30.0,61,738.33,scheduled_fill
corrected_execution__halt_aware__with_dividends__slip_0p0025,2026-06-01,long,271,745.03,3763,-9708.539999999726,120.0,390,742.45,end_of_session
corrected_execution__halt_aware__with_dividends__slip_0p0025,2026-06-03,short,31,742.74,3916,-11708.840000000035,30.0,61,745.73,scheduled_fill
corrected_execution__halt_aware__with_dividends__slip_0p0025,2026-06-03,short,181,742.1,3916,-5639.431600000116,30.0,211,743.5401,scheduled_fill
corrected_execution__halt_aware__with_dividends__slip_0p0025,2026-06-05,short,31,724.27,3917,70623.50999999988,360.0,390,706.24,end_of_session
corrected_execution__halt_aware__with_dividends__slip_0p0025,2026-06-08,long,91,721.36,2411,-699.1899999999118,30.0,121,721.07,scheduled_fill
corrected_execution__halt_aware__with_dividends__slip_0p0025,2026-06-09,short,91,710.28,2334,14120.699999999884,210.0,301,704.23,scheduled_fill
corrected_execution__halt_aware__with_dividends__slip_0p0025,2026-06-10,short,331,695.77,2386,-95.43999999991365,60.0,390,695.81,end_of_session
corrected_execution__halt_aware__with_dividends__slip_0p0025,2026-06-11,long,31,703.76,2399,-5613.660000000076,30.0,61,701.42,scheduled_fill
corrected_execution__halt_aware__with_dividends__slip_0p0025,2026-06-11,long,271,709.76,2399,17632.650000000056,120.0,390,717.11,end_of_session
corrected_execution__halt_aware__with_dividends__slip_0p0025,2026-06-12,long,91,721.08,2074,-8534.510000000022,60.0,151,716.965,scheduled_fill
corrected_execution__halt_aware__with_dividends__slip_0p0025,2026-06-15,long,91,741.78,1999,3938.030000000058,120.0,211,743.75,scheduled_fill
corrected_execution__halt_aware__with_dividends__slip_0p0025,2026-06-16,short,61,739.39,1873,16295.099999999853,330.0,390,730.69,end_of_session
corrected_execution__halt_aware__with_dividends__slip_0p0025,2026-06-24,short,241,707.925,1672,-5943.960000000106,60.0,301,711.48,scheduled_fill
corrected_execution__halt_aware__with_dividends__slip_0p0025,2026-06-24,short,331,706.35,1672,-1203.8400000000456,30.0,361,707.07,scheduled_fill
corrected_execution__halt_aware__with_dividends__slip_0p0025,2026-06-29,long,211,720.79,1980,6276.600000000142,180.0,390,723.96,end_of_session
corrected_execution__halt_aware__with_dividends__slip_0p0025,2026-06-30,long,31,731.18,1919,10861.54000000015,360.0,390,736.84,end_of_session
corrected_execution__halt_aware__with_dividends__slip_0p0025,2026-07-02,short,91,718.72,1926,10072.98000000004,300.0,390,713.49,end_of_session
corrected_execution__halt_aware__with_dividends__slip_0p0025,2026-07-06,long,61,723.8,2072,1616.160000000179,120.0,181,724.58,scheduled_fill
corrected_execution__halt_aware__with_dividends__slip_0p0025,2026-07-07,short,61,706.82,2062,-4474.539999999915,90.0,151,708.99,scheduled_fill
corrected_execution__halt_aware__with_dividends__slip_0p0025,2026-07-13,short,301,712.05,2448,-563.0400000000445,30.0,331,712.28,scheduled_fill
corrected_execution__halt_aware__with_dividends__slip_0p0025,2026-07-13,short,361,710.7214,2448,-4672.2527999999475,30.0,390,712.63,end_of_session
corrected_execution__halt_aware__with_dividends__slip_0p0025,2026-07-15,short,91,715.31,2660,-1120.391999999997,30.0,121,715.7312,scheduled_fill
corrected_execution__halt_aware__with_dividends__slip_0p0025,2026-07-15,short,151,714.89,2660,638.4000000000228,90.0,241,714.65,scheduled_fill
corrected_execution__halt_aware__with_dividends__slip_0p0025,2026-07-16,short,361,704.17,2729,-3861.5350000002118,30.0,390,705.585,end_of_session
corrected_execution__halt_aware__with_dividends__slip_0p0025,2026-07-23,short,91,691.74,2967,979.1100000001252,60.0,151,691.41,scheduled_fill
corrected_execution__halt_aware__with_dividends__slip_0p0025,2026-07-24,short,31,685.68,2918,-6784.35000000013,60.0,91,688.005,scheduled_fill
corrected_execution__halt_aware__with_dividends__slip_0p0025,2026-07-24,short,301,685.65,2918,5281.57999999984,90.0,390,683.84,end_of_session
corrected_execution__halt_aware__with_dividends__slip_0p0025,2026-07-27,short,61,680.26,3024,-3780.0,120.0,181,681.51,scheduled_fill
corrected_execution__halt_aware__with_dividends__slip_0p0025,2026-07-27,short,211,678.57,3024,-9283.679999999807,120.0,331,681.64,scheduled_fill
corrected_execution__halt_aware__with_dividends__slip_0p0025,2026-07-28,short,31,669.36,3245,-11617.100000000133,60.0,91,672.94,scheduled_fill
corrected_execution__halt_aware__with_dividends__slip_0p0025,2026-07-29,short,31,671.065,3234,3993.9900000000443,210.0,241,669.83,scheduled_fill
corrected_execution__halt_aware__with_dividends__slip_0p0025,2026-07-29,short,361,670.335,3234,28038.78000000024,30.0,390,661.665,end_of_session
corrected_execution__halt_aware__with_dividends__slip_0p0025,2026-07-30,long,31,680.77,3456,-8225.279999999984,90.0,121,678.39,scheduled_fill
corrected_execution__halt_aware__with_dividends__slip_0p0025,2026-07-30,long,151,680.15,3456,12648.95999999989,240.0,390,683.81,end_of_session
